{"type":"FeatureCollection","features":[{"type":"Feature","geometry":{"type":"Point","coordinates":[-8235050.286526945,4949961.509046636]},"properties":{"key":1,"date":"03/31/2025 11:17:00 PM"}},{"type":"Feature","geometry":{"type":"Point","coordinates":[-8232385.199063421,4955769.926320353]},"properties":{"key":2,"date":"03/31/2025 11:11:00 PM"}},{"type":"Feature","geometry":{"type":"Point","coordinates":[-8232544.486394416,4955667.07256989]},"properties":{"key":3,"date":"03/31/2025 10:26:00 PM"}},{"type":"Feature","geometry":{"type":"Point","coordinates":[-8235537.865378985,4947561.981198468]},"properties":{"key":4,"date":"03/31/2025 09:50:00 PM"}},{"type":"Feature","geometry":{"type":"Point","coordinates":[-8238521.216280809,4941246.033395252]},"properties":{"key":5,"date":"03/31/2025 09:38:00 PM"}},{"type":"Feature","geometry":{"type":"Point","coordinates":[-8235807.135780231,4947100.818462533]},"properties":{"key":6,"date":"03/31/2025 09:26:00 PM"}},{"type":"Feature","geometry":{"type":"Point","coordinates":[-8236527.991304396,4942532.9223671565]},"properties":{"key":7,"date":"03/31/2025 09:26:00 PM"}},{"type":"Feature","geometry":{"type":"Point","coordinates":[-8229564.6277787145,4945831.017630995]},"properties":{"key":8,"date":"03/31/2025 09:26:00 PM"}},{"type":"Feature","geometry":{"type":"Point","coordinates":[-8236527.991304396,4942532.9223671565]},"properties":{"key":9,"date":"03/31/2025 09:11:00 PM"}},{"type":"Feature","geometry":{"type":"Point","coordinates":[-8235807.135780231,4947100.818462533]},"properties":{"key":10,"date":"03/31/2025 09:08:00 PM"}},{"type":"Feature","geometry":{"type":"Point","coordinates":[-8231632.196115617,4958805.856366214]},"properties":{"key":11,"date":"03/31/2025 09:02:00 PM"}},{"type":"Feature","geometry":{"type":"Point","coordinates":[-8238476.69651174,4941800.533455627]},"properties":{"key":12,"date":"03/31/2025 08:29:00 PM"}},{"type":"Feature","geometry":{"type":"Point","coordinates":[-8234184.256010987,4948857.780261126]},"properties":{"key":13,"date":"03/31/2025 08:08:00 PM"}},{"type":"Feature","geometry":{"type":"Point","coordinates":[-8236463.6716896435,4949760.0479394905]},"properties":{"key":14,"date":"03/31/2025 07:32:00 PM"}},{"type":"Feature","geometry":{"type":"Point","coordinates":[-8232628.197562789,4945362.2985231485]},"properties":{"key":15,"date":"03/31/2025 07:29:00 PM"}},{"type":"Feature","geometry":{"type":"Point","coordinates":[-8236661.046818549,4945139.003981457]},"properties":{"key":16,"date":"03/31/2025 07:26:00 PM"}},{"type":"Feature","geometry":{"type":"Point","coordinates":[-8236221.618787013,4942414.021677783]},"properties":{"key":17,"date":"03/31/2025 07:23:00 PM"}},{"type":"Feature","geometry":{"type":"Point","coordinates":[-8236463.6716896435,4949760.0479394905]},"properties":{"key":18,"date":"03/31/2025 07:14:00 PM"}},{"type":"Feature","geometry":{"type":"Point","coordinates":[-8232776.339408254,4944710.876854412]},"properties":{"key":19,"date":"03/31/2025 06:47:00 PM"}},{"type":"Feature","geometry":{"type":"Point","coordinates":[-8228183.820514352,4966745.5742573915]},"properties":{"key":20,"date":"03/31/2025 06:41:00 PM"}},{"type":"Feature","geometry":{"type":"Point","coordinates":[-8232676.00087501,4946932.199180738]},"properties":{"key":21,"date":"03/31/2025 06:38:00 PM"}},{"type":"Feature","geometry":{"type":"Point","coordinates":[-8235841.143305807,4952215.609184933]},"properties":{"key":22,"date":"03/31/2025 05:20:00 PM"}},{"type":"Feature","geometry":{"type":"Point","coordinates":[-8238766.297133704,4942650.980445188]},"properties":{"key":23,"date":"03/31/2025 04:38:00 PM"}},{"type":"Feature","geometry":{"type":"Point","coordinates":[-8238107.844931612,4945022.961240363]},"properties":{"key":24,"date":"03/31/2025 04:35:00 PM"}},{"type":"Feature","geometry":{"type":"Point","coordinates":[-8238239.154716813,4944472.692706279]},"properties":{"key":25,"date":"03/31/2025 04:23:00 PM"}},{"type":"Feature","geometry":{"type":"Point","coordinates":[-8231978.331014463,4950818.229108155]},"properties":{"key":26,"date":"03/31/2025 04:05:00 PM"}},{"type":"Feature","geometry":{"type":"Point","coordinates":[-8236302.601608173,4943368.976570847]},"properties":{"key":27,"date":"03/31/2025 03:44:00 PM"}},{"type":"Feature","geometry":{"type":"Point","coordinates":[-8227533.653735132,4951647.006617748]},"properties":{"key":28,"date":"03/31/2025 03:17:00 PM"}},{"type":"Feature","geometry":{"type":"Point","coordinates":[-8227420.425246429,4961893.175167776]},"properties":{"key":29,"date":"03/31/2025 02:53:00 PM"}},{"type":"Feature","geometry":{"type":"Point","coordinates":[-8228416.574355566,4950086.087076449]},"properties":{"key":30,"date":"03/31/2025 02:41:00 PM"}},{"type":"Feature","geometry":{"type":"Point","coordinates":[-8231590.3110295385,4951117.416719888]},"properties":{"key":31,"date":"03/31/2025 02:29:00 PM"}},{"type":"Feature","geometry":{"type":"Point","coordinates":[-8235794.4347862685,4944163.680142906]},"properties":{"key":32,"date":"03/31/2025 01:38:00 PM"}},{"type":"Feature","geometry":{"type":"Point","coordinates":[-8235794.4347862685,4944163.680142906]},"properties":{"key":33,"date":"03/31/2025 01:35:00 PM"}},{"type":"Feature","geometry":{"type":"Point","coordinates":[-8229594.68885357,4963936.988648454]},"properties":{"key":34,"date":"03/31/2025 01:26:00 PM"}},{"type":"Feature","geometry":{"type":"Point","coordinates":[-8235094.761956349,4944314.133586962]},"properties":{"key":35,"date":"03/31/2025 01:08:00 PM"}},{"type":"Feature","geometry":{"type":"Point","coordinates":[-8232748.599373723,4943162.628332899]},"properties":{"key":36,"date":"03/31/2025 11:56:00 AM"}},{"type":"Feature","geometry":{"type":"Point","coordinates":[-8228710.822903568,4940351.883550837]},"properties":{"key":37,"date":"03/31/2025 11:35:00 AM"}},{"type":"Feature","geometry":{"type":"Point","coordinates":[-8236493.272465086,4944100.732361908]},"properties":{"key":38,"date":"03/31/2025 11:35:00 AM"}},{"type":"Feature","geometry":{"type":"Point","coordinates":[-8235572.773843256,4951561.993526124]},"properties":{"key":39,"date":"03/31/2025 11:23:00 AM"}},{"type":"Feature","geometry":{"type":"Point","coordinates":[-8235143.900061622,4953181.409252618]},"properties":{"key":40,"date":"03/31/2025 11:23:00 AM"}},{"type":"Feature","geometry":{"type":"Point","coordinates":[-8233078.265680461,4955257.604999265]},"properties":{"key":41,"date":"03/31/2025 11:14:00 AM"}},{"type":"Feature","geometry":{"type":"Point","coordinates":[-8236189.429488321,4945545.440348585]},"properties":{"key":42,"date":"03/31/2025 11:08:00 AM"}},{"type":"Feature","geometry":{"type":"Point","coordinates":[-8231978.331014463,4950818.229108155]},"properties":{"key":43,"date":"03/31/2025 10:59:00 AM"}},{"type":"Feature","geometry":{"type":"Point","coordinates":[-8232817.9809295125,4950658.323555147]},"properties":{"key":44,"date":"03/31/2025 10:59:00 AM"}},{"type":"Feature","geometry":{"type":"Point","coordinates":[-8236221.543959164,4951199.574230766]},"properties":{"key":45,"date":"03/31/2025 10:41:00 AM"}},{"type":"Feature","geometry":{"type":"Point","coordinates":[-8234505.727154923,4953808.764215301]},"properties":{"key":46,"date":"03/31/2025 09:53:00 AM"}},{"type":"Feature","geometry":{"type":"Point","coordinates":[-8238740.996909603,4942636.125460668]},"properties":{"key":47,"date":"03/31/2025 09:38:00 AM"}},{"type":"Feature","geometry":{"type":"Point","coordinates":[-8231640.652482923,4960097.508224547]},"properties":{"key":48,"date":"03/31/2025 09:17:00 AM"}},{"type":"Feature","geometry":{"type":"Point","coordinates":[-8232176.970103827,4942038.753474898]},"properties":{"key":49,"date":"03/31/2025 08:53:00 AM"}},{"type":"Feature","geometry":{"type":"Point","coordinates":[-8227412.483568127,4951059.670705016]},"properties":{"key":50,"date":"03/31/2025 08:41:00 AM"}},{"type":"Feature","geometry":{"type":"Point","coordinates":[-8237858.020938893,4945464.004790173]},"properties":{"key":51,"date":"03/31/2025 08:08:00 AM"}},{"type":"Feature","geometry":{"type":"Point","coordinates":[-8232731.435349831,4945348.292410615]},"properties":{"key":52,"date":"03/31/2025 08:02:00 AM"}},{"type":"Feature","geometry":{"type":"Point","coordinates":[-8230915.621794351,4961431.902924772]},"properties":{"key":53,"date":"03/31/2025 07:59:00 AM"}},{"type":"Feature","geometry":{"type":"Point","coordinates":[-8238335.494561552,4943718.838487012]},"properties":{"key":54,"date":"03/31/2025 07:56:00 AM"}},{"type":"Feature","geometry":{"type":"Point","coordinates":[-8239436.654622488,4941265.983257043]},"properties":{"key":55,"date":"03/31/2025 07:47:00 AM"}},{"type":"Feature","geometry":{"type":"Point","coordinates":[-8228585.250464811,4940689.81114558]},"properties":{"key":56,"date":"03/31/2025 07:44:00 AM"}},{"type":"Feature","geometry":{"type":"Point","coordinates":[-8236247.049529876,4949907.903902745]},"properties":{"key":57,"date":"03/31/2025 07:38:00 AM"}},{"type":"Feature","geometry":{"type":"Point","coordinates":[-8232745.093117008,4945346.692577843]},"properties":{"key":58,"date":"03/31/2025 07:35:00 AM"}},{"type":"Feature","geometry":{"type":"Point","coordinates":[-8232730.630582271,4945351.103733846]},"properties":{"key":59,"date":"03/31/2025 07:26:00 AM"}},{"type":"Feature","geometry":{"type":"Point","coordinates":[-8234329.237895748,4952627.63070995]},"properties":{"key":60,"date":"03/31/2025 07:26:00 AM"}},{"type":"Feature","geometry":{"type":"Point","coordinates":[-8230915.621794351,4961431.902924772]},"properties":{"key":61,"date":"03/31/2025 07:23:00 AM"}},{"type":"Feature","geometry":{"type":"Point","coordinates":[-8237319.671423362,4948430.057381026]},"properties":{"key":62,"date":"03/31/2025 07:05:00 AM"}},{"type":"Feature","geometry":{"type":"Point","coordinates":[-8236661.046818549,4945139.003981457]},"properties":{"key":63,"date":"03/31/2025 07:02:00 AM"}},{"type":"Feature","geometry":{"type":"Point","coordinates":[-8235973.649310216,4943643.218289506]},"properties":{"key":64,"date":"03/31/2025 06:59:00 AM"}},{"type":"Feature","geometry":{"type":"Point","coordinates":[-8236659.840927902,4945147.840532032]},"properties":{"key":65,"date":"03/31/2025 06:50:00 AM"}},{"type":"Feature","geometry":{"type":"Point","coordinates":[-8238878.577107987,4941404.59096785]},"properties":{"key":66,"date":"03/31/2025 06:47:00 AM"}},{"type":"Feature","geometry":{"type":"Point","coordinates":[-8235686.247318329,4946913.582388054]},"properties":{"key":67,"date":"03/31/2025 06:29:00 AM"}},{"type":"Feature","geometry":{"type":"Point","coordinates":[-8234504.520306926,4953811.175971343]},"properties":{"key":68,"date":"03/31/2025 06:14:00 AM"}},{"type":"Feature","geometry":{"type":"Point","coordinates":[-8234505.727154923,4953808.764215301]},"properties":{"key":69,"date":"03/31/2025 04:47:00 AM"}},{"type":"Feature","geometry":{"type":"Point","coordinates":[-8234500.099336839,4953807.154306194]},"properties":{"key":70,"date":"03/31/2025 04:35:00 AM"}},{"type":"Feature","geometry":{"type":"Point","coordinates":[-8229541.467257718,4964056.470572587]},"properties":{"key":71,"date":"03/31/2025 03:41:00 AM"}},{"type":"Feature","geometry":{"type":"Point","coordinates":[-8234505.727154923,4953808.764215301]},"properties":{"key":72,"date":"03/31/2025 03:29:00 AM"}},{"type":"Feature","geometry":{"type":"Point","coordinates":[-8234504.520306926,4953811.175971343]},"properties":{"key":73,"date":"03/31/2025 02:47:00 AM"}},{"type":"Feature","geometry":{"type":"Point","coordinates":[-8234504.520306926,4953811.175971343]},"properties":{"key":74,"date":"03/31/2025 02:38:00 AM"}},{"type":"Feature","geometry":{"type":"Point","coordinates":[-8235500.462749202,4944078.877161173]},"properties":{"key":75,"date":"03/31/2025 02:38:00 AM"}},{"type":"Feature","geometry":{"type":"Point","coordinates":[-8231676.1075626295,4952122.304276951]},"properties":{"key":76,"date":"03/31/2025 02:17:00 AM"}},{"type":"Feature","geometry":{"type":"Point","coordinates":[-8236411.543019647,4945683.65101582]},"properties":{"key":77,"date":"03/31/2025 02:14:00 AM"}},{"type":"Feature","geometry":{"type":"Point","coordinates":[-8232713.547239407,4945772.461863171]},"properties":{"key":78,"date":"03/31/2025 02:02:00 AM"}},{"type":"Feature","geometry":{"type":"Point","coordinates":[-8232785.434044786,4945805.035112045]},"properties":{"key":79,"date":"03/31/2025 01:44:00 AM"}},{"type":"Feature","geometry":{"type":"Point","coordinates":[-8232785.434044786,4945805.035112045]},"properties":{"key":80,"date":"03/31/2025 01:35:00 AM"}},{"type":"Feature","geometry":{"type":"Point","coordinates":[-8232767.428897499,4945662.827403082]},"properties":{"key":81,"date":"03/31/2025 01:32:00 AM"}},{"type":"Feature","geometry":{"type":"Point","coordinates":[-8232446.403622636,4950330.192475889]},"properties":{"key":82,"date":"03/31/2025 01:20:00 AM"}},{"type":"Feature","geometry":{"type":"Point","coordinates":[-8232448.81276566,4950334.212566814]},"properties":{"key":83,"date":"03/31/2025 01:17:00 AM"}},{"type":"Feature","geometry":{"type":"Point","coordinates":[-8238304.025332987,4941600.185656991]},"properties":{"key":84,"date":"03/31/2025 01:08:00 AM"}},{"type":"Feature","geometry":{"type":"Point","coordinates":[-8238295.995289274,4941605.807493334]},"properties":{"key":85,"date":"03/31/2025 01:08:00 AM"}},{"type":"Feature","geometry":{"type":"Point","coordinates":[-8238218.5022350745,4941615.047373265]},"properties":{"key":86,"date":"03/31/2025 01:05:00 AM"}},{"type":"Feature","geometry":{"type":"Point","coordinates":[-8238304.025332987,4941600.185656991]},"properties":{"key":87,"date":"03/31/2025 01:05:00 AM"}},{"type":"Feature","geometry":{"type":"Point","coordinates":[-8232074.050237457,4942259.142724724]},"properties":{"key":88,"date":"03/30/2025 10:02:00 PM"}},{"type":"Feature","geometry":{"type":"Point","coordinates":[-8238521.216280809,4941246.033395252]},"properties":{"key":89,"date":"03/30/2025 08:59:00 PM"}},{"type":"Feature","geometry":{"type":"Point","coordinates":[-8236195.012544835,4943112.346096997]},"properties":{"key":90,"date":"03/30/2025 08:41:00 PM"}},{"type":"Feature","geometry":{"type":"Point","coordinates":[-8236184.5672366405,4943140.053827606]},"properties":{"key":91,"date":"03/30/2025 08:26:00 PM"}},{"type":"Feature","geometry":{"type":"Point","coordinates":[-8236116.788182808,4945140.139023636]},"properties":{"key":92,"date":"03/30/2025 08:17:00 PM"}},{"type":"Feature","geometry":{"type":"Point","coordinates":[-8236034.883050723,4944928.449756417]},"properties":{"key":93,"date":"03/30/2025 07:47:00 PM"}},{"type":"Feature","geometry":{"type":"Point","coordinates":[-8236815.313624925,4940088.563586253]},"properties":{"key":94,"date":"03/30/2025 07:26:00 PM"}},{"type":"Feature","geometry":{"type":"Point","coordinates":[-8232855.874304592,4955337.111293863]},"properties":{"key":95,"date":"03/30/2025 04:26:00 PM"}},{"type":"Feature","geometry":{"type":"Point","coordinates":[-8230151.522775739,4948945.524352519]},"properties":{"key":96,"date":"03/30/2025 03:38:00 PM"}},{"type":"Feature","geometry":{"type":"Point","coordinates":[-8234553.668337445,4952222.923591366]},"properties":{"key":97,"date":"03/30/2025 03:35:00 PM"}},{"type":"Feature","geometry":{"type":"Point","coordinates":[-8233399.964467188,4943177.390554039]},"properties":{"key":98,"date":"03/30/2025 03:11:00 PM"}},{"type":"Feature","geometry":{"type":"Point","coordinates":[-8230279.028887485,4954098.764490085]},"properties":{"key":99,"date":"03/30/2025 02:35:00 PM"}},{"type":"Feature","geometry":{"type":"Point","coordinates":[-8230271.782822416,4954111.222143734]},"properties":{"key":100,"date":"03/30/2025 02:32:00 PM"}},{"type":"Feature","geometry":{"type":"Point","coordinates":[-8236288.836101544,4944170.990581524]},"properties":{"key":101,"date":"03/30/2025 01:59:00 PM"}},{"type":"Feature","geometry":{"type":"Point","coordinates":[-8230923.538333371,4956950.484682761]},"properties":{"key":102,"date":"03/30/2025 01:50:00 PM"}},{"type":"Feature","geometry":{"type":"Point","coordinates":[-8237952.490606168,4947816.926689507]},"properties":{"key":103,"date":"03/30/2025 01:29:00 PM"}},{"type":"Feature","geometry":{"type":"Point","coordinates":[-8234139.371347758,4941817.205744971]},"properties":{"key":104,"date":"03/30/2025 01:23:00 PM"}},{"type":"Feature","geometry":{"type":"Point","coordinates":[-8231122.109109305,4943866.8858958585]},"properties":{"key":105,"date":"03/30/2025 01:08:00 PM"}},{"type":"Feature","geometry":{"type":"Point","coordinates":[-8238472.645284888,4941378.535675233]},"properties":{"key":106,"date":"03/30/2025 12:35:00 PM"}},{"type":"Feature","geometry":{"type":"Point","coordinates":[-8230484.171178013,4958887.538747161]},"properties":{"key":107,"date":"03/30/2025 12:26:00 PM"}},{"type":"Feature","geometry":{"type":"Point","coordinates":[-8235889.400715834,4949855.202226447]},"properties":{"key":108,"date":"03/30/2025 12:11:00 PM"}},{"type":"Feature","geometry":{"type":"Point","coordinates":[-8239196.56864843,4941362.386699021]},"properties":{"key":109,"date":"03/30/2025 11:53:00 AM"}},{"type":"Feature","geometry":{"type":"Point","coordinates":[-8229500.484816863,4949526.860577665]},"properties":{"key":110,"date":"03/30/2025 11:53:00 AM"}},{"type":"Feature","geometry":{"type":"Point","coordinates":[-8237267.795587757,4949558.3817762565]},"properties":{"key":111,"date":"03/30/2025 10:44:00 AM"}},{"type":"Feature","geometry":{"type":"Point","coordinates":[-8233488.06072515,4954145.687782979]},"properties":{"key":112,"date":"03/30/2025 10:41:00 AM"}},{"type":"Feature","geometry":{"type":"Point","coordinates":[-8231087.73819461,4943617.061866012]},"properties":{"key":113,"date":"03/30/2025 10:32:00 AM"}},{"type":"Feature","geometry":{"type":"Point","coordinates":[-8232142.977751098,4956043.227927045]},"properties":{"key":114,"date":"03/30/2025 10:26:00 AM"}},{"type":"Feature","geometry":{"type":"Point","coordinates":[-8228609.928598859,4940920.689896861]},"properties":{"key":115,"date":"03/30/2025 10:20:00 AM"}},{"type":"Feature","geometry":{"type":"Point","coordinates":[-8227871.006422276,4963960.365201011]},"properties":{"key":116,"date":"03/30/2025 09:38:00 AM"}},{"type":"Feature","geometry":{"type":"Point","coordinates":[-8236583.382065167,4946456.55182831]},"properties":{"key":117,"date":"03/30/2025 09:32:00 AM"}},{"type":"Feature","geometry":{"type":"Point","coordinates":[-8234989.096428134,4953307.5966069605]},"properties":{"key":118,"date":"03/30/2025 09:11:00 AM"}},{"type":"Feature","geometry":{"type":"Point","coordinates":[-8236022.44753037,4944832.853542216]},"properties":{"key":119,"date":"03/30/2025 09:02:00 AM"}},{"type":"Feature","geometry":{"type":"Point","coordinates":[-8233557.507347178,4954398.602277468]},"properties":{"key":120,"date":"03/30/2025 08:23:00 AM"}},{"type":"Feature","geometry":{"type":"Point","coordinates":[-8238125.613612924,4946951.1284799315]},"properties":{"key":121,"date":"03/30/2025 08:23:00 AM"}},{"type":"Feature","geometry":{"type":"Point","coordinates":[-8237246.138525539,4948505.593803704]},"properties":{"key":122,"date":"03/30/2025 07:38:00 AM"}},{"type":"Feature","geometry":{"type":"Point","coordinates":[-8235545.807144115,4946128.585099845]},"properties":{"key":123,"date":"03/30/2025 02:08:00 AM"}},{"type":"Feature","geometry":{"type":"Point","coordinates":[-8231676.1075626295,4952122.304276951]},"properties":{"key":124,"date":"03/30/2025 02:08:00 AM"}},{"type":"Feature","geometry":{"type":"Point","coordinates":[-8235089.201368558,4953284.307162564]},"properties":{"key":125,"date":"03/30/2025 01:17:00 AM"}},{"type":"Feature","geometry":{"type":"Point","coordinates":[-8229060.93918519,4963606.53672703]},"properties":{"key":126,"date":"03/30/2025 12:44:00 AM"}},{"type":"Feature","geometry":{"type":"Point","coordinates":[-8238084.285578484,4948083.705235686]},"properties":{"key":127,"date":"03/30/2025 12:26:00 AM"}},{"type":"Feature","geometry":{"type":"Point","coordinates":[-8237077.455066982,4947213.86651572]},"properties":{"key":128,"date":"03/30/2025 12:17:00 AM"}},{"type":"Feature","geometry":{"type":"Point","coordinates":[-8238328.510598226,4941493.379959958]},"properties":{"key":129,"date":"03/30/2025 12:11:00 AM"}},{"type":"Feature","geometry":{"type":"Point","coordinates":[-8238369.467718349,4941525.899890659]},"properties":{"key":130,"date":"03/30/2025 12:02:00 AM"}},{"type":"Feature","geometry":{"type":"Point","coordinates":[-8232227.902907497,4942151.615037734]},"properties":{"key":131,"date":"03/29/2025 11:35:00 PM"}},{"type":"Feature","geometry":{"type":"Point","coordinates":[-8229893.163632682,4940336.434567037]},"properties":{"key":132,"date":"03/29/2025 10:17:00 PM"}},{"type":"Feature","geometry":{"type":"Point","coordinates":[-8236598.978814157,4943360.1777246]},"properties":{"key":133,"date":"03/29/2025 09:41:00 PM"}},{"type":"Feature","geometry":{"type":"Point","coordinates":[-8235408.626217578,4946995.879766466]},"properties":{"key":134,"date":"03/29/2025 09:23:00 PM"}},{"type":"Feature","geometry":{"type":"Point","coordinates":[-8229157.107749308,4946985.212459614]},"properties":{"key":135,"date":"03/29/2025 08:56:00 PM"}},{"type":"Feature","geometry":{"type":"Point","coordinates":[-8235838.803458052,4949653.862678928]},"properties":{"key":136,"date":"03/29/2025 07:50:00 PM"}},{"type":"Feature","geometry":{"type":"Point","coordinates":[-8231815.928393044,4959624.540651488]},"properties":{"key":137,"date":"03/29/2025 07:47:00 PM"}},{"type":"Feature","geometry":{"type":"Point","coordinates":[-8237764.428348979,4945374.8338260995]},"properties":{"key":138,"date":"03/29/2025 07:38:00 PM"}},{"type":"Feature","geometry":{"type":"Point","coordinates":[-8237663.207752372,4946249.725166469]},"properties":{"key":139,"date":"03/29/2025 07:23:00 PM"}},{"type":"Feature","geometry":{"type":"Point","coordinates":[-8231661.207302958,4951512.549109687]},"properties":{"key":140,"date":"03/29/2025 06:59:00 PM"}},{"type":"Feature","geometry":{"type":"Point","coordinates":[-8231991.664736165,4946535.316648441]},"properties":{"key":141,"date":"03/29/2025 06:50:00 PM"}},{"type":"Feature","geometry":{"type":"Point","coordinates":[-8234214.21728124,4955073.113712636]},"properties":{"key":142,"date":"03/29/2025 06:32:00 PM"}},{"type":"Feature","geometry":{"type":"Point","coordinates":[-8234214.21728124,4955073.113712636]},"properties":{"key":143,"date":"03/29/2025 06:23:00 PM"}},{"type":"Feature","geometry":{"type":"Point","coordinates":[-8234214.21728124,4955073.113712636]},"properties":{"key":144,"date":"03/29/2025 06:20:00 PM"}},{"type":"Feature","geometry":{"type":"Point","coordinates":[-8237180.233429581,4940219.865611405]},"properties":{"key":145,"date":"03/29/2025 06:14:00 PM"}},{"type":"Feature","geometry":{"type":"Point","coordinates":[-8232861.253471668,4950927.617709617]},"properties":{"key":146,"date":"03/29/2025 06:05:00 PM"}},{"type":"Feature","geometry":{"type":"Point","coordinates":[-8232327.634239674,4943352.761323633]},"properties":{"key":147,"date":"03/29/2025 05:35:00 PM"}},{"type":"Feature","geometry":{"type":"Point","coordinates":[-8229344.528818478,4950517.333952782]},"properties":{"key":148,"date":"03/29/2025 05:26:00 PM"}},{"type":"Feature","geometry":{"type":"Point","coordinates":[-8236219.292347692,4950104.011126137]},"properties":{"key":149,"date":"03/29/2025 05:23:00 PM"}},{"type":"Feature","geometry":{"type":"Point","coordinates":[-8235178.06867652,4951595.664066998]},"properties":{"key":150,"date":"03/29/2025 04:56:00 PM"}},{"type":"Feature","geometry":{"type":"Point","coordinates":[-8230824.208094226,4942579.592792176]},"properties":{"key":151,"date":"03/29/2025 04:02:00 PM"}},{"type":"Feature","geometry":{"type":"Point","coordinates":[-8234835.77574058,4952457.755558189]},"properties":{"key":152,"date":"03/29/2025 03:59:00 PM"}},{"type":"Feature","geometry":{"type":"Point","coordinates":[-8236205.629848324,4950096.373570739]},"properties":{"key":153,"date":"03/29/2025 03:20:00 PM"}},{"type":"Feature","geometry":{"type":"Point","coordinates":[-8231074.058838134,4947828.37993025]},"properties":{"key":154,"date":"03/29/2025 03:11:00 PM"}},{"type":"Feature","geometry":{"type":"Point","coordinates":[-8235158.2503261985,4947348.556161808]},"properties":{"key":155,"date":"03/29/2025 02:47:00 PM"}},{"type":"Feature","geometry":{"type":"Point","coordinates":[-8231222.852146409,4942131.329561703]},"properties":{"key":156,"date":"03/29/2025 02:14:00 PM"}},{"type":"Feature","geometry":{"type":"Point","coordinates":[-8230825.623305592,4962979.3572242735]},"properties":{"key":157,"date":"03/29/2025 02:02:00 PM"}},{"type":"Feature","geometry":{"type":"Point","coordinates":[-8237180.233429581,4940219.865611405]},"properties":{"key":158,"date":"03/29/2025 01:41:00 PM"}},{"type":"Feature","geometry":{"type":"Point","coordinates":[-8231976.396882837,4946539.325033348]},"properties":{"key":159,"date":"03/29/2025 01:23:00 PM"}},{"type":"Feature","geometry":{"type":"Point","coordinates":[-8228674.886402686,4948873.959322512]},"properties":{"key":160,"date":"03/29/2025 01:02:00 PM"}},{"type":"Feature","geometry":{"type":"Point","coordinates":[-8235374.4448020505,4952322.4333214685]},"properties":{"key":161,"date":"03/29/2025 12:17:00 PM"}},{"type":"Feature","geometry":{"type":"Point","coordinates":[-8238500.395217948,4941896.898898742]},"properties":{"key":162,"date":"03/29/2025 12:14:00 PM"}},{"type":"Feature","geometry":{"type":"Point","coordinates":[-8233182.437936744,4945520.829393053]},"properties":{"key":163,"date":"03/29/2025 12:08:00 PM"}},{"type":"Feature","geometry":{"type":"Point","coordinates":[-8228528.729490608,4940595.410270438]},"properties":{"key":164,"date":"03/29/2025 11:23:00 AM"}},{"type":"Feature","geometry":{"type":"Point","coordinates":[-8235889.400715834,4949855.202226447]},"properties":{"key":165,"date":"03/29/2025 11:17:00 AM"}},{"type":"Feature","geometry":{"type":"Point","coordinates":[-8231114.383821622,4962623.837581657]},"properties":{"key":166,"date":"03/29/2025 11:14:00 AM"}},{"type":"Feature","geometry":{"type":"Point","coordinates":[-8227760.458408951,4950345.458098407]},"properties":{"key":167,"date":"03/29/2025 11:14:00 AM"}},{"type":"Feature","geometry":{"type":"Point","coordinates":[-8234637.952611952,4947417.91408468]},"properties":{"key":168,"date":"03/29/2025 11:14:00 AM"}},{"type":"Feature","geometry":{"type":"Point","coordinates":[-8233870.07727999,4949781.49170237]},"properties":{"key":169,"date":"03/29/2025 11:02:00 AM"}},{"type":"Feature","geometry":{"type":"Point","coordinates":[-8237179.796429336,4949437.422250356]},"properties":{"key":170,"date":"03/29/2025 10:56:00 AM"}},{"type":"Feature","geometry":{"type":"Point","coordinates":[-8233460.537308329,4948953.130381608]},"properties":{"key":171,"date":"03/29/2025 10:50:00 AM"}},{"type":"Feature","geometry":{"type":"Point","coordinates":[-8231178.878889249,4958811.599885043]},"properties":{"key":172,"date":"03/29/2025 10:44:00 AM"}},{"type":"Feature","geometry":{"type":"Point","coordinates":[-8228528.729490608,4940595.410270438]},"properties":{"key":173,"date":"03/29/2025 10:41:00 AM"}},{"type":"Feature","geometry":{"type":"Point","coordinates":[-8232477.682639587,4951216.798221346]},"properties":{"key":174,"date":"03/29/2025 10:41:00 AM"}},{"type":"Feature","geometry":{"type":"Point","coordinates":[-8236221.543959164,4951199.574230766]},"properties":{"key":175,"date":"03/29/2025 10:38:00 AM"}},{"type":"Feature","geometry":{"type":"Point","coordinates":[-8234637.952611952,4947417.91408468]},"properties":{"key":176,"date":"03/29/2025 10:32:00 AM"}},{"type":"Feature","geometry":{"type":"Point","coordinates":[-8232670.763075896,4943022.8382405]},"properties":{"key":177,"date":"03/29/2025 10:29:00 AM"}},{"type":"Feature","geometry":{"type":"Point","coordinates":[-8235947.218603294,4945520.898589628]},"properties":{"key":178,"date":"03/29/2025 10:23:00 AM"}},{"type":"Feature","geometry":{"type":"Point","coordinates":[-8236215.930434504,4945614.935754197]},"properties":{"key":179,"date":"03/29/2025 10:05:00 AM"}},{"type":"Feature","geometry":{"type":"Point","coordinates":[-8229406.895143521,4950430.177409112]},"properties":{"key":180,"date":"03/29/2025 10:02:00 AM"}},{"type":"Feature","geometry":{"type":"Point","coordinates":[-8229153.147463802,4950612.015367591]},"properties":{"key":181,"date":"03/29/2025 09:56:00 AM"}},{"type":"Feature","geometry":{"type":"Point","coordinates":[-8236044.475208568,4942768.171787686]},"properties":{"key":182,"date":"03/29/2025 09:53:00 AM"}},{"type":"Feature","geometry":{"type":"Point","coordinates":[-8237060.868836887,4949132.42116953]},"properties":{"key":183,"date":"03/29/2025 09:41:00 AM"}},{"type":"Feature","geometry":{"type":"Point","coordinates":[-8237033.135875597,4949238.1016766885]},"properties":{"key":184,"date":"03/29/2025 09:38:00 AM"}},{"type":"Feature","geometry":{"type":"Point","coordinates":[-8232131.845216476,4952973.145460882]},"properties":{"key":185,"date":"03/29/2025 09:32:00 AM"}},{"type":"Feature","geometry":{"type":"Point","coordinates":[-8232744.395486662,4945136.216609899]},"properties":{"key":186,"date":"03/29/2025 09:17:00 AM"}},{"type":"Feature","geometry":{"type":"Point","coordinates":[-8236073.8548022,4944860.576121977]},"properties":{"key":187,"date":"03/29/2025 09:02:00 AM"}},{"type":"Feature","geometry":{"type":"Point","coordinates":[-8232131.845216476,4952973.145460882]},"properties":{"key":188,"date":"03/29/2025 08:59:00 AM"}},{"type":"Feature","geometry":{"type":"Point","coordinates":[-8233112.146889584,4950702.673117544]},"properties":{"key":189,"date":"03/29/2025 08:59:00 AM"}},{"type":"Feature","geometry":{"type":"Point","coordinates":[-8232377.696293381,4952537.132279778]},"properties":{"key":190,"date":"03/29/2025 08:56:00 AM"}},{"type":"Feature","geometry":{"type":"Point","coordinates":[-8235378.657235109,4949760.6601418955]},"properties":{"key":191,"date":"03/29/2025 08:53:00 AM"}},{"type":"Feature","geometry":{"type":"Point","coordinates":[-8230375.673749857,4950113.463557639]},"properties":{"key":192,"date":"03/29/2025 08:50:00 AM"}},{"type":"Feature","geometry":{"type":"Point","coordinates":[-8232951.892283495,4950490.800438482]},"properties":{"key":193,"date":"03/29/2025 08:47:00 AM"}},{"type":"Feature","geometry":{"type":"Point","coordinates":[-8237908.242852956,4945900.237942401]},"properties":{"key":194,"date":"03/29/2025 08:44:00 AM"}},{"type":"Feature","geometry":{"type":"Point","coordinates":[-8232139.487781534,4952964.707997756]},"properties":{"key":195,"date":"03/29/2025 08:44:00 AM"}},{"type":"Feature","geometry":{"type":"Point","coordinates":[-8233394.393483272,4949514.86782907]},"properties":{"key":196,"date":"03/29/2025 08:44:00 AM"}},{"type":"Feature","geometry":{"type":"Point","coordinates":[-8235495.19333424,4949771.938507059]},"properties":{"key":197,"date":"03/29/2025 08:41:00 AM"}},{"type":"Feature","geometry":{"type":"Point","coordinates":[-8232131.845216476,4952973.145460882]},"properties":{"key":198,"date":"03/29/2025 08:38:00 AM"}},{"type":"Feature","geometry":{"type":"Point","coordinates":[-8238117.709462647,4941392.6123649245]},"properties":{"key":199,"date":"03/29/2025 08:38:00 AM"}},{"type":"Feature","geometry":{"type":"Point","coordinates":[-8232292.251386279,4952950.723393247]},"properties":{"key":200,"date":"03/29/2025 08:35:00 AM"}},{"type":"Feature","geometry":{"type":"Point","coordinates":[-8237325.296550852,4948433.271984108]},"properties":{"key":201,"date":"03/29/2025 08:32:00 AM"}},{"type":"Feature","geometry":{"type":"Point","coordinates":[-8236073.8548022,4944860.576121977]},"properties":{"key":202,"date":"03/29/2025 08:29:00 AM"}},{"type":"Feature","geometry":{"type":"Point","coordinates":[-8236221.543959164,4951199.574230766]},"properties":{"key":203,"date":"03/29/2025 08:29:00 AM"}},{"type":"Feature","geometry":{"type":"Point","coordinates":[-8235289.286967876,4948750.020543227]},"properties":{"key":204,"date":"03/29/2025 08:26:00 AM"}},{"type":"Feature","geometry":{"type":"Point","coordinates":[-8229793.413341682,4949050.52105887]},"properties":{"key":205,"date":"03/29/2025 08:23:00 AM"}},{"type":"Feature","geometry":{"type":"Point","coordinates":[-8231222.054348562,4942123.298180425]},"properties":{"key":206,"date":"03/29/2025 07:56:00 AM"}},{"type":"Feature","geometry":{"type":"Point","coordinates":[-8234090.868896815,4948207.221830965]},"properties":{"key":207,"date":"03/29/2025 07:50:00 AM"}},{"type":"Feature","geometry":{"type":"Point","coordinates":[-8234099.262172688,4948329.370776179]},"properties":{"key":208,"date":"03/29/2025 07:35:00 AM"}},{"type":"Feature","geometry":{"type":"Point","coordinates":[-8236379.2927234415,4949674.844032355]},"properties":{"key":209,"date":"03/29/2025 05:05:00 AM"}},{"type":"Feature","geometry":{"type":"Point","coordinates":[-8238588.630415991,4944982.760319713]},"properties":{"key":210,"date":"03/29/2025 03:05:00 AM"}},{"type":"Feature","geometry":{"type":"Point","coordinates":[-8233669.838882424,4943156.220195782]},"properties":{"key":211,"date":"03/29/2025 02:38:00 AM"}},{"type":"Feature","geometry":{"type":"Point","coordinates":[-8236249.62969192,4945911.791367154]},"properties":{"key":212,"date":"03/29/2025 02:23:00 AM"}},{"type":"Feature","geometry":{"type":"Point","coordinates":[-8238588.630415991,4944982.760319713]},"properties":{"key":213,"date":"03/29/2025 01:35:00 AM"}},{"type":"Feature","geometry":{"type":"Point","coordinates":[-8232825.891884749,4951729.032438011]},"properties":{"key":214,"date":"03/29/2025 01:14:00 AM"}},{"type":"Feature","geometry":{"type":"Point","coordinates":[-8236219.661529876,4944820.433038287]},"properties":{"key":215,"date":"03/29/2025 12:44:00 AM"}},{"type":"Feature","geometry":{"type":"Point","coordinates":[-8238968.1120946705,4941386.912651549]},"properties":{"key":216,"date":"03/28/2025 11:56:00 PM"}},{"type":"Feature","geometry":{"type":"Point","coordinates":[-8234148.874119393,4948918.4426558735]},"properties":{"key":217,"date":"03/28/2025 11:53:00 PM"}},{"type":"Feature","geometry":{"type":"Point","coordinates":[-8233669.838882424,4943156.220195782]},"properties":{"key":218,"date":"03/28/2025 11:44:00 PM"}},{"type":"Feature","geometry":{"type":"Point","coordinates":[-8229923.535637347,4963871.6566810245]},"properties":{"key":219,"date":"03/28/2025 11:23:00 PM"}},{"type":"Feature","geometry":{"type":"Point","coordinates":[-8234816.441388481,4953982.535145428]},"properties":{"key":220,"date":"03/28/2025 10:35:00 PM"}},{"type":"Feature","geometry":{"type":"Point","coordinates":[-8233469.520301431,4949558.299848501]},"properties":{"key":221,"date":"03/28/2025 10:35:00 PM"}},{"type":"Feature","geometry":{"type":"Point","coordinates":[-8237526.20371139,4947935.857671277]},"properties":{"key":222,"date":"03/28/2025 10:05:00 PM"}},{"type":"Feature","geometry":{"type":"Point","coordinates":[-8235408.626217578,4946995.879766466]},"properties":{"key":223,"date":"03/28/2025 09:53:00 PM"}},{"type":"Feature","geometry":{"type":"Point","coordinates":[-8235814.3670108635,4947102.02506402]},"properties":{"key":224,"date":"03/28/2025 09:47:00 PM"}},{"type":"Feature","geometry":{"type":"Point","coordinates":[-8234210.793661432,4948807.9640835365]},"properties":{"key":225,"date":"03/28/2025 09:05:00 PM"}},{"type":"Feature","geometry":{"type":"Point","coordinates":[-8235814.3670108635,4947102.02506402]},"properties":{"key":226,"date":"03/28/2025 09:05:00 PM"}},{"type":"Feature","geometry":{"type":"Point","coordinates":[-8235814.3670108635,4947102.02506402]},"properties":{"key":227,"date":"03/28/2025 08:56:00 PM"}},{"type":"Feature","geometry":{"type":"Point","coordinates":[-8234838.967500813,4953939.524402656]},"properties":{"key":228,"date":"03/28/2025 08:47:00 PM"}},{"type":"Feature","geometry":{"type":"Point","coordinates":[-8230669.918530807,4962381.697892024]},"properties":{"key":229,"date":"03/28/2025 08:38:00 PM"}},{"type":"Feature","geometry":{"type":"Point","coordinates":[-8232652.953759631,4951933.534250417]},"properties":{"key":230,"date":"03/28/2025 08:29:00 PM"}},{"type":"Feature","geometry":{"type":"Point","coordinates":[-8231834.611222222,4955273.026971456]},"properties":{"key":231,"date":"03/28/2025 08:05:00 PM"}},{"type":"Feature","geometry":{"type":"Point","coordinates":[-8238596.653243976,4944876.721789566]},"properties":{"key":232,"date":"03/28/2025 07:29:00 PM"}},{"type":"Feature","geometry":{"type":"Point","coordinates":[-8229893.163632682,4940336.434567037]},"properties":{"key":233,"date":"03/28/2025 07:14:00 PM"}},{"type":"Feature","geometry":{"type":"Point","coordinates":[-8236505.808097285,4950262.78919485]},"properties":{"key":234,"date":"03/28/2025 07:05:00 PM"}},{"type":"Feature","geometry":{"type":"Point","coordinates":[-8235648.854713979,4947064.228428439]},"properties":{"key":235,"date":"03/28/2025 06:59:00 PM"}},{"type":"Feature","geometry":{"type":"Point","coordinates":[-8235807.135780231,4947100.818462533]},"properties":{"key":236,"date":"03/28/2025 06:44:00 PM"}},{"type":"Feature","geometry":{"type":"Point","coordinates":[-8231663.944642558,4950981.214531268]},"properties":{"key":237,"date":"03/28/2025 06:41:00 PM"}},{"type":"Feature","geometry":{"type":"Point","coordinates":[-8232078.908516143,4958390.626538155]},"properties":{"key":238,"date":"03/28/2025 06:29:00 PM"}},{"type":"Feature","geometry":{"type":"Point","coordinates":[-8237435.837954026,4946274.227496894]},"properties":{"key":239,"date":"03/28/2025 06:26:00 PM"}},{"type":"Feature","geometry":{"type":"Point","coordinates":[-8234607.56131896,4952124.8630882865]},"properties":{"key":240,"date":"03/28/2025 06:24:00 PM"}},{"type":"Feature","geometry":{"type":"Point","coordinates":[-8229874.532298789,4949113.673221235]},"properties":{"key":241,"date":"03/28/2025 06:24:00 PM"}},{"type":"Feature","geometry":{"type":"Point","coordinates":[-8234114.640439364,4954691.515361962]},"properties":{"key":242,"date":"03/28/2025 05:14:00 PM"}},{"type":"Feature","geometry":{"type":"Point","coordinates":[-8235572.773843256,4951561.993526124]},"properties":{"key":243,"date":"03/28/2025 04:53:00 PM"}},{"type":"Feature","geometry":{"type":"Point","coordinates":[-8230275.4057052275,4954105.194334526]},"properties":{"key":244,"date":"03/28/2025 04:50:00 PM"}},{"type":"Feature","geometry":{"type":"Point","coordinates":[-8238495.091438657,4945530.247335062]},"properties":{"key":245,"date":"03/28/2025 03:38:00 PM"}},{"type":"Feature","geometry":{"type":"Point","coordinates":[-8231267.223673539,4954113.933925702]},"properties":{"key":246,"date":"03/28/2025 03:35:00 PM"}},{"type":"Feature","geometry":{"type":"Point","coordinates":[-8228314.175241773,4947064.389715318]},"properties":{"key":247,"date":"03/28/2025 03:32:00 PM"}},{"type":"Feature","geometry":{"type":"Point","coordinates":[-8235794.4347862685,4944163.680142906]},"properties":{"key":248,"date":"03/28/2025 03:26:00 PM"}},{"type":"Feature","geometry":{"type":"Point","coordinates":[-8232676.00087501,4946932.199180738]},"properties":{"key":249,"date":"03/28/2025 03:17:00 PM"}},{"type":"Feature","geometry":{"type":"Point","coordinates":[-8232676.00087501,4946932.199180738]},"properties":{"key":250,"date":"03/28/2025 03:14:00 PM"}},{"type":"Feature","geometry":{"type":"Point","coordinates":[-8237689.3154591145,4945501.363386978]},"properties":{"key":251,"date":"03/28/2025 03:08:00 PM"}},{"type":"Feature","geometry":{"type":"Point","coordinates":[-8234379.354471515,4953017.169514853]},"properties":{"key":252,"date":"03/28/2025 03:02:00 PM"}},{"type":"Feature","geometry":{"type":"Point","coordinates":[-8235794.4347862685,4944163.680142906]},"properties":{"key":253,"date":"03/28/2025 02:59:00 PM"}},{"type":"Feature","geometry":{"type":"Point","coordinates":[-8233656.96669801,4951072.6623699535]},"properties":{"key":254,"date":"03/28/2025 02:17:00 PM"}},{"type":"Feature","geometry":{"type":"Point","coordinates":[-8235889.400715834,4949855.202226447]},"properties":{"key":255,"date":"03/28/2025 01:26:00 PM"}},{"type":"Feature","geometry":{"type":"Point","coordinates":[-8237471.99331348,4946208.749110955]},"properties":{"key":256,"date":"03/28/2025 01:20:00 PM"}},{"type":"Feature","geometry":{"type":"Point","coordinates":[-8233478.268863477,4948832.99335297]},"properties":{"key":257,"date":"03/28/2025 12:47:00 PM"}},{"type":"Feature","geometry":{"type":"Point","coordinates":[-8228589.944030728,4959005.026132762]},"properties":{"key":258,"date":"03/28/2025 12:08:00 PM"}},{"type":"Feature","geometry":{"type":"Point","coordinates":[-8233093.670900927,4954987.415619585]},"properties":{"key":259,"date":"03/28/2025 12:05:00 PM"}},{"type":"Feature","geometry":{"type":"Point","coordinates":[-8237549.517783153,4946809.728066526]},"properties":{"key":260,"date":"03/28/2025 11:32:00 AM"}},{"type":"Feature","geometry":{"type":"Point","coordinates":[-8237675.663610796,4947060.012928904]},"properties":{"key":261,"date":"03/28/2025 11:29:00 AM"}},{"type":"Feature","geometry":{"type":"Point","coordinates":[-8239196.56864843,4941362.386699021]},"properties":{"key":262,"date":"03/28/2025 11:08:00 AM"}},{"type":"Feature","geometry":{"type":"Point","coordinates":[-8237858.020938893,4945464.004790173]},"properties":{"key":263,"date":"03/28/2025 10:26:00 AM"}},{"type":"Feature","geometry":{"type":"Point","coordinates":[-8232817.9809295125,4950658.323555147]},"properties":{"key":264,"date":"03/28/2025 10:05:00 AM"}},{"type":"Feature","geometry":{"type":"Point","coordinates":[-8236732.879734164,4950148.680369784]},"properties":{"key":265,"date":"03/28/2025 09:47:00 AM"}},{"type":"Feature","geometry":{"type":"Point","coordinates":[-8239436.654622488,4941265.983257043]},"properties":{"key":266,"date":"03/28/2025 09:23:00 AM"}},{"type":"Feature","geometry":{"type":"Point","coordinates":[-8237790.129883181,4944994.854933588]},"properties":{"key":267,"date":"03/28/2025 09:20:00 AM"}},{"type":"Feature","geometry":{"type":"Point","coordinates":[-8238174.219698974,4946866.358881424]},"properties":{"key":268,"date":"03/28/2025 09:08:00 AM"}},{"type":"Feature","geometry":{"type":"Point","coordinates":[-8231640.652482923,4960097.508224547]},"properties":{"key":269,"date":"03/28/2025 09:02:00 AM"}},{"type":"Feature","geometry":{"type":"Point","coordinates":[-8228319.505390424,4959566.312430385]},"properties":{"key":270,"date":"03/28/2025 08:41:00 AM"}},{"type":"Feature","geometry":{"type":"Point","coordinates":[-8238213.986642308,4946779.179894244]},"properties":{"key":271,"date":"03/28/2025 08:41:00 AM"}},{"type":"Feature","geometry":{"type":"Point","coordinates":[-8238213.986642308,4946779.179894244]},"properties":{"key":272,"date":"03/28/2025 08:32:00 AM"}},{"type":"Feature","geometry":{"type":"Point","coordinates":[-8235485.709616049,4949044.601199646]},"properties":{"key":273,"date":"03/28/2025 08:17:00 AM"}},{"type":"Feature","geometry":{"type":"Point","coordinates":[-8231534.515826133,4959349.626041426]},"properties":{"key":274,"date":"03/28/2025 07:56:00 AM"}},{"type":"Feature","geometry":{"type":"Point","coordinates":[-8232623.392130802,4945333.777095403]},"properties":{"key":275,"date":"03/28/2025 07:32:00 AM"}},{"type":"Feature","geometry":{"type":"Point","coordinates":[-8239202.589453258,4941350.741918101]},"properties":{"key":276,"date":"03/28/2025 07:23:00 AM"}},{"type":"Feature","geometry":{"type":"Point","coordinates":[-8237391.729244423,4943170.278448363]},"properties":{"key":277,"date":"03/28/2025 06:59:00 AM"}},{"type":"Feature","geometry":{"type":"Point","coordinates":[-8238399.835650948,4944797.211510632]},"properties":{"key":278,"date":"03/28/2025 06:47:00 AM"}},{"type":"Feature","geometry":{"type":"Point","coordinates":[-8238399.835650948,4944797.211510632]},"properties":{"key":279,"date":"03/28/2025 06:44:00 AM"}},{"type":"Feature","geometry":{"type":"Point","coordinates":[-8232012.079998294,4950836.736108486]},"properties":{"key":280,"date":"03/28/2025 04:53:00 AM"}},{"type":"Feature","geometry":{"type":"Point","coordinates":[-8231057.100297774,4953903.933389861]},"properties":{"key":281,"date":"03/28/2025 03:17:00 AM"}},{"type":"Feature","geometry":{"type":"Point","coordinates":[-8235890.947142824,4943484.571040678]},"properties":{"key":282,"date":"03/28/2025 02:47:00 AM"}},{"type":"Feature","geometry":{"type":"Point","coordinates":[-8235911.829273331,4943490.197151102]},"properties":{"key":283,"date":"03/28/2025 02:20:00 AM"}},{"type":"Feature","geometry":{"type":"Point","coordinates":[-8233050.501578659,4949325.443817134]},"properties":{"key":284,"date":"03/28/2025 02:08:00 AM"}},{"type":"Feature","geometry":{"type":"Point","coordinates":[-8234958.343010609,4943819.297945186]},"properties":{"key":285,"date":"03/28/2025 12:44:00 AM"}},{"type":"Feature","geometry":{"type":"Point","coordinates":[-8231149.885221368,4954029.429165635]},"properties":{"key":286,"date":"03/28/2025 12:38:00 AM"}},{"type":"Feature","geometry":{"type":"Point","coordinates":[-8238942.984023936,4942640.517813098]},"properties":{"key":287,"date":"03/28/2025 12:23:00 AM"}},{"type":"Feature","geometry":{"type":"Point","coordinates":[-8231437.64946135,4957965.109675658]},"properties":{"key":288,"date":"03/28/2025 12:17:00 AM"}},{"type":"Feature","geometry":{"type":"Point","coordinates":[-8235439.357094015,4949674.676986091]},"properties":{"key":289,"date":"03/28/2025 12:11:00 AM"}},{"type":"Feature","geometry":{"type":"Point","coordinates":[-8228072.795735232,4949449.615097109]},"properties":{"key":290,"date":"03/28/2025 12:02:00 AM"}},{"type":"Feature","geometry":{"type":"Point","coordinates":[-8231437.64946135,4957965.109675658]},"properties":{"key":291,"date":"03/27/2025 11:59:00 PM"}},{"type":"Feature","geometry":{"type":"Point","coordinates":[-8234821.5970861325,4954226.9746806035]},"properties":{"key":292,"date":"03/27/2025 10:53:00 PM"}},{"type":"Feature","geometry":{"type":"Point","coordinates":[-8233602.3476696275,4949033.957109085]},"properties":{"key":293,"date":"03/27/2025 10:50:00 PM"}},{"type":"Feature","geometry":{"type":"Point","coordinates":[-8237460.315531541,4947718.093263427]},"properties":{"key":294,"date":"03/27/2025 10:41:00 PM"}},{"type":"Feature","geometry":{"type":"Point","coordinates":[-8237384.376776846,4947856.302443439]},"properties":{"key":295,"date":"03/27/2025 10:29:00 PM"}},{"type":"Feature","geometry":{"type":"Point","coordinates":[-8228456.212235084,4940435.554566367]},"properties":{"key":296,"date":"03/27/2025 10:20:00 PM"}},{"type":"Feature","geometry":{"type":"Point","coordinates":[-8235056.045767706,4949459.593529701]},"properties":{"key":297,"date":"03/27/2025 09:50:00 PM"}},{"type":"Feature","geometry":{"type":"Point","coordinates":[-8228364.44213559,4952081.5301184105]},"properties":{"key":298,"date":"03/27/2025 09:44:00 PM"}},{"type":"Feature","geometry":{"type":"Point","coordinates":[-8235811.153331822,4947100.417471565]},"properties":{"key":299,"date":"03/27/2025 09:41:00 PM"}},{"type":"Feature","geometry":{"type":"Point","coordinates":[-8235056.045767706,4949459.593529701]},"properties":{"key":300,"date":"03/27/2025 09:41:00 PM"}},{"type":"Feature","geometry":{"type":"Point","coordinates":[-8235470.025082735,4950908.05068161]},"properties":{"key":301,"date":"03/27/2025 09:35:00 PM"}},{"type":"Feature","geometry":{"type":"Point","coordinates":[-8238534.554896117,4946607.215058163]},"properties":{"key":302,"date":"03/27/2025 08:59:00 PM"}},{"type":"Feature","geometry":{"type":"Point","coordinates":[-8232007.688150499,4959136.3171381485]},"properties":{"key":303,"date":"03/27/2025 08:44:00 PM"}},{"type":"Feature","geometry":{"type":"Point","coordinates":[-8230448.794739962,4947961.329808049]},"properties":{"key":304,"date":"03/27/2025 08:32:00 PM"}},{"type":"Feature","geometry":{"type":"Point","coordinates":[-8231776.730428118,4955240.825621405]},"properties":{"key":305,"date":"03/27/2025 08:05:00 PM"}},{"type":"Feature","geometry":{"type":"Point","coordinates":[-8233602.3476696275,4949033.957109085]},"properties":{"key":306,"date":"03/27/2025 08:05:00 PM"}},{"type":"Feature","geometry":{"type":"Point","coordinates":[-8230493.061852746,4947864.533108422]},"properties":{"key":307,"date":"03/27/2025 08:02:00 PM"}},{"type":"Feature","geometry":{"type":"Point","coordinates":[-8235140.225759227,4953400.90178799]},"properties":{"key":308,"date":"03/27/2025 07:44:00 PM"}},{"type":"Feature","geometry":{"type":"Point","coordinates":[-8234084.534904618,4954557.217157579]},"properties":{"key":309,"date":"03/27/2025 07:41:00 PM"}},{"type":"Feature","geometry":{"type":"Point","coordinates":[-8236827.354545515,4944927.343214737]},"properties":{"key":310,"date":"03/27/2025 07:26:00 PM"}},{"type":"Feature","geometry":{"type":"Point","coordinates":[-8230486.636928111,4947859.707046937]},"properties":{"key":311,"date":"03/27/2025 06:32:00 PM"}},{"type":"Feature","geometry":{"type":"Point","coordinates":[-8228671.4748321,4941229.098370445]},"properties":{"key":312,"date":"03/27/2025 06:32:00 PM"}},{"type":"Feature","geometry":{"type":"Point","coordinates":[-8232247.988081733,4951578.004154865]},"properties":{"key":313,"date":"03/27/2025 05:47:00 PM"}},{"type":"Feature","geometry":{"type":"Point","coordinates":[-8231896.552737614,4942281.526477936]},"properties":{"key":314,"date":"03/27/2025 05:02:00 PM"}},{"type":"Feature","geometry":{"type":"Point","coordinates":[-8237183.847060625,4940210.230646657]},"properties":{"key":315,"date":"03/27/2025 04:53:00 PM"}},{"type":"Feature","geometry":{"type":"Point","coordinates":[-8235574.830842655,4945653.382869271]},"properties":{"key":316,"date":"03/27/2025 04:23:00 PM"}},{"type":"Feature","geometry":{"type":"Point","coordinates":[-8235939.417823183,4941887.954232932]},"properties":{"key":317,"date":"03/27/2025 03:56:00 PM"}},{"type":"Feature","geometry":{"type":"Point","coordinates":[-8237248.319675115,4944246.582701153]},"properties":{"key":318,"date":"03/27/2025 03:53:00 PM"}},{"type":"Feature","geometry":{"type":"Point","coordinates":[-8232833.802331253,4956065.709472148]},"properties":{"key":319,"date":"03/27/2025 03:17:00 PM"}},{"type":"Feature","geometry":{"type":"Point","coordinates":[-8229547.493265619,4964069.353884958]},"properties":{"key":320,"date":"03/27/2025 03:11:00 PM"}},{"type":"Feature","geometry":{"type":"Point","coordinates":[-8233127.000961686,4951605.380290611]},"properties":{"key":321,"date":"03/27/2025 03:02:00 PM"}},{"type":"Feature","geometry":{"type":"Point","coordinates":[-8232690.9564727135,4950709.300582403]},"properties":{"key":322,"date":"03/27/2025 02:56:00 PM"}},{"type":"Feature","geometry":{"type":"Point","coordinates":[-8235650.935008096,4944746.831141027]},"properties":{"key":323,"date":"03/27/2025 02:50:00 PM"}},{"type":"Feature","geometry":{"type":"Point","coordinates":[-8234401.596801522,4947780.635021011]},"properties":{"key":324,"date":"03/27/2025 02:35:00 PM"}},{"type":"Feature","geometry":{"type":"Point","coordinates":[-8237604.555941664,4946710.500251419]},"properties":{"key":325,"date":"03/27/2025 02:02:00 PM"}},{"type":"Feature","geometry":{"type":"Point","coordinates":[-8236340.581789077,4950671.085001385]},"properties":{"key":326,"date":"03/27/2025 01:14:00 PM"}},{"type":"Feature","geometry":{"type":"Point","coordinates":[-8236592.447948988,4944338.909479661]},"properties":{"key":327,"date":"03/27/2025 12:11:00 PM"}},{"type":"Feature","geometry":{"type":"Point","coordinates":[-8237764.428348979,4945374.8338260995]},"properties":{"key":328,"date":"03/27/2025 12:08:00 PM"}},{"type":"Feature","geometry":{"type":"Point","coordinates":[-8230099.329953432,4963444.0107168825]},"properties":{"key":329,"date":"03/27/2025 12:05:00 PM"}},{"type":"Feature","geometry":{"type":"Point","coordinates":[-8236444.2075612815,4951184.33131786]},"properties":{"key":330,"date":"03/27/2025 11:14:00 AM"}},{"type":"Feature","geometry":{"type":"Point","coordinates":[-8232837.78819464,4950426.041243377]},"properties":{"key":331,"date":"03/27/2025 11:02:00 AM"}},{"type":"Feature","geometry":{"type":"Point","coordinates":[-8235719.674786981,4950568.0978460405]},"properties":{"key":332,"date":"03/27/2025 10:59:00 AM"}},{"type":"Feature","geometry":{"type":"Point","coordinates":[-8230231.778760774,4941160.547187304]},"properties":{"key":333,"date":"03/27/2025 10:32:00 AM"}},{"type":"Feature","geometry":{"type":"Point","coordinates":[-8238968.1120946705,4941386.912651549]},"properties":{"key":334,"date":"03/27/2025 10:05:00 AM"}},{"type":"Feature","geometry":{"type":"Point","coordinates":[-8227975.946726273,4955942.273777903]},"properties":{"key":335,"date":"03/27/2025 09:50:00 AM"}},{"type":"Feature","geometry":{"type":"Point","coordinates":[-8230981.413535897,4957590.37187515]},"properties":{"key":336,"date":"03/27/2025 09:23:00 AM"}},{"type":"Feature","geometry":{"type":"Point","coordinates":[-8229893.163632682,4940336.434567037]},"properties":{"key":337,"date":"03/27/2025 08:59:00 AM"}},{"type":"Feature","geometry":{"type":"Point","coordinates":[-8233495.131296153,4949810.675128858]},"properties":{"key":338,"date":"03/27/2025 08:47:00 AM"}},{"type":"Feature","geometry":{"type":"Point","coordinates":[-8228657.897840575,4960341.41681463]},"properties":{"key":339,"date":"03/27/2025 08:44:00 AM"}},{"type":"Feature","geometry":{"type":"Point","coordinates":[-8233078.265680461,4955257.604999265]},"properties":{"key":340,"date":"03/27/2025 08:20:00 AM"}},{"type":"Feature","geometry":{"type":"Point","coordinates":[-8232439.837823183,4952844.678805887]},"properties":{"key":341,"date":"03/27/2025 08:08:00 AM"}},{"type":"Feature","geometry":{"type":"Point","coordinates":[-8228193.560182768,4959189.681563769]},"properties":{"key":342,"date":"03/27/2025 07:23:00 AM"}},{"type":"Feature","geometry":{"type":"Point","coordinates":[-8236135.01995988,4944125.9859103905]},"properties":{"key":343,"date":"03/27/2025 07:02:00 AM"}},{"type":"Feature","geometry":{"type":"Point","coordinates":[-8236065.810250216,4949901.446475888]},"properties":{"key":344,"date":"03/27/2025 06:56:00 AM"}},{"type":"Feature","geometry":{"type":"Point","coordinates":[-8235973.649310216,4943643.218289506]},"properties":{"key":345,"date":"03/27/2025 06:56:00 AM"}},{"type":"Feature","geometry":{"type":"Point","coordinates":[-8233112.146889584,4950702.673117544]},"properties":{"key":346,"date":"03/27/2025 06:35:00 AM"}},{"type":"Feature","geometry":{"type":"Point","coordinates":[-8234080.3814742295,4948318.91715023]},"properties":{"key":347,"date":"03/27/2025 06:29:00 AM"}},{"type":"Feature","geometry":{"type":"Point","coordinates":[-8237720.26491026,4947998.93802545]},"properties":{"key":348,"date":"03/27/2025 05:23:00 AM"}},{"type":"Feature","geometry":{"type":"Point","coordinates":[-8237277.269887204,4943369.061768898]},"properties":{"key":349,"date":"03/27/2025 05:02:00 AM"}},{"type":"Feature","geometry":{"type":"Point","coordinates":[-8238131.140822677,4945012.918555433]},"properties":{"key":350,"date":"03/27/2025 04:53:00 AM"}},{"type":"Feature","geometry":{"type":"Point","coordinates":[-8234098.056048269,4948331.379329785]},"properties":{"key":351,"date":"03/27/2025 03:26:00 AM"}},{"type":"Feature","geometry":{"type":"Point","coordinates":[-8234304.180476154,4948325.826895998]},"properties":{"key":352,"date":"03/27/2025 03:05:00 AM"}},{"type":"Feature","geometry":{"type":"Point","coordinates":[-8235685.370390135,4947279.574098238]},"properties":{"key":353,"date":"03/27/2025 02:44:00 AM"}},{"type":"Feature","geometry":{"type":"Point","coordinates":[-8234329.237895748,4952627.63070995]},"properties":{"key":354,"date":"03/27/2025 02:29:00 AM"}},{"type":"Feature","geometry":{"type":"Point","coordinates":[-8233834.886483886,4955516.071004381]},"properties":{"key":355,"date":"03/27/2025 02:29:00 AM"}},{"type":"Feature","geometry":{"type":"Point","coordinates":[-8234061.902614642,4948308.463645387]},"properties":{"key":356,"date":"03/27/2025 02:14:00 AM"}},{"type":"Feature","geometry":{"type":"Point","coordinates":[-8234079.175347583,4948320.925698734]},"properties":{"key":357,"date":"03/27/2025 02:11:00 AM"}},{"type":"Feature","geometry":{"type":"Point","coordinates":[-8238588.630415991,4944982.760319713]},"properties":{"key":358,"date":"03/27/2025 02:08:00 AM"}},{"type":"Feature","geometry":{"type":"Point","coordinates":[-8234138.228364869,4948352.287382656]},"properties":{"key":359,"date":"03/27/2025 02:08:00 AM"}},{"type":"Feature","geometry":{"type":"Point","coordinates":[-8234138.228364869,4948352.287382656]},"properties":{"key":360,"date":"03/27/2025 02:05:00 AM"}},{"type":"Feature","geometry":{"type":"Point","coordinates":[-8234138.228364869,4948352.287382656]},"properties":{"key":361,"date":"03/27/2025 01:53:00 AM"}},{"type":"Feature","geometry":{"type":"Point","coordinates":[-8234135.05732676,4948231.74723826]},"properties":{"key":362,"date":"03/27/2025 01:53:00 AM"}},{"type":"Feature","geometry":{"type":"Point","coordinates":[-8234099.262172688,4948329.370776179]},"properties":{"key":363,"date":"03/27/2025 01:50:00 AM"}},{"type":"Feature","geometry":{"type":"Point","coordinates":[-8234079.175347583,4948320.925698734]},"properties":{"key":364,"date":"03/27/2025 01:50:00 AM"}},{"type":"Feature","geometry":{"type":"Point","coordinates":[-8234138.228364869,4948352.287382656]},"properties":{"key":365,"date":"03/27/2025 01:50:00 AM"}},{"type":"Feature","geometry":{"type":"Point","coordinates":[-8234095.646719342,4948327.3604721865]},"properties":{"key":366,"date":"03/27/2025 01:50:00 AM"}},{"type":"Feature","geometry":{"type":"Point","coordinates":[-8234138.228364869,4948352.287382656]},"properties":{"key":367,"date":"03/27/2025 01:47:00 AM"}},{"type":"Feature","geometry":{"type":"Point","coordinates":[-8234099.262172688,4948329.370776179]},"properties":{"key":368,"date":"03/27/2025 01:44:00 AM"}},{"type":"Feature","geometry":{"type":"Point","coordinates":[-8230977.878003268,4953937.24795283]},"properties":{"key":369,"date":"03/27/2025 01:14:00 AM"}},{"type":"Feature","geometry":{"type":"Point","coordinates":[-8229248.284842083,4950741.106044619]},"properties":{"key":370,"date":"03/27/2025 12:59:00 AM"}},{"type":"Feature","geometry":{"type":"Point","coordinates":[-8235840.587139159,4948699.911178052]},"properties":{"key":371,"date":"03/27/2025 12:50:00 AM"}},{"type":"Feature","geometry":{"type":"Point","coordinates":[-8236625.9216575315,4950722.561574561]},"properties":{"key":372,"date":"03/27/2025 12:35:00 AM"}},{"type":"Feature","geometry":{"type":"Point","coordinates":[-8231782.9105634205,4959008.674212042]},"properties":{"key":373,"date":"03/27/2025 12:05:00 AM"}},{"type":"Feature","geometry":{"type":"Point","coordinates":[-8233243.228852767,4949670.316866715]},"properties":{"key":374,"date":"03/26/2025 11:38:00 PM"}},{"type":"Feature","geometry":{"type":"Point","coordinates":[-8239131.70541719,4942551.344045093]},"properties":{"key":375,"date":"03/26/2025 11:35:00 PM"}},{"type":"Feature","geometry":{"type":"Point","coordinates":[-8239111.053955138,4941410.179906885]},"properties":{"key":376,"date":"03/26/2025 11:23:00 PM"}},{"type":"Feature","geometry":{"type":"Point","coordinates":[-8237477.180634773,4948270.948891342]},"properties":{"key":377,"date":"03/26/2025 11:23:00 PM"}},{"type":"Feature","geometry":{"type":"Point","coordinates":[-8235289.286967876,4948750.020543227]},"properties":{"key":378,"date":"03/26/2025 10:56:00 PM"}},{"type":"Feature","geometry":{"type":"Point","coordinates":[-8228319.974860339,4950663.902487287]},"properties":{"key":379,"date":"03/26/2025 10:50:00 PM"}},{"type":"Feature","geometry":{"type":"Point","coordinates":[-8228319.974860339,4950663.902487287]},"properties":{"key":380,"date":"03/26/2025 10:38:00 PM"}},{"type":"Feature","geometry":{"type":"Point","coordinates":[-8235063.89955927,4953192.2423840435]},"properties":{"key":381,"date":"03/26/2025 10:08:00 PM"}},{"type":"Feature","geometry":{"type":"Point","coordinates":[-8230658.626601148,4962417.099115781]},"properties":{"key":382,"date":"03/26/2025 09:56:00 PM"}},{"type":"Feature","geometry":{"type":"Point","coordinates":[-8235807.135780231,4947100.818462533]},"properties":{"key":383,"date":"03/26/2025 09:44:00 PM"}},{"type":"Feature","geometry":{"type":"Point","coordinates":[-8234813.189217388,4948565.060640618]},"properties":{"key":384,"date":"03/26/2025 09:38:00 PM"}},{"type":"Feature","geometry":{"type":"Point","coordinates":[-8231267.375291798,4940976.589561638]},"properties":{"key":385,"date":"03/26/2025 09:38:00 PM"}},{"type":"Feature","geometry":{"type":"Point","coordinates":[-8235666.063029671,4947393.669277284]},"properties":{"key":386,"date":"03/26/2025 09:26:00 PM"}},{"type":"Feature","geometry":{"type":"Point","coordinates":[-8232395.18378611,4950666.544997293]},"properties":{"key":387,"date":"03/26/2025 09:20:00 PM"}},{"type":"Feature","geometry":{"type":"Point","coordinates":[-8235811.153331822,4947100.417471565]},"properties":{"key":388,"date":"03/26/2025 09:14:00 PM"}},{"type":"Feature","geometry":{"type":"Point","coordinates":[-8231690.54070234,4942309.912944574]},"properties":{"key":389,"date":"03/26/2025 08:50:00 PM"}},{"type":"Feature","geometry":{"type":"Point","coordinates":[-8231690.54070234,4942309.912944574]},"properties":{"key":390,"date":"03/26/2025 08:47:00 PM"}},{"type":"Feature","geometry":{"type":"Point","coordinates":[-8232966.513003226,4956879.290920823]},"properties":{"key":391,"date":"03/26/2025 08:26:00 PM"}},{"type":"Feature","geometry":{"type":"Point","coordinates":[-8235849.716960443,4947122.922525615]},"properties":{"key":392,"date":"03/26/2025 08:26:00 PM"}},{"type":"Feature","geometry":{"type":"Point","coordinates":[-8235648.854713979,4947064.228428439]},"properties":{"key":393,"date":"03/26/2025 07:56:00 PM"}},{"type":"Feature","geometry":{"type":"Point","coordinates":[-8235916.92542062,4944194.627882182]},"properties":{"key":394,"date":"03/26/2025 07:53:00 PM"}},{"type":"Feature","geometry":{"type":"Point","coordinates":[-8236322.642712135,4943654.115109249]},"properties":{"key":395,"date":"03/26/2025 07:47:00 PM"}},{"type":"Feature","geometry":{"type":"Point","coordinates":[-8234578.707463905,4953127.782450787]},"properties":{"key":396,"date":"03/26/2025 07:35:00 PM"}},{"type":"Feature","geometry":{"type":"Point","coordinates":[-8228027.146297083,4961927.99275926]},"properties":{"key":397,"date":"03/26/2025 07:26:00 PM"}},{"type":"Feature","geometry":{"type":"Point","coordinates":[-8228027.146297083,4961927.99275926]},"properties":{"key":398,"date":"03/26/2025 07:23:00 PM"}},{"type":"Feature","geometry":{"type":"Point","coordinates":[-8237240.559900653,4947373.371540412]},"properties":{"key":399,"date":"03/26/2025 06:41:00 PM"}},{"type":"Feature","geometry":{"type":"Point","coordinates":[-8234366.8029351,4949694.870251365]},"properties":{"key":400,"date":"03/26/2025 06:35:00 PM"}},{"type":"Feature","geometry":{"type":"Point","coordinates":[-8233455.774566254,4943201.509864336]},"properties":{"key":401,"date":"03/26/2025 06:32:00 PM"}},{"type":"Feature","geometry":{"type":"Point","coordinates":[-8234366.8029351,4949694.870251365]},"properties":{"key":402,"date":"03/26/2025 06:29:00 PM"}},{"type":"Feature","geometry":{"type":"Point","coordinates":[-8229935.627890692,4963847.519920461]},"properties":{"key":403,"date":"03/26/2025 05:59:00 PM"}},{"type":"Feature","geometry":{"type":"Point","coordinates":[-8232061.523815833,4958547.078731794]},"properties":{"key":404,"date":"03/26/2025 05:53:00 PM"}},{"type":"Feature","geometry":{"type":"Point","coordinates":[-8233591.92162527,4942212.910310718]},"properties":{"key":405,"date":"03/26/2025 05:32:00 PM"}},{"type":"Feature","geometry":{"type":"Point","coordinates":[-8229026.478841982,4941146.7086345395]},"properties":{"key":406,"date":"03/26/2025 05:23:00 PM"}},{"type":"Feature","geometry":{"type":"Point","coordinates":[-8232690.9564727135,4950709.300582403]},"properties":{"key":407,"date":"03/26/2025 05:17:00 PM"}},{"type":"Feature","geometry":{"type":"Point","coordinates":[-8237180.486852854,4943346.1668425]},"properties":{"key":408,"date":"03/26/2025 04:26:00 PM"}},{"type":"Feature","geometry":{"type":"Point","coordinates":[-8232290.708487005,4952099.749561431]},"properties":{"key":409,"date":"03/26/2025 04:23:00 PM"}},{"type":"Feature","geometry":{"type":"Point","coordinates":[-8237856.012626186,4945468.021635697]},"properties":{"key":410,"date":"03/26/2025 04:17:00 PM"}},{"type":"Feature","geometry":{"type":"Point","coordinates":[-8232604.434294616,4951708.823642011]},"properties":{"key":411,"date":"03/26/2025 04:08:00 PM"}},{"type":"Feature","geometry":{"type":"Point","coordinates":[-8230484.171178013,4958887.538747161]},"properties":{"key":412,"date":"03/26/2025 03:53:00 PM"}},{"type":"Feature","geometry":{"type":"Point","coordinates":[-8234581.055974542,4946929.367668577]},"properties":{"key":413,"date":"03/26/2025 03:53:00 PM"}},{"type":"Feature","geometry":{"type":"Point","coordinates":[-8231437.64946135,4957965.109675658]},"properties":{"key":414,"date":"03/26/2025 03:50:00 PM"}},{"type":"Feature","geometry":{"type":"Point","coordinates":[-8230275.4057052275,4954105.194334526]},"properties":{"key":415,"date":"03/26/2025 03:47:00 PM"}},{"type":"Feature","geometry":{"type":"Point","coordinates":[-8230275.4057052275,4954105.194334526]},"properties":{"key":416,"date":"03/26/2025 03:41:00 PM"}},{"type":"Feature","geometry":{"type":"Point","coordinates":[-8234953.38142632,4953078.045593565]},"properties":{"key":417,"date":"03/26/2025 03:32:00 PM"}},{"type":"Feature","geometry":{"type":"Point","coordinates":[-8231971.549553533,4951421.898891502]},"properties":{"key":418,"date":"03/26/2025 02:53:00 PM"}},{"type":"Feature","geometry":{"type":"Point","coordinates":[-8233613.3004811555,4949756.071963678]},"properties":{"key":419,"date":"03/26/2025 02:50:00 PM"}},{"type":"Feature","geometry":{"type":"Point","coordinates":[-8231971.549553533,4951421.898891502]},"properties":{"key":420,"date":"03/26/2025 02:44:00 PM"}},{"type":"Feature","geometry":{"type":"Point","coordinates":[-8233613.3004811555,4949756.071963678]},"properties":{"key":421,"date":"03/26/2025 02:44:00 PM"}},{"type":"Feature","geometry":{"type":"Point","coordinates":[-8234399.186682226,4947779.027116536]},"properties":{"key":422,"date":"03/26/2025 02:32:00 PM"}},{"type":"Feature","geometry":{"type":"Point","coordinates":[-8231590.837564052,4958691.195860465]},"properties":{"key":423,"date":"03/26/2025 02:29:00 PM"}},{"type":"Feature","geometry":{"type":"Point","coordinates":[-8228314.175241773,4947064.389715318]},"properties":{"key":424,"date":"03/26/2025 02:11:00 PM"}},{"type":"Feature","geometry":{"type":"Point","coordinates":[-8235175.650855028,4950031.46640643]},"properties":{"key":425,"date":"03/26/2025 01:08:00 PM"}},{"type":"Feature","geometry":{"type":"Point","coordinates":[-8231971.549553533,4951421.898891502]},"properties":{"key":426,"date":"03/26/2025 12:38:00 PM"}},{"type":"Feature","geometry":{"type":"Point","coordinates":[-8231265.284745157,4944173.818846177]},"properties":{"key":427,"date":"03/26/2025 12:23:00 PM"}},{"type":"Feature","geometry":{"type":"Point","coordinates":[-8230279.028887485,4954098.764490085]},"properties":{"key":428,"date":"03/26/2025 12:02:00 PM"}},{"type":"Feature","geometry":{"type":"Point","coordinates":[-8233878.208376197,4955786.299043089]},"properties":{"key":429,"date":"03/26/2025 11:11:00 AM"}},{"type":"Feature","geometry":{"type":"Point","coordinates":[-8238783.164008026,4942661.017597717]},"properties":{"key":430,"date":"03/26/2025 11:05:00 AM"}},{"type":"Feature","geometry":{"type":"Point","coordinates":[-8230952.719255108,4958966.307302012]},"properties":{"key":431,"date":"03/26/2025 10:02:00 AM"}},{"type":"Feature","geometry":{"type":"Point","coordinates":[-8235346.514770754,4948027.998398218]},"properties":{"key":432,"date":"03/26/2025 10:02:00 AM"}},{"type":"Feature","geometry":{"type":"Point","coordinates":[-8229893.163632682,4940336.434567037]},"properties":{"key":433,"date":"03/26/2025 09:29:00 AM"}},{"type":"Feature","geometry":{"type":"Point","coordinates":[-8234387.136636779,4947769.380493077]},"properties":{"key":434,"date":"03/26/2025 09:20:00 AM"}},{"type":"Feature","geometry":{"type":"Point","coordinates":[-8238796.54431137,4943748.112260067]},"properties":{"key":435,"date":"03/26/2025 09:17:00 AM"}},{"type":"Feature","geometry":{"type":"Point","coordinates":[-8235346.514770754,4948027.998398218]},"properties":{"key":436,"date":"03/26/2025 09:14:00 AM"}},{"type":"Feature","geometry":{"type":"Point","coordinates":[-8237968.477764858,4945308.151070391]},"properties":{"key":437,"date":"03/26/2025 09:11:00 AM"}},{"type":"Feature","geometry":{"type":"Point","coordinates":[-8233652.153227644,4942213.738236402]},"properties":{"key":438,"date":"03/26/2025 08:59:00 AM"}},{"type":"Feature","geometry":{"type":"Point","coordinates":[-8230867.975073031,4947209.521002574]},"properties":{"key":439,"date":"03/26/2025 08:47:00 AM"}},{"type":"Feature","geometry":{"type":"Point","coordinates":[-8228781.837723339,4957648.546324912]},"properties":{"key":440,"date":"03/26/2025 08:41:00 AM"}},{"type":"Feature","geometry":{"type":"Point","coordinates":[-8233675.495004601,4955914.49121579]},"properties":{"key":441,"date":"03/26/2025 08:26:00 AM"}},{"type":"Feature","geometry":{"type":"Point","coordinates":[-8232013.44780648,4951948.460058314]},"properties":{"key":442,"date":"03/26/2025 08:20:00 AM"}},{"type":"Feature","geometry":{"type":"Point","coordinates":[-8230812.860600556,4955924.165620823]},"properties":{"key":443,"date":"03/26/2025 08:08:00 AM"}},{"type":"Feature","geometry":{"type":"Point","coordinates":[-8229893.163632682,4940336.434567037]},"properties":{"key":444,"date":"03/26/2025 07:59:00 AM"}},{"type":"Feature","geometry":{"type":"Point","coordinates":[-8232408.726994398,4958383.569299548]},"properties":{"key":445,"date":"03/26/2025 07:47:00 AM"}},{"type":"Feature","geometry":{"type":"Point","coordinates":[-8233192.72441429,4954672.643500418]},"properties":{"key":446,"date":"03/26/2025 07:32:00 AM"}},{"type":"Feature","geometry":{"type":"Point","coordinates":[-8229433.809911005,4950443.864198729]},"properties":{"key":447,"date":"03/26/2025 07:29:00 AM"}},{"type":"Feature","geometry":{"type":"Point","coordinates":[-8229145.961834086,4950095.18916494]},"properties":{"key":448,"date":"03/26/2025 07:26:00 AM"}},{"type":"Feature","geometry":{"type":"Point","coordinates":[-8227945.117908719,4956212.064186491]},"properties":{"key":449,"date":"03/26/2025 06:47:00 AM"}},{"type":"Feature","geometry":{"type":"Point","coordinates":[-8228172.937809612,4957643.95221337]},"properties":{"key":450,"date":"03/26/2025 06:44:00 AM"}},{"type":"Feature","geometry":{"type":"Point","coordinates":[-8232076.065703552,4958438.488385389]},"properties":{"key":451,"date":"03/26/2025 06:23:00 AM"}},{"type":"Feature","geometry":{"type":"Point","coordinates":[-8230167.287953345,4963510.865260086]},"properties":{"key":452,"date":"03/26/2025 04:02:00 AM"}},{"type":"Feature","geometry":{"type":"Point","coordinates":[-8235070.045494999,4943613.704662654]},"properties":{"key":453,"date":"03/26/2025 03:56:00 AM"}},{"type":"Feature","geometry":{"type":"Point","coordinates":[-8234923.081643516,4943530.533126129]},"properties":{"key":454,"date":"03/26/2025 03:56:00 AM"}},{"type":"Feature","geometry":{"type":"Point","coordinates":[-8234923.081643516,4943530.533126129]},"properties":{"key":455,"date":"03/26/2025 03:53:00 AM"}},{"type":"Feature","geometry":{"type":"Point","coordinates":[-8232699.419140704,4942738.940129057]},"properties":{"key":456,"date":"03/26/2025 03:20:00 AM"}},{"type":"Feature","geometry":{"type":"Point","coordinates":[-8237751.603445292,4947939.875571117]},"properties":{"key":457,"date":"03/26/2025 02:50:00 AM"}},{"type":"Feature","geometry":{"type":"Point","coordinates":[-8237290.122587369,4943322.075873273]},"properties":{"key":458,"date":"03/26/2025 02:47:00 AM"}},{"type":"Feature","geometry":{"type":"Point","coordinates":[-8236744.791367183,4942989.528486975]},"properties":{"key":459,"date":"03/26/2025 01:47:00 AM"}},{"type":"Feature","geometry":{"type":"Point","coordinates":[-8236742.783550962,4942988.725144679]},"properties":{"key":460,"date":"03/26/2025 01:41:00 AM"}},{"type":"Feature","geometry":{"type":"Point","coordinates":[-8235946.360986805,4950453.1999130715]},"properties":{"key":461,"date":"03/26/2025 01:41:00 AM"}},{"type":"Feature","geometry":{"type":"Point","coordinates":[-8236712.2555264635,4943073.455648302]},"properties":{"key":462,"date":"03/26/2025 01:14:00 AM"}},{"type":"Feature","geometry":{"type":"Point","coordinates":[-8236597.425198155,4942867.836365864]},"properties":{"key":463,"date":"03/26/2025 01:08:00 AM"}},{"type":"Feature","geometry":{"type":"Point","coordinates":[-8234984.661051078,4944510.504615023]},"properties":{"key":464,"date":"03/26/2025 12:59:00 AM"}},{"type":"Feature","geometry":{"type":"Point","coordinates":[-8234716.063605096,4948192.161357961]},"properties":{"key":465,"date":"03/26/2025 12:56:00 AM"}},{"type":"Feature","geometry":{"type":"Point","coordinates":[-8238968.1120946705,4941386.912651549]},"properties":{"key":466,"date":"03/26/2025 12:56:00 AM"}},{"type":"Feature","geometry":{"type":"Point","coordinates":[-8229406.895143521,4950430.177409112]},"properties":{"key":467,"date":"03/26/2025 12:44:00 AM"}},{"type":"Feature","geometry":{"type":"Point","coordinates":[-8236358.295515296,4947388.963884551]},"properties":{"key":468,"date":"03/26/2025 12:29:00 AM"}},{"type":"Feature","geometry":{"type":"Point","coordinates":[-8227601.71205617,4956595.349838307]},"properties":{"key":469,"date":"03/26/2025 12:23:00 AM"}},{"type":"Feature","geometry":{"type":"Point","coordinates":[-8233516.895510061,4942063.906327624]},"properties":{"key":470,"date":"03/26/2025 12:08:00 AM"}},{"type":"Feature","geometry":{"type":"Point","coordinates":[-8233561.008785989,4942198.040221495]},"properties":{"key":471,"date":"03/26/2025 12:08:00 AM"}},{"type":"Feature","geometry":{"type":"Point","coordinates":[-8229430.596522507,4950441.85206644]},"properties":{"key":472,"date":"03/26/2025 12:05:00 AM"}},{"type":"Feature","geometry":{"type":"Point","coordinates":[-8238968.1120946705,4941386.912651549]},"properties":{"key":473,"date":"03/25/2025 11:59:00 PM"}},{"type":"Feature","geometry":{"type":"Point","coordinates":[-8233379.950863592,4942108.418487343]},"properties":{"key":474,"date":"03/25/2025 11:59:00 PM"}},{"type":"Feature","geometry":{"type":"Point","coordinates":[-8233529.694664436,4942182.768341206]},"properties":{"key":475,"date":"03/25/2025 11:56:00 PM"}},{"type":"Feature","geometry":{"type":"Point","coordinates":[-8233561.008785989,4942198.040221495]},"properties":{"key":476,"date":"03/25/2025 11:56:00 PM"}},{"type":"Feature","geometry":{"type":"Point","coordinates":[-8238806.72227913,4944901.601668418]},"properties":{"key":477,"date":"03/25/2025 11:53:00 PM"}},{"type":"Feature","geometry":{"type":"Point","coordinates":[-8235293.2799390135,4947186.682577532]},"properties":{"key":478,"date":"03/25/2025 11:50:00 PM"}},{"type":"Feature","geometry":{"type":"Point","coordinates":[-8236032.234707717,4948805.622220364]},"properties":{"key":479,"date":"03/25/2025 11:44:00 PM"}},{"type":"Feature","geometry":{"type":"Point","coordinates":[-8233617.214229549,4942224.565633656]},"properties":{"key":480,"date":"03/25/2025 11:44:00 PM"}},{"type":"Feature","geometry":{"type":"Point","coordinates":[-8233652.153227644,4942213.738236402]},"properties":{"key":481,"date":"03/25/2025 11:41:00 PM"}},{"type":"Feature","geometry":{"type":"Point","coordinates":[-8236889.95890725,4940426.202307891]},"properties":{"key":482,"date":"03/25/2025 11:38:00 PM"}},{"type":"Feature","geometry":{"type":"Point","coordinates":[-8233567.030795294,4942200.853560208]},"properties":{"key":483,"date":"03/25/2025 11:35:00 PM"}},{"type":"Feature","geometry":{"type":"Point","coordinates":[-8236889.95890725,4940426.202307891]},"properties":{"key":484,"date":"03/25/2025 11:32:00 PM"}},{"type":"Feature","geometry":{"type":"Point","coordinates":[-8231437.64946135,4957965.109675658]},"properties":{"key":485,"date":"03/25/2025 11:32:00 PM"}},{"type":"Feature","geometry":{"type":"Point","coordinates":[-8227612.197444948,4956566.406652601]},"properties":{"key":486,"date":"03/25/2025 11:20:00 PM"}},{"type":"Feature","geometry":{"type":"Point","coordinates":[-8233215.344071731,4950015.904372386]},"properties":{"key":487,"date":"03/25/2025 11:20:00 PM"}},{"type":"Feature","geometry":{"type":"Point","coordinates":[-8232828.5154268835,4951299.773026284]},"properties":{"key":488,"date":"03/25/2025 11:05:00 PM"}},{"type":"Feature","geometry":{"type":"Point","coordinates":[-8231437.64946135,4957965.109675658]},"properties":{"key":489,"date":"03/25/2025 11:02:00 PM"}},{"type":"Feature","geometry":{"type":"Point","coordinates":[-8229430.596522507,4950441.85206644]},"properties":{"key":490,"date":"03/25/2025 10:56:00 PM"}},{"type":"Feature","geometry":{"type":"Point","coordinates":[-8232828.5154268835,4951299.773026284]},"properties":{"key":491,"date":"03/25/2025 10:53:00 PM"}},{"type":"Feature","geometry":{"type":"Point","coordinates":[-8232557.798054824,4941714.922784412]},"properties":{"key":492,"date":"03/25/2025 10:50:00 PM"}},{"type":"Feature","geometry":{"type":"Point","coordinates":[-8235516.539856265,4945865.463881335]},"properties":{"key":493,"date":"03/25/2025 10:41:00 PM"}},{"type":"Feature","geometry":{"type":"Point","coordinates":[-8229301.6577489525,4950364.179060919]},"properties":{"key":494,"date":"03/25/2025 10:41:00 PM"}},{"type":"Feature","geometry":{"type":"Point","coordinates":[-8232640.894101744,4941753.512309936]},"properties":{"key":495,"date":"03/25/2025 10:32:00 PM"}},{"type":"Feature","geometry":{"type":"Point","coordinates":[-8233591.92162527,4942212.910310718]},"properties":{"key":496,"date":"03/25/2025 10:29:00 PM"}},{"type":"Feature","geometry":{"type":"Point","coordinates":[-8228238.896551547,4940974.942388739]},"properties":{"key":497,"date":"03/25/2025 10:29:00 PM"}},{"type":"Feature","geometry":{"type":"Point","coordinates":[-8235713.359274934,4952019.832986774]},"properties":{"key":498,"date":"03/25/2025 10:20:00 PM"}},{"type":"Feature","geometry":{"type":"Point","coordinates":[-8231923.3067553025,4943221.614054328]},"properties":{"key":499,"date":"03/25/2025 10:17:00 PM"}},{"type":"Feature","geometry":{"type":"Point","coordinates":[-8229444.158390169,4951041.49491322]},"properties":{"key":500,"date":"03/25/2025 10:11:00 PM"}},{"type":"Feature","geometry":{"type":"Point","coordinates":[-8233505.39749908,4954977.5471725315]},"properties":{"key":501,"date":"03/25/2025 09:35:00 PM"}},{"type":"Feature","geometry":{"type":"Point","coordinates":[-8232395.18378611,4950666.544997293]},"properties":{"key":502,"date":"03/25/2025 09:29:00 PM"}},{"type":"Feature","geometry":{"type":"Point","coordinates":[-8235764.732986162,4952414.164223404]},"properties":{"key":503,"date":"03/25/2025 08:59:00 PM"}},{"type":"Feature","geometry":{"type":"Point","coordinates":[-8235098.4851769805,4953139.5897898385]},"properties":{"key":504,"date":"03/25/2025 08:53:00 PM"}},{"type":"Feature","geometry":{"type":"Point","coordinates":[-8236741.979578222,4942997.559795071]},"properties":{"key":505,"date":"03/25/2025 08:53:00 PM"}},{"type":"Feature","geometry":{"type":"Point","coordinates":[-8234953.38142632,4953078.045593565]},"properties":{"key":506,"date":"03/25/2025 08:20:00 PM"}},{"type":"Feature","geometry":{"type":"Point","coordinates":[-8233131.319712651,4944878.536672844]},"properties":{"key":507,"date":"03/25/2025 08:08:00 PM"}},{"type":"Feature","geometry":{"type":"Point","coordinates":[-8233591.92162527,4942212.910310718]},"properties":{"key":508,"date":"03/25/2025 08:05:00 PM"}},{"type":"Feature","geometry":{"type":"Point","coordinates":[-8237880.140914308,4946594.397713649]},"properties":{"key":509,"date":"03/25/2025 07:59:00 PM"}},{"type":"Feature","geometry":{"type":"Point","coordinates":[-8231437.64946135,4957965.109675658]},"properties":{"key":510,"date":"03/25/2025 07:47:00 PM"}},{"type":"Feature","geometry":{"type":"Point","coordinates":[-8229530.515205387,4955938.865549065]},"properties":{"key":511,"date":"03/25/2025 07:26:00 PM"}},{"type":"Feature","geometry":{"type":"Point","coordinates":[-8235673.47799535,4940518.77320149]},"properties":{"key":512,"date":"03/25/2025 07:20:00 PM"}},{"type":"Feature","geometry":{"type":"Point","coordinates":[-8237191.047648342,4949446.26334603]},"properties":{"key":513,"date":"03/25/2025 07:20:00 PM"}},{"type":"Feature","geometry":{"type":"Point","coordinates":[-8233473.490386391,4942154.636363137]},"properties":{"key":514,"date":"03/25/2025 07:05:00 PM"}},{"type":"Feature","geometry":{"type":"Point","coordinates":[-8233591.92162527,4942212.910310718]},"properties":{"key":515,"date":"03/25/2025 06:50:00 PM"}},{"type":"Feature","geometry":{"type":"Point","coordinates":[-8237076.983788125,4948413.170646909]},"properties":{"key":516,"date":"03/25/2025 06:44:00 PM"}},{"type":"Feature","geometry":{"type":"Point","coordinates":[-8234372.829673257,4949698.087110004]},"properties":{"key":517,"date":"03/25/2025 06:26:00 PM"}},{"type":"Feature","geometry":{"type":"Point","coordinates":[-8232941.89325291,4951224.669465134]},"properties":{"key":518,"date":"03/25/2025 06:11:00 PM"}},{"type":"Feature","geometry":{"type":"Point","coordinates":[-8233541.338117669,4942185.985604953]},"properties":{"key":519,"date":"03/25/2025 06:05:00 PM"}},{"type":"Feature","geometry":{"type":"Point","coordinates":[-8227807.187056165,4950634.462405611]},"properties":{"key":520,"date":"03/25/2025 06:02:00 PM"}},{"type":"Feature","geometry":{"type":"Point","coordinates":[-8227671.901158054,4950092.587778176]},"properties":{"key":521,"date":"03/25/2025 05:53:00 PM"}},{"type":"Feature","geometry":{"type":"Point","coordinates":[-8229893.163632682,4940336.434567037]},"properties":{"key":522,"date":"03/25/2025 05:35:00 PM"}},{"type":"Feature","geometry":{"type":"Point","coordinates":[-8232859.120979842,4955275.995840562]},"properties":{"key":523,"date":"03/25/2025 05:05:00 PM"}},{"type":"Feature","geometry":{"type":"Point","coordinates":[-8231818.249368806,4954392.894013788]},"properties":{"key":524,"date":"03/25/2025 04:08:00 PM"}},{"type":"Feature","geometry":{"type":"Point","coordinates":[-8236302.601608173,4943368.976570847]},"properties":{"key":525,"date":"03/25/2025 03:59:00 PM"}},{"type":"Feature","geometry":{"type":"Point","coordinates":[-8233887.679734584,4954163.137489069]},"properties":{"key":526,"date":"03/25/2025 03:59:00 PM"}},{"type":"Feature","geometry":{"type":"Point","coordinates":[-8230203.039561459,4948836.268356933]},"properties":{"key":527,"date":"03/25/2025 03:44:00 PM"}},{"type":"Feature","geometry":{"type":"Point","coordinates":[-8234401.596801522,4947780.635021011]},"properties":{"key":528,"date":"03/25/2025 03:35:00 PM"}},{"type":"Feature","geometry":{"type":"Point","coordinates":[-8232568.315729593,4952374.034199619]},"properties":{"key":529,"date":"03/25/2025 03:26:00 PM"}},{"type":"Feature","geometry":{"type":"Point","coordinates":[-8228016.1868809685,4946955.629217924]},"properties":{"key":530,"date":"03/25/2025 03:11:00 PM"}},{"type":"Feature","geometry":{"type":"Point","coordinates":[-8235346.514770754,4948027.998398218]},"properties":{"key":531,"date":"03/25/2025 02:05:00 PM"}},{"type":"Feature","geometry":{"type":"Point","coordinates":[-8235346.514770754,4948027.998398218]},"properties":{"key":532,"date":"03/25/2025 01:56:00 PM"}},{"type":"Feature","geometry":{"type":"Point","coordinates":[-8236141.90376906,4951594.252273418]},"properties":{"key":533,"date":"03/25/2025 01:56:00 PM"}},{"type":"Feature","geometry":{"type":"Point","coordinates":[-8232861.253471668,4950927.617709617]},"properties":{"key":534,"date":"03/25/2025 01:50:00 PM"}},{"type":"Feature","geometry":{"type":"Point","coordinates":[-8232886.164734334,4950941.696588173]},"properties":{"key":535,"date":"03/25/2025 01:44:00 PM"}},{"type":"Feature","geometry":{"type":"Point","coordinates":[-8236221.909753897,4951447.559906364]},"properties":{"key":536,"date":"03/25/2025 01:41:00 PM"}},{"type":"Feature","geometry":{"type":"Point","coordinates":[-8237714.62894359,4946518.072570361]},"properties":{"key":537,"date":"03/25/2025 01:20:00 PM"}},{"type":"Feature","geometry":{"type":"Point","coordinates":[-8235371.085631775,4951212.676484795]},"properties":{"key":538,"date":"03/25/2025 01:11:00 PM"}},{"type":"Feature","geometry":{"type":"Point","coordinates":[-8229504.1922078645,4963873.730361528]},"properties":{"key":539,"date":"03/25/2025 12:44:00 PM"}},{"type":"Feature","geometry":{"type":"Point","coordinates":[-8231463.609893521,4957618.037614188]},"properties":{"key":540,"date":"03/25/2025 12:11:00 PM"}},{"type":"Feature","geometry":{"type":"Point","coordinates":[-8231461.197572326,4957616.8295421535]},"properties":{"key":541,"date":"03/25/2025 12:11:00 PM"}},{"type":"Feature","geometry":{"type":"Point","coordinates":[-8234757.31176001,4954087.448542244]},"properties":{"key":542,"date":"03/25/2025 11:14:00 AM"}},{"type":"Feature","geometry":{"type":"Point","coordinates":[-8231971.549553533,4951421.898891502]},"properties":{"key":543,"date":"03/25/2025 11:05:00 AM"}},{"type":"Feature","geometry":{"type":"Point","coordinates":[-8233669.790959384,4949190.296875214]},"properties":{"key":544,"date":"03/25/2025 11:02:00 AM"}},{"type":"Feature","geometry":{"type":"Point","coordinates":[-8233787.043663265,4950416.013751189]},"properties":{"key":545,"date":"03/25/2025 11:02:00 AM"}},{"type":"Feature","geometry":{"type":"Point","coordinates":[-8237248.103451474,4949596.556714879]},"properties":{"key":546,"date":"03/25/2025 10:56:00 AM"}},{"type":"Feature","geometry":{"type":"Point","coordinates":[-8235094.556800093,4952789.05415316]},"properties":{"key":547,"date":"03/25/2025 10:23:00 AM"}},{"type":"Feature","geometry":{"type":"Point","coordinates":[-8229918.234032126,4951266.552292476]},"properties":{"key":548,"date":"03/25/2025 10:14:00 AM"}},{"type":"Feature","geometry":{"type":"Point","coordinates":[-8238618.566224137,4943097.947647869]},"properties":{"key":549,"date":"03/25/2025 09:53:00 AM"}},{"type":"Feature","geometry":{"type":"Point","coordinates":[-8232611.972808232,4958134.70975472]},"properties":{"key":550,"date":"03/25/2025 09:53:00 AM"}},{"type":"Feature","geometry":{"type":"Point","coordinates":[-8231048.435008273,4947695.375144677]},"properties":{"key":551,"date":"03/25/2025 09:23:00 AM"}},{"type":"Feature","geometry":{"type":"Point","coordinates":[-8229379.677357702,4965013.802964131]},"properties":{"key":552,"date":"03/25/2025 09:20:00 AM"}},{"type":"Feature","geometry":{"type":"Point","coordinates":[-8230231.778760774,4941160.547187304]},"properties":{"key":553,"date":"03/25/2025 09:11:00 AM"}},{"type":"Feature","geometry":{"type":"Point","coordinates":[-8235433.0276559,4951006.107552531]},"properties":{"key":554,"date":"03/25/2025 09:05:00 AM"}},{"type":"Feature","geometry":{"type":"Point","coordinates":[-8233787.043663265,4950416.013751189]},"properties":{"key":555,"date":"03/25/2025 08:41:00 AM"}},{"type":"Feature","geometry":{"type":"Point","coordinates":[-8232861.253471668,4950927.617709617]},"properties":{"key":556,"date":"03/25/2025 08:35:00 AM"}},{"type":"Feature","geometry":{"type":"Point","coordinates":[-8233467.7766753035,4948937.864185825]},"properties":{"key":557,"date":"03/25/2025 08:26:00 AM"}},{"type":"Feature","geometry":{"type":"Point","coordinates":[-8235674.793531243,4949921.468589477]},"properties":{"key":558,"date":"03/25/2025 08:05:00 AM"}},{"type":"Feature","geometry":{"type":"Point","coordinates":[-8232055.275431664,4956114.755024155]},"properties":{"key":559,"date":"03/25/2025 07:50:00 AM"}},{"type":"Feature","geometry":{"type":"Point","coordinates":[-8228585.250464811,4940689.81114558]},"properties":{"key":560,"date":"03/25/2025 07:38:00 AM"}},{"type":"Feature","geometry":{"type":"Point","coordinates":[-8228105.222810129,4961085.968188186]},"properties":{"key":561,"date":"03/25/2025 06:41:00 AM"}},{"type":"Feature","geometry":{"type":"Point","coordinates":[-8235923.374522735,4948621.572811464]},"properties":{"key":562,"date":"03/25/2025 06:38:00 AM"}},{"type":"Feature","geometry":{"type":"Point","coordinates":[-8229893.163632682,4940336.434567037]},"properties":{"key":563,"date":"03/25/2025 06:32:00 AM"}},{"type":"Feature","geometry":{"type":"Point","coordinates":[-8233633.944965702,4950369.3335621795]},"properties":{"key":564,"date":"03/25/2025 06:29:00 AM"}},{"type":"Feature","geometry":{"type":"Point","coordinates":[-8237033.837679309,4944432.12650062]},"properties":{"key":565,"date":"03/25/2025 06:29:00 AM"}},{"type":"Feature","geometry":{"type":"Point","coordinates":[-8232154.500167763,4956290.1369084995]},"properties":{"key":566,"date":"03/25/2025 06:14:00 AM"}},{"type":"Feature","geometry":{"type":"Point","coordinates":[-8236102.049081477,4946907.22909459]},"properties":{"key":567,"date":"03/25/2025 06:02:00 AM"}},{"type":"Feature","geometry":{"type":"Point","coordinates":[-8235019.766205758,4952870.637015196]},"properties":{"key":568,"date":"03/25/2025 03:50:00 AM"}},{"type":"Feature","geometry":{"type":"Point","coordinates":[-8235717.646101693,4948629.570584007]},"properties":{"key":569,"date":"03/25/2025 02:50:00 AM"}},{"type":"Feature","geometry":{"type":"Point","coordinates":[-8231184.639966781,4947689.037943616]},"properties":{"key":570,"date":"03/25/2025 01:38:00 AM"}},{"type":"Feature","geometry":{"type":"Point","coordinates":[-8231068.944879726,4947666.461439341]},"properties":{"key":571,"date":"03/25/2025 01:26:00 AM"}},{"type":"Feature","geometry":{"type":"Point","coordinates":[-8231048.435008273,4947695.375144677]},"properties":{"key":572,"date":"03/25/2025 01:26:00 AM"}},{"type":"Feature","geometry":{"type":"Point","coordinates":[-8231043.209797167,4947698.585788159]},"properties":{"key":573,"date":"03/25/2025 01:20:00 AM"}},{"type":"Feature","geometry":{"type":"Point","coordinates":[-8238667.322778516,4944668.257404791]},"properties":{"key":574,"date":"03/25/2025 12:53:00 AM"}},{"type":"Feature","geometry":{"type":"Point","coordinates":[-8236514.823308472,4945284.392621319]},"properties":{"key":575,"date":"03/25/2025 12:47:00 AM"}},{"type":"Feature","geometry":{"type":"Point","coordinates":[-8235988.326930908,4947083.174002082]},"properties":{"key":576,"date":"03/25/2025 12:38:00 AM"}},{"type":"Feature","geometry":{"type":"Point","coordinates":[-8235975.583616613,4948775.074595001]},"properties":{"key":577,"date":"03/25/2025 12:23:00 AM"}},{"type":"Feature","geometry":{"type":"Point","coordinates":[-8237169.199969309,4944217.661866065]},"properties":{"key":578,"date":"03/25/2025 12:23:00 AM"}},{"type":"Feature","geometry":{"type":"Point","coordinates":[-8238475.828757385,4941043.680237378]},"properties":{"key":579,"date":"03/25/2025 12:14:00 AM"}},{"type":"Feature","geometry":{"type":"Point","coordinates":[-8235717.646101693,4948629.570584007]},"properties":{"key":580,"date":"03/25/2025 12:05:00 AM"}},{"type":"Feature","geometry":{"type":"Point","coordinates":[-8229788.362254296,4962315.440360017]},"properties":{"key":581,"date":"03/25/2025 12:02:00 AM"}},{"type":"Feature","geometry":{"type":"Point","coordinates":[-8227601.71205617,4956595.349838307]},"properties":{"key":582,"date":"03/25/2025 12:02:00 AM"}},{"type":"Feature","geometry":{"type":"Point","coordinates":[-8232959.854284285,4951485.526089324]},"properties":{"key":583,"date":"03/24/2025 11:41:00 PM"}},{"type":"Feature","geometry":{"type":"Point","coordinates":[-8227601.71205617,4956595.349838307]},"properties":{"key":584,"date":"03/24/2025 11:38:00 PM"}},{"type":"Feature","geometry":{"type":"Point","coordinates":[-8235988.326930908,4947083.174002082]},"properties":{"key":585,"date":"03/24/2025 11:29:00 PM"}},{"type":"Feature","geometry":{"type":"Point","coordinates":[-8227601.71205617,4956595.349838307]},"properties":{"key":586,"date":"03/24/2025 11:29:00 PM"}},{"type":"Feature","geometry":{"type":"Point","coordinates":[-8235716.655716676,4945506.3952247]},"properties":{"key":587,"date":"03/24/2025 11:29:00 PM"}},{"type":"Feature","geometry":{"type":"Point","coordinates":[-8238533.283704343,4941489.348234464]},"properties":{"key":588,"date":"03/24/2025 11:17:00 PM"}},{"type":"Feature","geometry":{"type":"Point","coordinates":[-8237460.008659327,4942643.413799317]},"properties":{"key":589,"date":"03/24/2025 11:08:00 PM"}},{"type":"Feature","geometry":{"type":"Point","coordinates":[-8235783.675528164,4947934.475883799]},"properties":{"key":590,"date":"03/24/2025 10:47:00 PM"}},{"type":"Feature","geometry":{"type":"Point","coordinates":[-8236729.822919872,4948458.5480316]},"properties":{"key":591,"date":"03/24/2025 10:11:00 PM"}},{"type":"Feature","geometry":{"type":"Point","coordinates":[-8228235.8388967905,4949975.802439217]},"properties":{"key":592,"date":"03/24/2025 09:35:00 PM"}},{"type":"Feature","geometry":{"type":"Point","coordinates":[-8235811.13643241,4947190.40933708]},"properties":{"key":593,"date":"03/24/2025 09:23:00 PM"}},{"type":"Feature","geometry":{"type":"Point","coordinates":[-8236530.803090019,4942525.293061152]},"properties":{"key":594,"date":"03/24/2025 09:17:00 PM"}},{"type":"Feature","geometry":{"type":"Point","coordinates":[-8228239.859104466,4949974.198851504]},"properties":{"key":595,"date":"03/24/2025 09:14:00 PM"}},{"type":"Feature","geometry":{"type":"Point","coordinates":[-8233997.136647695,4948513.358456609]},"properties":{"key":596,"date":"03/24/2025 09:08:00 PM"}},{"type":"Feature","geometry":{"type":"Point","coordinates":[-8234164.254016901,4948608.246125314]},"properties":{"key":597,"date":"03/24/2025 09:05:00 PM"}},{"type":"Feature","geometry":{"type":"Point","coordinates":[-8235799.48124165,4947213.708743651]},"properties":{"key":598,"date":"03/24/2025 08:50:00 PM"}},{"type":"Feature","geometry":{"type":"Point","coordinates":[-8233166.140620803,4945146.86266532]},"properties":{"key":599,"date":"03/24/2025 08:50:00 PM"}},{"type":"Feature","geometry":{"type":"Point","coordinates":[-8228213.296716603,4950014.761770245]},"properties":{"key":600,"date":"03/24/2025 08:47:00 PM"}},{"type":"Feature","geometry":{"type":"Point","coordinates":[-8236530.803090019,4942525.293061152]},"properties":{"key":601,"date":"03/24/2025 08:47:00 PM"}},{"type":"Feature","geometry":{"type":"Point","coordinates":[-8236533.614871189,4942517.6637611715]},"properties":{"key":602,"date":"03/24/2025 08:41:00 PM"}},{"type":"Feature","geometry":{"type":"Point","coordinates":[-8235745.225699235,4947311.324619891]},"properties":{"key":603,"date":"03/24/2025 08:17:00 PM"}},{"type":"Feature","geometry":{"type":"Point","coordinates":[-8234117.912733682,4948976.695951179]},"properties":{"key":604,"date":"03/24/2025 08:05:00 PM"}},{"type":"Feature","geometry":{"type":"Point","coordinates":[-8228213.296716603,4950014.761770245]},"properties":{"key":605,"date":"03/24/2025 08:05:00 PM"}},{"type":"Feature","geometry":{"type":"Point","coordinates":[-8231006.753521092,4947544.28170859]},"properties":{"key":606,"date":"03/24/2025 07:59:00 PM"}},{"type":"Feature","geometry":{"type":"Point","coordinates":[-8228582.328069917,4949024.155902918]},"properties":{"key":607,"date":"03/24/2025 07:26:00 PM"}},{"type":"Feature","geometry":{"type":"Point","coordinates":[-8236530.803090019,4942525.293061152]},"properties":{"key":608,"date":"03/24/2025 07:11:00 PM"}},{"type":"Feature","geometry":{"type":"Point","coordinates":[-8233408.979422343,4954794.966694621]},"properties":{"key":609,"date":"03/24/2025 06:32:00 PM"}},{"type":"Feature","geometry":{"type":"Point","coordinates":[-8233398.126301871,4954788.93100802]},"properties":{"key":610,"date":"03/24/2025 05:41:00 PM"}},{"type":"Feature","geometry":{"type":"Point","coordinates":[-8227911.494571195,4941158.507822267]},"properties":{"key":611,"date":"03/24/2025 05:35:00 PM"}},{"type":"Feature","geometry":{"type":"Point","coordinates":[-8232452.358839132,4951977.64379572]},"properties":{"key":612,"date":"03/24/2025 04:53:00 PM"}},{"type":"Feature","geometry":{"type":"Point","coordinates":[-8238419.166112431,4945439.072093323]},"properties":{"key":613,"date":"03/24/2025 04:14:00 PM"}},{"type":"Feature","geometry":{"type":"Point","coordinates":[-8232610.377668945,4952653.827607215]},"properties":{"key":614,"date":"03/24/2025 02:53:00 PM"}},{"type":"Feature","geometry":{"type":"Point","coordinates":[-8232530.520839983,4956995.294353484]},"properties":{"key":615,"date":"03/24/2025 02:38:00 PM"}},{"type":"Feature","geometry":{"type":"Point","coordinates":[-8233033.331544625,4945694.690142279]},"properties":{"key":616,"date":"03/24/2025 02:14:00 PM"}},{"type":"Feature","geometry":{"type":"Point","coordinates":[-8232039.7123479135,4956606.550253827]},"properties":{"key":617,"date":"03/24/2025 02:02:00 PM"}},{"type":"Feature","geometry":{"type":"Point","coordinates":[-8229564.6277787145,4945831.017630995]},"properties":{"key":618,"date":"03/24/2025 01:50:00 PM"}},{"type":"Feature","geometry":{"type":"Point","coordinates":[-8236147.294938604,4942650.529053432]},"properties":{"key":619,"date":"03/24/2025 01:41:00 PM"}},{"type":"Feature","geometry":{"type":"Point","coordinates":[-8231915.802311017,4954639.410443725]},"properties":{"key":620,"date":"03/24/2025 01:20:00 PM"}},{"type":"Feature","geometry":{"type":"Point","coordinates":[-8229893.163632682,4940336.434567037]},"properties":{"key":621,"date":"03/24/2025 12:41:00 PM"}},{"type":"Feature","geometry":{"type":"Point","coordinates":[-8236732.879734164,4950148.680369784]},"properties":{"key":622,"date":"03/24/2025 12:38:00 PM"}},{"type":"Feature","geometry":{"type":"Point","coordinates":[-8232846.55116922,4942417.362971435]},"properties":{"key":623,"date":"03/24/2025 12:32:00 PM"}},{"type":"Feature","geometry":{"type":"Point","coordinates":[-8228048.711075445,4951057.102114832]},"properties":{"key":624,"date":"03/24/2025 12:29:00 PM"}},{"type":"Feature","geometry":{"type":"Point","coordinates":[-8238521.216280809,4941246.033395252]},"properties":{"key":625,"date":"03/24/2025 12:05:00 PM"}},{"type":"Feature","geometry":{"type":"Point","coordinates":[-8232297.203859067,4951982.785316649]},"properties":{"key":626,"date":"03/24/2025 10:41:00 AM"}},{"type":"Feature","geometry":{"type":"Point","coordinates":[-8232582.349400426,4945472.334686296]},"properties":{"key":627,"date":"03/24/2025 10:41:00 AM"}},{"type":"Feature","geometry":{"type":"Point","coordinates":[-8235411.839153003,4947000.299678954]},"properties":{"key":628,"date":"03/24/2025 10:35:00 AM"}},{"type":"Feature","geometry":{"type":"Point","coordinates":[-8235443.48040469,4947428.173017684]},"properties":{"key":629,"date":"03/24/2025 10:26:00 AM"}},{"type":"Feature","geometry":{"type":"Point","coordinates":[-8232633.792553865,4945417.732843598]},"properties":{"key":630,"date":"03/24/2025 10:23:00 AM"}},{"type":"Feature","geometry":{"type":"Point","coordinates":[-8235443.48040469,4947428.173017684]},"properties":{"key":631,"date":"03/24/2025 10:20:00 AM"}},{"type":"Feature","geometry":{"type":"Point","coordinates":[-8233265.785774995,4945076.214739685]},"properties":{"key":632,"date":"03/24/2025 10:17:00 AM"}},{"type":"Feature","geometry":{"type":"Point","coordinates":[-8233265.785774995,4945076.214739685]},"properties":{"key":633,"date":"03/24/2025 10:08:00 AM"}},{"type":"Feature","geometry":{"type":"Point","coordinates":[-8232605.561572553,4942527.268084965]},"properties":{"key":634,"date":"03/24/2025 09:56:00 AM"}},{"type":"Feature","geometry":{"type":"Point","coordinates":[-8237364.782841054,4944581.5518825445]},"properties":{"key":635,"date":"03/24/2025 09:56:00 AM"}},{"type":"Feature","geometry":{"type":"Point","coordinates":[-8236158.939569598,4942655.349603764]},"properties":{"key":636,"date":"03/24/2025 09:53:00 AM"}},{"type":"Feature","geometry":{"type":"Point","coordinates":[-8235455.423754858,4951500.070672502]},"properties":{"key":637,"date":"03/24/2025 09:38:00 AM"}},{"type":"Feature","geometry":{"type":"Point","coordinates":[-8232865.870741431,4943145.41832465]},"properties":{"key":638,"date":"03/24/2025 09:02:00 AM"}},{"type":"Feature","geometry":{"type":"Point","coordinates":[-8238221.509377498,4944923.7451471705]},"properties":{"key":639,"date":"03/24/2025 08:32:00 AM"}},{"type":"Feature","geometry":{"type":"Point","coordinates":[-8232189.1432730835,4951868.974632121]},"properties":{"key":640,"date":"03/24/2025 08:11:00 AM"}},{"type":"Feature","geometry":{"type":"Point","coordinates":[-8232483.58382717,4945381.905233413]},"properties":{"key":641,"date":"03/24/2025 08:08:00 AM"}},{"type":"Feature","geometry":{"type":"Point","coordinates":[-8238099.811842198,4945026.174916205]},"properties":{"key":642,"date":"03/24/2025 08:02:00 AM"}},{"type":"Feature","geometry":{"type":"Point","coordinates":[-8232453.857613588,4945385.906230927]},"properties":{"key":643,"date":"03/24/2025 07:32:00 AM"}},{"type":"Feature","geometry":{"type":"Point","coordinates":[-8229594.68885357,4963936.988648454]},"properties":{"key":644,"date":"03/24/2025 07:32:00 AM"}},{"type":"Feature","geometry":{"type":"Point","coordinates":[-8233557.507347178,4954398.602277468]},"properties":{"key":645,"date":"03/24/2025 07:20:00 AM"}},{"type":"Feature","geometry":{"type":"Point","coordinates":[-8237286.117964422,4943012.854850419]},"properties":{"key":646,"date":"03/24/2025 07:17:00 AM"}},{"type":"Feature","geometry":{"type":"Point","coordinates":[-8227989.44126679,4963842.56807918]},"properties":{"key":647,"date":"03/24/2025 06:29:00 AM"}},{"type":"Feature","geometry":{"type":"Point","coordinates":[-8229024.579435359,4956028.102938879]},"properties":{"key":648,"date":"03/24/2025 05:14:00 AM"}},{"type":"Feature","geometry":{"type":"Point","coordinates":[-8232237.265157197,4952069.975560367]},"properties":{"key":649,"date":"03/24/2025 04:38:00 AM"}},{"type":"Feature","geometry":{"type":"Point","coordinates":[-8234778.874689354,4945008.493770263]},"properties":{"key":650,"date":"03/24/2025 03:53:00 AM"}},{"type":"Feature","geometry":{"type":"Point","coordinates":[-8235092.353884217,4951989.946091311]},"properties":{"key":651,"date":"03/24/2025 12:26:00 AM"}},{"type":"Feature","geometry":{"type":"Point","coordinates":[-8237815.458269998,4946332.8784953775]},"properties":{"key":652,"date":"03/24/2025 12:26:00 AM"}},{"type":"Feature","geometry":{"type":"Point","coordinates":[-8235071.039879727,4952030.537434478]},"properties":{"key":653,"date":"03/24/2025 12:26:00 AM"}},{"type":"Feature","geometry":{"type":"Point","coordinates":[-8235071.039879727,4952030.537434478]},"properties":{"key":654,"date":"03/24/2025 12:17:00 AM"}},{"type":"Feature","geometry":{"type":"Point","coordinates":[-8235092.353884217,4951989.946091311]},"properties":{"key":655,"date":"03/24/2025 12:14:00 AM"}},{"type":"Feature","geometry":{"type":"Point","coordinates":[-8235071.039879727,4952030.537434478]},"properties":{"key":656,"date":"03/24/2025 12:14:00 AM"}},{"type":"Feature","geometry":{"type":"Point","coordinates":[-8234980.245655871,4951859.685502414]},"properties":{"key":657,"date":"03/24/2025 12:14:00 AM"}},{"type":"Feature","geometry":{"type":"Point","coordinates":[-8233330.112534233,4949481.88820959]},"properties":{"key":658,"date":"03/24/2025 12:08:00 AM"}},{"type":"Feature","geometry":{"type":"Point","coordinates":[-8236685.176708559,4944834.547730244]},"properties":{"key":659,"date":"03/23/2025 11:17:00 PM"}},{"type":"Feature","geometry":{"type":"Point","coordinates":[-8232318.780618745,4950745.67713607]},"properties":{"key":660,"date":"03/23/2025 10:20:00 PM"}},{"type":"Feature","geometry":{"type":"Point","coordinates":[-8235950.833396515,4945522.907630611]},"properties":{"key":661,"date":"03/23/2025 10:17:00 PM"}},{"type":"Feature","geometry":{"type":"Point","coordinates":[-8236579.749200339,4950303.387281773]},"properties":{"key":662,"date":"03/23/2025 10:17:00 PM"}},{"type":"Feature","geometry":{"type":"Point","coordinates":[-8231641.074938164,4947000.315072476]},"properties":{"key":663,"date":"03/23/2025 09:50:00 PM"}},{"type":"Feature","geometry":{"type":"Point","coordinates":[-8236324.628140895,4949767.263572678]},"properties":{"key":664,"date":"03/23/2025 09:23:00 PM"}},{"type":"Feature","geometry":{"type":"Point","coordinates":[-8235838.803458052,4949653.862678928]},"properties":{"key":665,"date":"03/23/2025 07:26:00 PM"}},{"type":"Feature","geometry":{"type":"Point","coordinates":[-8232419.938667157,4956975.530158737]},"properties":{"key":666,"date":"03/23/2025 06:32:00 PM"}},{"type":"Feature","geometry":{"type":"Point","coordinates":[-8232861.253471668,4950927.617709617]},"properties":{"key":667,"date":"03/23/2025 06:23:00 PM"}},{"type":"Feature","geometry":{"type":"Point","coordinates":[-8236075.103350476,4952089.435484611]},"properties":{"key":668,"date":"03/23/2025 06:14:00 PM"}},{"type":"Feature","geometry":{"type":"Point","coordinates":[-8234541.165691439,4952354.762959347]},"properties":{"key":669,"date":"03/23/2025 05:23:00 PM"}},{"type":"Feature","geometry":{"type":"Point","coordinates":[-8231096.054890465,4956961.4601774225]},"properties":{"key":670,"date":"03/23/2025 05:20:00 PM"}},{"type":"Feature","geometry":{"type":"Point","coordinates":[-8238291.935303804,4946962.3675846355]},"properties":{"key":671,"date":"03/23/2025 05:17:00 PM"}},{"type":"Feature","geometry":{"type":"Point","coordinates":[-8231192.479994803,4958316.475804181]},"properties":{"key":672,"date":"03/23/2025 05:05:00 PM"}},{"type":"Feature","geometry":{"type":"Point","coordinates":[-8235749.578027496,4949726.581393475]},"properties":{"key":673,"date":"03/23/2025 04:32:00 PM"}},{"type":"Feature","geometry":{"type":"Point","coordinates":[-8238032.301220846,4944241.361672912]},"properties":{"key":674,"date":"03/23/2025 04:14:00 PM"}},{"type":"Feature","geometry":{"type":"Point","coordinates":[-8231188.652465582,4959237.979935696]},"properties":{"key":675,"date":"03/23/2025 03:35:00 PM"}},{"type":"Feature","geometry":{"type":"Point","coordinates":[-8232777.842051061,4946529.714666148]},"properties":{"key":676,"date":"03/23/2025 03:23:00 PM"}},{"type":"Feature","geometry":{"type":"Point","coordinates":[-8230477.260398345,4962819.355034929]},"properties":{"key":677,"date":"03/23/2025 03:23:00 PM"}},{"type":"Feature","geometry":{"type":"Point","coordinates":[-8228949.774661146,4948375.159573519]},"properties":{"key":678,"date":"03/23/2025 03:02:00 PM"}},{"type":"Feature","geometry":{"type":"Point","coordinates":[-8237900.556282191,4943849.784876987]},"properties":{"key":679,"date":"03/23/2025 02:41:00 PM"}},{"type":"Feature","geometry":{"type":"Point","coordinates":[-8235966.723063821,4944219.135897022]},"properties":{"key":680,"date":"03/23/2025 02:26:00 PM"}},{"type":"Feature","geometry":{"type":"Point","coordinates":[-8228856.339804272,4959325.054641619]},"properties":{"key":681,"date":"03/23/2025 02:20:00 PM"}},{"type":"Feature","geometry":{"type":"Point","coordinates":[-8237045.639694912,4948471.430191792]},"properties":{"key":682,"date":"03/23/2025 01:47:00 PM"}},{"type":"Feature","geometry":{"type":"Point","coordinates":[-8232352.494983328,4951569.620836483]},"properties":{"key":683,"date":"03/23/2025 01:26:00 PM"}},{"type":"Feature","geometry":{"type":"Point","coordinates":[-8232861.253471668,4950927.617709617]},"properties":{"key":684,"date":"03/23/2025 12:44:00 PM"}},{"type":"Feature","geometry":{"type":"Point","coordinates":[-8229893.163632682,4940336.434567037]},"properties":{"key":685,"date":"03/23/2025 12:20:00 PM"}},{"type":"Feature","geometry":{"type":"Point","coordinates":[-8228390.65601775,4956651.223494219]},"properties":{"key":686,"date":"03/23/2025 11:17:00 AM"}},{"type":"Feature","geometry":{"type":"Point","coordinates":[-8233554.5854031285,4942194.825165721]},"properties":{"key":687,"date":"03/23/2025 10:56:00 AM"}},{"type":"Feature","geometry":{"type":"Point","coordinates":[-8229498.195254348,4956601.1395642115]},"properties":{"key":688,"date":"03/23/2025 10:38:00 AM"}},{"type":"Feature","geometry":{"type":"Point","coordinates":[-8227608.278846366,4959984.3698947355]},"properties":{"key":689,"date":"03/23/2025 09:59:00 AM"}},{"type":"Feature","geometry":{"type":"Point","coordinates":[-8237281.05749169,4949534.271376403]},"properties":{"key":690,"date":"03/23/2025 09:56:00 AM"}},{"type":"Feature","geometry":{"type":"Point","coordinates":[-8238280.688189146,4946987.6780979335]},"properties":{"key":691,"date":"03/23/2025 09:47:00 AM"}},{"type":"Feature","geometry":{"type":"Point","coordinates":[-8234994.988615535,4946414.069353494]},"properties":{"key":692,"date":"03/23/2025 09:11:00 AM"}},{"type":"Feature","geometry":{"type":"Point","coordinates":[-8229072.787508588,4940078.409817862]},"properties":{"key":693,"date":"03/23/2025 08:32:00 AM"}},{"type":"Feature","geometry":{"type":"Point","coordinates":[-8231629.460146359,4953459.670234188]},"properties":{"key":694,"date":"03/23/2025 08:29:00 AM"}},{"type":"Feature","geometry":{"type":"Point","coordinates":[-8227282.543893201,4962530.787456616]},"properties":{"key":695,"date":"03/23/2025 07:59:00 AM"}},{"type":"Feature","geometry":{"type":"Point","coordinates":[-8227411.762529521,4964397.761992814]},"properties":{"key":696,"date":"03/23/2025 07:50:00 AM"}},{"type":"Feature","geometry":{"type":"Point","coordinates":[-8227944.394254105,4961388.764515572]},"properties":{"key":697,"date":"03/23/2025 07:44:00 AM"}},{"type":"Feature","geometry":{"type":"Point","coordinates":[-8235807.9425470885,4942813.106005132]},"properties":{"key":698,"date":"03/23/2025 06:38:00 AM"}},{"type":"Feature","geometry":{"type":"Point","coordinates":[-8236642.938648413,4949382.731397319]},"properties":{"key":699,"date":"03/23/2025 06:29:00 AM"}},{"type":"Feature","geometry":{"type":"Point","coordinates":[-8235593.794742415,4947163.047052495]},"properties":{"key":700,"date":"03/23/2025 06:29:00 AM"}},{"type":"Feature","geometry":{"type":"Point","coordinates":[-8235593.794742415,4947163.047052495]},"properties":{"key":701,"date":"03/23/2025 05:47:00 AM"}},{"type":"Feature","geometry":{"type":"Point","coordinates":[-8236642.938648413,4949382.731397319]},"properties":{"key":702,"date":"03/23/2025 05:02:00 AM"}},{"type":"Feature","geometry":{"type":"Point","coordinates":[-8236564.1826723665,4949337.716852585]},"properties":{"key":703,"date":"03/23/2025 05:02:00 AM"}},{"type":"Feature","geometry":{"type":"Point","coordinates":[-8228914.538161714,4964862.868987957]},"properties":{"key":704,"date":"03/23/2025 02:05:00 AM"}},{"type":"Feature","geometry":{"type":"Point","coordinates":[-8236125.594666611,4942752.121990796]},"properties":{"key":705,"date":"03/23/2025 01:53:00 AM"}},{"type":"Feature","geometry":{"type":"Point","coordinates":[-8233243.228852767,4949670.316866715]},"properties":{"key":706,"date":"03/23/2025 01:05:00 AM"}},{"type":"Feature","geometry":{"type":"Point","coordinates":[-8232411.076833077,4958501.821824046]},"properties":{"key":707,"date":"03/23/2025 12:56:00 AM"}},{"type":"Feature","geometry":{"type":"Point","coordinates":[-8235689.25003469,4945962.309385199]},"properties":{"key":708,"date":"03/23/2025 12:41:00 AM"}},{"type":"Feature","geometry":{"type":"Point","coordinates":[-8235516.539856265,4945865.463881335]},"properties":{"key":709,"date":"03/23/2025 12:41:00 AM"}},{"type":"Feature","geometry":{"type":"Point","coordinates":[-8235516.539856265,4945865.463881335]},"properties":{"key":710,"date":"03/23/2025 12:38:00 AM"}},{"type":"Feature","geometry":{"type":"Point","coordinates":[-8231641.074938164,4947000.315072476]},"properties":{"key":711,"date":"03/22/2025 10:56:00 PM"}},{"type":"Feature","geometry":{"type":"Point","coordinates":[-8234329.237895748,4952627.63070995]},"properties":{"key":712,"date":"03/22/2025 10:47:00 PM"}},{"type":"Feature","geometry":{"type":"Point","coordinates":[-8238089.508619973,4948079.285329512]},"properties":{"key":713,"date":"03/22/2025 10:44:00 PM"}},{"type":"Feature","geometry":{"type":"Point","coordinates":[-8230539.674536223,4956133.472730632]},"properties":{"key":714,"date":"03/22/2025 10:26:00 PM"}},{"type":"Feature","geometry":{"type":"Point","coordinates":[-8231632.196115617,4958805.856366214]},"properties":{"key":715,"date":"03/22/2025 10:11:00 PM"}},{"type":"Feature","geometry":{"type":"Point","coordinates":[-8234284.189666339,4952706.00081146]},"properties":{"key":716,"date":"03/22/2025 09:41:00 PM"}},{"type":"Feature","geometry":{"type":"Point","coordinates":[-8231010.904365528,4947939.228446079]},"properties":{"key":717,"date":"03/22/2025 08:59:00 PM"}},{"type":"Feature","geometry":{"type":"Point","coordinates":[-8228744.74114312,4950263.216774771]},"properties":{"key":718,"date":"03/22/2025 08:47:00 PM"}},{"type":"Feature","geometry":{"type":"Point","coordinates":[-8234142.650029589,4948347.0655828435]},"properties":{"key":719,"date":"03/22/2025 08:26:00 PM"}},{"type":"Feature","geometry":{"type":"Point","coordinates":[-8234138.228364869,4948352.287382656]},"properties":{"key":720,"date":"03/22/2025 08:17:00 PM"}},{"type":"Feature","geometry":{"type":"Point","coordinates":[-8234138.228364869,4948352.287382656]},"properties":{"key":721,"date":"03/22/2025 08:14:00 PM"}},{"type":"Feature","geometry":{"type":"Point","coordinates":[-8234079.175347583,4948320.925698734]},"properties":{"key":722,"date":"03/22/2025 08:11:00 PM"}},{"type":"Feature","geometry":{"type":"Point","coordinates":[-8231371.235757773,4958045.104425601]},"properties":{"key":723,"date":"03/22/2025 07:14:00 PM"}},{"type":"Feature","geometry":{"type":"Point","coordinates":[-8228215.017757119,4941172.055593656]},"properties":{"key":724,"date":"03/22/2025 06:14:00 PM"}},{"type":"Feature","geometry":{"type":"Point","coordinates":[-8232861.253471668,4950927.617709617]},"properties":{"key":725,"date":"03/22/2025 06:14:00 PM"}},{"type":"Feature","geometry":{"type":"Point","coordinates":[-8237912.6424229825,4945210.948221884]},"properties":{"key":726,"date":"03/22/2025 06:11:00 PM"}},{"type":"Feature","geometry":{"type":"Point","coordinates":[-8229529.139284238,4940206.464829434]},"properties":{"key":727,"date":"03/22/2025 06:08:00 PM"}},{"type":"Feature","geometry":{"type":"Point","coordinates":[-8234270.796092597,4948427.470851915]},"properties":{"key":728,"date":"03/22/2025 05:32:00 PM"}},{"type":"Feature","geometry":{"type":"Point","coordinates":[-8230114.782257589,4948130.631643455]},"properties":{"key":729,"date":"03/22/2025 05:29:00 PM"}},{"type":"Feature","geometry":{"type":"Point","coordinates":[-8229142.624180756,4960845.938308321]},"properties":{"key":730,"date":"03/22/2025 04:44:00 PM"}},{"type":"Feature","geometry":{"type":"Point","coordinates":[-8232861.253471668,4950927.617709617]},"properties":{"key":731,"date":"03/22/2025 04:23:00 PM"}},{"type":"Feature","geometry":{"type":"Point","coordinates":[-8235769.556121288,4952416.576950505]},"properties":{"key":732,"date":"03/22/2025 03:32:00 PM"}},{"type":"Feature","geometry":{"type":"Point","coordinates":[-8229017.384332354,4965076.277329167]},"properties":{"key":733,"date":"03/22/2025 03:23:00 PM"}},{"type":"Feature","geometry":{"type":"Point","coordinates":[-8234685.239749052,4947815.679700202]},"properties":{"key":734,"date":"03/22/2025 03:02:00 PM"}},{"type":"Feature","geometry":{"type":"Point","coordinates":[-8237993.33439971,4943998.781782849]},"properties":{"key":735,"date":"03/22/2025 02:50:00 PM"}},{"type":"Feature","geometry":{"type":"Point","coordinates":[-8232216.858227333,4956961.746033256]},"properties":{"key":736,"date":"03/22/2025 02:35:00 PM"}},{"type":"Feature","geometry":{"type":"Point","coordinates":[-8232769.6687246915,4944395.9856571425]},"properties":{"key":737,"date":"03/22/2025 02:02:00 PM"}},{"type":"Feature","geometry":{"type":"Point","coordinates":[-8236328.949401001,4944537.688310095]},"properties":{"key":738,"date":"03/22/2025 01:32:00 PM"}},{"type":"Feature","geometry":{"type":"Point","coordinates":[-8236095.163015851,4949795.761786424]},"properties":{"key":739,"date":"03/22/2025 01:32:00 PM"}},{"type":"Feature","geometry":{"type":"Point","coordinates":[-8233188.465008859,4945516.815323704]},"properties":{"key":740,"date":"03/22/2025 01:17:00 PM"}},{"type":"Feature","geometry":{"type":"Point","coordinates":[-8230824.208094226,4942579.592792176]},"properties":{"key":741,"date":"03/22/2025 01:02:00 PM"}},{"type":"Feature","geometry":{"type":"Point","coordinates":[-8236213.758999781,4943985.831634001]},"properties":{"key":742,"date":"03/22/2025 12:20:00 PM"}},{"type":"Feature","geometry":{"type":"Point","coordinates":[-8236158.939569598,4942655.349603764]},"properties":{"key":743,"date":"03/22/2025 12:17:00 PM"}},{"type":"Feature","geometry":{"type":"Point","coordinates":[-8229541.467257718,4964056.470572587]},"properties":{"key":744,"date":"03/22/2025 12:08:00 PM"}},{"type":"Feature","geometry":{"type":"Point","coordinates":[-8230721.479590514,4948138.715127895]},"properties":{"key":745,"date":"03/22/2025 12:05:00 PM"}},{"type":"Feature","geometry":{"type":"Point","coordinates":[-8227473.235895251,4940598.381475358]},"properties":{"key":746,"date":"03/22/2025 11:26:00 AM"}},{"type":"Feature","geometry":{"type":"Point","coordinates":[-8236158.939569598,4942655.349603764]},"properties":{"key":747,"date":"03/22/2025 11:23:00 AM"}},{"type":"Feature","geometry":{"type":"Point","coordinates":[-8232769.6687246915,4944395.9856571425]},"properties":{"key":748,"date":"03/22/2025 11:23:00 AM"}},{"type":"Feature","geometry":{"type":"Point","coordinates":[-8228973.596156092,4941468.270570885]},"properties":{"key":749,"date":"03/22/2025 11:14:00 AM"}},{"type":"Feature","geometry":{"type":"Point","coordinates":[-8236158.939569598,4942655.349603764]},"properties":{"key":750,"date":"03/22/2025 11:14:00 AM"}},{"type":"Feature","geometry":{"type":"Point","coordinates":[-8228983.713546012,4941378.741960392]},"properties":{"key":751,"date":"03/22/2025 10:59:00 AM"}},{"type":"Feature","geometry":{"type":"Point","coordinates":[-8227975.946726273,4955942.273777903]},"properties":{"key":752,"date":"03/22/2025 10:44:00 AM"}},{"type":"Feature","geometry":{"type":"Point","coordinates":[-8231590.837564052,4958691.195860465]},"properties":{"key":753,"date":"03/22/2025 10:44:00 AM"}},{"type":"Feature","geometry":{"type":"Point","coordinates":[-8232982.63760809,4949227.363333156]},"properties":{"key":754,"date":"03/22/2025 10:38:00 AM"}},{"type":"Feature","geometry":{"type":"Point","coordinates":[-8237312.880868744,4947243.607022529]},"properties":{"key":755,"date":"03/22/2025 10:35:00 AM"}},{"type":"Feature","geometry":{"type":"Point","coordinates":[-8236390.797782056,4944572.639359579]},"properties":{"key":756,"date":"03/22/2025 10:35:00 AM"}},{"type":"Feature","geometry":{"type":"Point","coordinates":[-8230476.940534035,4957232.482709339]},"properties":{"key":757,"date":"03/22/2025 10:32:00 AM"}},{"type":"Feature","geometry":{"type":"Point","coordinates":[-8238968.1120946705,4941386.912651549]},"properties":{"key":758,"date":"03/22/2025 10:32:00 AM"}},{"type":"Feature","geometry":{"type":"Point","coordinates":[-8230476.940534035,4957232.482709339]},"properties":{"key":759,"date":"03/22/2025 10:29:00 AM"}},{"type":"Feature","geometry":{"type":"Point","coordinates":[-8236364.62785551,4951187.134626122]},"properties":{"key":760,"date":"03/22/2025 10:26:00 AM"}},{"type":"Feature","geometry":{"type":"Point","coordinates":[-8238968.1120946705,4941386.912651549]},"properties":{"key":761,"date":"03/22/2025 10:23:00 AM"}},{"type":"Feature","geometry":{"type":"Point","coordinates":[-8232484.947917285,4951918.574821893]},"properties":{"key":762,"date":"03/22/2025 10:20:00 AM"}},{"type":"Feature","geometry":{"type":"Point","coordinates":[-8229893.163632682,4940336.434567037]},"properties":{"key":763,"date":"03/22/2025 10:20:00 AM"}},{"type":"Feature","geometry":{"type":"Point","coordinates":[-8234247.663753243,4947932.856790616]},"properties":{"key":764,"date":"03/22/2025 10:05:00 AM"}},{"type":"Feature","geometry":{"type":"Point","coordinates":[-8228252.801866553,4951974.906292161]},"properties":{"key":765,"date":"03/22/2025 10:05:00 AM"}},{"type":"Feature","geometry":{"type":"Point","coordinates":[-8234311.586360388,4953700.957984032]},"properties":{"key":766,"date":"03/22/2025 09:50:00 AM"}},{"type":"Feature","geometry":{"type":"Point","coordinates":[-8228885.117251853,4940289.01108227]},"properties":{"key":767,"date":"03/22/2025 09:47:00 AM"}},{"type":"Feature","geometry":{"type":"Point","coordinates":[-8235434.133725246,4949671.460977103]},"properties":{"key":768,"date":"03/22/2025 09:47:00 AM"}},{"type":"Feature","geometry":{"type":"Point","coordinates":[-8232439.837823183,4952844.678805887]},"properties":{"key":769,"date":"03/22/2025 09:41:00 AM"}},{"type":"Feature","geometry":{"type":"Point","coordinates":[-8238968.1120946705,4941386.912651549]},"properties":{"key":770,"date":"03/22/2025 09:32:00 AM"}},{"type":"Feature","geometry":{"type":"Point","coordinates":[-8236558.9511705935,4945789.715031997]},"properties":{"key":771,"date":"03/22/2025 09:26:00 AM"}},{"type":"Feature","geometry":{"type":"Point","coordinates":[-8231074.058838134,4947828.37993025]},"properties":{"key":772,"date":"03/22/2025 09:23:00 AM"}},{"type":"Feature","geometry":{"type":"Point","coordinates":[-8227307.909114526,4940898.920808347]},"properties":{"key":773,"date":"03/22/2025 09:20:00 AM"}},{"type":"Feature","geometry":{"type":"Point","coordinates":[-8231058.208430985,4957026.583882617]},"properties":{"key":774,"date":"03/22/2025 09:17:00 AM"}},{"type":"Feature","geometry":{"type":"Point","coordinates":[-8237325.296550852,4948433.271984108]},"properties":{"key":775,"date":"03/22/2025 08:59:00 AM"}},{"type":"Feature","geometry":{"type":"Point","coordinates":[-8230293.761514474,4954288.136446666]},"properties":{"key":776,"date":"03/22/2025 08:53:00 AM"}},{"type":"Feature","geometry":{"type":"Point","coordinates":[-8231658.10459164,4943472.852146204]},"properties":{"key":777,"date":"03/22/2025 08:38:00 AM"}},{"type":"Feature","geometry":{"type":"Point","coordinates":[-8238117.709462647,4941392.6123649245]},"properties":{"key":778,"date":"03/22/2025 08:38:00 AM"}},{"type":"Feature","geometry":{"type":"Point","coordinates":[-8233595.622944905,4949746.018222008]},"properties":{"key":779,"date":"03/22/2025 08:29:00 AM"}},{"type":"Feature","geometry":{"type":"Point","coordinates":[-8236109.493228446,4950665.424889343]},"properties":{"key":780,"date":"03/22/2025 08:26:00 AM"}},{"type":"Feature","geometry":{"type":"Point","coordinates":[-8234485.437303105,4948184.053574107]},"properties":{"key":781,"date":"03/22/2025 08:17:00 AM"}},{"type":"Feature","geometry":{"type":"Point","coordinates":[-8229296.914029154,4958728.116193345]},"properties":{"key":782,"date":"03/22/2025 08:14:00 AM"}},{"type":"Feature","geometry":{"type":"Point","coordinates":[-8233544.950184677,4949838.424518392]},"properties":{"key":783,"date":"03/22/2025 07:53:00 AM"}},{"type":"Feature","geometry":{"type":"Point","coordinates":[-8235600.1582131265,4945552.966734543]},"properties":{"key":784,"date":"03/22/2025 07:44:00 AM"}},{"type":"Feature","geometry":{"type":"Point","coordinates":[-8234902.898873256,4953908.586354771]},"properties":{"key":785,"date":"03/22/2025 07:44:00 AM"}},{"type":"Feature","geometry":{"type":"Point","coordinates":[-8234902.898873256,4953908.586354771]},"properties":{"key":786,"date":"03/22/2025 07:41:00 AM"}},{"type":"Feature","geometry":{"type":"Point","coordinates":[-8232456.227385134,4957553.462911419]},"properties":{"key":787,"date":"03/22/2025 06:17:00 AM"}},{"type":"Feature","geometry":{"type":"Point","coordinates":[-8229745.742053266,4963270.288630018]},"properties":{"key":788,"date":"03/22/2025 06:11:00 AM"}},{"type":"Feature","geometry":{"type":"Point","coordinates":[-8229745.742053266,4963270.288630018]},"properties":{"key":789,"date":"03/22/2025 05:59:00 AM"}},{"type":"Feature","geometry":{"type":"Point","coordinates":[-8230474.837927039,4956810.216722846]},"properties":{"key":790,"date":"03/22/2025 04:47:00 AM"}},{"type":"Feature","geometry":{"type":"Point","coordinates":[-8227443.721708562,4943483.009488029]},"properties":{"key":791,"date":"03/22/2025 03:56:00 AM"}},{"type":"Feature","geometry":{"type":"Point","coordinates":[-8229983.765415195,4963020.179911489]},"properties":{"key":792,"date":"03/22/2025 03:26:00 AM"}},{"type":"Feature","geometry":{"type":"Point","coordinates":[-8234958.343010609,4943819.297945186]},"properties":{"key":793,"date":"03/22/2025 02:26:00 AM"}},{"type":"Feature","geometry":{"type":"Point","coordinates":[-8229688.048721183,4940784.720713196]},"properties":{"key":794,"date":"03/22/2025 02:17:00 AM"}},{"type":"Feature","geometry":{"type":"Point","coordinates":[-8232637.241827251,4950437.595031777]},"properties":{"key":795,"date":"03/22/2025 01:50:00 AM"}},{"type":"Feature","geometry":{"type":"Point","coordinates":[-8232136.916454917,4942572.391056209]},"properties":{"key":796,"date":"03/22/2025 01:47:00 AM"}},{"type":"Feature","geometry":{"type":"Point","coordinates":[-8236642.938648413,4949382.731397319]},"properties":{"key":797,"date":"03/22/2025 01:32:00 AM"}},{"type":"Feature","geometry":{"type":"Point","coordinates":[-8229688.048721183,4940784.720713196]},"properties":{"key":798,"date":"03/22/2025 01:26:00 AM"}},{"type":"Feature","geometry":{"type":"Point","coordinates":[-8229248.284842083,4950741.106044619]},"properties":{"key":799,"date":"03/22/2025 01:26:00 AM"}},{"type":"Feature","geometry":{"type":"Point","coordinates":[-8232377.692023165,4950311.669125211]},"properties":{"key":800,"date":"03/22/2025 01:17:00 AM"}},{"type":"Feature","geometry":{"type":"Point","coordinates":[-8232377.692023165,4950311.669125211]},"properties":{"key":801,"date":"03/22/2025 01:08:00 AM"}},{"type":"Feature","geometry":{"type":"Point","coordinates":[-8232575.370120309,4950401.795369238]},"properties":{"key":802,"date":"03/22/2025 12:56:00 AM"}},{"type":"Feature","geometry":{"type":"Point","coordinates":[-8235846.371311032,4950019.556961328]},"properties":{"key":803,"date":"03/22/2025 12:53:00 AM"}},{"type":"Feature","geometry":{"type":"Point","coordinates":[-8228888.654950763,4959622.754493677]},"properties":{"key":804,"date":"03/22/2025 12:44:00 AM"}},{"type":"Feature","geometry":{"type":"Point","coordinates":[-8227601.71205617,4956595.349838307]},"properties":{"key":805,"date":"03/22/2025 12:26:00 AM"}},{"type":"Feature","geometry":{"type":"Point","coordinates":[-8237354.399966394,4942554.264458752]},"properties":{"key":806,"date":"03/22/2025 12:23:00 AM"}},{"type":"Feature","geometry":{"type":"Point","coordinates":[-8227601.71205617,4956595.349838307]},"properties":{"key":807,"date":"03/22/2025 12:05:00 AM"}},{"type":"Feature","geometry":{"type":"Point","coordinates":[-8232638.259395376,4950804.121675077]},"properties":{"key":808,"date":"03/22/2025 12:05:00 AM"}},{"type":"Feature","geometry":{"type":"Point","coordinates":[-8235467.57401679,4940279.0509324465]},"properties":{"key":809,"date":"03/21/2025 11:50:00 PM"}},{"type":"Feature","geometry":{"type":"Point","coordinates":[-8235467.57401679,4940279.0509324465]},"properties":{"key":810,"date":"03/21/2025 11:41:00 PM"}},{"type":"Feature","geometry":{"type":"Point","coordinates":[-8237354.399966394,4942554.264458752]},"properties":{"key":811,"date":"03/21/2025 11:41:00 PM"}},{"type":"Feature","geometry":{"type":"Point","coordinates":[-8229745.742053266,4963270.288630018]},"properties":{"key":812,"date":"03/21/2025 11:38:00 PM"}},{"type":"Feature","geometry":{"type":"Point","coordinates":[-8230978.705589096,4953314.524826639]},"properties":{"key":813,"date":"03/21/2025 11:35:00 PM"}},{"type":"Feature","geometry":{"type":"Point","coordinates":[-8228785.319111285,4950276.113821821]},"properties":{"key":814,"date":"03/21/2025 11:23:00 PM"}},{"type":"Feature","geometry":{"type":"Point","coordinates":[-8227884.478053245,4940873.016351328]},"properties":{"key":815,"date":"03/21/2025 11:17:00 PM"}},{"type":"Feature","geometry":{"type":"Point","coordinates":[-8230166.709423724,4962690.758487425]},"properties":{"key":816,"date":"03/21/2025 10:56:00 PM"}},{"type":"Feature","geometry":{"type":"Point","coordinates":[-8237068.27523987,4946186.6396314865]},"properties":{"key":817,"date":"03/21/2025 10:41:00 PM"}},{"type":"Feature","geometry":{"type":"Point","coordinates":[-8231923.3067553025,4943221.614054328]},"properties":{"key":818,"date":"03/21/2025 10:20:00 PM"}},{"type":"Feature","geometry":{"type":"Point","coordinates":[-8237880.140914308,4946594.397713649]},"properties":{"key":819,"date":"03/21/2025 09:50:00 PM"}},{"type":"Feature","geometry":{"type":"Point","coordinates":[-8236129.368483066,4944311.135933789]},"properties":{"key":820,"date":"03/21/2025 09:41:00 PM"}},{"type":"Feature","geometry":{"type":"Point","coordinates":[-8229893.163632682,4940336.434567037]},"properties":{"key":821,"date":"03/21/2025 09:20:00 PM"}},{"type":"Feature","geometry":{"type":"Point","coordinates":[-8228440.823842784,4965284.241848561]},"properties":{"key":822,"date":"03/21/2025 09:11:00 PM"}},{"type":"Feature","geometry":{"type":"Point","coordinates":[-8229745.742053266,4963270.288630018]},"properties":{"key":823,"date":"03/21/2025 09:05:00 PM"}},{"type":"Feature","geometry":{"type":"Point","coordinates":[-8229745.742053266,4963270.288630018]},"properties":{"key":824,"date":"03/21/2025 08:41:00 PM"}},{"type":"Feature","geometry":{"type":"Point","coordinates":[-8229745.742053266,4963270.288630018]},"properties":{"key":825,"date":"03/21/2025 08:26:00 PM"}},{"type":"Feature","geometry":{"type":"Point","coordinates":[-8231788.033730176,4958515.143085544]},"properties":{"key":826,"date":"03/21/2025 07:32:00 PM"}},{"type":"Feature","geometry":{"type":"Point","coordinates":[-8230793.069796242,4962347.985499021]},"properties":{"key":827,"date":"03/21/2025 06:47:00 PM"}},{"type":"Feature","geometry":{"type":"Point","coordinates":[-8231620.1395902615,4943820.6190228695]},"properties":{"key":828,"date":"03/21/2025 06:38:00 PM"}},{"type":"Feature","geometry":{"type":"Point","coordinates":[-8229893.163632682,4940336.434567037]},"properties":{"key":829,"date":"03/21/2025 06:14:00 PM"}},{"type":"Feature","geometry":{"type":"Point","coordinates":[-8232531.925022924,4951248.176393525]},"properties":{"key":830,"date":"03/21/2025 05:47:00 PM"}},{"type":"Feature","geometry":{"type":"Point","coordinates":[-8230981.413535897,4957590.37187515]},"properties":{"key":831,"date":"03/21/2025 04:38:00 PM"}},{"type":"Feature","geometry":{"type":"Point","coordinates":[-8232650.642368478,4943104.348970784]},"properties":{"key":832,"date":"03/21/2025 04:35:00 PM"}},{"type":"Feature","geometry":{"type":"Point","coordinates":[-8237340.224922035,4946442.544420579]},"properties":{"key":833,"date":"03/21/2025 04:14:00 PM"}},{"type":"Feature","geometry":{"type":"Point","coordinates":[-8229572.18065811,4963416.2240674095]},"properties":{"key":834,"date":"03/21/2025 03:29:00 PM"}},{"type":"Feature","geometry":{"type":"Point","coordinates":[-8236085.01089759,4945425.723282425]},"properties":{"key":835,"date":"03/21/2025 02:59:00 PM"}},{"type":"Feature","geometry":{"type":"Point","coordinates":[-8236745.559768892,4947735.329982417]},"properties":{"key":836,"date":"03/21/2025 02:56:00 PM"}},{"type":"Feature","geometry":{"type":"Point","coordinates":[-8232556.083902757,4950393.74765807]},"properties":{"key":837,"date":"03/21/2025 02:41:00 PM"}},{"type":"Feature","geometry":{"type":"Point","coordinates":[-8237083.858068358,4947650.983110321]},"properties":{"key":838,"date":"03/21/2025 02:26:00 PM"}},{"type":"Feature","geometry":{"type":"Point","coordinates":[-8230688.021502322,4962387.3441087855]},"properties":{"key":839,"date":"03/21/2025 02:20:00 PM"}},{"type":"Feature","geometry":{"type":"Point","coordinates":[-8235492.8257311955,4951397.58766511]},"properties":{"key":840,"date":"03/21/2025 02:17:00 PM"}},{"type":"Feature","geometry":{"type":"Point","coordinates":[-8237675.663610796,4947060.012928904]},"properties":{"key":841,"date":"03/21/2025 01:14:00 PM"}},{"type":"Feature","geometry":{"type":"Point","coordinates":[-8232498.635521423,4941215.807966754]},"properties":{"key":842,"date":"03/21/2025 01:08:00 PM"}},{"type":"Feature","geometry":{"type":"Point","coordinates":[-8236158.939569598,4942655.349603764]},"properties":{"key":843,"date":"03/21/2025 11:35:00 AM"}},{"type":"Feature","geometry":{"type":"Point","coordinates":[-8233756.319973611,4953894.929917914]},"properties":{"key":844,"date":"03/21/2025 11:14:00 AM"}},{"type":"Feature","geometry":{"type":"Point","coordinates":[-8232527.926233119,4941252.360418682]},"properties":{"key":845,"date":"03/21/2025 11:02:00 AM"}},{"type":"Feature","geometry":{"type":"Point","coordinates":[-8236283.268524003,4949539.809233367]},"properties":{"key":846,"date":"03/21/2025 11:02:00 AM"}},{"type":"Feature","geometry":{"type":"Point","coordinates":[-8234994.988615535,4946414.069353494]},"properties":{"key":847,"date":"03/21/2025 10:53:00 AM"}},{"type":"Feature","geometry":{"type":"Point","coordinates":[-8236158.939569598,4942655.349603764]},"properties":{"key":848,"date":"03/21/2025 10:53:00 AM"}},{"type":"Feature","geometry":{"type":"Point","coordinates":[-8232676.00087501,4946932.199180738]},"properties":{"key":849,"date":"03/21/2025 10:50:00 AM"}},{"type":"Feature","geometry":{"type":"Point","coordinates":[-8231186.375737091,4954172.176229438]},"properties":{"key":850,"date":"03/21/2025 10:35:00 AM"}},{"type":"Feature","geometry":{"type":"Point","coordinates":[-8237390.473915677,4945128.606772059]},"properties":{"key":851,"date":"03/21/2025 10:35:00 AM"}},{"type":"Feature","geometry":{"type":"Point","coordinates":[-8227515.06230705,4959101.713492402]},"properties":{"key":852,"date":"03/21/2025 10:35:00 AM"}},{"type":"Feature","geometry":{"type":"Point","coordinates":[-8237177.020930528,4940236.325503333]},"properties":{"key":853,"date":"03/21/2025 10:32:00 AM"}},{"type":"Feature","geometry":{"type":"Point","coordinates":[-8236385.883408365,4945307.272233406]},"properties":{"key":854,"date":"03/21/2025 10:20:00 AM"}},{"type":"Feature","geometry":{"type":"Point","coordinates":[-8236385.883408365,4945307.272233406]},"properties":{"key":855,"date":"03/21/2025 10:17:00 AM"}},{"type":"Feature","geometry":{"type":"Point","coordinates":[-8237667.218225157,4943644.565847012]},"properties":{"key":856,"date":"03/21/2025 10:11:00 AM"}},{"type":"Feature","geometry":{"type":"Point","coordinates":[-8229145.961834086,4950095.18916494]},"properties":{"key":857,"date":"03/21/2025 09:53:00 AM"}},{"type":"Feature","geometry":{"type":"Point","coordinates":[-8230722.954049452,4949458.285250941]},"properties":{"key":858,"date":"03/21/2025 09:44:00 AM"}},{"type":"Feature","geometry":{"type":"Point","coordinates":[-8236305.815514306,4943360.543543312]},"properties":{"key":859,"date":"03/21/2025 09:41:00 AM"}},{"type":"Feature","geometry":{"type":"Point","coordinates":[-8235251.004587951,4944283.649110294]},"properties":{"key":860,"date":"03/21/2025 08:47:00 AM"}},{"type":"Feature","geometry":{"type":"Point","coordinates":[-8228563.08278454,4955886.140469941]},"properties":{"key":861,"date":"03/21/2025 08:26:00 AM"}},{"type":"Feature","geometry":{"type":"Point","coordinates":[-8236539.318544598,4941794.082304013]},"properties":{"key":862,"date":"03/21/2025 08:23:00 AM"}},{"type":"Feature","geometry":{"type":"Point","coordinates":[-8236827.354545515,4944927.343214737]},"properties":{"key":863,"date":"03/21/2025 08:14:00 AM"}},{"type":"Feature","geometry":{"type":"Point","coordinates":[-8235696.000843795,4944341.181562336]},"properties":{"key":864,"date":"03/21/2025 07:59:00 AM"}},{"type":"Feature","geometry":{"type":"Point","coordinates":[-8235791.378904832,4951802.39542357]},"properties":{"key":865,"date":"03/21/2025 07:59:00 AM"}},{"type":"Feature","geometry":{"type":"Point","coordinates":[-8232399.057834634,4942717.500172786]},"properties":{"key":866,"date":"03/21/2025 07:56:00 AM"}},{"type":"Feature","geometry":{"type":"Point","coordinates":[-8237261.482096158,4946586.358645497]},"properties":{"key":867,"date":"03/21/2025 07:47:00 AM"}},{"type":"Feature","geometry":{"type":"Point","coordinates":[-8238475.828757385,4941043.680237378]},"properties":{"key":868,"date":"03/21/2025 07:44:00 AM"}},{"type":"Feature","geometry":{"type":"Point","coordinates":[-8232713.068387484,4942746.978400731]},"properties":{"key":869,"date":"03/21/2025 07:38:00 AM"}},{"type":"Feature","geometry":{"type":"Point","coordinates":[-8231151.781966342,4956012.0577697065]},"properties":{"key":870,"date":"03/21/2025 07:38:00 AM"}},{"type":"Feature","geometry":{"type":"Point","coordinates":[-8232688.982660143,4942730.501910288]},"properties":{"key":871,"date":"03/21/2025 07:35:00 AM"}},{"type":"Feature","geometry":{"type":"Point","coordinates":[-8228016.1868809685,4946955.629217924]},"properties":{"key":872,"date":"03/21/2025 07:32:00 AM"}},{"type":"Feature","geometry":{"type":"Point","coordinates":[-8235331.70892003,4944383.2736960435]},"properties":{"key":873,"date":"03/21/2025 07:08:00 AM"}},{"type":"Feature","geometry":{"type":"Point","coordinates":[-8229723.4370882325,4951101.610499792]},"properties":{"key":874,"date":"03/21/2025 06:56:00 AM"}},{"type":"Feature","geometry":{"type":"Point","coordinates":[-8229893.163632682,4940336.434567037]},"properties":{"key":875,"date":"03/21/2025 06:20:00 AM"}},{"type":"Feature","geometry":{"type":"Point","coordinates":[-8229063.158382655,4940528.045251676]},"properties":{"key":876,"date":"03/21/2025 06:02:00 AM"}},{"type":"Feature","geometry":{"type":"Point","coordinates":[-8235396.863912974,4952716.771959866]},"properties":{"key":877,"date":"03/21/2025 04:50:00 AM"}},{"type":"Feature","geometry":{"type":"Point","coordinates":[-8230995.100779359,4959931.350157947]},"properties":{"key":878,"date":"03/21/2025 01:53:00 AM"}},{"type":"Feature","geometry":{"type":"Point","coordinates":[-8228306.6968829855,4964963.329050617]},"properties":{"key":879,"date":"03/21/2025 01:26:00 AM"}},{"type":"Feature","geometry":{"type":"Point","coordinates":[-8229026.478841982,4941146.7086345395]},"properties":{"key":880,"date":"03/21/2025 01:11:00 AM"}},{"type":"Feature","geometry":{"type":"Point","coordinates":[-8232450.019477844,4950332.2038045]},"properties":{"key":881,"date":"03/21/2025 12:59:00 AM"}},{"type":"Feature","geometry":{"type":"Point","coordinates":[-8236326.154868787,4947388.156080851]},"properties":{"key":882,"date":"03/21/2025 12:50:00 AM"}},{"type":"Feature","geometry":{"type":"Point","coordinates":[-8233095.7444412885,4954851.919037668]},"properties":{"key":883,"date":"03/21/2025 12:35:00 AM"}},{"type":"Feature","geometry":{"type":"Point","coordinates":[-8232386.540526736,4950298.4118702635]},"properties":{"key":884,"date":"03/21/2025 12:29:00 AM"}},{"type":"Feature","geometry":{"type":"Point","coordinates":[-8232377.692023165,4950311.669125211]},"properties":{"key":885,"date":"03/21/2025 12:23:00 AM"}},{"type":"Feature","geometry":{"type":"Point","coordinates":[-8233458.392121629,4941780.799707792]},"properties":{"key":886,"date":"03/21/2025 12:23:00 AM"}},{"type":"Feature","geometry":{"type":"Point","coordinates":[-8236338.474420948,4945393.224557329]},"properties":{"key":887,"date":"03/21/2025 12:20:00 AM"}},{"type":"Feature","geometry":{"type":"Point","coordinates":[-8229831.256612971,4963017.242112573]},"properties":{"key":888,"date":"03/20/2025 11:50:00 PM"}},{"type":"Feature","geometry":{"type":"Point","coordinates":[-8227842.783674151,4964011.849716319]},"properties":{"key":889,"date":"03/20/2025 11:44:00 PM"}},{"type":"Feature","geometry":{"type":"Point","coordinates":[-8229968.049812611,4963047.9334784355]},"properties":{"key":890,"date":"03/20/2025 11:29:00 PM"}},{"type":"Feature","geometry":{"type":"Point","coordinates":[-8229786.607629803,4962995.074051023]},"properties":{"key":891,"date":"03/20/2025 11:05:00 PM"}},{"type":"Feature","geometry":{"type":"Point","coordinates":[-8233176.884948736,4949753.47073855]},"properties":{"key":892,"date":"03/20/2025 10:59:00 PM"}},{"type":"Feature","geometry":{"type":"Point","coordinates":[-8237068.27523987,4946186.6396314865]},"properties":{"key":893,"date":"03/20/2025 10:32:00 PM"}},{"type":"Feature","geometry":{"type":"Point","coordinates":[-8232861.253471668,4950927.617709617]},"properties":{"key":894,"date":"03/20/2025 10:17:00 PM"}},{"type":"Feature","geometry":{"type":"Point","coordinates":[-8232556.083902757,4950393.74765807]},"properties":{"key":895,"date":"03/20/2025 09:35:00 PM"}},{"type":"Feature","geometry":{"type":"Point","coordinates":[-8229947.097125583,4963082.926286178]},"properties":{"key":896,"date":"03/20/2025 09:35:00 PM"}},{"type":"Feature","geometry":{"type":"Point","coordinates":[-8239291.558218915,4942739.651864627]},"properties":{"key":897,"date":"03/20/2025 09:32:00 PM"}},{"type":"Feature","geometry":{"type":"Point","coordinates":[-8231602.387830626,4941357.829423262]},"properties":{"key":898,"date":"03/20/2025 09:20:00 PM"}},{"type":"Feature","geometry":{"type":"Point","coordinates":[-8232450.019477844,4950332.2038045]},"properties":{"key":899,"date":"03/20/2025 09:17:00 PM"}},{"type":"Feature","geometry":{"type":"Point","coordinates":[-8236358.295515296,4947388.963884551]},"properties":{"key":900,"date":"03/20/2025 09:02:00 PM"}},{"type":"Feature","geometry":{"type":"Point","coordinates":[-8228440.823842784,4965284.241848561]},"properties":{"key":901,"date":"03/20/2025 08:53:00 PM"}},{"type":"Feature","geometry":{"type":"Point","coordinates":[-8232855.485133878,4943032.167005252]},"properties":{"key":902,"date":"03/20/2025 07:56:00 PM"}},{"type":"Feature","geometry":{"type":"Point","coordinates":[-8238937.589805352,4941331.50822211]},"properties":{"key":903,"date":"03/20/2025 07:56:00 PM"}},{"type":"Feature","geometry":{"type":"Point","coordinates":[-8228582.328069917,4949024.155902918]},"properties":{"key":904,"date":"03/20/2025 07:11:00 PM"}},{"type":"Feature","geometry":{"type":"Point","coordinates":[-8229893.163632682,4940336.434567037]},"properties":{"key":905,"date":"03/20/2025 06:59:00 PM"}},{"type":"Feature","geometry":{"type":"Point","coordinates":[-8229151.54527688,4957069.7495981725]},"properties":{"key":906,"date":"03/20/2025 06:44:00 PM"}},{"type":"Feature","geometry":{"type":"Point","coordinates":[-8230981.947793756,4947980.592366554]},"properties":{"key":907,"date":"03/20/2025 06:29:00 PM"}},{"type":"Feature","geometry":{"type":"Point","coordinates":[-8233172.805107209,4945504.356013672]},"properties":{"key":908,"date":"03/20/2025 06:29:00 PM"}},{"type":"Feature","geometry":{"type":"Point","coordinates":[-8232227.902907497,4942151.615037734]},"properties":{"key":909,"date":"03/20/2025 06:20:00 PM"}},{"type":"Feature","geometry":{"type":"Point","coordinates":[-8231350.82790173,4959130.28404572]},"properties":{"key":910,"date":"03/20/2025 06:17:00 PM"}},{"type":"Feature","geometry":{"type":"Point","coordinates":[-8233756.319973611,4953894.929917914]},"properties":{"key":911,"date":"03/20/2025 06:14:00 PM"}},{"type":"Feature","geometry":{"type":"Point","coordinates":[-8230203.441380292,4948836.2686629025]},"properties":{"key":912,"date":"03/20/2025 05:02:00 PM"}},{"type":"Feature","geometry":{"type":"Point","coordinates":[-8230074.550049991,4954413.809342098]},"properties":{"key":913,"date":"03/20/2025 04:23:00 PM"}},{"type":"Feature","geometry":{"type":"Point","coordinates":[-8232927.768040722,4951344.8367352635]},"properties":{"key":914,"date":"03/20/2025 04:08:00 PM"}},{"type":"Feature","geometry":{"type":"Point","coordinates":[-8237317.220475416,4949633.931423138]},"properties":{"key":915,"date":"03/20/2025 04:05:00 PM"}},{"type":"Feature","geometry":{"type":"Point","coordinates":[-8230202.234390921,4948838.276838826]},"properties":{"key":916,"date":"03/20/2025 03:44:00 PM"}},{"type":"Feature","geometry":{"type":"Point","coordinates":[-8235994.365451121,4951765.855249143]},"properties":{"key":917,"date":"03/20/2025 03:29:00 PM"}},{"type":"Feature","geometry":{"type":"Point","coordinates":[-8228931.206484365,4957470.515669688]},"properties":{"key":918,"date":"03/20/2025 03:20:00 PM"}},{"type":"Feature","geometry":{"type":"Point","coordinates":[-8234401.596801522,4947780.635021011]},"properties":{"key":919,"date":"03/20/2025 02:59:00 PM"}},{"type":"Feature","geometry":{"type":"Point","coordinates":[-8232519.948894732,4951858.301530742]},"properties":{"key":920,"date":"03/20/2025 02:56:00 PM"}},{"type":"Feature","geometry":{"type":"Point","coordinates":[-8232405.48743469,4942709.070723113]},"properties":{"key":921,"date":"03/20/2025 02:50:00 PM"}},{"type":"Feature","geometry":{"type":"Point","coordinates":[-8238539.567947859,4944331.6953116795]},"properties":{"key":922,"date":"03/20/2025 02:47:00 PM"}},{"type":"Feature","geometry":{"type":"Point","coordinates":[-8231915.802311017,4954639.410443725]},"properties":{"key":923,"date":"03/20/2025 02:41:00 PM"}},{"type":"Feature","geometry":{"type":"Point","coordinates":[-8229921.848746312,4962952.5274312915]},"properties":{"key":924,"date":"03/20/2025 02:32:00 PM"}},{"type":"Feature","geometry":{"type":"Point","coordinates":[-8235341.392620346,4945897.158216518]},"properties":{"key":925,"date":"03/20/2025 02:26:00 PM"}},{"type":"Feature","geometry":{"type":"Point","coordinates":[-8234283.486298587,4948913.668084032]},"properties":{"key":926,"date":"03/20/2025 01:53:00 PM"}},{"type":"Feature","geometry":{"type":"Point","coordinates":[-8232805.184112845,4950529.711913431]},"properties":{"key":927,"date":"03/20/2025 01:50:00 PM"}},{"type":"Feature","geometry":{"type":"Point","coordinates":[-8235346.514770754,4948027.998398218]},"properties":{"key":928,"date":"03/20/2025 01:17:00 PM"}},{"type":"Feature","geometry":{"type":"Point","coordinates":[-8233496.417029592,4954349.12466922]},"properties":{"key":929,"date":"03/20/2025 12:32:00 PM"}},{"type":"Feature","geometry":{"type":"Point","coordinates":[-8232423.769239854,4940063.516221932]},"properties":{"key":930,"date":"03/20/2025 12:32:00 PM"}},{"type":"Feature","geometry":{"type":"Point","coordinates":[-8230249.66609753,4948815.811059112]},"properties":{"key":931,"date":"03/20/2025 12:23:00 PM"}},{"type":"Feature","geometry":{"type":"Point","coordinates":[-8233546.490938826,4954782.15936043]},"properties":{"key":932,"date":"03/20/2025 12:14:00 PM"}},{"type":"Feature","geometry":{"type":"Point","coordinates":[-8228449.823482602,4966411.711287018]},"properties":{"key":933,"date":"03/20/2025 12:14:00 PM"}},{"type":"Feature","geometry":{"type":"Point","coordinates":[-8230539.674536223,4956133.472730632]},"properties":{"key":934,"date":"03/20/2025 11:50:00 AM"}},{"type":"Feature","geometry":{"type":"Point","coordinates":[-8232407.368462465,4957168.157408644]},"properties":{"key":935,"date":"03/20/2025 11:35:00 AM"}},{"type":"Feature","geometry":{"type":"Point","coordinates":[-8236932.1510191625,4950942.428721005]},"properties":{"key":936,"date":"03/20/2025 11:29:00 AM"}},{"type":"Feature","geometry":{"type":"Point","coordinates":[-8238499.973731185,4941670.035297789]},"properties":{"key":937,"date":"03/20/2025 11:29:00 AM"}},{"type":"Feature","geometry":{"type":"Point","coordinates":[-8236319.590686807,4945429.373032519]},"properties":{"key":938,"date":"03/20/2025 10:47:00 AM"}},{"type":"Feature","geometry":{"type":"Point","coordinates":[-8234994.988615535,4946414.069353494]},"properties":{"key":939,"date":"03/20/2025 10:44:00 AM"}},{"type":"Feature","geometry":{"type":"Point","coordinates":[-8231948.144108506,4959156.797004992]},"properties":{"key":940,"date":"03/20/2025 10:38:00 AM"}},{"type":"Feature","geometry":{"type":"Point","coordinates":[-8233496.417029592,4954349.12466922]},"properties":{"key":941,"date":"03/20/2025 10:38:00 AM"}},{"type":"Feature","geometry":{"type":"Point","coordinates":[-8235409.701877777,4945807.194159299]},"properties":{"key":942,"date":"03/20/2025 10:38:00 AM"}},{"type":"Feature","geometry":{"type":"Point","coordinates":[-8232567.7680966975,4957289.696065056]},"properties":{"key":943,"date":"03/20/2025 10:38:00 AM"}},{"type":"Feature","geometry":{"type":"Point","coordinates":[-8231862.776486073,4959311.612200736]},"properties":{"key":944,"date":"03/20/2025 10:26:00 AM"}},{"type":"Feature","geometry":{"type":"Point","coordinates":[-8235403.82093142,4952179.342414302]},"properties":{"key":945,"date":"03/20/2025 10:23:00 AM"}},{"type":"Feature","geometry":{"type":"Point","coordinates":[-8232067.655883378,4956967.2920378]},"properties":{"key":946,"date":"03/20/2025 09:53:00 AM"}},{"type":"Feature","geometry":{"type":"Point","coordinates":[-8232607.706793761,4943038.8690879615]},"properties":{"key":947,"date":"03/20/2025 09:17:00 AM"}},{"type":"Feature","geometry":{"type":"Point","coordinates":[-8231422.632057954,4941167.803519211]},"properties":{"key":948,"date":"03/20/2025 08:29:00 AM"}},{"type":"Feature","geometry":{"type":"Point","coordinates":[-8228579.043682963,4948234.5947721945]},"properties":{"key":949,"date":"03/20/2025 08:23:00 AM"}},{"type":"Feature","geometry":{"type":"Point","coordinates":[-8228016.1868809685,4946955.629217924]},"properties":{"key":950,"date":"03/20/2025 07:44:00 AM"}},{"type":"Feature","geometry":{"type":"Point","coordinates":[-8235510.600497231,4947309.267369435]},"properties":{"key":951,"date":"03/20/2025 07:26:00 AM"}},{"type":"Feature","geometry":{"type":"Point","coordinates":[-8230491.606988266,4951492.870906508]},"properties":{"key":952,"date":"03/20/2025 06:41:00 AM"}},{"type":"Feature","geometry":{"type":"Point","coordinates":[-8229977.325013811,4948699.0741630895]},"properties":{"key":953,"date":"03/20/2025 06:41:00 AM"}},{"type":"Feature","geometry":{"type":"Point","coordinates":[-8232744.74198639,4955648.2764902]},"properties":{"key":954,"date":"03/20/2025 05:56:00 AM"}},{"type":"Feature","geometry":{"type":"Point","coordinates":[-8230813.459420381,4949329.357720723]},"properties":{"key":955,"date":"03/20/2025 05:35:00 AM"}},{"type":"Feature","geometry":{"type":"Point","coordinates":[-8236847.254552023,4942244.638219426]},"properties":{"key":956,"date":"03/20/2025 05:26:00 AM"}},{"type":"Feature","geometry":{"type":"Point","coordinates":[-8230745.44711548,4949472.767609383]},"properties":{"key":957,"date":"03/20/2025 05:08:00 AM"}},{"type":"Feature","geometry":{"type":"Point","coordinates":[-8230781.261666972,4949401.264653543]},"properties":{"key":958,"date":"03/20/2025 05:05:00 AM"}},{"type":"Feature","geometry":{"type":"Point","coordinates":[-8232635.676450345,4951921.065052877]},"properties":{"key":959,"date":"03/20/2025 05:05:00 AM"}},{"type":"Feature","geometry":{"type":"Point","coordinates":[-8230770.400031674,4949418.134403561]},"properties":{"key":960,"date":"03/20/2025 05:05:00 AM"}},{"type":"Feature","geometry":{"type":"Point","coordinates":[-8232635.676450345,4951921.065052877]},"properties":{"key":961,"date":"03/20/2025 05:02:00 AM"}},{"type":"Feature","geometry":{"type":"Point","coordinates":[-8237278.295906706,4948158.843115735]},"properties":{"key":962,"date":"03/20/2025 04:14:00 AM"}},{"type":"Feature","geometry":{"type":"Point","coordinates":[-8230745.44711548,4949472.767609383]},"properties":{"key":963,"date":"03/20/2025 04:02:00 AM"}},{"type":"Feature","geometry":{"type":"Point","coordinates":[-8237278.295906706,4948158.843115735]},"properties":{"key":964,"date":"03/20/2025 03:32:00 AM"}},{"type":"Feature","geometry":{"type":"Point","coordinates":[-8231280.509182771,4954702.140032783]},"properties":{"key":965,"date":"03/20/2025 02:20:00 AM"}},{"type":"Feature","geometry":{"type":"Point","coordinates":[-8236338.474420948,4945393.224557329]},"properties":{"key":966,"date":"03/20/2025 02:02:00 AM"}},{"type":"Feature","geometry":{"type":"Point","coordinates":[-8230995.100779359,4959931.350157947]},"properties":{"key":967,"date":"03/20/2025 01:59:00 AM"}},{"type":"Feature","geometry":{"type":"Point","coordinates":[-8230918.999176494,4961201.7703271]},"properties":{"key":968,"date":"03/20/2025 01:47:00 AM"}},{"type":"Feature","geometry":{"type":"Point","coordinates":[-8235644.659703535,4951854.217040082]},"properties":{"key":969,"date":"03/20/2025 01:38:00 AM"}},{"type":"Feature","geometry":{"type":"Point","coordinates":[-8231033.154602561,4947714.649882865]},"properties":{"key":970,"date":"03/20/2025 01:35:00 AM"}},{"type":"Feature","geometry":{"type":"Point","coordinates":[-8237901.763612199,4943943.361274982]},"properties":{"key":971,"date":"03/20/2025 12:53:00 AM"}},{"type":"Feature","geometry":{"type":"Point","coordinates":[-8236526.024787706,4942172.328445416]},"properties":{"key":972,"date":"03/20/2025 12:35:00 AM"}},{"type":"Feature","geometry":{"type":"Point","coordinates":[-8238256.260384803,4941855.157957952]},"properties":{"key":973,"date":"03/20/2025 12:14:00 AM"}},{"type":"Feature","geometry":{"type":"Point","coordinates":[-8235684.538084357,4947423.001502315]},"properties":{"key":974,"date":"03/20/2025 12:11:00 AM"}},{"type":"Feature","geometry":{"type":"Point","coordinates":[-8238243.016746172,4941967.186719342]},"properties":{"key":975,"date":"03/19/2025 11:59:00 PM"}},{"type":"Feature","geometry":{"type":"Point","coordinates":[-8229390.460795511,4964637.092100885]},"properties":{"key":976,"date":"03/19/2025 11:59:00 PM"}},{"type":"Feature","geometry":{"type":"Point","coordinates":[-8238313.288551757,4942010.548134834]},"properties":{"key":977,"date":"03/19/2025 11:56:00 PM"}},{"type":"Feature","geometry":{"type":"Point","coordinates":[-8238256.260384803,4941855.157957952]},"properties":{"key":978,"date":"03/19/2025 11:50:00 PM"}},{"type":"Feature","geometry":{"type":"Point","coordinates":[-8230481.240705776,4962330.86169489]},"properties":{"key":979,"date":"03/19/2025 11:41:00 PM"}},{"type":"Feature","geometry":{"type":"Point","coordinates":[-8236399.842046518,4949244.872758146]},"properties":{"key":980,"date":"03/19/2025 11:41:00 PM"}},{"type":"Feature","geometry":{"type":"Point","coordinates":[-8236395.42215957,4949242.461177814]},"properties":{"key":981,"date":"03/19/2025 11:38:00 PM"}},{"type":"Feature","geometry":{"type":"Point","coordinates":[-8236354.437932037,4949219.551237147]},"properties":{"key":982,"date":"03/19/2025 11:38:00 PM"}},{"type":"Feature","geometry":{"type":"Point","coordinates":[-8237024.311664166,4948982.9388297]},"properties":{"key":983,"date":"03/19/2025 11:35:00 PM"}},{"type":"Feature","geometry":{"type":"Point","coordinates":[-8236390.600490523,4949239.647710154]},"properties":{"key":984,"date":"03/19/2025 11:29:00 PM"}},{"type":"Feature","geometry":{"type":"Point","coordinates":[-8236372.519192913,4949229.5994852595]},"properties":{"key":985,"date":"03/19/2025 11:29:00 PM"}},{"type":"Feature","geometry":{"type":"Point","coordinates":[-8237439.404649436,4948616.096866326]},"properties":{"key":986,"date":"03/19/2025 11:26:00 PM"}},{"type":"Feature","geometry":{"type":"Point","coordinates":[-8234147.109566313,4948236.17130279]},"properties":{"key":987,"date":"03/19/2025 11:26:00 PM"}},{"type":"Feature","geometry":{"type":"Point","coordinates":[-8237560.751707566,4948563.86347428]},"properties":{"key":988,"date":"03/19/2025 11:17:00 PM"}},{"type":"Feature","geometry":{"type":"Point","coordinates":[-8236171.6158940485,4946470.558665055]},"properties":{"key":989,"date":"03/19/2025 11:14:00 PM"}},{"type":"Feature","geometry":{"type":"Point","coordinates":[-8237439.404649436,4948616.096866326]},"properties":{"key":990,"date":"03/19/2025 11:14:00 PM"}},{"type":"Feature","geometry":{"type":"Point","coordinates":[-8238115.722133665,4941809.391308498]},"properties":{"key":991,"date":"03/19/2025 11:11:00 PM"}},{"type":"Feature","geometry":{"type":"Point","coordinates":[-8228306.6968829855,4964963.329050617]},"properties":{"key":992,"date":"03/19/2025 11:11:00 PM"}},{"type":"Feature","geometry":{"type":"Point","coordinates":[-8238475.828757385,4941043.680237378]},"properties":{"key":993,"date":"03/19/2025 11:08:00 PM"}},{"type":"Feature","geometry":{"type":"Point","coordinates":[-8238243.016746172,4941967.186719342]},"properties":{"key":994,"date":"03/19/2025 11:08:00 PM"}},{"type":"Feature","geometry":{"type":"Point","coordinates":[-8238243.016746172,4941967.186719342]},"properties":{"key":995,"date":"03/19/2025 11:02:00 PM"}},{"type":"Feature","geometry":{"type":"Point","coordinates":[-8228331.6385926455,4964976.232405569]},"properties":{"key":996,"date":"03/19/2025 10:50:00 PM"}},{"type":"Feature","geometry":{"type":"Point","coordinates":[-8236162.376601177,4946468.548660073]},"properties":{"key":997,"date":"03/19/2025 10:44:00 PM"}},{"type":"Feature","geometry":{"type":"Point","coordinates":[-8238243.016746172,4941967.186719342]},"properties":{"key":998,"date":"03/19/2025 10:38:00 PM"}},{"type":"Feature","geometry":{"type":"Point","coordinates":[-8236876.296875427,4945690.527319761]},"properties":{"key":999,"date":"03/19/2025 10:32:00 PM"}},{"type":"Feature","geometry":{"type":"Point","coordinates":[-8236385.883408365,4945307.272233406]},"properties":{"key":1000,"date":"03/19/2025 10:20:00 PM"}},{"type":"Feature","geometry":{"type":"Point","coordinates":[-8232861.253471668,4950927.617709617]},"properties":{"key":1001,"date":"03/19/2025 10:08:00 PM"}},{"type":"Feature","geometry":{"type":"Point","coordinates":[-8228753.48935117,4964925.108141712]},"properties":{"key":1002,"date":"03/19/2025 10:08:00 PM"}},{"type":"Feature","geometry":{"type":"Point","coordinates":[-8236287.866828266,4945366.305322367]},"properties":{"key":1003,"date":"03/19/2025 10:08:00 PM"}},{"type":"Feature","geometry":{"type":"Point","coordinates":[-8235516.539856265,4945865.463881335]},"properties":{"key":1004,"date":"03/19/2025 10:02:00 PM"}},{"type":"Feature","geometry":{"type":"Point","coordinates":[-8236181.099447485,4942162.645794065]},"properties":{"key":1005,"date":"03/19/2025 10:02:00 PM"}},{"type":"Feature","geometry":{"type":"Point","coordinates":[-8232861.253471668,4950927.617709617]},"properties":{"key":1006,"date":"03/19/2025 09:59:00 PM"}},{"type":"Feature","geometry":{"type":"Point","coordinates":[-8227473.797527685,4945836.292011216]},"properties":{"key":1007,"date":"03/19/2025 09:38:00 PM"}},{"type":"Feature","geometry":{"type":"Point","coordinates":[-8235900.657166858,4943083.384011375]},"properties":{"key":1008,"date":"03/19/2025 09:35:00 PM"}},{"type":"Feature","geometry":{"type":"Point","coordinates":[-8227473.797527685,4945836.292011216]},"properties":{"key":1009,"date":"03/19/2025 09:14:00 PM"}},{"type":"Feature","geometry":{"type":"Point","coordinates":[-8238032.301220846,4944241.361672912]},"properties":{"key":1010,"date":"03/19/2025 09:08:00 PM"}},{"type":"Feature","geometry":{"type":"Point","coordinates":[-8228440.823842784,4965284.241848561]},"properties":{"key":1011,"date":"03/19/2025 08:41:00 PM"}},{"type":"Feature","geometry":{"type":"Point","coordinates":[-8228365.970460918,4965272.49850417]},"properties":{"key":1012,"date":"03/19/2025 08:38:00 PM"}},{"type":"Feature","geometry":{"type":"Point","coordinates":[-8228440.823842784,4965284.241848561]},"properties":{"key":1013,"date":"03/19/2025 08:35:00 PM"}},{"type":"Feature","geometry":{"type":"Point","coordinates":[-8231640.652482923,4960097.508224547]},"properties":{"key":1014,"date":"03/19/2025 08:32:00 PM"}},{"type":"Feature","geometry":{"type":"Point","coordinates":[-8230729.335193246,4962572.469106468]},"properties":{"key":1015,"date":"03/19/2025 08:26:00 PM"}},{"type":"Feature","geometry":{"type":"Point","coordinates":[-8232239.45739308,4954642.811608636]},"properties":{"key":1016,"date":"03/19/2025 08:26:00 PM"}},{"type":"Feature","geometry":{"type":"Point","coordinates":[-8238256.260384803,4941855.157957952]},"properties":{"key":1017,"date":"03/19/2025 07:53:00 PM"}},{"type":"Feature","geometry":{"type":"Point","coordinates":[-8231192.479994803,4958316.475804181]},"properties":{"key":1018,"date":"03/19/2025 07:50:00 PM"}},{"type":"Feature","geometry":{"type":"Point","coordinates":[-8235982.689494821,4951881.612624634]},"properties":{"key":1019,"date":"03/19/2025 07:50:00 PM"}},{"type":"Feature","geometry":{"type":"Point","coordinates":[-8234597.857455344,4947158.769467823]},"properties":{"key":1020,"date":"03/19/2025 07:35:00 PM"}},{"type":"Feature","geometry":{"type":"Point","coordinates":[-8231211.259183244,4958505.528741793]},"properties":{"key":1021,"date":"03/19/2025 07:29:00 PM"}},{"type":"Feature","geometry":{"type":"Point","coordinates":[-8238243.016746172,4941967.186719342]},"properties":{"key":1022,"date":"03/19/2025 07:05:00 PM"}},{"type":"Feature","geometry":{"type":"Point","coordinates":[-8235756.076975142,4943138.3740189085]},"properties":{"key":1023,"date":"03/19/2025 06:14:00 PM"}},{"type":"Feature","geometry":{"type":"Point","coordinates":[-8231478.470179477,4941121.66620546]},"properties":{"key":1024,"date":"03/19/2025 06:08:00 PM"}},{"type":"Feature","geometry":{"type":"Point","coordinates":[-8232883.330565701,4944398.45160786]},"properties":{"key":1025,"date":"03/19/2025 05:11:00 PM"}},{"type":"Feature","geometry":{"type":"Point","coordinates":[-8232517.131487476,4951865.535040013]},"properties":{"key":1026,"date":"03/19/2025 04:50:00 PM"}},{"type":"Feature","geometry":{"type":"Point","coordinates":[-8230279.028887485,4954098.764490085]},"properties":{"key":1027,"date":"03/19/2025 04:50:00 PM"}},{"type":"Feature","geometry":{"type":"Point","coordinates":[-8230279.028887485,4954098.764490085]},"properties":{"key":1028,"date":"03/19/2025 04:08:00 PM"}},{"type":"Feature","geometry":{"type":"Point","coordinates":[-8231480.2630154975,4954813.639827201]},"properties":{"key":1029,"date":"03/19/2025 02:59:00 PM"}},{"type":"Feature","geometry":{"type":"Point","coordinates":[-8235574.668937362,4948311.714335054]},"properties":{"key":1030,"date":"03/19/2025 01:35:00 PM"}},{"type":"Feature","geometry":{"type":"Point","coordinates":[-8233015.283635071,4944788.91341259]},"properties":{"key":1031,"date":"03/19/2025 01:23:00 PM"}},{"type":"Feature","geometry":{"type":"Point","coordinates":[-8237675.663610796,4947060.012928904]},"properties":{"key":1032,"date":"03/19/2025 01:11:00 PM"}},{"type":"Feature","geometry":{"type":"Point","coordinates":[-8229893.163632682,4940336.434567037]},"properties":{"key":1033,"date":"03/19/2025 12:56:00 PM"}},{"type":"Feature","geometry":{"type":"Point","coordinates":[-8233546.490938826,4954782.15936043]},"properties":{"key":1034,"date":"03/19/2025 12:05:00 PM"}},{"type":"Feature","geometry":{"type":"Point","coordinates":[-8230202.234390921,4948838.276838826]},"properties":{"key":1035,"date":"03/19/2025 11:53:00 AM"}},{"type":"Feature","geometry":{"type":"Point","coordinates":[-8238036.252731037,4942637.785652236]},"properties":{"key":1036,"date":"03/19/2025 11:26:00 AM"}},{"type":"Feature","geometry":{"type":"Point","coordinates":[-8236395.119307102,4942187.571287185]},"properties":{"key":1037,"date":"03/19/2025 11:17:00 AM"}},{"type":"Feature","geometry":{"type":"Point","coordinates":[-8235782.33047257,4948666.95159111]},"properties":{"key":1038,"date":"03/19/2025 11:08:00 AM"}},{"type":"Feature","geometry":{"type":"Point","coordinates":[-8238494.349519854,4941637.110887877]},"properties":{"key":1039,"date":"03/19/2025 11:05:00 AM"}},{"type":"Feature","geometry":{"type":"Point","coordinates":[-8229547.493265619,4964069.353884958]},"properties":{"key":1040,"date":"03/19/2025 10:56:00 AM"}},{"type":"Feature","geometry":{"type":"Point","coordinates":[-8233528.942414072,4954444.825944411]},"properties":{"key":1041,"date":"03/19/2025 10:53:00 AM"}},{"type":"Feature","geometry":{"type":"Point","coordinates":[-8235261.847952384,4944286.463183481]},"properties":{"key":1042,"date":"03/19/2025 10:41:00 AM"}},{"type":"Feature","geometry":{"type":"Point","coordinates":[-8238036.252731037,4942637.785652236]},"properties":{"key":1043,"date":"03/19/2025 10:32:00 AM"}},{"type":"Feature","geometry":{"type":"Point","coordinates":[-8231474.8394909445,4951946.526485133]},"properties":{"key":1044,"date":"03/19/2025 10:08:00 AM"}},{"type":"Feature","geometry":{"type":"Point","coordinates":[-8231202.971487231,4943658.10235309]},"properties":{"key":1045,"date":"03/19/2025 09:56:00 AM"}},{"type":"Feature","geometry":{"type":"Point","coordinates":[-8232046.680580685,4949371.532924031]},"properties":{"key":1046,"date":"03/19/2025 09:35:00 AM"}},{"type":"Feature","geometry":{"type":"Point","coordinates":[-8236044.475208568,4942768.171787686]},"properties":{"key":1047,"date":"03/19/2025 09:35:00 AM"}},{"type":"Feature","geometry":{"type":"Point","coordinates":[-8234251.8218724085,4953308.574140396]},"properties":{"key":1048,"date":"03/19/2025 09:32:00 AM"}},{"type":"Feature","geometry":{"type":"Point","coordinates":[-8235756.076975142,4943138.3740189085]},"properties":{"key":1049,"date":"03/19/2025 09:32:00 AM"}},{"type":"Feature","geometry":{"type":"Point","coordinates":[-8232013.44780648,4951948.460058314]},"properties":{"key":1050,"date":"03/19/2025 09:23:00 AM"}},{"type":"Feature","geometry":{"type":"Point","coordinates":[-8232690.7169487905,4951972.54241473]},"properties":{"key":1051,"date":"03/19/2025 09:11:00 AM"}},{"type":"Feature","geometry":{"type":"Point","coordinates":[-8234994.988615535,4946414.069353494]},"properties":{"key":1052,"date":"03/19/2025 09:02:00 AM"}},{"type":"Feature","geometry":{"type":"Point","coordinates":[-8233059.696802367,4944296.521000157]},"properties":{"key":1053,"date":"03/19/2025 08:59:00 AM"}},{"type":"Feature","geometry":{"type":"Point","coordinates":[-8233496.417029592,4954349.12466922]},"properties":{"key":1054,"date":"03/19/2025 08:53:00 AM"}},{"type":"Feature","geometry":{"type":"Point","coordinates":[-8235601.763665048,4947478.829451036]},"properties":{"key":1055,"date":"03/19/2025 08:02:00 AM"}},{"type":"Feature","geometry":{"type":"Point","coordinates":[-8228390.65601775,4956651.223494219]},"properties":{"key":1056,"date":"03/19/2025 07:38:00 AM"}},{"type":"Feature","geometry":{"type":"Point","coordinates":[-8232632.527581512,4951791.235655001]},"properties":{"key":1057,"date":"03/19/2025 07:35:00 AM"}},{"type":"Feature","geometry":{"type":"Point","coordinates":[-8232076.065703552,4958438.488385389]},"properties":{"key":1058,"date":"03/19/2025 07:17:00 AM"}},{"type":"Feature","geometry":{"type":"Point","coordinates":[-8230000.218294559,4948711.950173506]},"properties":{"key":1059,"date":"03/19/2025 06:53:00 AM"}},{"type":"Feature","geometry":{"type":"Point","coordinates":[-8231201.642083153,4957232.988300887]},"properties":{"key":1060,"date":"03/19/2025 06:44:00 AM"}},{"type":"Feature","geometry":{"type":"Point","coordinates":[-8234467.557452583,4947567.316205986]},"properties":{"key":1061,"date":"03/19/2025 06:26:00 AM"}},{"type":"Feature","geometry":{"type":"Point","coordinates":[-8235301.012918873,4951792.2414868325]},"properties":{"key":1062,"date":"03/19/2025 02:29:00 AM"}},{"type":"Feature","geometry":{"type":"Point","coordinates":[-8237880.569907342,4947710.458367598]},"properties":{"key":1063,"date":"03/19/2025 01:17:00 AM"}},{"type":"Feature","geometry":{"type":"Point","coordinates":[-8237880.569907342,4947710.458367598]},"properties":{"key":1064,"date":"03/19/2025 01:11:00 AM"}},{"type":"Feature","geometry":{"type":"Point","coordinates":[-8232975.816814648,4946686.886802379]},"properties":{"key":1065,"date":"03/19/2025 12:56:00 AM"}},{"type":"Feature","geometry":{"type":"Point","coordinates":[-8228331.6385926455,4964976.232405569]},"properties":{"key":1066,"date":"03/19/2025 12:44:00 AM"}},{"type":"Feature","geometry":{"type":"Point","coordinates":[-8230772.07693735,4958449.321091985]},"properties":{"key":1067,"date":"03/19/2025 12:26:00 AM"}},{"type":"Feature","geometry":{"type":"Point","coordinates":[-8230772.07693735,4958449.321091985]},"properties":{"key":1068,"date":"03/19/2025 12:23:00 AM"}},{"type":"Feature","geometry":{"type":"Point","coordinates":[-8234822.339724059,4944712.486481364]},"properties":{"key":1069,"date":"03/19/2025 12:17:00 AM"}},{"type":"Feature","geometry":{"type":"Point","coordinates":[-8232977.424696676,4946684.878918559]},"properties":{"key":1070,"date":"03/19/2025 12:02:00 AM"}},{"type":"Feature","geometry":{"type":"Point","coordinates":[-8232975.816814648,4946686.886802379]},"properties":{"key":1071,"date":"03/19/2025 12:02:00 AM"}},{"type":"Feature","geometry":{"type":"Point","coordinates":[-8232087.150262812,4953808.892392275]},"properties":{"key":1072,"date":"03/18/2025 11:53:00 PM"}},{"type":"Feature","geometry":{"type":"Point","coordinates":[-8232774.131873734,4946719.328430176]},"properties":{"key":1073,"date":"03/18/2025 11:53:00 PM"}},{"type":"Feature","geometry":{"type":"Point","coordinates":[-8234387.297542423,4948490.995399605]},"properties":{"key":1074,"date":"03/18/2025 11:41:00 PM"}},{"type":"Feature","geometry":{"type":"Point","coordinates":[-8236162.376601177,4946468.548660073]},"properties":{"key":1075,"date":"03/18/2025 11:35:00 PM"}},{"type":"Feature","geometry":{"type":"Point","coordinates":[-8230842.531908027,4947399.935670799]},"properties":{"key":1076,"date":"03/18/2025 10:53:00 PM"}},{"type":"Feature","geometry":{"type":"Point","coordinates":[-8235969.9499275405,4946480.5692097545]},"properties":{"key":1077,"date":"03/18/2025 10:50:00 PM"}},{"type":"Feature","geometry":{"type":"Point","coordinates":[-8230560.0768964235,4948530.754590532]},"properties":{"key":1078,"date":"03/18/2025 10:50:00 PM"}},{"type":"Feature","geometry":{"type":"Point","coordinates":[-8236831.149158675,4942767.465821701]},"properties":{"key":1079,"date":"03/18/2025 10:47:00 PM"}},{"type":"Feature","geometry":{"type":"Point","coordinates":[-8230801.94176819,4947417.5847380925]},"properties":{"key":1080,"date":"03/18/2025 10:44:00 PM"}},{"type":"Feature","geometry":{"type":"Point","coordinates":[-8230879.908943232,4947380.677202113]},"properties":{"key":1081,"date":"03/18/2025 10:44:00 PM"}},{"type":"Feature","geometry":{"type":"Point","coordinates":[-8235828.345200059,4943229.547807918]},"properties":{"key":1082,"date":"03/18/2025 10:41:00 PM"}},{"type":"Feature","geometry":{"type":"Point","coordinates":[-8230801.94176819,4947417.5847380925]},"properties":{"key":1083,"date":"03/18/2025 10:41:00 PM"}},{"type":"Feature","geometry":{"type":"Point","coordinates":[-8230830.09784373,4947370.598556678]},"properties":{"key":1084,"date":"03/18/2025 10:41:00 PM"}},{"type":"Feature","geometry":{"type":"Point","coordinates":[-8230801.94176819,4947417.5847380925]},"properties":{"key":1085,"date":"03/18/2025 10:38:00 PM"}},{"type":"Feature","geometry":{"type":"Point","coordinates":[-8235900.657166858,4943083.384011375]},"properties":{"key":1086,"date":"03/18/2025 10:35:00 PM"}},{"type":"Feature","geometry":{"type":"Point","coordinates":[-8237526.20371139,4947935.857671277]},"properties":{"key":1087,"date":"03/18/2025 10:32:00 PM"}},{"type":"Feature","geometry":{"type":"Point","coordinates":[-8227463.658424898,4956710.219184958]},"properties":{"key":1088,"date":"03/18/2025 10:26:00 PM"}},{"type":"Feature","geometry":{"type":"Point","coordinates":[-8228715.101097503,4941379.704283703]},"properties":{"key":1089,"date":"03/18/2025 10:26:00 PM"}},{"type":"Feature","geometry":{"type":"Point","coordinates":[-8235600.1582131265,4945552.966734543]},"properties":{"key":1090,"date":"03/18/2025 10:20:00 PM"}},{"type":"Feature","geometry":{"type":"Point","coordinates":[-8234487.396109807,4947097.26680273]},"properties":{"key":1091,"date":"03/18/2025 10:11:00 PM"}},{"type":"Feature","geometry":{"type":"Point","coordinates":[-8236821.108308698,4942786.740316189]},"properties":{"key":1092,"date":"03/18/2025 10:05:00 PM"}},{"type":"Feature","geometry":{"type":"Point","coordinates":[-8231690.54070234,4942309.912944574]},"properties":{"key":1093,"date":"03/18/2025 10:05:00 PM"}},{"type":"Feature","geometry":{"type":"Point","coordinates":[-8227601.71205617,4956595.349838307]},"properties":{"key":1094,"date":"03/18/2025 10:05:00 PM"}},{"type":"Feature","geometry":{"type":"Point","coordinates":[-8234606.292703117,4947163.5930991825]},"properties":{"key":1095,"date":"03/18/2025 10:02:00 PM"}},{"type":"Feature","geometry":{"type":"Point","coordinates":[-8235082.6616323395,4952163.185138588]},"properties":{"key":1096,"date":"03/18/2025 09:44:00 PM"}},{"type":"Feature","geometry":{"type":"Point","coordinates":[-8232723.612762234,4944930.153313577]},"properties":{"key":1097,"date":"03/18/2025 09:44:00 PM"}},{"type":"Feature","geometry":{"type":"Point","coordinates":[-8227651.444175606,4956725.292728468]},"properties":{"key":1098,"date":"03/18/2025 09:38:00 PM"}},{"type":"Feature","geometry":{"type":"Point","coordinates":[-8235540.219060412,4949689.969701803]},"properties":{"key":1099,"date":"03/18/2025 09:20:00 PM"}},{"type":"Feature","geometry":{"type":"Point","coordinates":[-8235496.841612996,4949586.282404109]},"properties":{"key":1100,"date":"03/18/2025 09:20:00 PM"}},{"type":"Feature","geometry":{"type":"Point","coordinates":[-8235065.782659815,4952151.122014684]},"properties":{"key":1101,"date":"03/18/2025 09:14:00 PM"}},{"type":"Feature","geometry":{"type":"Point","coordinates":[-8228432.782260805,4965275.379313501]},"properties":{"key":1102,"date":"03/18/2025 09:05:00 PM"}},{"type":"Feature","geometry":{"type":"Point","coordinates":[-8237526.20371139,4947935.857671277]},"properties":{"key":1103,"date":"03/18/2025 09:02:00 PM"}},{"type":"Feature","geometry":{"type":"Point","coordinates":[-8236358.295515296,4947388.963884551]},"properties":{"key":1104,"date":"03/18/2025 08:35:00 PM"}},{"type":"Feature","geometry":{"type":"Point","coordinates":[-8229363.527042488,4950861.774630259]},"properties":{"key":1105,"date":"03/18/2025 08:29:00 PM"}},{"type":"Feature","geometry":{"type":"Point","coordinates":[-8237969.682988702,4945314.176137473]},"properties":{"key":1106,"date":"03/18/2025 08:20:00 PM"}},{"type":"Feature","geometry":{"type":"Point","coordinates":[-8236408.516868307,4947377.721110099]},"properties":{"key":1107,"date":"03/18/2025 08:11:00 PM"}},{"type":"Feature","geometry":{"type":"Point","coordinates":[-8237856.012626186,4945468.021635697]},"properties":{"key":1108,"date":"03/18/2025 08:08:00 PM"}},{"type":"Feature","geometry":{"type":"Point","coordinates":[-8228363.147238329,4965278.533277417]},"properties":{"key":1109,"date":"03/18/2025 08:02:00 PM"}},{"type":"Feature","geometry":{"type":"Point","coordinates":[-8236408.516868307,4947377.721110099]},"properties":{"key":1110,"date":"03/18/2025 07:59:00 PM"}},{"type":"Feature","geometry":{"type":"Point","coordinates":[-8234597.857455344,4947158.769467823]},"properties":{"key":1111,"date":"03/18/2025 07:53:00 PM"}},{"type":"Feature","geometry":{"type":"Point","coordinates":[-8233128.38230187,4949489.8338319445]},"properties":{"key":1112,"date":"03/18/2025 07:47:00 PM"}},{"type":"Feature","geometry":{"type":"Point","coordinates":[-8229383.427321729,4950142.814085741]},"properties":{"key":1113,"date":"03/18/2025 07:35:00 PM"}},{"type":"Feature","geometry":{"type":"Point","coordinates":[-8236328.224004238,4943959.74251456]},"properties":{"key":1114,"date":"03/18/2025 07:11:00 PM"}},{"type":"Feature","geometry":{"type":"Point","coordinates":[-8237858.769749486,4943006.835269255]},"properties":{"key":1115,"date":"03/18/2025 06:50:00 PM"}},{"type":"Feature","geometry":{"type":"Point","coordinates":[-8231890.561930049,4959260.542882146]},"properties":{"key":1116,"date":"03/18/2025 06:44:00 PM"}},{"type":"Feature","geometry":{"type":"Point","coordinates":[-8230590.000204503,4956605.609556757]},"properties":{"key":1117,"date":"03/18/2025 06:17:00 PM"}},{"type":"Feature","geometry":{"type":"Point","coordinates":[-8237191.047648342,4949446.26334603]},"properties":{"key":1118,"date":"03/18/2025 06:17:00 PM"}},{"type":"Feature","geometry":{"type":"Point","coordinates":[-8231867.777226994,4952228.134292815]},"properties":{"key":1119,"date":"03/18/2025 06:05:00 PM"}},{"type":"Feature","geometry":{"type":"Point","coordinates":[-8232496.360362538,4943244.823839789]},"properties":{"key":1120,"date":"03/18/2025 05:56:00 PM"}},{"type":"Feature","geometry":{"type":"Point","coordinates":[-8234994.988615535,4946414.069353494]},"properties":{"key":1121,"date":"03/18/2025 04:44:00 PM"}},{"type":"Feature","geometry":{"type":"Point","coordinates":[-8230202.234390921,4948838.276838826]},"properties":{"key":1122,"date":"03/18/2025 04:35:00 PM"}},{"type":"Feature","geometry":{"type":"Point","coordinates":[-8228631.035890849,4966338.617672718]},"properties":{"key":1123,"date":"03/18/2025 04:20:00 PM"}},{"type":"Feature","geometry":{"type":"Point","coordinates":[-8236358.294864076,4944343.299432201]},"properties":{"key":1124,"date":"03/18/2025 04:17:00 PM"}},{"type":"Feature","geometry":{"type":"Point","coordinates":[-8230600.014976776,4962229.147689361]},"properties":{"key":1125,"date":"03/18/2025 03:44:00 PM"}},{"type":"Feature","geometry":{"type":"Point","coordinates":[-8232730.636163832,4951721.750035274]},"properties":{"key":1126,"date":"03/18/2025 03:32:00 PM"}},{"type":"Feature","geometry":{"type":"Point","coordinates":[-8231773.8905354375,4952610.750664421]},"properties":{"key":1127,"date":"03/18/2025 03:23:00 PM"}},{"type":"Feature","geometry":{"type":"Point","coordinates":[-8231985.747118939,4955355.543479551]},"properties":{"key":1128,"date":"03/18/2025 03:02:00 PM"}},{"type":"Feature","geometry":{"type":"Point","coordinates":[-8236270.060581079,4943453.708716805]},"properties":{"key":1129,"date":"03/18/2025 01:29:00 PM"}},{"type":"Feature","geometry":{"type":"Point","coordinates":[-8236302.601608173,4943368.976570847]},"properties":{"key":1130,"date":"03/18/2025 01:20:00 PM"}},{"type":"Feature","geometry":{"type":"Point","coordinates":[-8236215.059733521,4943330.812807852]},"properties":{"key":1131,"date":"03/18/2025 01:20:00 PM"}},{"type":"Feature","geometry":{"type":"Point","coordinates":[-8233078.265680461,4955257.604999265]},"properties":{"key":1132,"date":"03/18/2025 12:53:00 PM"}},{"type":"Feature","geometry":{"type":"Point","coordinates":[-8230567.713184173,4951297.59104061]},"properties":{"key":1133,"date":"03/18/2025 12:41:00 PM"}},{"type":"Feature","geometry":{"type":"Point","coordinates":[-8231078.521224637,4947167.882864021]},"properties":{"key":1134,"date":"03/18/2025 11:38:00 AM"}},{"type":"Feature","geometry":{"type":"Point","coordinates":[-8236450.009479709,4949752.410995818]},"properties":{"key":1135,"date":"03/18/2025 11:35:00 AM"}},{"type":"Feature","geometry":{"type":"Point","coordinates":[-8233059.696802367,4944296.521000157]},"properties":{"key":1136,"date":"03/18/2025 11:29:00 AM"}},{"type":"Feature","geometry":{"type":"Point","coordinates":[-8236878.743215857,4945228.193886096]},"properties":{"key":1137,"date":"03/18/2025 11:20:00 AM"}},{"type":"Feature","geometry":{"type":"Point","coordinates":[-8236158.939569598,4942655.349603764]},"properties":{"key":1138,"date":"03/18/2025 11:08:00 AM"}},{"type":"Feature","geometry":{"type":"Point","coordinates":[-8231078.521224637,4947167.882864021]},"properties":{"key":1139,"date":"03/18/2025 11:08:00 AM"}},{"type":"Feature","geometry":{"type":"Point","coordinates":[-8233756.116172114,4954406.322375078]},"properties":{"key":1140,"date":"03/18/2025 11:02:00 AM"}},{"type":"Feature","geometry":{"type":"Point","coordinates":[-8229600.860213557,4940377.549303932]},"properties":{"key":1141,"date":"03/18/2025 10:53:00 AM"}},{"type":"Feature","geometry":{"type":"Point","coordinates":[-8229859.755405603,4960082.571875411]},"properties":{"key":1142,"date":"03/18/2025 10:47:00 AM"}},{"type":"Feature","geometry":{"type":"Point","coordinates":[-8235796.506013411,4945952.287765933]},"properties":{"key":1143,"date":"03/18/2025 10:41:00 AM"}},{"type":"Feature","geometry":{"type":"Point","coordinates":[-8237025.842048903,4943844.949447082]},"properties":{"key":1144,"date":"03/18/2025 10:29:00 AM"}},{"type":"Feature","geometry":{"type":"Point","coordinates":[-8231948.144108506,4959156.797004992]},"properties":{"key":1145,"date":"03/18/2025 10:26:00 AM"}},{"type":"Feature","geometry":{"type":"Point","coordinates":[-8235341.392620346,4945897.158216518]},"properties":{"key":1146,"date":"03/18/2025 09:56:00 AM"}},{"type":"Feature","geometry":{"type":"Point","coordinates":[-8234042.934242065,4950713.108517456]},"properties":{"key":1147,"date":"03/18/2025 09:50:00 AM"}},{"type":"Feature","geometry":{"type":"Point","coordinates":[-8227963.812049068,4951558.615794446]},"properties":{"key":1148,"date":"03/18/2025 09:44:00 AM"}},{"type":"Feature","geometry":{"type":"Point","coordinates":[-8235341.392620346,4945897.158216518]},"properties":{"key":1149,"date":"03/18/2025 09:41:00 AM"}},{"type":"Feature","geometry":{"type":"Point","coordinates":[-8232068.814888484,4952829.600391523]},"properties":{"key":1150,"date":"03/18/2025 09:14:00 AM"}},{"type":"Feature","geometry":{"type":"Point","coordinates":[-8233640.568790438,4955774.54335915]},"properties":{"key":1151,"date":"03/18/2025 08:59:00 AM"}},{"type":"Feature","geometry":{"type":"Point","coordinates":[-8229379.677357702,4965013.802964131]},"properties":{"key":1152,"date":"03/18/2025 08:56:00 AM"}},{"type":"Feature","geometry":{"type":"Point","coordinates":[-8232189.1432730835,4951868.974632121]},"properties":{"key":1153,"date":"03/18/2025 08:29:00 AM"}},{"type":"Feature","geometry":{"type":"Point","coordinates":[-8229893.163632682,4940336.434567037]},"properties":{"key":1154,"date":"03/18/2025 07:59:00 AM"}},{"type":"Feature","geometry":{"type":"Point","coordinates":[-8228016.1868809685,4946955.629217924]},"properties":{"key":1155,"date":"03/18/2025 07:44:00 AM"}},{"type":"Feature","geometry":{"type":"Point","coordinates":[-8228144.62846049,4956153.148600158]},"properties":{"key":1156,"date":"03/18/2025 07:29:00 AM"}},{"type":"Feature","geometry":{"type":"Point","coordinates":[-8227411.762529521,4964397.761992814]},"properties":{"key":1157,"date":"03/18/2025 06:35:00 AM"}},{"type":"Feature","geometry":{"type":"Point","coordinates":[-8234803.781514826,4943615.638809991]},"properties":{"key":1158,"date":"03/18/2025 06:32:00 AM"}},{"type":"Feature","geometry":{"type":"Point","coordinates":[-8234396.374789737,4947777.419079124]},"properties":{"key":1159,"date":"03/18/2025 06:23:00 AM"}},{"type":"Feature","geometry":{"type":"Point","coordinates":[-8237942.014716282,4946851.102754464]},"properties":{"key":1160,"date":"03/18/2025 06:17:00 AM"}},{"type":"Feature","geometry":{"type":"Point","coordinates":[-8233970.562850697,4948658.401459559]},"properties":{"key":1161,"date":"03/18/2025 06:08:00 AM"}},{"type":"Feature","geometry":{"type":"Point","coordinates":[-8235671.274816761,4943474.087554706]},"properties":{"key":1162,"date":"03/18/2025 04:17:00 AM"}},{"type":"Feature","geometry":{"type":"Point","coordinates":[-8235628.672420168,4947524.234386922]},"properties":{"key":1163,"date":"03/18/2025 03:53:00 AM"}},{"type":"Feature","geometry":{"type":"Point","coordinates":[-8237817.073204116,4946783.2124295235]},"properties":{"key":1164,"date":"03/18/2025 03:29:00 AM"}},{"type":"Feature","geometry":{"type":"Point","coordinates":[-8234918.12792395,4949764.159075215]},"properties":{"key":1165,"date":"03/18/2025 01:41:00 AM"}},{"type":"Feature","geometry":{"type":"Point","coordinates":[-8237956.878206012,4946826.596342349]},"properties":{"key":1166,"date":"03/18/2025 01:29:00 AM"}},{"type":"Feature","geometry":{"type":"Point","coordinates":[-8237942.014716282,4946851.102754464]},"properties":{"key":1167,"date":"03/18/2025 01:26:00 AM"}},{"type":"Feature","geometry":{"type":"Point","coordinates":[-8229681.960393292,4951199.241971519]},"properties":{"key":1168,"date":"03/18/2025 01:05:00 AM"}},{"type":"Feature","geometry":{"type":"Point","coordinates":[-8236338.474420948,4945393.224557329]},"properties":{"key":1169,"date":"03/18/2025 12:56:00 AM"}},{"type":"Feature","geometry":{"type":"Point","coordinates":[-8236319.590686807,4945429.373032519]},"properties":{"key":1170,"date":"03/18/2025 12:50:00 AM"}},{"type":"Feature","geometry":{"type":"Point","coordinates":[-8236319.590686807,4945429.373032519]},"properties":{"key":1171,"date":"03/18/2025 12:38:00 AM"}},{"type":"Feature","geometry":{"type":"Point","coordinates":[-8236385.883408365,4945307.272233406]},"properties":{"key":1172,"date":"03/18/2025 12:38:00 AM"}},{"type":"Feature","geometry":{"type":"Point","coordinates":[-8237932.373464315,4946865.967336408]},"properties":{"key":1173,"date":"03/18/2025 12:08:00 AM"}},{"type":"Feature","geometry":{"type":"Point","coordinates":[-8238497.963222144,4941637.110570434]},"properties":{"key":1174,"date":"03/18/2025 12:05:00 AM"}},{"type":"Feature","geometry":{"type":"Point","coordinates":[-8228091.989454079,4950777.418693683]},"properties":{"key":1175,"date":"03/18/2025 12:05:00 AM"}},{"type":"Feature","geometry":{"type":"Point","coordinates":[-8238475.828757385,4941043.680237378]},"properties":{"key":1176,"date":"03/17/2025 11:50:00 PM"}},{"type":"Feature","geometry":{"type":"Point","coordinates":[-8235611.828455396,4945450.138657984]},"properties":{"key":1177,"date":"03/17/2025 11:44:00 PM"}},{"type":"Feature","geometry":{"type":"Point","coordinates":[-8238154.4185040975,4944657.051710048]},"properties":{"key":1178,"date":"03/17/2025 11:26:00 PM"}},{"type":"Feature","geometry":{"type":"Point","coordinates":[-8236286.243478394,4945486.005315798]},"properties":{"key":1179,"date":"03/17/2025 11:05:00 PM"}},{"type":"Feature","geometry":{"type":"Point","coordinates":[-8236385.883408365,4945307.272233406]},"properties":{"key":1180,"date":"03/17/2025 11:05:00 PM"}},{"type":"Feature","geometry":{"type":"Point","coordinates":[-8239186.535064274,4941388.888070338]},"properties":{"key":1181,"date":"03/17/2025 11:02:00 PM"}},{"type":"Feature","geometry":{"type":"Point","coordinates":[-8236314.770105352,4945432.585807419]},"properties":{"key":1182,"date":"03/17/2025 10:56:00 PM"}},{"type":"Feature","geometry":{"type":"Point","coordinates":[-8236654.443265092,4942920.44854161]},"properties":{"key":1183,"date":"03/17/2025 10:41:00 PM"}},{"type":"Feature","geometry":{"type":"Point","coordinates":[-8234606.292703117,4947163.5930991825]},"properties":{"key":1184,"date":"03/17/2025 10:38:00 PM"}},{"type":"Feature","geometry":{"type":"Point","coordinates":[-8227463.658424898,4956710.219184958]},"properties":{"key":1185,"date":"03/17/2025 10:38:00 PM"}},{"type":"Feature","geometry":{"type":"Point","coordinates":[-8231311.32399856,4941927.405706216]},"properties":{"key":1186,"date":"03/17/2025 10:35:00 PM"}},{"type":"Feature","geometry":{"type":"Point","coordinates":[-8235600.1582131265,4945552.966734543]},"properties":{"key":1187,"date":"03/17/2025 10:35:00 PM"}},{"type":"Feature","geometry":{"type":"Point","coordinates":[-8235600.1582131265,4945552.966734543]},"properties":{"key":1188,"date":"03/17/2025 10:32:00 PM"}},{"type":"Feature","geometry":{"type":"Point","coordinates":[-8227463.658424898,4956710.219184958]},"properties":{"key":1189,"date":"03/17/2025 10:29:00 PM"}},{"type":"Feature","geometry":{"type":"Point","coordinates":[-8234606.292703117,4947163.5930991825]},"properties":{"key":1190,"date":"03/17/2025 10:26:00 PM"}},{"type":"Feature","geometry":{"type":"Point","coordinates":[-8237998.5857720105,4944828.563385829]},"properties":{"key":1191,"date":"03/17/2025 10:20:00 PM"}},{"type":"Feature","geometry":{"type":"Point","coordinates":[-8235756.076975142,4943138.3740189085]},"properties":{"key":1192,"date":"03/17/2025 10:20:00 PM"}},{"type":"Feature","geometry":{"type":"Point","coordinates":[-8235065.782659815,4952151.122014684]},"properties":{"key":1193,"date":"03/17/2025 10:20:00 PM"}},{"type":"Feature","geometry":{"type":"Point","coordinates":[-8232707.880313672,4952210.507464369]},"properties":{"key":1194,"date":"03/17/2025 10:17:00 PM"}},{"type":"Feature","geometry":{"type":"Point","coordinates":[-8235756.076975142,4943138.3740189085]},"properties":{"key":1195,"date":"03/17/2025 10:14:00 PM"}},{"type":"Feature","geometry":{"type":"Point","coordinates":[-8235957.26532092,4943169.734491296]},"properties":{"key":1196,"date":"03/17/2025 10:11:00 PM"}},{"type":"Feature","geometry":{"type":"Point","coordinates":[-8236654.443265092,4942920.44854161]},"properties":{"key":1197,"date":"03/17/2025 10:11:00 PM"}},{"type":"Feature","geometry":{"type":"Point","coordinates":[-8235928.765937183,4943094.633297264]},"properties":{"key":1198,"date":"03/17/2025 10:08:00 PM"}},{"type":"Feature","geometry":{"type":"Point","coordinates":[-8235766.100589521,4943221.504270057]},"properties":{"key":1199,"date":"03/17/2025 10:05:00 PM"}},{"type":"Feature","geometry":{"type":"Point","coordinates":[-8235900.657166858,4943083.384011375]},"properties":{"key":1200,"date":"03/17/2025 10:05:00 PM"}},{"type":"Feature","geometry":{"type":"Point","coordinates":[-8235766.100589521,4943221.504270057]},"properties":{"key":1201,"date":"03/17/2025 10:02:00 PM"}},{"type":"Feature","geometry":{"type":"Point","coordinates":[-8234433.125700673,4947202.105740339]},"properties":{"key":1202,"date":"03/17/2025 09:59:00 PM"}},{"type":"Feature","geometry":{"type":"Point","coordinates":[-8237106.039439811,4946123.573530173]},"properties":{"key":1203,"date":"03/17/2025 09:41:00 PM"}},{"type":"Feature","geometry":{"type":"Point","coordinates":[-8235017.152731354,4952126.187821347]},"properties":{"key":1204,"date":"03/17/2025 09:29:00 PM"}},{"type":"Feature","geometry":{"type":"Point","coordinates":[-8237508.974671348,4944456.644500459]},"properties":{"key":1205,"date":"03/17/2025 09:29:00 PM"}},{"type":"Feature","geometry":{"type":"Point","coordinates":[-8232180.168007782,4950670.445873983]},"properties":{"key":1206,"date":"03/17/2025 09:20:00 PM"}},{"type":"Feature","geometry":{"type":"Point","coordinates":[-8235603.394780566,4945442.504988031]},"properties":{"key":1207,"date":"03/17/2025 09:17:00 PM"}},{"type":"Feature","geometry":{"type":"Point","coordinates":[-8235556.64235996,4942423.94098937]},"properties":{"key":1208,"date":"03/17/2025 09:17:00 PM"}},{"type":"Feature","geometry":{"type":"Point","coordinates":[-8235594.783922957,4942453.2626275765]},"properties":{"key":1209,"date":"03/17/2025 09:14:00 PM"}},{"type":"Feature","geometry":{"type":"Point","coordinates":[-8238131.533315163,4944830.164237648]},"properties":{"key":1210,"date":"03/17/2025 09:08:00 PM"}},{"type":"Feature","geometry":{"type":"Point","coordinates":[-8231015.271824337,4961623.083835418]},"properties":{"key":1211,"date":"03/17/2025 09:02:00 PM"}},{"type":"Feature","geometry":{"type":"Point","coordinates":[-8237817.073204116,4946783.2124295235]},"properties":{"key":1212,"date":"03/17/2025 08:29:00 PM"}},{"type":"Feature","geometry":{"type":"Point","coordinates":[-8235766.100589521,4943221.504270057]},"properties":{"key":1213,"date":"03/17/2025 08:26:00 PM"}},{"type":"Feature","geometry":{"type":"Point","coordinates":[-8229601.327929077,4964182.486805108]},"properties":{"key":1214,"date":"03/17/2025 08:20:00 PM"}},{"type":"Feature","geometry":{"type":"Point","coordinates":[-8232699.351411699,4945249.464545502]},"properties":{"key":1215,"date":"03/17/2025 08:08:00 PM"}},{"type":"Feature","geometry":{"type":"Point","coordinates":[-8235675.092071193,4942468.538305974]},"properties":{"key":1216,"date":"03/17/2025 08:08:00 PM"}},{"type":"Feature","geometry":{"type":"Point","coordinates":[-8230671.017249728,4942291.970724033]},"properties":{"key":1217,"date":"03/17/2025 07:59:00 PM"}},{"type":"Feature","geometry":{"type":"Point","coordinates":[-8228390.65601775,4956651.223494219]},"properties":{"key":1218,"date":"03/17/2025 07:14:00 PM"}},{"type":"Feature","geometry":{"type":"Point","coordinates":[-8234606.292703117,4947163.5930991825]},"properties":{"key":1219,"date":"03/17/2025 07:08:00 PM"}},{"type":"Feature","geometry":{"type":"Point","coordinates":[-8237189.684530047,4944185.532586974]},"properties":{"key":1220,"date":"03/17/2025 06:59:00 PM"}},{"type":"Feature","geometry":{"type":"Point","coordinates":[-8232145.213372638,4950652.340985376]},"properties":{"key":1221,"date":"03/17/2025 06:53:00 PM"}},{"type":"Feature","geometry":{"type":"Point","coordinates":[-8232180.168007782,4950670.445873983]},"properties":{"key":1222,"date":"03/17/2025 06:44:00 PM"}},{"type":"Feature","geometry":{"type":"Point","coordinates":[-8232180.168007782,4950670.445873983]},"properties":{"key":1223,"date":"03/17/2025 06:38:00 PM"}},{"type":"Feature","geometry":{"type":"Point","coordinates":[-8236341.104083431,4943747.692143904]},"properties":{"key":1224,"date":"03/17/2025 06:08:00 PM"}},{"type":"Feature","geometry":{"type":"Point","coordinates":[-8231640.652482923,4960097.508224547]},"properties":{"key":1225,"date":"03/17/2025 06:08:00 PM"}},{"type":"Feature","geometry":{"type":"Point","coordinates":[-8232202.697870469,4950627.857718434]},"properties":{"key":1226,"date":"03/17/2025 05:47:00 PM"}},{"type":"Feature","geometry":{"type":"Point","coordinates":[-8235063.89955927,4953192.2423840435]},"properties":{"key":1227,"date":"03/17/2025 05:44:00 PM"}},{"type":"Feature","geometry":{"type":"Point","coordinates":[-8232519.948894732,4951858.301530742]},"properties":{"key":1228,"date":"03/17/2025 05:26:00 PM"}},{"type":"Feature","geometry":{"type":"Point","coordinates":[-8232180.168007782,4950670.445873983]},"properties":{"key":1229,"date":"03/17/2025 04:50:00 PM"}},{"type":"Feature","geometry":{"type":"Point","coordinates":[-8229693.775781707,4963831.228261912]},"properties":{"key":1230,"date":"03/17/2025 04:47:00 PM"}},{"type":"Feature","geometry":{"type":"Point","coordinates":[-8233658.67751383,4942953.015686656]},"properties":{"key":1231,"date":"03/17/2025 03:23:00 PM"}},{"type":"Feature","geometry":{"type":"Point","coordinates":[-8236825.748274281,4949720.70306017]},"properties":{"key":1232,"date":"03/17/2025 02:32:00 PM"}},{"type":"Feature","geometry":{"type":"Point","coordinates":[-8229537.522394413,4950896.082587427]},"properties":{"key":1233,"date":"03/17/2025 02:26:00 PM"}},{"type":"Feature","geometry":{"type":"Point","coordinates":[-8237037.097918838,4943672.659501738]},"properties":{"key":1234,"date":"03/17/2025 02:23:00 PM"}},{"type":"Feature","geometry":{"type":"Point","coordinates":[-8231378.052554846,4957451.07926137]},"properties":{"key":1235,"date":"03/17/2025 01:59:00 PM"}},{"type":"Feature","geometry":{"type":"Point","coordinates":[-8239456.613993454,4942800.6610699715]},"properties":{"key":1236,"date":"03/17/2025 01:02:00 PM"}},{"type":"Feature","geometry":{"type":"Point","coordinates":[-8230668.197788628,4942304.015202708]},"properties":{"key":1237,"date":"03/17/2025 01:02:00 PM"}},{"type":"Feature","geometry":{"type":"Point","coordinates":[-8230737.636350012,4942345.825918497]},"properties":{"key":1238,"date":"03/17/2025 12:50:00 PM"}},{"type":"Feature","geometry":{"type":"Point","coordinates":[-8234396.374789737,4947777.419079124]},"properties":{"key":1239,"date":"03/17/2025 12:44:00 PM"}},{"type":"Feature","geometry":{"type":"Point","coordinates":[-8228895.363096672,4950354.981672527]},"properties":{"key":1240,"date":"03/17/2025 12:38:00 PM"}},{"type":"Feature","geometry":{"type":"Point","coordinates":[-8230249.66609753,4948815.811059112]},"properties":{"key":1241,"date":"03/17/2025 12:29:00 PM"}},{"type":"Feature","geometry":{"type":"Point","coordinates":[-8232115.154985036,4956888.094993407]},"properties":{"key":1242,"date":"03/17/2025 12:29:00 PM"}},{"type":"Feature","geometry":{"type":"Point","coordinates":[-8234977.867710135,4951736.28891761]},"properties":{"key":1243,"date":"03/17/2025 11:59:00 AM"}},{"type":"Feature","geometry":{"type":"Point","coordinates":[-8231829.304443984,4950686.318828112]},"properties":{"key":1244,"date":"03/17/2025 11:38:00 AM"}},{"type":"Feature","geometry":{"type":"Point","coordinates":[-8233658.67751383,4942953.015686656]},"properties":{"key":1245,"date":"03/17/2025 11:35:00 AM"}},{"type":"Feature","geometry":{"type":"Point","coordinates":[-8232296.3986395495,4951985.19656815]},"properties":{"key":1246,"date":"03/17/2025 11:35:00 AM"}},{"type":"Feature","geometry":{"type":"Point","coordinates":[-8237299.137491315,4949623.884509715]},"properties":{"key":1247,"date":"03/17/2025 11:02:00 AM"}},{"type":"Feature","geometry":{"type":"Point","coordinates":[-8237300.744771104,4949627.501231261]},"properties":{"key":1248,"date":"03/17/2025 10:56:00 AM"}},{"type":"Feature","geometry":{"type":"Point","coordinates":[-8238512.765197837,4945527.0323120095]},"properties":{"key":1249,"date":"03/17/2025 10:56:00 AM"}},{"type":"Feature","geometry":{"type":"Point","coordinates":[-8237354.399966394,4942554.264458752]},"properties":{"key":1250,"date":"03/17/2025 10:32:00 AM"}},{"type":"Feature","geometry":{"type":"Point","coordinates":[-8228895.363096672,4950354.981672527]},"properties":{"key":1251,"date":"03/17/2025 10:05:00 AM"}},{"type":"Feature","geometry":{"type":"Point","coordinates":[-8232519.948894732,4951858.301530742]},"properties":{"key":1252,"date":"03/17/2025 10:02:00 AM"}},{"type":"Feature","geometry":{"type":"Point","coordinates":[-8236158.939569598,4942655.349603764]},"properties":{"key":1253,"date":"03/17/2025 09:56:00 AM"}},{"type":"Feature","geometry":{"type":"Point","coordinates":[-8228602.990644992,4941908.4067817405]},"properties":{"key":1254,"date":"03/17/2025 09:56:00 AM"}},{"type":"Feature","geometry":{"type":"Point","coordinates":[-8236390.03070505,4944290.689648905]},"properties":{"key":1255,"date":"03/17/2025 09:53:00 AM"}},{"type":"Feature","geometry":{"type":"Point","coordinates":[-8235886.93276161,4950170.667828815]},"properties":{"key":1256,"date":"03/17/2025 09:41:00 AM"}},{"type":"Feature","geometry":{"type":"Point","coordinates":[-8232239.45739308,4954642.811608636]},"properties":{"key":1257,"date":"03/17/2025 09:35:00 AM"}},{"type":"Feature","geometry":{"type":"Point","coordinates":[-8236158.939569598,4942655.349603764]},"properties":{"key":1258,"date":"03/17/2025 09:17:00 AM"}},{"type":"Feature","geometry":{"type":"Point","coordinates":[-8236356.33629671,4950059.8244160935]},"properties":{"key":1259,"date":"03/17/2025 09:17:00 AM"}},{"type":"Feature","geometry":{"type":"Point","coordinates":[-8228606.315104738,4940487.485000704]},"properties":{"key":1260,"date":"03/17/2025 09:08:00 AM"}},{"type":"Feature","geometry":{"type":"Point","coordinates":[-8229461.6552927345,4950785.496233757]},"properties":{"key":1261,"date":"03/17/2025 09:08:00 AM"}},{"type":"Feature","geometry":{"type":"Point","coordinates":[-8234994.988615535,4946414.069353494]},"properties":{"key":1262,"date":"03/17/2025 08:59:00 AM"}},{"type":"Feature","geometry":{"type":"Point","coordinates":[-8238331.207154817,4945563.198341559]},"properties":{"key":1263,"date":"03/17/2025 08:38:00 AM"}},{"type":"Feature","geometry":{"type":"Point","coordinates":[-8234401.596801522,4947780.635021011]},"properties":{"key":1264,"date":"03/17/2025 08:23:00 AM"}},{"type":"Feature","geometry":{"type":"Point","coordinates":[-8235510.600497231,4947309.267369435]},"properties":{"key":1265,"date":"03/17/2025 08:23:00 AM"}},{"type":"Feature","geometry":{"type":"Point","coordinates":[-8233602.3476696275,4949033.957109085]},"properties":{"key":1266,"date":"03/17/2025 08:20:00 AM"}},{"type":"Feature","geometry":{"type":"Point","coordinates":[-8232484.265329545,4944852.911574204]},"properties":{"key":1267,"date":"03/17/2025 08:14:00 AM"}},{"type":"Feature","geometry":{"type":"Point","coordinates":[-8230928.408751451,4962728.332675426]},"properties":{"key":1268,"date":"03/17/2025 08:14:00 AM"}},{"type":"Feature","geometry":{"type":"Point","coordinates":[-8230928.408751451,4962728.332675426]},"properties":{"key":1269,"date":"03/17/2025 08:11:00 AM"}},{"type":"Feature","geometry":{"type":"Point","coordinates":[-8236313.993507188,4951135.280839292]},"properties":{"key":1270,"date":"03/17/2025 07:23:00 AM"}},{"type":"Feature","geometry":{"type":"Point","coordinates":[-8232954.715882342,4949633.211990846]},"properties":{"key":1271,"date":"03/17/2025 07:14:00 AM"}},{"type":"Feature","geometry":{"type":"Point","coordinates":[-8234779.051987908,4947140.745624351]},"properties":{"key":1272,"date":"03/17/2025 06:56:00 AM"}},{"type":"Feature","geometry":{"type":"Point","coordinates":[-8234779.051987908,4947140.745624351]},"properties":{"key":1273,"date":"03/17/2025 06:47:00 AM"}},{"type":"Feature","geometry":{"type":"Point","coordinates":[-8230705.692548647,4960737.746573604]},"properties":{"key":1274,"date":"03/17/2025 06:44:00 AM"}},{"type":"Feature","geometry":{"type":"Point","coordinates":[-8234779.051987908,4947140.745624351]},"properties":{"key":1275,"date":"03/17/2025 06:41:00 AM"}},{"type":"Feature","geometry":{"type":"Point","coordinates":[-8236228.202188302,4946859.843047531]},"properties":{"key":1276,"date":"03/17/2025 06:32:00 AM"}},{"type":"Feature","geometry":{"type":"Point","coordinates":[-8233684.6015801495,4948341.2652504705]},"properties":{"key":1277,"date":"03/17/2025 05:47:00 AM"}},{"type":"Feature","geometry":{"type":"Point","coordinates":[-8233707.498915154,4948354.132083986]},"properties":{"key":1278,"date":"03/17/2025 05:41:00 AM"}},{"type":"Feature","geometry":{"type":"Point","coordinates":[-8233823.640907662,4948297.926526449]},"properties":{"key":1279,"date":"03/17/2025 05:38:00 AM"}},{"type":"Feature","geometry":{"type":"Point","coordinates":[-8233734.816268463,4948366.598852885]},"properties":{"key":1280,"date":"03/17/2025 05:35:00 AM"}},{"type":"Feature","geometry":{"type":"Point","coordinates":[-8232039.7123479135,4956606.550253827]},"properties":{"key":1281,"date":"03/17/2025 05:20:00 AM"}},{"type":"Feature","geometry":{"type":"Point","coordinates":[-8227550.012389227,4957202.143321888]},"properties":{"key":1282,"date":"03/17/2025 04:35:00 AM"}},{"type":"Feature","geometry":{"type":"Point","coordinates":[-8236313.993507188,4951135.280839292]},"properties":{"key":1283,"date":"03/17/2025 01:23:00 AM"}},{"type":"Feature","geometry":{"type":"Point","coordinates":[-8236313.993507188,4951135.280839292]},"properties":{"key":1284,"date":"03/17/2025 01:08:00 AM"}},{"type":"Feature","geometry":{"type":"Point","coordinates":[-8236289.478716681,4951121.210495015]},"properties":{"key":1285,"date":"03/17/2025 01:02:00 AM"}},{"type":"Feature","geometry":{"type":"Point","coordinates":[-8236289.478716681,4951121.210495015]},"properties":{"key":1286,"date":"03/17/2025 12:59:00 AM"}},{"type":"Feature","geometry":{"type":"Point","coordinates":[-8236339.714059213,4951149.7532168925]},"properties":{"key":1287,"date":"03/17/2025 12:59:00 AM"}},{"type":"Feature","geometry":{"type":"Point","coordinates":[-8236313.993507188,4951135.280839292]},"properties":{"key":1288,"date":"03/17/2025 12:59:00 AM"}},{"type":"Feature","geometry":{"type":"Point","coordinates":[-8236376.285766921,4951169.049945447]},"properties":{"key":1289,"date":"03/17/2025 12:56:00 AM"}},{"type":"Feature","geometry":{"type":"Point","coordinates":[-8236297.516371309,4951125.6326533025]},"properties":{"key":1290,"date":"03/17/2025 12:53:00 AM"}},{"type":"Feature","geometry":{"type":"Point","coordinates":[-8236352.172502477,4951156.5874212105]},"properties":{"key":1291,"date":"03/17/2025 12:53:00 AM"}},{"type":"Feature","geometry":{"type":"Point","coordinates":[-8236289.478716681,4951121.210495015]},"properties":{"key":1292,"date":"03/17/2025 12:53:00 AM"}},{"type":"Feature","geometry":{"type":"Point","coordinates":[-8236339.714059213,4951149.7532168925]},"properties":{"key":1293,"date":"03/17/2025 12:53:00 AM"}},{"type":"Feature","geometry":{"type":"Point","coordinates":[-8233043.7648548065,4940607.818807892]},"properties":{"key":1294,"date":"03/17/2025 12:50:00 AM"}},{"type":"Feature","geometry":{"type":"Point","coordinates":[-8237626.649120252,4947988.893715998]},"properties":{"key":1295,"date":"03/17/2025 12:20:00 AM"}},{"type":"Feature","geometry":{"type":"Point","coordinates":[-8237771.29089725,4947949.518106595]},"properties":{"key":1296,"date":"03/17/2025 12:17:00 AM"}},{"type":"Feature","geometry":{"type":"Point","coordinates":[-8233075.8646504,4940647.580513007]},"properties":{"key":1297,"date":"03/17/2025 12:17:00 AM"}},{"type":"Feature","geometry":{"type":"Point","coordinates":[-8231154.864566681,4949567.482714357]},"properties":{"key":1298,"date":"03/16/2025 11:11:00 PM"}},{"type":"Feature","geometry":{"type":"Point","coordinates":[-8231926.814384589,4955058.370703614]},"properties":{"key":1299,"date":"03/16/2025 11:08:00 PM"}},{"type":"Feature","geometry":{"type":"Point","coordinates":[-8236390.03070505,4944290.689648905]},"properties":{"key":1300,"date":"03/16/2025 10:32:00 PM"}},{"type":"Feature","geometry":{"type":"Point","coordinates":[-8236390.03070505,4944290.689648905]},"properties":{"key":1301,"date":"03/16/2025 10:29:00 PM"}},{"type":"Feature","geometry":{"type":"Point","coordinates":[-8235940.778215266,4947900.353157798]},"properties":{"key":1302,"date":"03/16/2025 10:20:00 PM"}},{"type":"Feature","geometry":{"type":"Point","coordinates":[-8227460.865271933,4942833.663816025]},"properties":{"key":1303,"date":"03/16/2025 10:08:00 PM"}},{"type":"Feature","geometry":{"type":"Point","coordinates":[-8236384.808300307,4944299.926513569]},"properties":{"key":1304,"date":"03/16/2025 09:35:00 PM"}},{"type":"Feature","geometry":{"type":"Point","coordinates":[-8236654.443265092,4942920.44854161]},"properties":{"key":1305,"date":"03/16/2025 09:17:00 PM"}},{"type":"Feature","geometry":{"type":"Point","coordinates":[-8232837.67904699,4940049.677934646]},"properties":{"key":1306,"date":"03/16/2025 09:11:00 PM"}},{"type":"Feature","geometry":{"type":"Point","coordinates":[-8232886.164734334,4950941.696588173]},"properties":{"key":1307,"date":"03/16/2025 08:59:00 PM"}},{"type":"Feature","geometry":{"type":"Point","coordinates":[-8229507.518384155,4964228.288643404]},"properties":{"key":1308,"date":"03/16/2025 08:56:00 PM"}},{"type":"Feature","geometry":{"type":"Point","coordinates":[-8235447.393171245,4949679.099189069]},"properties":{"key":1309,"date":"03/16/2025 08:02:00 PM"}},{"type":"Feature","geometry":{"type":"Point","coordinates":[-8235103.793529274,4949735.275492358]},"properties":{"key":1310,"date":"03/16/2025 08:02:00 PM"}},{"type":"Feature","geometry":{"type":"Point","coordinates":[-8238521.216280809,4941246.033395252]},"properties":{"key":1311,"date":"03/16/2025 07:47:00 PM"}},{"type":"Feature","geometry":{"type":"Point","coordinates":[-8236129.368483066,4944311.135933789]},"properties":{"key":1312,"date":"03/16/2025 06:26:00 PM"}},{"type":"Feature","geometry":{"type":"Point","coordinates":[-8230573.118608177,4940520.825791874]},"properties":{"key":1313,"date":"03/16/2025 06:26:00 PM"}},{"type":"Feature","geometry":{"type":"Point","coordinates":[-8230688.021502322,4962387.3441087855]},"properties":{"key":1314,"date":"03/16/2025 06:23:00 PM"}},{"type":"Feature","geometry":{"type":"Point","coordinates":[-8230688.021502322,4962387.3441087855]},"properties":{"key":1315,"date":"03/16/2025 06:08:00 PM"}},{"type":"Feature","geometry":{"type":"Point","coordinates":[-8237215.331391908,4945494.123883588]},"properties":{"key":1316,"date":"03/16/2025 05:14:00 PM"}},{"type":"Feature","geometry":{"type":"Point","coordinates":[-8229893.163632682,4940336.434567037]},"properties":{"key":1317,"date":"03/16/2025 03:32:00 PM"}},{"type":"Feature","geometry":{"type":"Point","coordinates":[-8229607.754226281,4964198.187746236]},"properties":{"key":1318,"date":"03/16/2025 03:20:00 PM"}},{"type":"Feature","geometry":{"type":"Point","coordinates":[-8238291.107523167,4946597.1911174515]},"properties":{"key":1319,"date":"03/16/2025 03:20:00 PM"}},{"type":"Feature","geometry":{"type":"Point","coordinates":[-8236654.909072597,4946252.487183947]},"properties":{"key":1320,"date":"03/16/2025 03:02:00 PM"}},{"type":"Feature","geometry":{"type":"Point","coordinates":[-8228858.038893697,4946284.333078592]},"properties":{"key":1321,"date":"03/16/2025 03:02:00 PM"}},{"type":"Feature","geometry":{"type":"Point","coordinates":[-8227473.235895251,4940598.381475358]},"properties":{"key":1322,"date":"03/16/2025 02:47:00 PM"}},{"type":"Feature","geometry":{"type":"Point","coordinates":[-8236654.443265092,4942920.44854161]},"properties":{"key":1323,"date":"03/16/2025 02:47:00 PM"}},{"type":"Feature","geometry":{"type":"Point","coordinates":[-8232208.224239759,4942877.622276536]},"properties":{"key":1324,"date":"03/16/2025 02:44:00 PM"}},{"type":"Feature","geometry":{"type":"Point","coordinates":[-8229530.515205387,4955938.865549065]},"properties":{"key":1325,"date":"03/16/2025 02:23:00 PM"}},{"type":"Feature","geometry":{"type":"Point","coordinates":[-8236889.95890725,4940426.202307891]},"properties":{"key":1326,"date":"03/16/2025 02:14:00 PM"}},{"type":"Feature","geometry":{"type":"Point","coordinates":[-8231571.859258437,4956225.451590355]},"properties":{"key":1327,"date":"03/16/2025 02:08:00 PM"}},{"type":"Feature","geometry":{"type":"Point","coordinates":[-8228470.463676894,4941076.741824679]},"properties":{"key":1328,"date":"03/16/2025 01:47:00 PM"}},{"type":"Feature","geometry":{"type":"Point","coordinates":[-8228424.29088018,4941077.099785216]},"properties":{"key":1329,"date":"03/16/2025 01:32:00 PM"}},{"type":"Feature","geometry":{"type":"Point","coordinates":[-8232745.258026814,4956222.090230437]},"properties":{"key":1330,"date":"03/16/2025 01:29:00 PM"}},{"type":"Feature","geometry":{"type":"Point","coordinates":[-8228424.29088018,4941077.099785216]},"properties":{"key":1331,"date":"03/16/2025 01:29:00 PM"}},{"type":"Feature","geometry":{"type":"Point","coordinates":[-8230812.860600556,4955924.165620823]},"properties":{"key":1332,"date":"03/16/2025 12:44:00 PM"}},{"type":"Feature","geometry":{"type":"Point","coordinates":[-8232855.874304592,4955337.111293863]},"properties":{"key":1333,"date":"03/16/2025 12:26:00 PM"}},{"type":"Feature","geometry":{"type":"Point","coordinates":[-8230790.650450788,4962355.226576311]},"properties":{"key":1334,"date":"03/16/2025 12:20:00 PM"}},{"type":"Feature","geometry":{"type":"Point","coordinates":[-8227298.021430147,4962354.561284536]},"properties":{"key":1335,"date":"03/16/2025 12:08:00 PM"}},{"type":"Feature","geometry":{"type":"Point","coordinates":[-8230202.234390921,4948838.276838826]},"properties":{"key":1336,"date":"03/16/2025 11:47:00 AM"}},{"type":"Feature","geometry":{"type":"Point","coordinates":[-8228533.955474271,4940588.188519462]},"properties":{"key":1337,"date":"03/16/2025 11:44:00 AM"}},{"type":"Feature","geometry":{"type":"Point","coordinates":[-8237023.425893863,4943946.959644752]},"properties":{"key":1338,"date":"03/16/2025 11:44:00 AM"}},{"type":"Feature","geometry":{"type":"Point","coordinates":[-8238475.828757385,4941043.680237378]},"properties":{"key":1339,"date":"03/16/2025 10:38:00 AM"}},{"type":"Feature","geometry":{"type":"Point","coordinates":[-8238518.796343134,4941124.779424732]},"properties":{"key":1340,"date":"03/16/2025 10:26:00 AM"}},{"type":"Feature","geometry":{"type":"Point","coordinates":[-8229090.404144173,4960753.763085288]},"properties":{"key":1341,"date":"03/16/2025 09:47:00 AM"}},{"type":"Feature","geometry":{"type":"Point","coordinates":[-8227962.1303221425,4959329.034972374]},"properties":{"key":1342,"date":"03/16/2025 09:38:00 AM"}},{"type":"Feature","geometry":{"type":"Point","coordinates":[-8231926.814384589,4955058.370703614]},"properties":{"key":1343,"date":"03/16/2025 09:32:00 AM"}},{"type":"Feature","geometry":{"type":"Point","coordinates":[-8237285.478112235,4949526.234585437]},"properties":{"key":1344,"date":"03/16/2025 09:32:00 AM"}},{"type":"Feature","geometry":{"type":"Point","coordinates":[-8231237.111018798,4958338.224585852]},"properties":{"key":1345,"date":"03/16/2025 09:32:00 AM"}},{"type":"Feature","geometry":{"type":"Point","coordinates":[-8231511.598615033,4940156.525512127]},"properties":{"key":1346,"date":"03/16/2025 09:14:00 AM"}},{"type":"Feature","geometry":{"type":"Point","coordinates":[-8229496.961788751,4948933.748500478]},"properties":{"key":1347,"date":"03/16/2025 08:47:00 AM"}},{"type":"Feature","geometry":{"type":"Point","coordinates":[-8237331.922726655,4942235.831649632]},"properties":{"key":1348,"date":"03/16/2025 08:26:00 AM"}},{"type":"Feature","geometry":{"type":"Point","coordinates":[-8229589.787660106,4956229.645985539]},"properties":{"key":1349,"date":"03/16/2025 07:56:00 AM"}},{"type":"Feature","geometry":{"type":"Point","coordinates":[-8236827.354545515,4944927.343214737]},"properties":{"key":1350,"date":"03/16/2025 07:56:00 AM"}},{"type":"Feature","geometry":{"type":"Point","coordinates":[-8230964.858068944,4955925.07511363]},"properties":{"key":1351,"date":"03/16/2025 07:44:00 AM"}},{"type":"Feature","geometry":{"type":"Point","coordinates":[-8233191.900191423,4949432.3992115315]},"properties":{"key":1352,"date":"03/16/2025 07:14:00 AM"}},{"type":"Feature","geometry":{"type":"Point","coordinates":[-8234467.557452583,4947567.316205986]},"properties":{"key":1353,"date":"03/16/2025 06:35:00 AM"}},{"type":"Feature","geometry":{"type":"Point","coordinates":[-8234041.996324149,4948899.518142468]},"properties":{"key":1354,"date":"03/16/2025 06:35:00 AM"}},{"type":"Feature","geometry":{"type":"Point","coordinates":[-8233077.471329063,4940645.975338131]},"properties":{"key":1355,"date":"03/16/2025 05:29:00 AM"}},{"type":"Feature","geometry":{"type":"Point","coordinates":[-8236219.513193317,4940332.584847227]},"properties":{"key":1356,"date":"03/16/2025 05:08:00 AM"}},{"type":"Feature","geometry":{"type":"Point","coordinates":[-8233568.810891913,4948515.197962548]},"properties":{"key":1357,"date":"03/16/2025 05:02:00 AM"}},{"type":"Feature","geometry":{"type":"Point","coordinates":[-8228007.425854481,4960711.315264819]},"properties":{"key":1358,"date":"03/16/2025 03:47:00 AM"}},{"type":"Feature","geometry":{"type":"Point","coordinates":[-8233070.246917865,4940641.154173403]},"properties":{"key":1359,"date":"03/16/2025 03:23:00 AM"}},{"type":"Feature","geometry":{"type":"Point","coordinates":[-8232724.280580105,4957949.755661139]},"properties":{"key":1360,"date":"03/16/2025 03:23:00 AM"}},{"type":"Feature","geometry":{"type":"Point","coordinates":[-8237993.7314306935,4943871.469125395]},"properties":{"key":1361,"date":"03/16/2025 03:14:00 AM"}},{"type":"Feature","geometry":{"type":"Point","coordinates":[-8233087.099950722,4940660.834677772]},"properties":{"key":1362,"date":"03/16/2025 02:56:00 AM"}},{"type":"Feature","geometry":{"type":"Point","coordinates":[-8233097.933985467,4940673.687178241]},"properties":{"key":1363,"date":"03/16/2025 02:53:00 AM"}},{"type":"Feature","geometry":{"type":"Point","coordinates":[-8233043.7648548065,4940607.818807892]},"properties":{"key":1364,"date":"03/16/2025 02:50:00 AM"}},{"type":"Feature","geometry":{"type":"Point","coordinates":[-8233538.063037026,4943289.091204189]},"properties":{"key":1365,"date":"03/16/2025 02:23:00 AM"}},{"type":"Feature","geometry":{"type":"Point","coordinates":[-8235103.793529274,4949735.275492358]},"properties":{"key":1366,"date":"03/16/2025 01:29:00 AM"}},{"type":"Feature","geometry":{"type":"Point","coordinates":[-8236236.351940542,4943276.601094003]},"properties":{"key":1367,"date":"03/16/2025 01:20:00 AM"}},{"type":"Feature","geometry":{"type":"Point","coordinates":[-8229939.31197028,4950532.289937814]},"properties":{"key":1368,"date":"03/16/2025 01:08:00 AM"}},{"type":"Feature","geometry":{"type":"Point","coordinates":[-8235103.793529274,4949735.275492358]},"properties":{"key":1369,"date":"03/16/2025 12:59:00 AM"}},{"type":"Feature","geometry":{"type":"Point","coordinates":[-8239203.040318346,4941659.106976457]},"properties":{"key":1370,"date":"03/16/2025 12:35:00 AM"}},{"type":"Feature","geometry":{"type":"Point","coordinates":[-8229939.31197028,4950532.289937814]},"properties":{"key":1371,"date":"03/16/2025 12:26:00 AM"}},{"type":"Feature","geometry":{"type":"Point","coordinates":[-8236481.753195423,4946401.504636296]},"properties":{"key":1372,"date":"03/16/2025 12:11:00 AM"}},{"type":"Feature","geometry":{"type":"Point","coordinates":[-8237698.15055648,4945169.579915039]},"properties":{"key":1373,"date":"03/16/2025 12:11:00 AM"}},{"type":"Feature","geometry":{"type":"Point","coordinates":[-8229912.755131693,4950572.859806151]},"properties":{"key":1374,"date":"03/15/2025 11:47:00 PM"}},{"type":"Feature","geometry":{"type":"Point","coordinates":[-8229893.839771684,4950606.201785068]},"properties":{"key":1375,"date":"03/15/2025 11:14:00 PM"}},{"type":"Feature","geometry":{"type":"Point","coordinates":[-8238265.056460234,4941266.128461568]},"properties":{"key":1376,"date":"03/15/2025 10:53:00 PM"}},{"type":"Feature","geometry":{"type":"Point","coordinates":[-8229926.434991334,4950553.178012732]},"properties":{"key":1377,"date":"03/15/2025 10:11:00 PM"}},{"type":"Feature","geometry":{"type":"Point","coordinates":[-8235103.793529274,4949735.275492358]},"properties":{"key":1378,"date":"03/15/2025 09:47:00 PM"}},{"type":"Feature","geometry":{"type":"Point","coordinates":[-8229358.049392173,4963941.21734316]},"properties":{"key":1379,"date":"03/15/2025 09:44:00 PM"}},{"type":"Feature","geometry":{"type":"Point","coordinates":[-8232456.535698934,4950170.250661708]},"properties":{"key":1380,"date":"03/15/2025 08:38:00 PM"}},{"type":"Feature","geometry":{"type":"Point","coordinates":[-8229926.434991334,4950553.178012732]},"properties":{"key":1381,"date":"03/15/2025 08:35:00 PM"}},{"type":"Feature","geometry":{"type":"Point","coordinates":[-8230676.868919062,4955470.49837194]},"properties":{"key":1382,"date":"03/15/2025 07:44:00 PM"}},{"type":"Feature","geometry":{"type":"Point","coordinates":[-8237169.991632339,4944457.03561129]},"properties":{"key":1383,"date":"03/15/2025 07:26:00 PM"}},{"type":"Feature","geometry":{"type":"Point","coordinates":[-8231364.250595536,4942669.102483831]},"properties":{"key":1384,"date":"03/15/2025 07:11:00 PM"}},{"type":"Feature","geometry":{"type":"Point","coordinates":[-8237071.191767113,4944401.604346706]},"properties":{"key":1385,"date":"03/15/2025 07:11:00 PM"}},{"type":"Feature","geometry":{"type":"Point","coordinates":[-8237071.191767113,4944401.604346706]},"properties":{"key":1386,"date":"03/15/2025 07:08:00 PM"}},{"type":"Feature","geometry":{"type":"Point","coordinates":[-8231574.909766479,4959078.536765161]},"properties":{"key":1387,"date":"03/15/2025 06:59:00 PM"}},{"type":"Feature","geometry":{"type":"Point","coordinates":[-8237114.052824563,4946506.8102750825]},"properties":{"key":1388,"date":"03/15/2025 06:20:00 PM"}},{"type":"Feature","geometry":{"type":"Point","coordinates":[-8232484.265329545,4944852.911574204]},"properties":{"key":1389,"date":"03/15/2025 06:05:00 PM"}},{"type":"Feature","geometry":{"type":"Point","coordinates":[-8230253.533870975,4949014.314277288]},"properties":{"key":1390,"date":"03/15/2025 05:56:00 PM"}},{"type":"Feature","geometry":{"type":"Point","coordinates":[-8234370.152780142,4952885.71612343]},"properties":{"key":1391,"date":"03/15/2025 05:44:00 PM"}},{"type":"Feature","geometry":{"type":"Point","coordinates":[-8237342.60156088,4947538.499476131]},"properties":{"key":1392,"date":"03/15/2025 05:44:00 PM"}},{"type":"Feature","geometry":{"type":"Point","coordinates":[-8232684.54837847,4951456.049281584]},"properties":{"key":1393,"date":"03/15/2025 04:38:00 PM"}},{"type":"Feature","geometry":{"type":"Point","coordinates":[-8235870.443675582,4945815.724347419]},"properties":{"key":1394,"date":"03/15/2025 04:17:00 PM"}},{"type":"Feature","geometry":{"type":"Point","coordinates":[-8232861.253471668,4950927.617709617]},"properties":{"key":1395,"date":"03/15/2025 03:56:00 PM"}},{"type":"Feature","geometry":{"type":"Point","coordinates":[-8237525.830510571,4945543.539471571]},"properties":{"key":1396,"date":"03/15/2025 03:47:00 PM"}},{"type":"Feature","geometry":{"type":"Point","coordinates":[-8231208.316373467,4943470.156156022]},"properties":{"key":1397,"date":"03/15/2025 03:11:00 PM"}},{"type":"Feature","geometry":{"type":"Point","coordinates":[-8231208.316373467,4943470.156156022]},"properties":{"key":1398,"date":"03/15/2025 03:08:00 PM"}},{"type":"Feature","geometry":{"type":"Point","coordinates":[-8233158.972850072,4951128.713865344]},"properties":{"key":1399,"date":"03/15/2025 02:32:00 PM"}},{"type":"Feature","geometry":{"type":"Point","coordinates":[-8230577.133224274,4953828.820516889]},"properties":{"key":1400,"date":"03/15/2025 02:23:00 PM"}},{"type":"Feature","geometry":{"type":"Point","coordinates":[-8231643.725392902,4957718.293709249]},"properties":{"key":1401,"date":"03/15/2025 02:14:00 PM"}},{"type":"Feature","geometry":{"type":"Point","coordinates":[-8230779.428947405,4957718.52809666]},"properties":{"key":1402,"date":"03/15/2025 01:47:00 PM"}},{"type":"Feature","geometry":{"type":"Point","coordinates":[-8236498.033580783,4951445.988511088]},"properties":{"key":1403,"date":"03/15/2025 01:11:00 PM"}},{"type":"Feature","geometry":{"type":"Point","coordinates":[-8237304.428287413,4947698.4022513935]},"properties":{"key":1404,"date":"03/15/2025 12:56:00 PM"}},{"type":"Feature","geometry":{"type":"Point","coordinates":[-8237304.428287413,4947698.4022513935]},"properties":{"key":1405,"date":"03/15/2025 12:50:00 PM"}},{"type":"Feature","geometry":{"type":"Point","coordinates":[-8234467.557452583,4947567.316205986]},"properties":{"key":1406,"date":"03/15/2025 12:47:00 PM"}},{"type":"Feature","geometry":{"type":"Point","coordinates":[-8235118.99635755,4953103.415505388]},"properties":{"key":1407,"date":"03/15/2025 12:44:00 PM"}},{"type":"Feature","geometry":{"type":"Point","coordinates":[-8233788.290088679,4948279.429977366]},"properties":{"key":1408,"date":"03/15/2025 12:44:00 PM"}},{"type":"Feature","geometry":{"type":"Point","coordinates":[-8231812.261236247,4955666.662282098]},"properties":{"key":1409,"date":"03/15/2025 11:38:00 AM"}},{"type":"Feature","geometry":{"type":"Point","coordinates":[-8236782.548173284,4947449.274623881]},"properties":{"key":1410,"date":"03/15/2025 11:29:00 AM"}},{"type":"Feature","geometry":{"type":"Point","coordinates":[-8231169.3609069185,4947706.705792587]},"properties":{"key":1411,"date":"03/15/2025 11:23:00 AM"}},{"type":"Feature","geometry":{"type":"Point","coordinates":[-8236779.3206616845,4943062.2175343]},"properties":{"key":1412,"date":"03/15/2025 11:17:00 AM"}},{"type":"Feature","geometry":{"type":"Point","coordinates":[-8236010.06349194,4946830.883905493]},"properties":{"key":1413,"date":"03/15/2025 10:44:00 AM"}},{"type":"Feature","geometry":{"type":"Point","coordinates":[-8237129.561087915,4949529.844261934]},"properties":{"key":1414,"date":"03/15/2025 10:35:00 AM"}},{"type":"Feature","geometry":{"type":"Point","coordinates":[-8230253.533870975,4949014.314277288]},"properties":{"key":1415,"date":"03/15/2025 10:29:00 AM"}},{"type":"Feature","geometry":{"type":"Point","coordinates":[-8237908.242852956,4945900.237942401]},"properties":{"key":1416,"date":"03/15/2025 10:26:00 AM"}},{"type":"Feature","geometry":{"type":"Point","coordinates":[-8236397.817327544,4949366.629543134]},"properties":{"key":1417,"date":"03/15/2025 10:26:00 AM"}},{"type":"Feature","geometry":{"type":"Point","coordinates":[-8234527.1918192115,4947026.170557564]},"properties":{"key":1418,"date":"03/15/2025 10:14:00 AM"}},{"type":"Feature","geometry":{"type":"Point","coordinates":[-8236397.817327544,4949366.629543134]},"properties":{"key":1419,"date":"03/15/2025 10:14:00 AM"}},{"type":"Feature","geometry":{"type":"Point","coordinates":[-8231588.171346474,4944208.564648406]},"properties":{"key":1420,"date":"03/15/2025 10:11:00 AM"}},{"type":"Feature","geometry":{"type":"Point","coordinates":[-8235886.93276161,4950170.667828815]},"properties":{"key":1421,"date":"03/15/2025 10:05:00 AM"}},{"type":"Feature","geometry":{"type":"Point","coordinates":[-8238002.538287417,4943095.580367535]},"properties":{"key":1422,"date":"03/15/2025 09:50:00 AM"}},{"type":"Feature","geometry":{"type":"Point","coordinates":[-8237248.103451474,4949596.556714879]},"properties":{"key":1423,"date":"03/15/2025 09:50:00 AM"}},{"type":"Feature","geometry":{"type":"Point","coordinates":[-8233311.177419466,4949590.780616382]},"properties":{"key":1424,"date":"03/15/2025 09:47:00 AM"}},{"type":"Feature","geometry":{"type":"Point","coordinates":[-8234606.292703117,4947163.5930991825]},"properties":{"key":1425,"date":"03/15/2025 09:44:00 AM"}},{"type":"Feature","geometry":{"type":"Point","coordinates":[-8232010.523080557,4942402.058453652]},"properties":{"key":1426,"date":"03/15/2025 09:44:00 AM"}},{"type":"Feature","geometry":{"type":"Point","coordinates":[-8230529.974942823,4954546.427203208]},"properties":{"key":1427,"date":"03/15/2025 09:32:00 AM"}},{"type":"Feature","geometry":{"type":"Point","coordinates":[-8237275.661428543,4943424.481817551]},"properties":{"key":1428,"date":"03/15/2025 09:26:00 AM"}},{"type":"Feature","geometry":{"type":"Point","coordinates":[-8237191.047648342,4949446.26334603]},"properties":{"key":1429,"date":"03/15/2025 09:17:00 AM"}},{"type":"Feature","geometry":{"type":"Point","coordinates":[-8237300.744771104,4949627.501231261]},"properties":{"key":1430,"date":"03/15/2025 09:17:00 AM"}},{"type":"Feature","geometry":{"type":"Point","coordinates":[-8234511.929790121,4948264.42089076]},"properties":{"key":1431,"date":"03/15/2025 09:11:00 AM"}},{"type":"Feature","geometry":{"type":"Point","coordinates":[-8227940.144271869,4941014.799345612]},"properties":{"key":1432,"date":"03/15/2025 08:56:00 AM"}},{"type":"Feature","geometry":{"type":"Point","coordinates":[-8235833.491794003,4945794.026077791]},"properties":{"key":1433,"date":"03/15/2025 08:50:00 AM"}},{"type":"Feature","geometry":{"type":"Point","coordinates":[-8232273.5842475835,4944511.798701463]},"properties":{"key":1434,"date":"03/15/2025 08:50:00 AM"}},{"type":"Feature","geometry":{"type":"Point","coordinates":[-8237997.463928692,4947111.028380605]},"properties":{"key":1435,"date":"03/15/2025 08:41:00 AM"}},{"type":"Feature","geometry":{"type":"Point","coordinates":[-8233801.698899832,4950960.587847292]},"properties":{"key":1436,"date":"03/15/2025 08:38:00 AM"}},{"type":"Feature","geometry":{"type":"Point","coordinates":[-8235875.265176537,4945809.298110675]},"properties":{"key":1437,"date":"03/15/2025 08:35:00 AM"}},{"type":"Feature","geometry":{"type":"Point","coordinates":[-8230012.09014422,4940219.300075069]},"properties":{"key":1438,"date":"03/15/2025 08:35:00 AM"}},{"type":"Feature","geometry":{"type":"Point","coordinates":[-8237997.463928692,4947111.028380605]},"properties":{"key":1439,"date":"03/15/2025 08:32:00 AM"}},{"type":"Feature","geometry":{"type":"Point","coordinates":[-8235870.443675582,4945815.724347419]},"properties":{"key":1440,"date":"03/15/2025 08:29:00 AM"}},{"type":"Feature","geometry":{"type":"Point","coordinates":[-8235888.52542515,4945785.198871878]},"properties":{"key":1441,"date":"03/15/2025 08:26:00 AM"}},{"type":"Feature","geometry":{"type":"Point","coordinates":[-8235892.945493548,4945777.165801248]},"properties":{"key":1442,"date":"03/15/2025 08:23:00 AM"}},{"type":"Feature","geometry":{"type":"Point","coordinates":[-8228172.937809612,4957643.95221337]},"properties":{"key":1443,"date":"03/15/2025 08:20:00 AM"}},{"type":"Feature","geometry":{"type":"Point","coordinates":[-8237997.463928692,4947111.028380605]},"properties":{"key":1444,"date":"03/15/2025 08:17:00 AM"}},{"type":"Feature","geometry":{"type":"Point","coordinates":[-8238125.613612924,4946951.1284799315]},"properties":{"key":1445,"date":"03/15/2025 08:11:00 AM"}},{"type":"Feature","geometry":{"type":"Point","coordinates":[-8238269.842060653,4947002.141557729]},"properties":{"key":1446,"date":"03/15/2025 08:02:00 AM"}},{"type":"Feature","geometry":{"type":"Point","coordinates":[-8238337.334376627,4941358.872195511]},"properties":{"key":1447,"date":"03/15/2025 07:47:00 AM"}},{"type":"Feature","geometry":{"type":"Point","coordinates":[-8232536.380665694,4958092.841498563]},"properties":{"key":1448,"date":"03/15/2025 07:47:00 AM"}},{"type":"Feature","geometry":{"type":"Point","coordinates":[-8233557.507347178,4954398.602277468]},"properties":{"key":1449,"date":"03/15/2025 07:44:00 AM"}},{"type":"Feature","geometry":{"type":"Point","coordinates":[-8232864.161101145,4951555.415444601]},"properties":{"key":1450,"date":"03/15/2025 06:56:00 AM"}},{"type":"Feature","geometry":{"type":"Point","coordinates":[-8231072.113385315,4959667.512455315]},"properties":{"key":1451,"date":"03/15/2025 05:50:00 AM"}},{"type":"Feature","geometry":{"type":"Point","coordinates":[-8231857.541974223,4959320.458624933]},"properties":{"key":1452,"date":"03/15/2025 04:29:00 AM"}},{"type":"Feature","geometry":{"type":"Point","coordinates":[-8230465.327945241,4945696.351738941]},"properties":{"key":1453,"date":"03/15/2025 01:17:00 AM"}},{"type":"Feature","geometry":{"type":"Point","coordinates":[-8238588.630415991,4944982.760319713]},"properties":{"key":1454,"date":"03/15/2025 01:05:00 AM"}},{"type":"Feature","geometry":{"type":"Point","coordinates":[-8235742.236636211,4944095.393830904]},"properties":{"key":1455,"date":"03/15/2025 12:56:00 AM"}},{"type":"Feature","geometry":{"type":"Point","coordinates":[-8230448.794739962,4947961.329808049]},"properties":{"key":1456,"date":"03/15/2025 12:56:00 AM"}},{"type":"Feature","geometry":{"type":"Point","coordinates":[-8231878.531860885,4954434.742933556]},"properties":{"key":1457,"date":"03/15/2025 12:53:00 AM"}},{"type":"Feature","geometry":{"type":"Point","coordinates":[-8235540.911049083,4944615.469185822]},"properties":{"key":1458,"date":"03/15/2025 12:47:00 AM"}},{"type":"Feature","geometry":{"type":"Point","coordinates":[-8236097.62397921,4944409.129818335]},"properties":{"key":1459,"date":"03/14/2025 11:53:00 PM"}},{"type":"Feature","geometry":{"type":"Point","coordinates":[-8234918.12792395,4949764.159075215]},"properties":{"key":1460,"date":"03/14/2025 11:53:00 PM"}},{"type":"Feature","geometry":{"type":"Point","coordinates":[-8237008.656829779,4948731.3985424]},"properties":{"key":1461,"date":"03/14/2025 11:53:00 PM"}},{"type":"Feature","geometry":{"type":"Point","coordinates":[-8234611.540230443,4948376.553957857]},"properties":{"key":1462,"date":"03/14/2025 11:50:00 PM"}},{"type":"Feature","geometry":{"type":"Point","coordinates":[-8239186.535064274,4941388.888070338]},"properties":{"key":1463,"date":"03/14/2025 11:47:00 PM"}},{"type":"Feature","geometry":{"type":"Point","coordinates":[-8231293.158435434,4942692.347259253]},"properties":{"key":1464,"date":"03/14/2025 11:44:00 PM"}},{"type":"Feature","geometry":{"type":"Point","coordinates":[-8236268.565381093,4945515.325602634]},"properties":{"key":1465,"date":"03/14/2025 11:29:00 PM"}},{"type":"Feature","geometry":{"type":"Point","coordinates":[-8231356.620343528,4942669.900699456]},"properties":{"key":1466,"date":"03/14/2025 11:29:00 PM"}},{"type":"Feature","geometry":{"type":"Point","coordinates":[-8233183.321479542,4948859.78485189]},"properties":{"key":1467,"date":"03/14/2025 11:29:00 PM"}},{"type":"Feature","geometry":{"type":"Point","coordinates":[-8236889.95890725,4940426.202307891]},"properties":{"key":1468,"date":"03/14/2025 11:20:00 PM"}},{"type":"Feature","geometry":{"type":"Point","coordinates":[-8236889.95890725,4940426.202307891]},"properties":{"key":1469,"date":"03/14/2025 11:08:00 PM"}},{"type":"Feature","geometry":{"type":"Point","coordinates":[-8233183.321479542,4948859.78485189]},"properties":{"key":1470,"date":"03/14/2025 11:05:00 PM"}},{"type":"Feature","geometry":{"type":"Point","coordinates":[-8231966.517810136,4954542.946568959]},"properties":{"key":1471,"date":"03/14/2025 10:56:00 PM"}},{"type":"Feature","geometry":{"type":"Point","coordinates":[-8233460.537308329,4948953.130381608]},"properties":{"key":1472,"date":"03/14/2025 10:47:00 PM"}},{"type":"Feature","geometry":{"type":"Point","coordinates":[-8238770.158206827,4941314.665622064]},"properties":{"key":1473,"date":"03/14/2025 10:41:00 PM"}},{"type":"Feature","geometry":{"type":"Point","coordinates":[-8237127.937878308,4942214.541044681]},"properties":{"key":1474,"date":"03/14/2025 10:35:00 PM"}},{"type":"Feature","geometry":{"type":"Point","coordinates":[-8227601.71205617,4956595.349838307]},"properties":{"key":1475,"date":"03/14/2025 10:17:00 PM"}},{"type":"Feature","geometry":{"type":"Point","coordinates":[-8231364.250595536,4942669.102483831]},"properties":{"key":1476,"date":"03/14/2025 10:17:00 PM"}},{"type":"Feature","geometry":{"type":"Point","coordinates":[-8235803.922178002,4947098.809119724]},"properties":{"key":1477,"date":"03/14/2025 10:14:00 PM"}},{"type":"Feature","geometry":{"type":"Point","coordinates":[-8231220.536608606,4943818.355985167]},"properties":{"key":1478,"date":"03/14/2025 10:14:00 PM"}},{"type":"Feature","geometry":{"type":"Point","coordinates":[-8236109.493228446,4950665.424889343]},"properties":{"key":1479,"date":"03/14/2025 10:05:00 PM"}},{"type":"Feature","geometry":{"type":"Point","coordinates":[-8238770.158206827,4941314.665622064]},"properties":{"key":1480,"date":"03/14/2025 10:02:00 PM"}},{"type":"Feature","geometry":{"type":"Point","coordinates":[-8238751.300102886,4941427.492539176]},"properties":{"key":1481,"date":"03/14/2025 10:02:00 PM"}},{"type":"Feature","geometry":{"type":"Point","coordinates":[-8235587.32947337,4945433.664676189]},"properties":{"key":1482,"date":"03/14/2025 09:56:00 PM"}},{"type":"Feature","geometry":{"type":"Point","coordinates":[-8235766.05876679,4951791.1362335365]},"properties":{"key":1483,"date":"03/14/2025 09:47:00 PM"}},{"type":"Feature","geometry":{"type":"Point","coordinates":[-8231364.250595536,4942669.102483831]},"properties":{"key":1484,"date":"03/14/2025 08:32:00 PM"}},{"type":"Feature","geometry":{"type":"Point","coordinates":[-8231364.250595536,4942669.102483831]},"properties":{"key":1485,"date":"03/14/2025 08:20:00 PM"}},{"type":"Feature","geometry":{"type":"Point","coordinates":[-8233025.378582979,4945523.969755821]},"properties":{"key":1486,"date":"03/14/2025 07:38:00 PM"}},{"type":"Feature","geometry":{"type":"Point","coordinates":[-8232720.198420907,4946920.169377806]},"properties":{"key":1487,"date":"03/14/2025 06:38:00 PM"}},{"type":"Feature","geometry":{"type":"Point","coordinates":[-8231628.35455346,4941571.050202318]},"properties":{"key":1488,"date":"03/14/2025 06:29:00 PM"}},{"type":"Feature","geometry":{"type":"Point","coordinates":[-8236536.767045096,4950136.202046585]},"properties":{"key":1489,"date":"03/14/2025 05:08:00 PM"}},{"type":"Feature","geometry":{"type":"Point","coordinates":[-8227576.315489505,4949256.231756547]},"properties":{"key":1490,"date":"03/14/2025 05:05:00 PM"}},{"type":"Feature","geometry":{"type":"Point","coordinates":[-8230772.07693735,4958449.321091985]},"properties":{"key":1491,"date":"03/14/2025 04:50:00 PM"}},{"type":"Feature","geometry":{"type":"Point","coordinates":[-8233546.490938826,4954782.15936043]},"properties":{"key":1492,"date":"03/14/2025 03:47:00 PM"}},{"type":"Feature","geometry":{"type":"Point","coordinates":[-8238594.677405389,4945208.897114236]},"properties":{"key":1493,"date":"03/14/2025 03:44:00 PM"}},{"type":"Feature","geometry":{"type":"Point","coordinates":[-8232006.831433471,4951573.44651496]},"properties":{"key":1494,"date":"03/14/2025 03:32:00 PM"}},{"type":"Feature","geometry":{"type":"Point","coordinates":[-8236041.272620289,4947600.244745622]},"properties":{"key":1495,"date":"03/14/2025 03:17:00 PM"}},{"type":"Feature","geometry":{"type":"Point","coordinates":[-8234368.658354941,4947759.3299348075]},"properties":{"key":1496,"date":"03/14/2025 02:23:00 PM"}},{"type":"Feature","geometry":{"type":"Point","coordinates":[-8236778.733348957,4949696.18585334]},"properties":{"key":1497,"date":"03/14/2025 02:05:00 PM"}},{"type":"Feature","geometry":{"type":"Point","coordinates":[-8228237.605442489,4965239.773334529]},"properties":{"key":1498,"date":"03/14/2025 01:26:00 PM"}},{"type":"Feature","geometry":{"type":"Point","coordinates":[-8229926.434991334,4950553.178012732]},"properties":{"key":1499,"date":"03/14/2025 01:11:00 PM"}},{"type":"Feature","geometry":{"type":"Point","coordinates":[-8228585.250464811,4940689.81114558]},"properties":{"key":1500,"date":"03/14/2025 12:56:00 PM"}},{"type":"Feature","geometry":{"type":"Point","coordinates":[-8236085.01089759,4945425.723282425]},"properties":{"key":1501,"date":"03/14/2025 12:41:00 PM"}},{"type":"Feature","geometry":{"type":"Point","coordinates":[-8235193.175098775,4947460.656063574]},"properties":{"key":1502,"date":"03/14/2025 11:59:00 AM"}},{"type":"Feature","geometry":{"type":"Point","coordinates":[-8235360.61659917,4946143.005007612]},"properties":{"key":1503,"date":"03/14/2025 10:50:00 AM"}},{"type":"Feature","geometry":{"type":"Point","coordinates":[-8236185.9472799525,4944655.349813616]},"properties":{"key":1504,"date":"03/14/2025 10:23:00 AM"}},{"type":"Feature","geometry":{"type":"Point","coordinates":[-8230937.674372494,4957447.166848375]},"properties":{"key":1505,"date":"03/14/2025 10:23:00 AM"}},{"type":"Feature","geometry":{"type":"Point","coordinates":[-8229893.163632682,4940336.434567037]},"properties":{"key":1506,"date":"03/14/2025 10:17:00 AM"}},{"type":"Feature","geometry":{"type":"Point","coordinates":[-8236158.939569598,4942655.349603764]},"properties":{"key":1507,"date":"03/14/2025 09:17:00 AM"}},{"type":"Feature","geometry":{"type":"Point","coordinates":[-8235470.635647878,4942756.013807555]},"properties":{"key":1508,"date":"03/14/2025 08:47:00 AM"}},{"type":"Feature","geometry":{"type":"Point","coordinates":[-8232555.475962526,4948477.755928569]},"properties":{"key":1509,"date":"03/14/2025 08:47:00 AM"}},{"type":"Feature","geometry":{"type":"Point","coordinates":[-8237342.60156088,4947538.499476131]},"properties":{"key":1510,"date":"03/14/2025 08:23:00 AM"}},{"type":"Feature","geometry":{"type":"Point","coordinates":[-8229893.163632682,4940336.434567037]},"properties":{"key":1511,"date":"03/14/2025 08:14:00 AM"}},{"type":"Feature","geometry":{"type":"Point","coordinates":[-8234396.374789737,4947777.419079124]},"properties":{"key":1512,"date":"03/14/2025 07:59:00 AM"}},{"type":"Feature","geometry":{"type":"Point","coordinates":[-8236044.475208568,4942768.171787686]},"properties":{"key":1513,"date":"03/14/2025 06:44:00 AM"}},{"type":"Feature","geometry":{"type":"Point","coordinates":[-8232905.272556836,4942223.04113058]},"properties":{"key":1514,"date":"03/14/2025 06:23:00 AM"}},{"type":"Feature","geometry":{"type":"Point","coordinates":[-8238821.064024426,4940604.415586772]},"properties":{"key":1515,"date":"03/14/2025 05:47:00 AM"}},{"type":"Feature","geometry":{"type":"Point","coordinates":[-8235396.863912974,4952716.771959866]},"properties":{"key":1516,"date":"03/14/2025 04:29:00 AM"}},{"type":"Feature","geometry":{"type":"Point","coordinates":[-8238587.457202066,4945310.5207645185]},"properties":{"key":1517,"date":"03/14/2025 03:50:00 AM"}},{"type":"Feature","geometry":{"type":"Point","coordinates":[-8235026.164754353,4952994.451014702]},"properties":{"key":1518,"date":"03/14/2025 03:20:00 AM"}},{"type":"Feature","geometry":{"type":"Point","coordinates":[-8234274.937465972,4948070.276617822]},"properties":{"key":1519,"date":"03/14/2025 02:50:00 AM"}},{"type":"Feature","geometry":{"type":"Point","coordinates":[-8229903.62992015,4956502.543980505]},"properties":{"key":1520,"date":"03/14/2025 02:11:00 AM"}},{"type":"Feature","geometry":{"type":"Point","coordinates":[-8231724.615804412,4954983.464313645]},"properties":{"key":1521,"date":"03/14/2025 02:02:00 AM"}},{"type":"Feature","geometry":{"type":"Point","coordinates":[-8230956.888007512,4957579.496236185]},"properties":{"key":1522,"date":"03/14/2025 01:50:00 AM"}},{"type":"Feature","geometry":{"type":"Point","coordinates":[-8233155.757171734,4951129.516214104]},"properties":{"key":1523,"date":"03/14/2025 12:29:00 AM"}},{"type":"Feature","geometry":{"type":"Point","coordinates":[-8233173.454998188,4951099.782776311]},"properties":{"key":1524,"date":"03/14/2025 12:14:00 AM"}},{"type":"Feature","geometry":{"type":"Point","coordinates":[-8238475.828757385,4941043.680237378]},"properties":{"key":1525,"date":"03/14/2025 12:08:00 AM"}},{"type":"Feature","geometry":{"type":"Point","coordinates":[-8239186.535064274,4941388.888070338]},"properties":{"key":1526,"date":"03/14/2025 12:02:00 AM"}},{"type":"Feature","geometry":{"type":"Point","coordinates":[-8236149.924279373,4946461.71749881]},"properties":{"key":1527,"date":"03/13/2025 11:56:00 PM"}},{"type":"Feature","geometry":{"type":"Point","coordinates":[-8239189.344376379,4941380.857381942]},"properties":{"key":1528,"date":"03/13/2025 11:56:00 PM"}},{"type":"Feature","geometry":{"type":"Point","coordinates":[-8233304.469619759,4954734.209178145]},"properties":{"key":1529,"date":"03/13/2025 11:44:00 PM"}},{"type":"Feature","geometry":{"type":"Point","coordinates":[-8233158.387021233,4948906.786481168]},"properties":{"key":1530,"date":"03/13/2025 11:41:00 PM"}},{"type":"Feature","geometry":{"type":"Point","coordinates":[-8232087.150262812,4953808.892392275]},"properties":{"key":1531,"date":"03/13/2025 11:41:00 PM"}},{"type":"Feature","geometry":{"type":"Point","coordinates":[-8232126.522045332,4958832.293506788]},"properties":{"key":1532,"date":"03/13/2025 11:41:00 PM"}},{"type":"Feature","geometry":{"type":"Point","coordinates":[-8233183.321479542,4948859.78485189]},"properties":{"key":1533,"date":"03/13/2025 11:38:00 PM"}},{"type":"Feature","geometry":{"type":"Point","coordinates":[-8231048.435008273,4947695.375144677]},"properties":{"key":1534,"date":"03/13/2025 11:32:00 PM"}},{"type":"Feature","geometry":{"type":"Point","coordinates":[-8230481.240705776,4962330.86169489]},"properties":{"key":1535,"date":"03/13/2025 11:29:00 PM"}},{"type":"Feature","geometry":{"type":"Point","coordinates":[-8231033.154602561,4947714.649882865]},"properties":{"key":1536,"date":"03/13/2025 11:29:00 PM"}},{"type":"Feature","geometry":{"type":"Point","coordinates":[-8233131.56918742,4949550.112401213]},"properties":{"key":1537,"date":"03/13/2025 11:20:00 PM"}},{"type":"Feature","geometry":{"type":"Point","coordinates":[-8238389.1671738885,4947097.346825838]},"properties":{"key":1538,"date":"03/13/2025 10:59:00 PM"}},{"type":"Feature","geometry":{"type":"Point","coordinates":[-8235503.199134792,4944420.665009962]},"properties":{"key":1539,"date":"03/13/2025 10:53:00 PM"}},{"type":"Feature","geometry":{"type":"Point","coordinates":[-8235732.109456856,4950690.275753619]},"properties":{"key":1540,"date":"03/13/2025 10:26:00 PM"}},{"type":"Feature","geometry":{"type":"Point","coordinates":[-8237643.52370345,4945148.291693627]},"properties":{"key":1541,"date":"03/13/2025 10:23:00 PM"}},{"type":"Feature","geometry":{"type":"Point","coordinates":[-8235065.782659815,4952151.122014684]},"properties":{"key":1542,"date":"03/13/2025 10:20:00 PM"}},{"type":"Feature","geometry":{"type":"Point","coordinates":[-8228738.069815018,4948767.13347531]},"properties":{"key":1543,"date":"03/13/2025 10:11:00 PM"}},{"type":"Feature","geometry":{"type":"Point","coordinates":[-8235685.635132373,4945960.3001577165]},"properties":{"key":1544,"date":"03/13/2025 10:11:00 PM"}},{"type":"Feature","geometry":{"type":"Point","coordinates":[-8236837.381783344,4949966.642712139]},"properties":{"key":1545,"date":"03/13/2025 10:05:00 PM"}},{"type":"Feature","geometry":{"type":"Point","coordinates":[-8238475.828757385,4941043.680237378]},"properties":{"key":1546,"date":"03/13/2025 10:05:00 PM"}},{"type":"Feature","geometry":{"type":"Point","coordinates":[-8233382.048819659,4954777.264133343]},"properties":{"key":1547,"date":"03/13/2025 09:47:00 PM"}},{"type":"Feature","geometry":{"type":"Point","coordinates":[-8232773.057282199,4956921.82430381]},"properties":{"key":1548,"date":"03/13/2025 09:11:00 PM"}},{"type":"Feature","geometry":{"type":"Point","coordinates":[-8233798.516142005,4949858.620808359]},"properties":{"key":1549,"date":"03/13/2025 09:05:00 PM"}},{"type":"Feature","geometry":{"type":"Point","coordinates":[-8233202.380435015,4954658.173764389]},"properties":{"key":1550,"date":"03/13/2025 08:53:00 PM"}},{"type":"Feature","geometry":{"type":"Point","coordinates":[-8230751.493756449,4948308.695220653]},"properties":{"key":1551,"date":"03/13/2025 08:08:00 PM"}},{"type":"Feature","geometry":{"type":"Point","coordinates":[-8231773.8905354375,4952610.750664421]},"properties":{"key":1552,"date":"03/13/2025 07:38:00 PM"}},{"type":"Feature","geometry":{"type":"Point","coordinates":[-8235082.520453622,4945047.539441596]},"properties":{"key":1553,"date":"03/13/2025 07:20:00 PM"}},{"type":"Feature","geometry":{"type":"Point","coordinates":[-8233309.69517707,4954737.025936644]},"properties":{"key":1554,"date":"03/13/2025 07:20:00 PM"}},{"type":"Feature","geometry":{"type":"Point","coordinates":[-8228582.328069917,4949024.155902918]},"properties":{"key":1555,"date":"03/13/2025 06:32:00 PM"}},{"type":"Feature","geometry":{"type":"Point","coordinates":[-8228172.937809612,4957643.95221337]},"properties":{"key":1556,"date":"03/13/2025 06:26:00 PM"}},{"type":"Feature","geometry":{"type":"Point","coordinates":[-8237530.668874202,4943957.420710674]},"properties":{"key":1557,"date":"03/13/2025 06:17:00 PM"}},{"type":"Feature","geometry":{"type":"Point","coordinates":[-8232190.78626639,4952524.970435527]},"properties":{"key":1558,"date":"03/13/2025 06:14:00 PM"}},{"type":"Feature","geometry":{"type":"Point","coordinates":[-8239085.364359952,4941459.1684757825]},"properties":{"key":1559,"date":"03/13/2025 05:56:00 PM"}},{"type":"Feature","geometry":{"type":"Point","coordinates":[-8232478.5766787,4952564.520334407]},"properties":{"key":1560,"date":"03/13/2025 05:44:00 PM"}},{"type":"Feature","geometry":{"type":"Point","coordinates":[-8238528.516757729,4946472.637911905]},"properties":{"key":1561,"date":"03/13/2025 05:35:00 PM"}},{"type":"Feature","geometry":{"type":"Point","coordinates":[-8239364.267825615,4942885.8111228375]},"properties":{"key":1562,"date":"03/13/2025 05:29:00 PM"}},{"type":"Feature","geometry":{"type":"Point","coordinates":[-8230484.171178013,4958887.538747161]},"properties":{"key":1563,"date":"03/13/2025 04:53:00 PM"}},{"type":"Feature","geometry":{"type":"Point","coordinates":[-8227719.042029136,4948393.271230885]},"properties":{"key":1564,"date":"03/13/2025 04:14:00 PM"}},{"type":"Feature","geometry":{"type":"Point","coordinates":[-8235261.847952384,4944286.463183481]},"properties":{"key":1565,"date":"03/13/2025 04:11:00 PM"}},{"type":"Feature","geometry":{"type":"Point","coordinates":[-8236341.104083431,4943747.692143904]},"properties":{"key":1566,"date":"03/13/2025 03:50:00 PM"}},{"type":"Feature","geometry":{"type":"Point","coordinates":[-8230654.890434059,4962577.244673399]},"properties":{"key":1567,"date":"03/13/2025 03:32:00 PM"}},{"type":"Feature","geometry":{"type":"Point","coordinates":[-8230650.155291426,4962446.869150483]},"properties":{"key":1568,"date":"03/13/2025 03:29:00 PM"}},{"type":"Feature","geometry":{"type":"Point","coordinates":[-8236156.016991027,4940753.323782426]},"properties":{"key":1569,"date":"03/13/2025 03:17:00 PM"}},{"type":"Feature","geometry":{"type":"Point","coordinates":[-8232878.275019969,4957221.082286929]},"properties":{"key":1570,"date":"03/13/2025 03:11:00 PM"}},{"type":"Feature","geometry":{"type":"Point","coordinates":[-8229039.890278048,4950069.778320871]},"properties":{"key":1571,"date":"03/13/2025 02:50:00 PM"}},{"type":"Feature","geometry":{"type":"Point","coordinates":[-8232224.941746702,4952546.695938521]},"properties":{"key":1572,"date":"03/13/2025 02:47:00 PM"}},{"type":"Feature","geometry":{"type":"Point","coordinates":[-8236539.318544598,4941794.082304013]},"properties":{"key":1573,"date":"03/13/2025 02:32:00 PM"}},{"type":"Feature","geometry":{"type":"Point","coordinates":[-8232846.491161336,4940090.229537552]},"properties":{"key":1574,"date":"03/13/2025 01:41:00 PM"}},{"type":"Feature","geometry":{"type":"Point","coordinates":[-8234399.186682226,4947779.027116536]},"properties":{"key":1575,"date":"03/13/2025 12:47:00 PM"}},{"type":"Feature","geometry":{"type":"Point","coordinates":[-8228048.711075445,4951057.102114832]},"properties":{"key":1576,"date":"03/13/2025 12:23:00 PM"}},{"type":"Feature","geometry":{"type":"Point","coordinates":[-8237856.012626186,4945468.021635697]},"properties":{"key":1577,"date":"03/13/2025 11:44:00 AM"}},{"type":"Feature","geometry":{"type":"Point","coordinates":[-8236036.892002404,4944924.433508359]},"properties":{"key":1578,"date":"03/13/2025 11:14:00 AM"}},{"type":"Feature","geometry":{"type":"Point","coordinates":[-8237025.842048903,4943844.949447082]},"properties":{"key":1579,"date":"03/13/2025 11:14:00 AM"}},{"type":"Feature","geometry":{"type":"Point","coordinates":[-8237144.354195897,4943136.535815879]},"properties":{"key":1580,"date":"03/13/2025 11:14:00 AM"}},{"type":"Feature","geometry":{"type":"Point","coordinates":[-8235662.457451476,4945364.591693062]},"properties":{"key":1581,"date":"03/13/2025 11:05:00 AM"}},{"type":"Feature","geometry":{"type":"Point","coordinates":[-8235573.33966019,4945108.708901013]},"properties":{"key":1582,"date":"03/13/2025 10:59:00 AM"}},{"type":"Feature","geometry":{"type":"Point","coordinates":[-8229893.163632682,4940336.434567037]},"properties":{"key":1583,"date":"03/13/2025 10:35:00 AM"}},{"type":"Feature","geometry":{"type":"Point","coordinates":[-8236158.939569598,4942655.349603764]},"properties":{"key":1584,"date":"03/13/2025 10:26:00 AM"}},{"type":"Feature","geometry":{"type":"Point","coordinates":[-8236390.797782056,4944572.639359579]},"properties":{"key":1585,"date":"03/13/2025 10:08:00 AM"}},{"type":"Feature","geometry":{"type":"Point","coordinates":[-8238495.091438657,4945530.247335062]},"properties":{"key":1586,"date":"03/13/2025 09:56:00 AM"}},{"type":"Feature","geometry":{"type":"Point","coordinates":[-8233424.853936838,4943197.882258382]},"properties":{"key":1587,"date":"03/13/2025 09:32:00 AM"}},{"type":"Feature","geometry":{"type":"Point","coordinates":[-8230337.1541325115,4962379.040013494]},"properties":{"key":1588,"date":"03/13/2025 09:20:00 AM"}},{"type":"Feature","geometry":{"type":"Point","coordinates":[-8237136.482767987,4940047.6368264435]},"properties":{"key":1589,"date":"03/13/2025 09:11:00 AM"}},{"type":"Feature","geometry":{"type":"Point","coordinates":[-8235067.295085377,4949468.4370965]},"properties":{"key":1590,"date":"03/13/2025 09:08:00 AM"}},{"type":"Feature","geometry":{"type":"Point","coordinates":[-8235717.661923533,4946513.865663417]},"properties":{"key":1591,"date":"03/13/2025 09:08:00 AM"}},{"type":"Feature","geometry":{"type":"Point","coordinates":[-8235717.661923533,4946513.865663417]},"properties":{"key":1592,"date":"03/13/2025 08:53:00 AM"}},{"type":"Feature","geometry":{"type":"Point","coordinates":[-8238557.026582125,4942058.712986668]},"properties":{"key":1593,"date":"03/13/2025 08:47:00 AM"}},{"type":"Feature","geometry":{"type":"Point","coordinates":[-8237246.138525539,4948505.593803704]},"properties":{"key":1594,"date":"03/13/2025 08:35:00 AM"}},{"type":"Feature","geometry":{"type":"Point","coordinates":[-8237297.170932323,4948417.600745273]},"properties":{"key":1595,"date":"03/13/2025 08:32:00 AM"}},{"type":"Feature","geometry":{"type":"Point","coordinates":[-8237297.170932323,4948417.600745273]},"properties":{"key":1596,"date":"03/13/2025 08:26:00 AM"}},{"type":"Feature","geometry":{"type":"Point","coordinates":[-8235684.618422521,4943021.4995861845]},"properties":{"key":1597,"date":"03/13/2025 08:17:00 AM"}},{"type":"Feature","geometry":{"type":"Point","coordinates":[-8237297.170932323,4948417.600745273]},"properties":{"key":1598,"date":"03/13/2025 08:17:00 AM"}},{"type":"Feature","geometry":{"type":"Point","coordinates":[-8235775.2086701095,4945990.043609445]},"properties":{"key":1599,"date":"03/13/2025 08:08:00 AM"}},{"type":"Feature","geometry":{"type":"Point","coordinates":[-8237297.170932323,4948417.600745273]},"properties":{"key":1600,"date":"03/13/2025 08:05:00 AM"}},{"type":"Feature","geometry":{"type":"Point","coordinates":[-8235396.863912974,4952716.771959866]},"properties":{"key":1601,"date":"03/13/2025 07:53:00 AM"}},{"type":"Feature","geometry":{"type":"Point","coordinates":[-8234401.596801522,4947780.635021011]},"properties":{"key":1602,"date":"03/13/2025 07:47:00 AM"}},{"type":"Feature","geometry":{"type":"Point","coordinates":[-8233469.033637107,4943185.8536684755]},"properties":{"key":1603,"date":"03/13/2025 07:35:00 AM"}},{"type":"Feature","geometry":{"type":"Point","coordinates":[-8237297.170932323,4948417.600745273]},"properties":{"key":1604,"date":"03/13/2025 07:32:00 AM"}},{"type":"Feature","geometry":{"type":"Point","coordinates":[-8232886.164734334,4950941.696588173]},"properties":{"key":1605,"date":"03/13/2025 07:29:00 AM"}},{"type":"Feature","geometry":{"type":"Point","coordinates":[-8230688.021502322,4962387.3441087855]},"properties":{"key":1606,"date":"03/13/2025 07:26:00 AM"}},{"type":"Feature","geometry":{"type":"Point","coordinates":[-8232194.499833397,4955951.5747785615]},"properties":{"key":1607,"date":"03/13/2025 06:59:00 AM"}},{"type":"Feature","geometry":{"type":"Point","coordinates":[-8231352.068170062,4942879.11544911]},"properties":{"key":1608,"date":"03/13/2025 06:56:00 AM"}},{"type":"Feature","geometry":{"type":"Point","coordinates":[-8234117.912733682,4948976.695951179]},"properties":{"key":1609,"date":"03/13/2025 06:47:00 AM"}},{"type":"Feature","geometry":{"type":"Point","coordinates":[-8235099.347353116,4952916.484532789]},"properties":{"key":1610,"date":"03/13/2025 06:23:00 AM"}},{"type":"Feature","geometry":{"type":"Point","coordinates":[-8236228.202188302,4946859.843047531]},"properties":{"key":1611,"date":"03/13/2025 06:17:00 AM"}},{"type":"Feature","geometry":{"type":"Point","coordinates":[-8229583.8415528815,4963914.442966745]},"properties":{"key":1612,"date":"03/13/2025 05:50:00 AM"}},{"type":"Feature","geometry":{"type":"Point","coordinates":[-8237357.603691244,4942854.234712285]},"properties":{"key":1613,"date":"03/13/2025 02:50:00 AM"}},{"type":"Feature","geometry":{"type":"Point","coordinates":[-8236724.854030798,4950023.69786512]},"properties":{"key":1614,"date":"03/13/2025 01:11:00 AM"}},{"type":"Feature","geometry":{"type":"Point","coordinates":[-8232842.081834153,4940076.577775083]},"properties":{"key":1615,"date":"03/13/2025 01:11:00 AM"}},{"type":"Feature","geometry":{"type":"Point","coordinates":[-8235003.813886729,4949430.244912784]},"properties":{"key":1616,"date":"03/13/2025 01:02:00 AM"}},{"type":"Feature","geometry":{"type":"Point","coordinates":[-8234849.931747081,4949346.618957033]},"properties":{"key":1617,"date":"03/13/2025 12:59:00 AM"}},{"type":"Feature","geometry":{"type":"Point","coordinates":[-8236705.978389584,4949897.108467723]},"properties":{"key":1618,"date":"03/13/2025 12:56:00 AM"}},{"type":"Feature","geometry":{"type":"Point","coordinates":[-8236842.60557624,4949972.269262258]},"properties":{"key":1619,"date":"03/13/2025 12:56:00 AM"}},{"type":"Feature","geometry":{"type":"Point","coordinates":[-8231514.008282373,4959337.947854821]},"properties":{"key":1620,"date":"03/13/2025 12:53:00 AM"}},{"type":"Feature","geometry":{"type":"Point","coordinates":[-8237569.228386227,4943400.392698569]},"properties":{"key":1621,"date":"03/13/2025 12:38:00 AM"}},{"type":"Feature","geometry":{"type":"Point","coordinates":[-8232844.890856826,4940078.98790704]},"properties":{"key":1622,"date":"03/13/2025 12:38:00 AM"}},{"type":"Feature","geometry":{"type":"Point","coordinates":[-8234849.931747081,4949346.618957033]},"properties":{"key":1623,"date":"03/13/2025 12:32:00 AM"}},{"type":"Feature","geometry":{"type":"Point","coordinates":[-8231643.725392902,4957718.293709249]},"properties":{"key":1624,"date":"03/13/2025 12:29:00 AM"}},{"type":"Feature","geometry":{"type":"Point","coordinates":[-8232846.491161336,4940090.229537552]},"properties":{"key":1625,"date":"03/13/2025 12:17:00 AM"}},{"type":"Feature","geometry":{"type":"Point","coordinates":[-8232846.491161336,4940090.229537552]},"properties":{"key":1626,"date":"03/13/2025 12:11:00 AM"}},{"type":"Feature","geometry":{"type":"Point","coordinates":[-8235067.295085377,4949468.4370965]},"properties":{"key":1627,"date":"03/13/2025 12:11:00 AM"}},{"type":"Feature","geometry":{"type":"Point","coordinates":[-8235041.580856299,4949453.963858277]},"properties":{"key":1628,"date":"03/13/2025 12:11:00 AM"}},{"type":"Feature","geometry":{"type":"Point","coordinates":[-8232837.67904699,4940049.677934646]},"properties":{"key":1629,"date":"03/13/2025 12:08:00 AM"}},{"type":"Feature","geometry":{"type":"Point","coordinates":[-8232837.67904699,4940049.677934646]},"properties":{"key":1630,"date":"03/12/2025 11:56:00 PM"}},{"type":"Feature","geometry":{"type":"Point","coordinates":[-8228781.837723339,4957648.546324912]},"properties":{"key":1631,"date":"03/12/2025 11:47:00 PM"}},{"type":"Feature","geometry":{"type":"Point","coordinates":[-8235035.152956094,4949447.934474973]},"properties":{"key":1632,"date":"03/12/2025 11:44:00 PM"}},{"type":"Feature","geometry":{"type":"Point","coordinates":[-8236077.77299224,4947977.518265958]},"properties":{"key":1633,"date":"03/12/2025 11:35:00 PM"}},{"type":"Feature","geometry":{"type":"Point","coordinates":[-8238291.964745583,4947404.293652861]},"properties":{"key":1634,"date":"03/12/2025 11:23:00 PM"}},{"type":"Feature","geometry":{"type":"Point","coordinates":[-8232861.253471668,4950927.617709617]},"properties":{"key":1635,"date":"03/12/2025 11:23:00 PM"}},{"type":"Feature","geometry":{"type":"Point","coordinates":[-8236020.180215056,4946390.190658601]},"properties":{"key":1636,"date":"03/12/2025 11:20:00 PM"}},{"type":"Feature","geometry":{"type":"Point","coordinates":[-8230396.781631839,4962277.28349141]},"properties":{"key":1637,"date":"03/12/2025 10:47:00 PM"}},{"type":"Feature","geometry":{"type":"Point","coordinates":[-8230396.781631839,4962277.28349141]},"properties":{"key":1638,"date":"03/12/2025 10:44:00 PM"}},{"type":"Feature","geometry":{"type":"Point","coordinates":[-8230481.240705776,4962330.86169489]},"properties":{"key":1639,"date":"03/12/2025 10:29:00 PM"}},{"type":"Feature","geometry":{"type":"Point","coordinates":[-8234829.506461743,4951895.416240297]},"properties":{"key":1640,"date":"03/12/2025 10:23:00 PM"}},{"type":"Feature","geometry":{"type":"Point","coordinates":[-8232861.253471668,4950927.617709617]},"properties":{"key":1641,"date":"03/12/2025 10:17:00 PM"}},{"type":"Feature","geometry":{"type":"Point","coordinates":[-8231925.831032736,4952620.8902940275]},"properties":{"key":1642,"date":"03/12/2025 09:50:00 PM"}},{"type":"Feature","geometry":{"type":"Point","coordinates":[-8230063.925718902,4962914.813235381]},"properties":{"key":1643,"date":"03/12/2025 09:47:00 PM"}},{"type":"Feature","geometry":{"type":"Point","coordinates":[-8232861.253471668,4950927.617709617]},"properties":{"key":1644,"date":"03/12/2025 09:47:00 PM"}},{"type":"Feature","geometry":{"type":"Point","coordinates":[-8232886.164734334,4950941.696588173]},"properties":{"key":1645,"date":"03/12/2025 09:41:00 PM"}},{"type":"Feature","geometry":{"type":"Point","coordinates":[-8231020.160148157,4953835.5638446305]},"properties":{"key":1646,"date":"03/12/2025 09:38:00 PM"}},{"type":"Feature","geometry":{"type":"Point","coordinates":[-8228157.471494785,4958659.500546897]},"properties":{"key":1647,"date":"03/12/2025 09:38:00 PM"}},{"type":"Feature","geometry":{"type":"Point","coordinates":[-8234798.158961042,4951880.937131692]},"properties":{"key":1648,"date":"03/12/2025 09:32:00 PM"}},{"type":"Feature","geometry":{"type":"Point","coordinates":[-8238558.583202639,4941531.505207698]},"properties":{"key":1649,"date":"03/12/2025 09:32:00 PM"}},{"type":"Feature","geometry":{"type":"Point","coordinates":[-8232861.253471668,4950927.617709617]},"properties":{"key":1650,"date":"03/12/2025 09:17:00 PM"}},{"type":"Feature","geometry":{"type":"Point","coordinates":[-8234903.051018057,4951936.0337243425]},"properties":{"key":1651,"date":"03/12/2025 09:14:00 PM"}},{"type":"Feature","geometry":{"type":"Point","coordinates":[-8234043.202679,4948897.107657048]},"properties":{"key":1652,"date":"03/12/2025 09:08:00 PM"}},{"type":"Feature","geometry":{"type":"Point","coordinates":[-8234467.170435902,4954928.050936157]},"properties":{"key":1653,"date":"03/12/2025 09:02:00 PM"}},{"type":"Feature","geometry":{"type":"Point","coordinates":[-8232578.196164845,4958118.604186918]},"properties":{"key":1654,"date":"03/12/2025 08:59:00 PM"}},{"type":"Feature","geometry":{"type":"Point","coordinates":[-8232060.764339719,4949337.786394208]},"properties":{"key":1655,"date":"03/12/2025 08:56:00 PM"}},{"type":"Feature","geometry":{"type":"Point","coordinates":[-8236842.60557624,4949972.269262258]},"properties":{"key":1656,"date":"03/12/2025 08:53:00 PM"}},{"type":"Feature","geometry":{"type":"Point","coordinates":[-8236527.991304396,4942532.9223671565]},"properties":{"key":1657,"date":"03/12/2025 08:53:00 PM"}},{"type":"Feature","geometry":{"type":"Point","coordinates":[-8231574.909766479,4959078.536765161]},"properties":{"key":1658,"date":"03/12/2025 08:50:00 PM"}},{"type":"Feature","geometry":{"type":"Point","coordinates":[-8230726.793032335,4942347.825992741]},"properties":{"key":1659,"date":"03/12/2025 08:44:00 PM"}},{"type":"Feature","geometry":{"type":"Point","coordinates":[-8232861.253471668,4950927.617709617]},"properties":{"key":1660,"date":"03/12/2025 08:44:00 PM"}},{"type":"Feature","geometry":{"type":"Point","coordinates":[-8236141.935099931,4946167.660752208]},"properties":{"key":1661,"date":"03/12/2025 07:50:00 PM"}},{"type":"Feature","geometry":{"type":"Point","coordinates":[-8231211.259183244,4958505.528741793]},"properties":{"key":1662,"date":"03/12/2025 06:47:00 PM"}},{"type":"Feature","geometry":{"type":"Point","coordinates":[-8231605.03761856,4953298.048577657]},"properties":{"key":1663,"date":"03/12/2025 06:20:00 PM"}},{"type":"Feature","geometry":{"type":"Point","coordinates":[-8235647.023004078,4952090.563145953]},"properties":{"key":1664,"date":"03/12/2025 04:59:00 PM"}},{"type":"Feature","geometry":{"type":"Point","coordinates":[-8233683.965556238,4950898.245433663]},"properties":{"key":1665,"date":"03/12/2025 04:50:00 PM"}},{"type":"Feature","geometry":{"type":"Point","coordinates":[-8235294.807116636,4952526.211728418]},"properties":{"key":1666,"date":"03/12/2025 04:38:00 PM"}},{"type":"Feature","geometry":{"type":"Point","coordinates":[-8234042.934242065,4950713.108517456]},"properties":{"key":1667,"date":"03/12/2025 03:44:00 PM"}},{"type":"Feature","geometry":{"type":"Point","coordinates":[-8232785.434044786,4945805.035112045]},"properties":{"key":1668,"date":"03/12/2025 03:26:00 PM"}},{"type":"Feature","geometry":{"type":"Point","coordinates":[-8229893.163632682,4940336.434567037]},"properties":{"key":1669,"date":"03/12/2025 02:29:00 PM"}},{"type":"Feature","geometry":{"type":"Point","coordinates":[-8238489.932074143,4941629.080825645]},"properties":{"key":1670,"date":"03/12/2025 02:20:00 PM"}},{"type":"Feature","geometry":{"type":"Point","coordinates":[-8238489.932074143,4941629.080825645]},"properties":{"key":1671,"date":"03/12/2025 02:17:00 PM"}},{"type":"Feature","geometry":{"type":"Point","coordinates":[-8233506.334775797,4949925.210452746]},"properties":{"key":1672,"date":"03/12/2025 02:05:00 PM"}},{"type":"Feature","geometry":{"type":"Point","coordinates":[-8233343.361212296,4943131.183483539]},"properties":{"key":1673,"date":"03/12/2025 01:08:00 PM"}},{"type":"Feature","geometry":{"type":"Point","coordinates":[-8228026.310363404,4951764.468710648]},"properties":{"key":1674,"date":"03/12/2025 01:05:00 PM"}},{"type":"Feature","geometry":{"type":"Point","coordinates":[-8236002.865879795,4944241.633283594]},"properties":{"key":1675,"date":"03/12/2025 12:59:00 PM"}},{"type":"Feature","geometry":{"type":"Point","coordinates":[-8232713.356286404,4951714.908372473]},"properties":{"key":1676,"date":"03/12/2025 12:11:00 PM"}},{"type":"Feature","geometry":{"type":"Point","coordinates":[-8232604.434294616,4951708.823642011]},"properties":{"key":1677,"date":"03/12/2025 11:56:00 AM"}},{"type":"Feature","geometry":{"type":"Point","coordinates":[-8237858.020938893,4945464.004790173]},"properties":{"key":1678,"date":"03/12/2025 11:44:00 AM"}},{"type":"Feature","geometry":{"type":"Point","coordinates":[-8229893.163632682,4940336.434567037]},"properties":{"key":1679,"date":"03/12/2025 11:44:00 AM"}},{"type":"Feature","geometry":{"type":"Point","coordinates":[-8233956.913085166,4949690.303554756]},"properties":{"key":1680,"date":"03/12/2025 11:26:00 AM"}},{"type":"Feature","geometry":{"type":"Point","coordinates":[-8228377.677270525,4940273.687894201]},"properties":{"key":1681,"date":"03/12/2025 11:11:00 AM"}},{"type":"Feature","geometry":{"type":"Point","coordinates":[-8232266.177270194,4953579.841692987]},"properties":{"key":1682,"date":"03/12/2025 11:11:00 AM"}},{"type":"Feature","geometry":{"type":"Point","coordinates":[-8237216.371396477,4940078.151430782]},"properties":{"key":1683,"date":"03/12/2025 10:41:00 AM"}},{"type":"Feature","geometry":{"type":"Point","coordinates":[-8237164.584194565,4940059.280505983]},"properties":{"key":1684,"date":"03/12/2025 10:26:00 AM"}},{"type":"Feature","geometry":{"type":"Point","coordinates":[-8233422.826887947,4943242.056033516]},"properties":{"key":1685,"date":"03/12/2025 10:26:00 AM"}},{"type":"Feature","geometry":{"type":"Point","coordinates":[-8237180.240886874,4940062.492922424]},"properties":{"key":1686,"date":"03/12/2025 10:23:00 AM"}},{"type":"Feature","geometry":{"type":"Point","coordinates":[-8232670.686041694,4954996.054738843]},"properties":{"key":1687,"date":"03/12/2025 10:20:00 AM"}},{"type":"Feature","geometry":{"type":"Point","coordinates":[-8233496.417029592,4954349.12466922]},"properties":{"key":1688,"date":"03/12/2025 10:14:00 AM"}},{"type":"Feature","geometry":{"type":"Point","coordinates":[-8234601.958253878,4946891.610671273]},"properties":{"key":1689,"date":"03/12/2025 09:56:00 AM"}},{"type":"Feature","geometry":{"type":"Point","coordinates":[-8232181.096289882,4951883.440128573]},"properties":{"key":1690,"date":"03/12/2025 09:53:00 AM"}},{"type":"Feature","geometry":{"type":"Point","coordinates":[-8232087.7606376,4950620.55885521]},"properties":{"key":1691,"date":"03/12/2025 09:23:00 AM"}},{"type":"Feature","geometry":{"type":"Point","coordinates":[-8232536.380665694,4958092.841498563]},"properties":{"key":1692,"date":"03/12/2025 09:23:00 AM"}},{"type":"Feature","geometry":{"type":"Point","coordinates":[-8235094.761956349,4944314.133586962]},"properties":{"key":1693,"date":"03/12/2025 09:20:00 AM"}},{"type":"Feature","geometry":{"type":"Point","coordinates":[-8228411.2175358785,4951075.136112935]},"properties":{"key":1694,"date":"03/12/2025 08:59:00 AM"}},{"type":"Feature","geometry":{"type":"Point","coordinates":[-8234467.170435902,4954928.050936157]},"properties":{"key":1695,"date":"03/12/2025 08:56:00 AM"}},{"type":"Feature","geometry":{"type":"Point","coordinates":[-8238461.342284507,4945437.461926782]},"properties":{"key":1696,"date":"03/12/2025 08:35:00 AM"}},{"type":"Feature","geometry":{"type":"Point","coordinates":[-8237281.496677137,4948525.283662475]},"properties":{"key":1697,"date":"03/12/2025 08:35:00 AM"}},{"type":"Feature","geometry":{"type":"Point","coordinates":[-8233756.116172114,4954406.322375078]},"properties":{"key":1698,"date":"03/12/2025 08:32:00 AM"}},{"type":"Feature","geometry":{"type":"Point","coordinates":[-8237136.482767987,4940047.6368264435]},"properties":{"key":1699,"date":"03/12/2025 08:29:00 AM"}},{"type":"Feature","geometry":{"type":"Point","coordinates":[-8232670.686041694,4954996.054738843]},"properties":{"key":1700,"date":"03/12/2025 08:14:00 AM"}},{"type":"Feature","geometry":{"type":"Point","coordinates":[-8237180.240886874,4940062.492922424]},"properties":{"key":1701,"date":"03/12/2025 08:08:00 AM"}},{"type":"Feature","geometry":{"type":"Point","coordinates":[-8233146.393239995,4942676.1104893265]},"properties":{"key":1702,"date":"03/12/2025 07:53:00 AM"}},{"type":"Feature","geometry":{"type":"Point","coordinates":[-8234385.930640376,4947771.388966827]},"properties":{"key":1703,"date":"03/12/2025 07:50:00 AM"}},{"type":"Feature","geometry":{"type":"Point","coordinates":[-8233446.934124441,4943214.356857884]},"properties":{"key":1704,"date":"03/12/2025 07:23:00 AM"}},{"type":"Feature","geometry":{"type":"Point","coordinates":[-8231845.0905852765,4947118.150054698]},"properties":{"key":1705,"date":"03/12/2025 07:20:00 AM"}},{"type":"Feature","geometry":{"type":"Point","coordinates":[-8233446.934124441,4943214.356857884]},"properties":{"key":1706,"date":"03/12/2025 06:56:00 AM"}},{"type":"Feature","geometry":{"type":"Point","coordinates":[-8235251.778607955,4944402.934595394]},"properties":{"key":1707,"date":"03/12/2025 06:38:00 AM"}},{"type":"Feature","geometry":{"type":"Point","coordinates":[-8234286.750377528,4949937.566162455]},"properties":{"key":1708,"date":"03/12/2025 06:35:00 AM"}},{"type":"Feature","geometry":{"type":"Point","coordinates":[-8236228.202188302,4946859.843047531]},"properties":{"key":1709,"date":"03/12/2025 06:35:00 AM"}},{"type":"Feature","geometry":{"type":"Point","coordinates":[-8227411.762529521,4964397.761992814]},"properties":{"key":1710,"date":"03/12/2025 06:26:00 AM"}},{"type":"Feature","geometry":{"type":"Point","coordinates":[-8237136.482767987,4940047.6368264435]},"properties":{"key":1711,"date":"03/12/2025 06:23:00 AM"}},{"type":"Feature","geometry":{"type":"Point","coordinates":[-8235930.141446453,4948985.219048121]},"properties":{"key":1712,"date":"03/12/2025 06:14:00 AM"}},{"type":"Feature","geometry":{"type":"Point","coordinates":[-8237136.482767987,4940047.6368264435]},"properties":{"key":1713,"date":"03/12/2025 06:11:00 AM"}},{"type":"Feature","geometry":{"type":"Point","coordinates":[-8235775.857025993,4948899.200520046]},"properties":{"key":1714,"date":"03/12/2025 06:05:00 AM"}},{"type":"Feature","geometry":{"type":"Point","coordinates":[-8235775.857025993,4948899.200520046]},"properties":{"key":1715,"date":"03/12/2025 06:02:00 AM"}},{"type":"Feature","geometry":{"type":"Point","coordinates":[-8237136.482767987,4940047.6368264435]},"properties":{"key":1716,"date":"03/12/2025 05:50:00 AM"}},{"type":"Feature","geometry":{"type":"Point","coordinates":[-8237180.240886874,4940062.492922424]},"properties":{"key":1717,"date":"03/12/2025 05:44:00 AM"}},{"type":"Feature","geometry":{"type":"Point","coordinates":[-8237136.482767987,4940047.6368264435]},"properties":{"key":1718,"date":"03/12/2025 05:32:00 AM"}},{"type":"Feature","geometry":{"type":"Point","coordinates":[-8238443.353684863,4941607.001066712]},"properties":{"key":1719,"date":"03/12/2025 05:14:00 AM"}},{"type":"Feature","geometry":{"type":"Point","coordinates":[-8237136.482767987,4940047.6368264435]},"properties":{"key":1720,"date":"03/12/2025 04:47:00 AM"}},{"type":"Feature","geometry":{"type":"Point","coordinates":[-8235396.863912974,4952716.771959866]},"properties":{"key":1721,"date":"03/12/2025 04:20:00 AM"}},{"type":"Feature","geometry":{"type":"Point","coordinates":[-8232375.359627139,4950909.683551733]},"properties":{"key":1722,"date":"03/12/2025 03:47:00 AM"}},{"type":"Feature","geometry":{"type":"Point","coordinates":[-8230772.07693735,4958449.321091985]},"properties":{"key":1723,"date":"03/12/2025 02:50:00 AM"}},{"type":"Feature","geometry":{"type":"Point","coordinates":[-8230772.07693735,4958449.321091985]},"properties":{"key":1724,"date":"03/12/2025 02:47:00 AM"}},{"type":"Feature","geometry":{"type":"Point","coordinates":[-8228738.069815018,4948767.13347531]},"properties":{"key":1725,"date":"03/12/2025 02:17:00 AM"}},{"type":"Feature","geometry":{"type":"Point","coordinates":[-8231117.551747237,4942275.013114605]},"properties":{"key":1726,"date":"03/12/2025 01:53:00 AM"}},{"type":"Feature","geometry":{"type":"Point","coordinates":[-8228738.069815018,4948767.13347531]},"properties":{"key":1727,"date":"03/12/2025 01:50:00 AM"}},{"type":"Feature","geometry":{"type":"Point","coordinates":[-8234517.030744185,4954916.809085082]},"properties":{"key":1728,"date":"03/12/2025 01:38:00 AM"}},{"type":"Feature","geometry":{"type":"Point","coordinates":[-8232087.150262812,4953808.892392275]},"properties":{"key":1729,"date":"03/12/2025 01:38:00 AM"}},{"type":"Feature","geometry":{"type":"Point","coordinates":[-8233889.689463275,4954164.344378773]},"properties":{"key":1730,"date":"03/12/2025 01:26:00 AM"}},{"type":"Feature","geometry":{"type":"Point","coordinates":[-8236787.57383196,4949699.803323762]},"properties":{"key":1731,"date":"03/12/2025 01:11:00 AM"}},{"type":"Feature","geometry":{"type":"Point","coordinates":[-8232578.196164845,4958118.604186918]},"properties":{"key":1732,"date":"03/12/2025 01:02:00 AM"}},{"type":"Feature","geometry":{"type":"Point","coordinates":[-8233190.960074945,4951492.065180013]},"properties":{"key":1733,"date":"03/12/2025 12:59:00 AM"}},{"type":"Feature","geometry":{"type":"Point","coordinates":[-8236778.733348957,4949696.18585334]},"properties":{"key":1734,"date":"03/12/2025 12:32:00 AM"}},{"type":"Feature","geometry":{"type":"Point","coordinates":[-8238581.856516996,4941378.525764567]},"properties":{"key":1735,"date":"03/12/2025 12:32:00 AM"}},{"type":"Feature","geometry":{"type":"Point","coordinates":[-8231067.406671454,4954717.277002207]},"properties":{"key":1736,"date":"03/12/2025 12:26:00 AM"}},{"type":"Feature","geometry":{"type":"Point","coordinates":[-8234127.129796052,4950160.5472675655]},"properties":{"key":1737,"date":"03/12/2025 12:23:00 AM"}},{"type":"Feature","geometry":{"type":"Point","coordinates":[-8234685.971852816,4949376.708681809]},"properties":{"key":1738,"date":"03/11/2025 11:47:00 PM"}},{"type":"Feature","geometry":{"type":"Point","coordinates":[-8235705.811183389,4945501.974577549]},"properties":{"key":1739,"date":"03/11/2025 11:41:00 PM"}},{"type":"Feature","geometry":{"type":"Point","coordinates":[-8239111.053955138,4941410.179906885]},"properties":{"key":1740,"date":"03/11/2025 11:02:00 PM"}},{"type":"Feature","geometry":{"type":"Point","coordinates":[-8232638.259395376,4950804.121675077]},"properties":{"key":1741,"date":"03/11/2025 10:50:00 PM"}},{"type":"Feature","geometry":{"type":"Point","coordinates":[-8231193.199806669,4957228.156738425]},"properties":{"key":1742,"date":"03/11/2025 10:38:00 PM"}},{"type":"Feature","geometry":{"type":"Point","coordinates":[-8228656.19122484,4949103.384489967]},"properties":{"key":1743,"date":"03/11/2025 10:29:00 PM"}},{"type":"Feature","geometry":{"type":"Point","coordinates":[-8237896.627057049,4947182.944687924]},"properties":{"key":1744,"date":"03/11/2025 10:23:00 PM"}},{"type":"Feature","geometry":{"type":"Point","coordinates":[-8232482.3685111,4950716.426573885]},"properties":{"key":1745,"date":"03/11/2025 10:14:00 PM"}},{"type":"Feature","geometry":{"type":"Point","coordinates":[-8228457.415880417,4946831.917380038]},"properties":{"key":1746,"date":"03/11/2025 10:11:00 PM"}},{"type":"Feature","geometry":{"type":"Point","coordinates":[-8235065.782659815,4952151.122014684]},"properties":{"key":1747,"date":"03/11/2025 10:11:00 PM"}},{"type":"Feature","geometry":{"type":"Point","coordinates":[-8235294.807116636,4952526.211728418]},"properties":{"key":1748,"date":"03/11/2025 10:11:00 PM"}},{"type":"Feature","geometry":{"type":"Point","coordinates":[-8236393.996121271,4944688.313763483]},"properties":{"key":1749,"date":"03/11/2025 09:41:00 PM"}},{"type":"Feature","geometry":{"type":"Point","coordinates":[-8237526.20371139,4947935.857671277]},"properties":{"key":1750,"date":"03/11/2025 09:41:00 PM"}},{"type":"Feature","geometry":{"type":"Point","coordinates":[-8232916.11611385,4943047.858213876]},"properties":{"key":1751,"date":"03/11/2025 09:32:00 PM"}},{"type":"Feature","geometry":{"type":"Point","coordinates":[-8235777.774278244,4943076.935978711]},"properties":{"key":1752,"date":"03/11/2025 09:32:00 PM"}},{"type":"Feature","geometry":{"type":"Point","coordinates":[-8231146.234298293,4943221.5289351195]},"properties":{"key":1753,"date":"03/11/2025 09:26:00 PM"}},{"type":"Feature","geometry":{"type":"Point","coordinates":[-8232164.841550307,4955777.042922681]},"properties":{"key":1754,"date":"03/11/2025 09:08:00 PM"}},{"type":"Feature","geometry":{"type":"Point","coordinates":[-8238596.653243976,4944876.721789566]},"properties":{"key":1755,"date":"03/11/2025 09:02:00 PM"}},{"type":"Feature","geometry":{"type":"Point","coordinates":[-8236152.3816248495,4946154.004253215]},"properties":{"key":1756,"date":"03/11/2025 08:59:00 PM"}},{"type":"Feature","geometry":{"type":"Point","coordinates":[-8227601.71205617,4956595.349838307]},"properties":{"key":1757,"date":"03/11/2025 08:53:00 PM"}},{"type":"Feature","geometry":{"type":"Point","coordinates":[-8233146.393239995,4942676.1104893265]},"properties":{"key":1758,"date":"03/11/2025 08:20:00 PM"}},{"type":"Feature","geometry":{"type":"Point","coordinates":[-8233146.393239995,4942676.1104893265]},"properties":{"key":1759,"date":"03/11/2025 08:14:00 PM"}},{"type":"Feature","geometry":{"type":"Point","coordinates":[-8232692.234883556,4956109.469502454]},"properties":{"key":1760,"date":"03/11/2025 08:14:00 PM"}},{"type":"Feature","geometry":{"type":"Point","coordinates":[-8232692.234883556,4956109.469502454]},"properties":{"key":1761,"date":"03/11/2025 08:02:00 PM"}},{"type":"Feature","geometry":{"type":"Point","coordinates":[-8232778.6452991115,4946530.116789671]},"properties":{"key":1762,"date":"03/11/2025 07:35:00 PM"}},{"type":"Feature","geometry":{"type":"Point","coordinates":[-8231220.536608606,4943818.355985167]},"properties":{"key":1763,"date":"03/11/2025 07:29:00 PM"}},{"type":"Feature","geometry":{"type":"Point","coordinates":[-8236890.365392597,4945568.817263533]},"properties":{"key":1764,"date":"03/11/2025 07:20:00 PM"}},{"type":"Feature","geometry":{"type":"Point","coordinates":[-8233193.404591964,4942614.291182012]},"properties":{"key":1765,"date":"03/11/2025 07:14:00 PM"}},{"type":"Feature","geometry":{"type":"Point","coordinates":[-8236576.892049799,4943352.143469832]},"properties":{"key":1766,"date":"03/11/2025 06:32:00 PM"}},{"type":"Feature","geometry":{"type":"Point","coordinates":[-8231867.777226994,4952228.134292815]},"properties":{"key":1767,"date":"03/11/2025 06:14:00 PM"}},{"type":"Feature","geometry":{"type":"Point","coordinates":[-8237948.74143919,4943579.902840707]},"properties":{"key":1768,"date":"03/11/2025 06:05:00 PM"}},{"type":"Feature","geometry":{"type":"Point","coordinates":[-8235170.090179297,4943435.01842168]},"properties":{"key":1769,"date":"03/11/2025 05:53:00 PM"}},{"type":"Feature","geometry":{"type":"Point","coordinates":[-8235219.106915155,4943346.679877538]},"properties":{"key":1770,"date":"03/11/2025 05:50:00 PM"}},{"type":"Feature","geometry":{"type":"Point","coordinates":[-8231896.552737614,4942281.526477936]},"properties":{"key":1771,"date":"03/11/2025 05:50:00 PM"}},{"type":"Feature","geometry":{"type":"Point","coordinates":[-8236341.104083431,4943747.692143904]},"properties":{"key":1772,"date":"03/11/2025 05:41:00 PM"}},{"type":"Feature","geometry":{"type":"Point","coordinates":[-8228018.348023092,4947615.313678479]},"properties":{"key":1773,"date":"03/11/2025 05:35:00 PM"}},{"type":"Feature","geometry":{"type":"Point","coordinates":[-8235219.106915155,4943346.679877538]},"properties":{"key":1774,"date":"03/11/2025 05:35:00 PM"}},{"type":"Feature","geometry":{"type":"Point","coordinates":[-8233896.510258946,4951061.101910196]},"properties":{"key":1775,"date":"03/11/2025 04:50:00 PM"}},{"type":"Feature","geometry":{"type":"Point","coordinates":[-8233956.913085166,4949690.303554756]},"properties":{"key":1776,"date":"03/11/2025 03:14:00 PM"}},{"type":"Feature","geometry":{"type":"Point","coordinates":[-8237884.530340904,4945404.154009724]},"properties":{"key":1777,"date":"03/11/2025 02:50:00 PM"}},{"type":"Feature","geometry":{"type":"Point","coordinates":[-8233813.129334314,4955628.247483416]},"properties":{"key":1778,"date":"03/11/2025 02:44:00 PM"}},{"type":"Feature","geometry":{"type":"Point","coordinates":[-8233429.255775559,4943234.027044646]},"properties":{"key":1779,"date":"03/11/2025 02:23:00 PM"}},{"type":"Feature","geometry":{"type":"Point","coordinates":[-8235849.305276475,4944992.28124475]},"properties":{"key":1780,"date":"03/11/2025 02:17:00 PM"}},{"type":"Feature","geometry":{"type":"Point","coordinates":[-8228040.57703261,4947481.547444839]},"properties":{"key":1781,"date":"03/11/2025 01:56:00 PM"}},{"type":"Feature","geometry":{"type":"Point","coordinates":[-8229375.594745433,4940425.136078242]},"properties":{"key":1782,"date":"03/11/2025 01:41:00 PM"}},{"type":"Feature","geometry":{"type":"Point","coordinates":[-8234058.276210799,4953803.785734145]},"properties":{"key":1783,"date":"03/11/2025 01:41:00 PM"}},{"type":"Feature","geometry":{"type":"Point","coordinates":[-8233283.889622594,4943214.285345633]},"properties":{"key":1784,"date":"03/11/2025 12:59:00 PM"}},{"type":"Feature","geometry":{"type":"Point","coordinates":[-8231068.545546656,4947662.845232557]},"properties":{"key":1785,"date":"03/11/2025 12:14:00 PM"}},{"type":"Feature","geometry":{"type":"Point","coordinates":[-8228694.3545775125,4949990.701157774]},"properties":{"key":1786,"date":"03/11/2025 12:05:00 PM"}},{"type":"Feature","geometry":{"type":"Point","coordinates":[-8231113.206276256,4956571.792118077]},"properties":{"key":1787,"date":"03/11/2025 11:23:00 AM"}},{"type":"Feature","geometry":{"type":"Point","coordinates":[-8232462.717390483,4946855.356055472]},"properties":{"key":1788,"date":"03/11/2025 10:41:00 AM"}},{"type":"Feature","geometry":{"type":"Point","coordinates":[-8234313.202910865,4950144.13576204]},"properties":{"key":1789,"date":"03/11/2025 10:26:00 AM"}},{"type":"Feature","geometry":{"type":"Point","coordinates":[-8233381.0385095645,4943295.047710534]},"properties":{"key":1790,"date":"03/11/2025 10:23:00 AM"}},{"type":"Feature","geometry":{"type":"Point","coordinates":[-8238512.765197837,4945527.0323120095]},"properties":{"key":1791,"date":"03/11/2025 09:59:00 AM"}},{"type":"Feature","geometry":{"type":"Point","coordinates":[-8237074.323491631,4945798.59593192]},"properties":{"key":1792,"date":"03/11/2025 09:59:00 AM"}},{"type":"Feature","geometry":{"type":"Point","coordinates":[-8233390.5418021735,4950975.689705502]},"properties":{"key":1793,"date":"03/11/2025 09:53:00 AM"}},{"type":"Feature","geometry":{"type":"Point","coordinates":[-8238343.753618402,4946873.579445932]},"properties":{"key":1794,"date":"03/11/2025 09:29:00 AM"}},{"type":"Feature","geometry":{"type":"Point","coordinates":[-8232321.854926895,4952477.2083778195]},"properties":{"key":1795,"date":"03/11/2025 09:17:00 AM"}},{"type":"Feature","geometry":{"type":"Point","coordinates":[-8232027.31119968,4941838.704006535]},"properties":{"key":1796,"date":"03/11/2025 09:05:00 AM"}},{"type":"Feature","geometry":{"type":"Point","coordinates":[-8235209.065090021,4949794.375360987]},"properties":{"key":1797,"date":"03/11/2025 08:59:00 AM"}},{"type":"Feature","geometry":{"type":"Point","coordinates":[-8227716.600071353,4951977.188880882]},"properties":{"key":1798,"date":"03/11/2025 08:53:00 AM"}},{"type":"Feature","geometry":{"type":"Point","coordinates":[-8228585.250464811,4940689.81114558]},"properties":{"key":1799,"date":"03/11/2025 08:47:00 AM"}},{"type":"Feature","geometry":{"type":"Point","coordinates":[-8239203.040318346,4941659.106976457]},"properties":{"key":1800,"date":"03/11/2025 08:38:00 AM"}},{"type":"Feature","geometry":{"type":"Point","coordinates":[-8233496.417029592,4954349.12466922]},"properties":{"key":1801,"date":"03/11/2025 08:35:00 AM"}},{"type":"Feature","geometry":{"type":"Point","coordinates":[-8229893.163632682,4940336.434567037]},"properties":{"key":1802,"date":"03/11/2025 08:32:00 AM"}},{"type":"Feature","geometry":{"type":"Point","coordinates":[-8235999.141668418,4947275.614471562]},"properties":{"key":1803,"date":"03/11/2025 08:32:00 AM"}},{"type":"Feature","geometry":{"type":"Point","coordinates":[-8231220.536608606,4943818.355985167]},"properties":{"key":1804,"date":"03/11/2025 08:32:00 AM"}},{"type":"Feature","geometry":{"type":"Point","coordinates":[-8235209.065090021,4949794.375360987]},"properties":{"key":1805,"date":"03/11/2025 08:23:00 AM"}},{"type":"Feature","geometry":{"type":"Point","coordinates":[-8236844.663688836,4949375.918679994]},"properties":{"key":1806,"date":"03/11/2025 07:53:00 AM"}},{"type":"Feature","geometry":{"type":"Point","coordinates":[-8228057.657232925,4961178.858921409]},"properties":{"key":1807,"date":"03/11/2025 07:38:00 AM"}},{"type":"Feature","geometry":{"type":"Point","coordinates":[-8229880.419694999,4962929.557694837]},"properties":{"key":1808,"date":"03/11/2025 07:23:00 AM"}},{"type":"Feature","geometry":{"type":"Point","coordinates":[-8232464.961722774,4942629.191028603]},"properties":{"key":1809,"date":"03/11/2025 07:17:00 AM"}},{"type":"Feature","geometry":{"type":"Point","coordinates":[-8237325.296550852,4948433.271984108]},"properties":{"key":1810,"date":"03/11/2025 06:50:00 AM"}},{"type":"Feature","geometry":{"type":"Point","coordinates":[-8230825.351574714,4947838.2536812695]},"properties":{"key":1811,"date":"03/11/2025 06:38:00 AM"}},{"type":"Feature","geometry":{"type":"Point","coordinates":[-8232407.876094927,4952477.656901668]},"properties":{"key":1812,"date":"03/11/2025 06:38:00 AM"}},{"type":"Feature","geometry":{"type":"Point","coordinates":[-8232326.27527248,4952479.622604232]},"properties":{"key":1813,"date":"03/11/2025 06:38:00 AM"}},{"type":"Feature","geometry":{"type":"Point","coordinates":[-8228921.384189059,4948670.863684847]},"properties":{"key":1814,"date":"03/11/2025 06:32:00 AM"}},{"type":"Feature","geometry":{"type":"Point","coordinates":[-8232407.876094927,4952477.656901668]},"properties":{"key":1815,"date":"03/11/2025 06:20:00 AM"}},{"type":"Feature","geometry":{"type":"Point","coordinates":[-8236228.202188302,4946859.843047531]},"properties":{"key":1816,"date":"03/11/2025 05:59:00 AM"}},{"type":"Feature","geometry":{"type":"Point","coordinates":[-8229535.038483653,4964043.989383724]},"properties":{"key":1817,"date":"03/11/2025 05:47:00 AM"}},{"type":"Feature","geometry":{"type":"Point","coordinates":[-8237998.509112957,4942730.147202284]},"properties":{"key":1818,"date":"03/11/2025 04:41:00 AM"}},{"type":"Feature","geometry":{"type":"Point","coordinates":[-8234803.781514826,4943615.638809991]},"properties":{"key":1819,"date":"03/11/2025 04:35:00 AM"}},{"type":"Feature","geometry":{"type":"Point","coordinates":[-8233057.041921568,4949089.570090709]},"properties":{"key":1820,"date":"03/11/2025 03:47:00 AM"}},{"type":"Feature","geometry":{"type":"Point","coordinates":[-8237292.142387133,4942992.374552383]},"properties":{"key":1821,"date":"03/11/2025 03:14:00 AM"}},{"type":"Feature","geometry":{"type":"Point","coordinates":[-8237755.189808629,4945376.4406441115]},"properties":{"key":1822,"date":"03/11/2025 02:11:00 AM"}},{"type":"Feature","geometry":{"type":"Point","coordinates":[-8231078.43158907,4953868.569368762]},"properties":{"key":1823,"date":"03/11/2025 01:08:00 AM"}},{"type":"Feature","geometry":{"type":"Point","coordinates":[-8231078.43158907,4953868.569368762]},"properties":{"key":1824,"date":"03/11/2025 01:02:00 AM"}},{"type":"Feature","geometry":{"type":"Point","coordinates":[-8236380.605052218,4945744.704010577]},"properties":{"key":1825,"date":"03/11/2025 12:35:00 AM"}},{"type":"Feature","geometry":{"type":"Point","coordinates":[-8231067.262949086,4953737.904078481]},"properties":{"key":1826,"date":"03/11/2025 12:20:00 AM"}},{"type":"Feature","geometry":{"type":"Point","coordinates":[-8230705.692548647,4960737.746573604]},"properties":{"key":1827,"date":"03/10/2025 11:38:00 PM"}},{"type":"Feature","geometry":{"type":"Point","coordinates":[-8229620.143989872,4963813.863163833]},"properties":{"key":1828,"date":"03/10/2025 11:35:00 PM"}},{"type":"Feature","geometry":{"type":"Point","coordinates":[-8227320.913428495,4946442.30903347]},"properties":{"key":1829,"date":"03/10/2025 11:29:00 PM"}},{"type":"Feature","geometry":{"type":"Point","coordinates":[-8228857.17606523,4948579.996863804]},"properties":{"key":1830,"date":"03/10/2025 11:17:00 PM"}},{"type":"Feature","geometry":{"type":"Point","coordinates":[-8232357.4316287115,4956552.84108477]},"properties":{"key":1831,"date":"03/10/2025 11:14:00 PM"}},{"type":"Feature","geometry":{"type":"Point","coordinates":[-8232707.880313672,4952210.507464369]},"properties":{"key":1832,"date":"03/10/2025 11:14:00 PM"}},{"type":"Feature","geometry":{"type":"Point","coordinates":[-8237789.760428264,4947125.094923618]},"properties":{"key":1833,"date":"03/10/2025 11:11:00 PM"}},{"type":"Feature","geometry":{"type":"Point","coordinates":[-8235608.615354103,4945448.531270144]},"properties":{"key":1834,"date":"03/10/2025 11:02:00 PM"}},{"type":"Feature","geometry":{"type":"Point","coordinates":[-8233174.518632546,4942641.588857594]},"properties":{"key":1835,"date":"03/10/2025 11:02:00 PM"}},{"type":"Feature","geometry":{"type":"Point","coordinates":[-8237860.469022587,4947162.858037018]},"properties":{"key":1836,"date":"03/10/2025 10:50:00 PM"}},{"type":"Feature","geometry":{"type":"Point","coordinates":[-8232748.123734483,4952115.6660726145]},"properties":{"key":1837,"date":"03/10/2025 10:44:00 PM"}},{"type":"Feature","geometry":{"type":"Point","coordinates":[-8237860.469022587,4947162.858037018]},"properties":{"key":1838,"date":"03/10/2025 10:41:00 PM"}},{"type":"Feature","geometry":{"type":"Point","coordinates":[-8230275.4057052275,4954105.194334526]},"properties":{"key":1839,"date":"03/10/2025 10:41:00 PM"}},{"type":"Feature","geometry":{"type":"Point","coordinates":[-8238918.471391913,4942508.808995733]},"properties":{"key":1840,"date":"03/10/2025 10:38:00 PM"}},{"type":"Feature","geometry":{"type":"Point","coordinates":[-8235082.6616323395,4952163.185138588]},"properties":{"key":1841,"date":"03/10/2025 10:38:00 PM"}},{"type":"Feature","geometry":{"type":"Point","coordinates":[-8235766.100589521,4943221.504270057]},"properties":{"key":1842,"date":"03/10/2025 10:35:00 PM"}},{"type":"Feature","geometry":{"type":"Point","coordinates":[-8235068.997032375,4952155.94633338]},"properties":{"key":1843,"date":"03/10/2025 10:35:00 PM"}},{"type":"Feature","geometry":{"type":"Point","coordinates":[-8237789.760428264,4947125.094923618]},"properties":{"key":1844,"date":"03/10/2025 10:23:00 PM"}},{"type":"Feature","geometry":{"type":"Point","coordinates":[-8238870.683005409,4942485.524771645]},"properties":{"key":1845,"date":"03/10/2025 10:20:00 PM"}},{"type":"Feature","geometry":{"type":"Point","coordinates":[-8232970.79638465,4950458.658581426]},"properties":{"key":1846,"date":"03/10/2025 10:11:00 PM"}},{"type":"Feature","geometry":{"type":"Point","coordinates":[-8232707.880313672,4952210.507464369]},"properties":{"key":1847,"date":"03/10/2025 09:56:00 PM"}},{"type":"Feature","geometry":{"type":"Point","coordinates":[-8227515.577528162,4956669.254651175]},"properties":{"key":1848,"date":"03/10/2025 09:44:00 PM"}},{"type":"Feature","geometry":{"type":"Point","coordinates":[-8232194.499833397,4955951.5747785615]},"properties":{"key":1849,"date":"03/10/2025 09:44:00 PM"}},{"type":"Feature","geometry":{"type":"Point","coordinates":[-8228239.456851486,4949974.600329299]},"properties":{"key":1850,"date":"03/10/2025 09:44:00 PM"}},{"type":"Feature","geometry":{"type":"Point","coordinates":[-8235109.99068644,4952178.466621763]},"properties":{"key":1851,"date":"03/10/2025 09:29:00 PM"}},{"type":"Feature","geometry":{"type":"Point","coordinates":[-8230279.028887485,4954098.764490085]},"properties":{"key":1852,"date":"03/10/2025 09:26:00 PM"}},{"type":"Feature","geometry":{"type":"Point","coordinates":[-8238919.66654691,4942436.127033263]},"properties":{"key":1853,"date":"03/10/2025 08:35:00 PM"}},{"type":"Feature","geometry":{"type":"Point","coordinates":[-8235151.5750941215,4949889.1999301575]},"properties":{"key":1854,"date":"03/10/2025 08:35:00 PM"}},{"type":"Feature","geometry":{"type":"Point","coordinates":[-8236129.368483066,4944311.135933789]},"properties":{"key":1855,"date":"03/10/2025 08:29:00 PM"}},{"type":"Feature","geometry":{"type":"Point","coordinates":[-8228240.262133343,4949972.993642223]},"properties":{"key":1856,"date":"03/10/2025 08:20:00 PM"}},{"type":"Feature","geometry":{"type":"Point","coordinates":[-8235151.5750941215,4949889.1999301575]},"properties":{"key":1857,"date":"03/10/2025 08:11:00 PM"}},{"type":"Feature","geometry":{"type":"Point","coordinates":[-8233212.511776606,4949173.624695969]},"properties":{"key":1858,"date":"03/10/2025 07:44:00 PM"}},{"type":"Feature","geometry":{"type":"Point","coordinates":[-8238886.746482516,4942494.758560841]},"properties":{"key":1859,"date":"03/10/2025 07:35:00 PM"}},{"type":"Feature","geometry":{"type":"Point","coordinates":[-8231219.492546442,4953945.048651813]},"properties":{"key":1860,"date":"03/10/2025 07:20:00 PM"}},{"type":"Feature","geometry":{"type":"Point","coordinates":[-8233381.0385095645,4943295.047710534]},"properties":{"key":1861,"date":"03/10/2025 06:47:00 PM"}},{"type":"Feature","geometry":{"type":"Point","coordinates":[-8236085.01089759,4945425.723282425]},"properties":{"key":1862,"date":"03/10/2025 06:41:00 PM"}},{"type":"Feature","geometry":{"type":"Point","coordinates":[-8229893.163632682,4940336.434567037]},"properties":{"key":1863,"date":"03/10/2025 06:23:00 PM"}},{"type":"Feature","geometry":{"type":"Point","coordinates":[-8228016.1868809685,4946955.629217924]},"properties":{"key":1864,"date":"03/10/2025 06:02:00 PM"}},{"type":"Feature","geometry":{"type":"Point","coordinates":[-8230279.028887485,4954098.764490085]},"properties":{"key":1865,"date":"03/10/2025 05:41:00 PM"}},{"type":"Feature","geometry":{"type":"Point","coordinates":[-8235203.8423357345,4949788.748037526]},"properties":{"key":1866,"date":"03/10/2025 05:26:00 PM"}},{"type":"Feature","geometry":{"type":"Point","coordinates":[-8231634.170808724,4951034.248172091]},"properties":{"key":1867,"date":"03/10/2025 05:11:00 PM"}},{"type":"Feature","geometry":{"type":"Point","coordinates":[-8232564.2089287145,4942511.987398068]},"properties":{"key":1868,"date":"03/10/2025 04:56:00 PM"}},{"type":"Feature","geometry":{"type":"Point","coordinates":[-8231480.230512432,4953592.6431987155]},"properties":{"key":1869,"date":"03/10/2025 03:56:00 PM"}},{"type":"Feature","geometry":{"type":"Point","coordinates":[-8237332.238403128,4944936.610479235]},"properties":{"key":1870,"date":"03/10/2025 02:26:00 PM"}},{"type":"Feature","geometry":{"type":"Point","coordinates":[-8229058.402818459,4950039.654425846]},"properties":{"key":1871,"date":"03/10/2025 02:17:00 PM"}},{"type":"Feature","geometry":{"type":"Point","coordinates":[-8227976.91807232,4947663.4850962935]},"properties":{"key":1872,"date":"03/10/2025 01:17:00 PM"}},{"type":"Feature","geometry":{"type":"Point","coordinates":[-8235209.065090021,4949794.375360987]},"properties":{"key":1873,"date":"03/10/2025 12:41:00 PM"}},{"type":"Feature","geometry":{"type":"Point","coordinates":[-8235574.668937362,4948311.714335054]},"properties":{"key":1874,"date":"03/10/2025 11:20:00 AM"}},{"type":"Feature","geometry":{"type":"Point","coordinates":[-8232676.00087501,4946932.199180738]},"properties":{"key":1875,"date":"03/10/2025 11:02:00 AM"}},{"type":"Feature","geometry":{"type":"Point","coordinates":[-8235973.649310216,4943643.218289506]},"properties":{"key":1876,"date":"03/10/2025 10:53:00 AM"}},{"type":"Feature","geometry":{"type":"Point","coordinates":[-8235341.392620346,4945897.158216518]},"properties":{"key":1877,"date":"03/10/2025 10:38:00 AM"}},{"type":"Feature","geometry":{"type":"Point","coordinates":[-8231167.660302436,4943007.900780031]},"properties":{"key":1878,"date":"03/10/2025 10:26:00 AM"}},{"type":"Feature","geometry":{"type":"Point","coordinates":[-8235173.797215188,4952591.703366967]},"properties":{"key":1879,"date":"03/10/2025 10:14:00 AM"}},{"type":"Feature","geometry":{"type":"Point","coordinates":[-8231640.652482923,4960097.508224547]},"properties":{"key":1880,"date":"03/10/2025 09:53:00 AM"}},{"type":"Feature","geometry":{"type":"Point","coordinates":[-8238780.492777733,4943858.155763384]},"properties":{"key":1881,"date":"03/10/2025 09:50:00 AM"}},{"type":"Feature","geometry":{"type":"Point","coordinates":[-8237064.080365235,4949185.061400786]},"properties":{"key":1882,"date":"03/10/2025 09:35:00 AM"}},{"type":"Feature","geometry":{"type":"Point","coordinates":[-8229893.163632682,4940336.434567037]},"properties":{"key":1883,"date":"03/10/2025 09:14:00 AM"}},{"type":"Feature","geometry":{"type":"Point","coordinates":[-8237354.399966394,4942554.264458752]},"properties":{"key":1884,"date":"03/10/2025 08:47:00 AM"}},{"type":"Feature","geometry":{"type":"Point","coordinates":[-8238146.734087366,4943630.095055969]},"properties":{"key":1885,"date":"03/10/2025 08:44:00 AM"}},{"type":"Feature","geometry":{"type":"Point","coordinates":[-8232678.394226251,4942231.7623075815]},"properties":{"key":1886,"date":"03/10/2025 08:29:00 AM"}},{"type":"Feature","geometry":{"type":"Point","coordinates":[-8232668.919003964,4950578.272047247]},"properties":{"key":1887,"date":"03/10/2025 08:29:00 AM"}},{"type":"Feature","geometry":{"type":"Point","coordinates":[-8232464.961722774,4942629.191028603]},"properties":{"key":1888,"date":"03/10/2025 07:53:00 AM"}},{"type":"Feature","geometry":{"type":"Point","coordinates":[-8232164.601207075,4951910.7631562175]},"properties":{"key":1889,"date":"03/10/2025 07:44:00 AM"}},{"type":"Feature","geometry":{"type":"Point","coordinates":[-8236405.89908584,4949012.213305218]},"properties":{"key":1890,"date":"03/10/2025 07:35:00 AM"}},{"type":"Feature","geometry":{"type":"Point","coordinates":[-8232861.253471668,4950927.617709617]},"properties":{"key":1891,"date":"03/10/2025 06:53:00 AM"}},{"type":"Feature","geometry":{"type":"Point","coordinates":[-8237354.399966394,4942554.264458752]},"properties":{"key":1892,"date":"03/10/2025 06:17:00 AM"}},{"type":"Feature","geometry":{"type":"Point","coordinates":[-8236228.202188302,4946859.843047531]},"properties":{"key":1893,"date":"03/10/2025 06:05:00 AM"}},{"type":"Feature","geometry":{"type":"Point","coordinates":[-8236481.753195423,4946401.504636296]},"properties":{"key":1894,"date":"03/10/2025 01:59:00 AM"}},{"type":"Feature","geometry":{"type":"Point","coordinates":[-8235633.576267489,4951024.2368275]},"properties":{"key":1895,"date":"03/10/2025 01:50:00 AM"}},{"type":"Feature","geometry":{"type":"Point","coordinates":[-8229143.674473473,4947186.877814235]},"properties":{"key":1896,"date":"03/10/2025 12:50:00 AM"}},{"type":"Feature","geometry":{"type":"Point","coordinates":[-8235633.576267489,4951024.2368275]},"properties":{"key":1897,"date":"03/10/2025 12:02:00 AM"}},{"type":"Feature","geometry":{"type":"Point","coordinates":[-8232455.0847417675,4943079.348790098]},"properties":{"key":1898,"date":"03/09/2025 11:44:00 PM"}},{"type":"Feature","geometry":{"type":"Point","coordinates":[-8230826.582212799,4961031.924793426]},"properties":{"key":1899,"date":"03/09/2025 11:20:00 PM"}},{"type":"Feature","geometry":{"type":"Point","coordinates":[-8235633.576267489,4951024.2368275]},"properties":{"key":1900,"date":"03/09/2025 11:02:00 PM"}},{"type":"Feature","geometry":{"type":"Point","coordinates":[-8235633.576267489,4951024.2368275]},"properties":{"key":1901,"date":"03/09/2025 10:56:00 PM"}},{"type":"Feature","geometry":{"type":"Point","coordinates":[-8233744.984122846,4950069.980863388]},"properties":{"key":1902,"date":"03/09/2025 10:50:00 PM"}},{"type":"Feature","geometry":{"type":"Point","coordinates":[-8231676.1075626295,4952122.304276951]},"properties":{"key":1903,"date":"03/09/2025 10:32:00 PM"}},{"type":"Feature","geometry":{"type":"Point","coordinates":[-8235439.154619446,4947013.9651743425]},"properties":{"key":1904,"date":"03/09/2025 10:11:00 PM"}},{"type":"Feature","geometry":{"type":"Point","coordinates":[-8231747.7050197115,4952040.349431104]},"properties":{"key":1905,"date":"03/09/2025 07:53:00 PM"}},{"type":"Feature","geometry":{"type":"Point","coordinates":[-8238521.216280809,4941246.033395252]},"properties":{"key":1906,"date":"03/09/2025 07:41:00 PM"}},{"type":"Feature","geometry":{"type":"Point","coordinates":[-8231493.510009298,4957398.065884155]},"properties":{"key":1907,"date":"03/09/2025 06:59:00 PM"}},{"type":"Feature","geometry":{"type":"Point","coordinates":[-8229893.163632682,4940336.434567037]},"properties":{"key":1908,"date":"03/09/2025 06:44:00 PM"}},{"type":"Feature","geometry":{"type":"Point","coordinates":[-8237850.399781687,4945968.528266333]},"properties":{"key":1909,"date":"03/09/2025 06:20:00 PM"}},{"type":"Feature","geometry":{"type":"Point","coordinates":[-8231511.598615033,4940156.525512127]},"properties":{"key":1910,"date":"03/09/2025 05:35:00 PM"}},{"type":"Feature","geometry":{"type":"Point","coordinates":[-8234553.668337445,4952222.923591366]},"properties":{"key":1911,"date":"03/09/2025 05:32:00 PM"}},{"type":"Feature","geometry":{"type":"Point","coordinates":[-8232848.875025929,4942591.23885458]},"properties":{"key":1912,"date":"03/09/2025 04:44:00 PM"}},{"type":"Feature","geometry":{"type":"Point","coordinates":[-8232848.875025929,4942591.23885458]},"properties":{"key":1913,"date":"03/09/2025 04:35:00 PM"}},{"type":"Feature","geometry":{"type":"Point","coordinates":[-8230202.234390921,4948838.276838826]},"properties":{"key":1914,"date":"03/09/2025 02:47:00 PM"}},{"type":"Feature","geometry":{"type":"Point","coordinates":[-8235102.846257183,4947200.696143409]},"properties":{"key":1915,"date":"03/09/2025 01:56:00 PM"}},{"type":"Feature","geometry":{"type":"Point","coordinates":[-8234578.707463905,4953127.782450787]},"properties":{"key":1916,"date":"03/09/2025 12:17:00 PM"}},{"type":"Feature","geometry":{"type":"Point","coordinates":[-8227558.702012056,4958521.74224556]},"properties":{"key":1917,"date":"03/09/2025 12:05:00 PM"}},{"type":"Feature","geometry":{"type":"Point","coordinates":[-8238694.735020561,4945596.907417883]},"properties":{"key":1918,"date":"03/09/2025 11:50:00 AM"}},{"type":"Feature","geometry":{"type":"Point","coordinates":[-8231812.261236247,4955666.662282098]},"properties":{"key":1919,"date":"03/09/2025 11:44:00 AM"}},{"type":"Feature","geometry":{"type":"Point","coordinates":[-8237390.473915677,4945128.606772059]},"properties":{"key":1920,"date":"03/09/2025 11:23:00 AM"}},{"type":"Feature","geometry":{"type":"Point","coordinates":[-8231676.1075626295,4952122.304276951]},"properties":{"key":1921,"date":"03/09/2025 10:59:00 AM"}},{"type":"Feature","geometry":{"type":"Point","coordinates":[-8231231.967948116,4958207.905745584]},"properties":{"key":1922,"date":"03/09/2025 10:08:00 AM"}},{"type":"Feature","geometry":{"type":"Point","coordinates":[-8227282.543893201,4962530.787456616]},"properties":{"key":1923,"date":"03/09/2025 09:08:00 AM"}},{"type":"Feature","geometry":{"type":"Point","coordinates":[-8227743.73390669,4966041.894105178]},"properties":{"key":1924,"date":"03/09/2025 09:05:00 AM"}},{"type":"Feature","geometry":{"type":"Point","coordinates":[-8227743.73390669,4966041.894105178]},"properties":{"key":1925,"date":"03/09/2025 08:59:00 AM"}},{"type":"Feature","geometry":{"type":"Point","coordinates":[-8230605.980416856,4960653.592725842]},"properties":{"key":1926,"date":"03/09/2025 08:53:00 AM"}},{"type":"Feature","geometry":{"type":"Point","coordinates":[-8234031.773916535,4948291.978859626]},"properties":{"key":1927,"date":"03/09/2025 08:41:00 AM"}},{"type":"Feature","geometry":{"type":"Point","coordinates":[-8234099.262172688,4948329.370776179]},"properties":{"key":1928,"date":"03/09/2025 08:38:00 AM"}},{"type":"Feature","geometry":{"type":"Point","coordinates":[-8234099.262172688,4948329.370776179]},"properties":{"key":1929,"date":"03/09/2025 08:35:00 AM"}},{"type":"Feature","geometry":{"type":"Point","coordinates":[-8234138.228364869,4948352.287382656]},"properties":{"key":1930,"date":"03/09/2025 08:35:00 AM"}},{"type":"Feature","geometry":{"type":"Point","coordinates":[-8227714.726037782,4966067.223970633]},"properties":{"key":1931,"date":"03/09/2025 08:17:00 AM"}},{"type":"Feature","geometry":{"type":"Point","coordinates":[-8227282.543893201,4962530.787456616]},"properties":{"key":1932,"date":"03/09/2025 08:14:00 AM"}},{"type":"Feature","geometry":{"type":"Point","coordinates":[-8229136.016260236,4955969.894182908]},"properties":{"key":1933,"date":"03/09/2025 08:08:00 AM"}},{"type":"Feature","geometry":{"type":"Point","coordinates":[-8232135.408531114,4951646.269929966]},"properties":{"key":1934,"date":"03/09/2025 07:08:00 AM"}},{"type":"Feature","geometry":{"type":"Point","coordinates":[-8227905.630550965,4962334.263346367]},"properties":{"key":1935,"date":"03/09/2025 03:41:00 AM"}},{"type":"Feature","geometry":{"type":"Point","coordinates":[-8230075.321928209,4950311.359931024]},"properties":{"key":1936,"date":"03/09/2025 03:05:00 AM"}},{"type":"Feature","geometry":{"type":"Point","coordinates":[-8238988.188038291,4941389.318974761]},"properties":{"key":1937,"date":"03/09/2025 01:41:00 AM"}},{"type":"Feature","geometry":{"type":"Point","coordinates":[-8228378.881345551,4960156.907010364]},"properties":{"key":1938,"date":"03/09/2025 12:38:00 AM"}},{"type":"Feature","geometry":{"type":"Point","coordinates":[-8236044.61228071,4944382.613291382]},"properties":{"key":1939,"date":"03/09/2025 12:32:00 AM"}},{"type":"Feature","geometry":{"type":"Point","coordinates":[-8234833.346054657,4945545.144005375]},"properties":{"key":1940,"date":"03/08/2025 11:50:00 PM"}},{"type":"Feature","geometry":{"type":"Point","coordinates":[-8233211.205083933,4944975.774555752]},"properties":{"key":1941,"date":"03/08/2025 11:41:00 PM"}},{"type":"Feature","geometry":{"type":"Point","coordinates":[-8230481.240705776,4962330.86169489]},"properties":{"key":1942,"date":"03/08/2025 11:38:00 PM"}},{"type":"Feature","geometry":{"type":"Point","coordinates":[-8237748.761909534,4945278.030461079]},"properties":{"key":1943,"date":"03/08/2025 10:44:00 PM"}},{"type":"Feature","geometry":{"type":"Point","coordinates":[-8238779.290183255,4943877.433394522]},"properties":{"key":1944,"date":"03/08/2025 09:47:00 PM"}},{"type":"Feature","geometry":{"type":"Point","coordinates":[-8235543.81237899,4951666.088130798]},"properties":{"key":1945,"date":"03/08/2025 09:44:00 PM"}},{"type":"Feature","geometry":{"type":"Point","coordinates":[-8231574.909766479,4959078.536765161]},"properties":{"key":1946,"date":"03/08/2025 09:05:00 PM"}},{"type":"Feature","geometry":{"type":"Point","coordinates":[-8237616.618525026,4942674.737510727]},"properties":{"key":1947,"date":"03/08/2025 08:56:00 PM"}},{"type":"Feature","geometry":{"type":"Point","coordinates":[-8229237.097137524,4950198.951444593]},"properties":{"key":1948,"date":"03/08/2025 08:23:00 PM"}},{"type":"Feature","geometry":{"type":"Point","coordinates":[-8235337.182847821,4951812.347171196]},"properties":{"key":1949,"date":"03/08/2025 08:05:00 PM"}},{"type":"Feature","geometry":{"type":"Point","coordinates":[-8230805.505436822,4954944.264334885]},"properties":{"key":1950,"date":"03/08/2025 07:44:00 PM"}},{"type":"Feature","geometry":{"type":"Point","coordinates":[-8234161.081508262,4955245.989180587]},"properties":{"key":1951,"date":"03/08/2025 07:41:00 PM"}},{"type":"Feature","geometry":{"type":"Point","coordinates":[-8232272.961197962,4958783.303150289]},"properties":{"key":1952,"date":"03/08/2025 07:29:00 PM"}},{"type":"Feature","geometry":{"type":"Point","coordinates":[-8230196.831040798,4940131.121140274]},"properties":{"key":1953,"date":"03/08/2025 07:14:00 PM"}},{"type":"Feature","geometry":{"type":"Point","coordinates":[-8227920.868863439,4947464.153023451]},"properties":{"key":1954,"date":"03/08/2025 06:23:00 PM"}},{"type":"Feature","geometry":{"type":"Point","coordinates":[-8232279.52342183,4951973.128842823]},"properties":{"key":1955,"date":"03/08/2025 05:50:00 PM"}},{"type":"Feature","geometry":{"type":"Point","coordinates":[-8228040.57703261,4947481.547444839]},"properties":{"key":1956,"date":"03/08/2025 05:47:00 PM"}},{"type":"Feature","geometry":{"type":"Point","coordinates":[-8231774.436051035,4954376.383785991]},"properties":{"key":1957,"date":"03/08/2025 05:35:00 PM"}},{"type":"Feature","geometry":{"type":"Point","coordinates":[-8228764.018269209,4964412.3681739755]},"properties":{"key":1958,"date":"03/08/2025 04:50:00 PM"}},{"type":"Feature","geometry":{"type":"Point","coordinates":[-8231635.090813109,4951498.06360642]},"properties":{"key":1959,"date":"03/08/2025 03:59:00 PM"}},{"type":"Feature","geometry":{"type":"Point","coordinates":[-8236341.104083431,4943747.692143904]},"properties":{"key":1960,"date":"03/08/2025 03:38:00 PM"}},{"type":"Feature","geometry":{"type":"Point","coordinates":[-8232940.047192815,4951719.039699982]},"properties":{"key":1961,"date":"03/08/2025 03:32:00 PM"}},{"type":"Feature","geometry":{"type":"Point","coordinates":[-8238417.561024523,4945459.557877455]},"properties":{"key":1962,"date":"03/08/2025 02:05:00 PM"}},{"type":"Feature","geometry":{"type":"Point","coordinates":[-8232859.712664086,4942600.480103725]},"properties":{"key":1963,"date":"03/08/2025 01:59:00 PM"}},{"type":"Feature","geometry":{"type":"Point","coordinates":[-8232590.0890338505,4941388.906074854]},"properties":{"key":1964,"date":"03/08/2025 01:14:00 PM"}},{"type":"Feature","geometry":{"type":"Point","coordinates":[-8228638.771893032,4957528.163442721]},"properties":{"key":1965,"date":"03/08/2025 12:50:00 PM"}},{"type":"Feature","geometry":{"type":"Point","coordinates":[-8231074.058838134,4947828.37993025]},"properties":{"key":1966,"date":"03/08/2025 12:29:00 PM"}},{"type":"Feature","geometry":{"type":"Point","coordinates":[-8235666.072047663,4945367.002482509]},"properties":{"key":1967,"date":"03/08/2025 12:26:00 PM"}},{"type":"Feature","geometry":{"type":"Point","coordinates":[-8237833.120518744,4945655.608618608]},"properties":{"key":1968,"date":"03/08/2025 12:17:00 PM"}},{"type":"Feature","geometry":{"type":"Point","coordinates":[-8231812.261236247,4955666.662282098]},"properties":{"key":1969,"date":"03/08/2025 12:17:00 PM"}},{"type":"Feature","geometry":{"type":"Point","coordinates":[-8233097.783121954,4941858.936685334]},"properties":{"key":1970,"date":"03/08/2025 12:14:00 PM"}},{"type":"Feature","geometry":{"type":"Point","coordinates":[-8237351.782664826,4949535.8811323615]},"properties":{"key":1971,"date":"03/08/2025 11:56:00 AM"}},{"type":"Feature","geometry":{"type":"Point","coordinates":[-8237297.931865608,4949625.893726417]},"properties":{"key":1972,"date":"03/08/2025 11:50:00 AM"}},{"type":"Feature","geometry":{"type":"Point","coordinates":[-8232721.625069237,4943297.54838839]},"properties":{"key":1973,"date":"03/08/2025 11:41:00 AM"}},{"type":"Feature","geometry":{"type":"Point","coordinates":[-8232346.674413321,4958589.470897644]},"properties":{"key":1974,"date":"03/08/2025 11:38:00 AM"}},{"type":"Feature","geometry":{"type":"Point","coordinates":[-8229728.249959701,4941214.756092285]},"properties":{"key":1975,"date":"03/08/2025 11:23:00 AM"}},{"type":"Feature","geometry":{"type":"Point","coordinates":[-8231640.652482923,4960097.508224547]},"properties":{"key":1976,"date":"03/08/2025 10:44:00 AM"}},{"type":"Feature","geometry":{"type":"Point","coordinates":[-8231774.436051035,4954376.383785991]},"properties":{"key":1977,"date":"03/08/2025 10:35:00 AM"}},{"type":"Feature","geometry":{"type":"Point","coordinates":[-8232832.2274354175,4956812.870967352]},"properties":{"key":1978,"date":"03/08/2025 10:20:00 AM"}},{"type":"Feature","geometry":{"type":"Point","coordinates":[-8236302.601608173,4943368.976570847]},"properties":{"key":1979,"date":"03/08/2025 10:11:00 AM"}},{"type":"Feature","geometry":{"type":"Point","coordinates":[-8237833.120518744,4945655.608618608]},"properties":{"key":1980,"date":"03/08/2025 10:11:00 AM"}},{"type":"Feature","geometry":{"type":"Point","coordinates":[-8236474.150640816,4949504.069555417]},"properties":{"key":1981,"date":"03/08/2025 10:05:00 AM"}},{"type":"Feature","geometry":{"type":"Point","coordinates":[-8238495.091438657,4945530.247335062]},"properties":{"key":1982,"date":"03/08/2025 09:53:00 AM"}},{"type":"Feature","geometry":{"type":"Point","coordinates":[-8237191.047648342,4949446.26334603]},"properties":{"key":1983,"date":"03/08/2025 09:50:00 AM"}},{"type":"Feature","geometry":{"type":"Point","coordinates":[-8238417.561024523,4945459.557877455]},"properties":{"key":1984,"date":"03/08/2025 09:47:00 AM"}},{"type":"Feature","geometry":{"type":"Point","coordinates":[-8238417.561024523,4945459.557877455]},"properties":{"key":1985,"date":"03/08/2025 09:44:00 AM"}},{"type":"Feature","geometry":{"type":"Point","coordinates":[-8230964.858068944,4955925.07511363]},"properties":{"key":1986,"date":"03/08/2025 09:35:00 AM"}},{"type":"Feature","geometry":{"type":"Point","coordinates":[-8228172.937809612,4957643.95221337]},"properties":{"key":1987,"date":"03/08/2025 09:23:00 AM"}},{"type":"Feature","geometry":{"type":"Point","coordinates":[-8237191.047648342,4949446.26334603]},"properties":{"key":1988,"date":"03/08/2025 09:23:00 AM"}},{"type":"Feature","geometry":{"type":"Point","coordinates":[-8239304.237635821,4941737.789166931]},"properties":{"key":1989,"date":"03/08/2025 09:11:00 AM"}},{"type":"Feature","geometry":{"type":"Point","coordinates":[-8232650.642368478,4943104.348970784]},"properties":{"key":1990,"date":"03/08/2025 09:11:00 AM"}},{"type":"Feature","geometry":{"type":"Point","coordinates":[-8230295.610167202,4950234.367733732]},"properties":{"key":1991,"date":"03/08/2025 09:08:00 AM"}},{"type":"Feature","geometry":{"type":"Point","coordinates":[-8232164.601207075,4951910.7631562175]},"properties":{"key":1992,"date":"03/08/2025 09:05:00 AM"}},{"type":"Feature","geometry":{"type":"Point","coordinates":[-8236826.588424741,4944482.717839401]},"properties":{"key":1993,"date":"03/08/2025 09:02:00 AM"}},{"type":"Feature","geometry":{"type":"Point","coordinates":[-8232279.52342183,4951973.128842823]},"properties":{"key":1994,"date":"03/08/2025 09:02:00 AM"}},{"type":"Feature","geometry":{"type":"Point","coordinates":[-8228490.077727007,4947130.844755522]},"properties":{"key":1995,"date":"03/08/2025 08:59:00 AM"}},{"type":"Feature","geometry":{"type":"Point","coordinates":[-8233891.798965399,4941371.024068033]},"properties":{"key":1996,"date":"03/08/2025 08:53:00 AM"}},{"type":"Feature","geometry":{"type":"Point","coordinates":[-8230295.610167202,4950234.367733732]},"properties":{"key":1997,"date":"03/08/2025 08:53:00 AM"}},{"type":"Feature","geometry":{"type":"Point","coordinates":[-8233184.910633178,4950657.6943970965]},"properties":{"key":1998,"date":"03/08/2025 08:53:00 AM"}},{"type":"Feature","geometry":{"type":"Point","coordinates":[-8236821.768139396,4944489.946952137]},"properties":{"key":1999,"date":"03/08/2025 08:50:00 AM"}},{"type":"Feature","geometry":{"type":"Point","coordinates":[-8237008.664663331,4948610.854860799]},"properties":{"key":2000,"date":"03/08/2025 08:47:00 AM"}},{"type":"Feature","geometry":{"type":"Point","coordinates":[-8229146.31723158,4940467.093743085]},"properties":{"key":2001,"date":"03/08/2025 08:44:00 AM"}},{"type":"Feature","geometry":{"type":"Point","coordinates":[-8236802.085183631,4944520.068324159]},"properties":{"key":2002,"date":"03/08/2025 08:44:00 AM"}},{"type":"Feature","geometry":{"type":"Point","coordinates":[-8234049.8041886315,4949519.95348333]},"properties":{"key":2003,"date":"03/08/2025 08:41:00 AM"}},{"type":"Feature","geometry":{"type":"Point","coordinates":[-8231812.261236247,4955666.662282098]},"properties":{"key":2004,"date":"03/08/2025 08:38:00 AM"}},{"type":"Feature","geometry":{"type":"Point","coordinates":[-8237300.744771104,4949627.501231261]},"properties":{"key":2005,"date":"03/08/2025 08:35:00 AM"}},{"type":"Feature","geometry":{"type":"Point","coordinates":[-8237300.744771104,4949627.501231261]},"properties":{"key":2006,"date":"03/08/2025 08:20:00 AM"}},{"type":"Feature","geometry":{"type":"Point","coordinates":[-8233129.07953369,4950588.141270162]},"properties":{"key":2007,"date":"03/08/2025 08:17:00 AM"}},{"type":"Feature","geometry":{"type":"Point","coordinates":[-8236292.450465072,4944172.999217481]},"properties":{"key":2008,"date":"03/08/2025 08:08:00 AM"}},{"type":"Feature","geometry":{"type":"Point","coordinates":[-8233201.802812648,4950629.971445554]},"properties":{"key":2009,"date":"03/08/2025 08:05:00 AM"}},{"type":"Feature","geometry":{"type":"Point","coordinates":[-8235742.368583201,4949603.612899465]},"properties":{"key":2010,"date":"03/08/2025 07:56:00 AM"}},{"type":"Feature","geometry":{"type":"Point","coordinates":[-8235729.511016149,4949595.171524442]},"properties":{"key":2011,"date":"03/08/2025 07:53:00 AM"}},{"type":"Feature","geometry":{"type":"Point","coordinates":[-8230891.688167282,4956485.181983749]},"properties":{"key":2012,"date":"03/08/2025 07:47:00 AM"}},{"type":"Feature","geometry":{"type":"Point","coordinates":[-8233769.6830023965,4949604.636404657]},"properties":{"key":2013,"date":"03/08/2025 07:41:00 AM"}},{"type":"Feature","geometry":{"type":"Point","coordinates":[-8230843.7778325025,4956565.978065173]},"properties":{"key":2014,"date":"03/08/2025 07:41:00 AM"}},{"type":"Feature","geometry":{"type":"Point","coordinates":[-8229197.354879286,4949220.801479235]},"properties":{"key":2015,"date":"03/08/2025 06:56:00 AM"}},{"type":"Feature","geometry":{"type":"Point","coordinates":[-8233162.151696131,4952082.904888725]},"properties":{"key":2016,"date":"03/08/2025 05:38:00 AM"}},{"type":"Feature","geometry":{"type":"Point","coordinates":[-8231267.476594762,4954957.041496622]},"properties":{"key":2017,"date":"03/08/2025 04:02:00 AM"}},{"type":"Feature","geometry":{"type":"Point","coordinates":[-8235789.536439242,4944578.568306898]},"properties":{"key":2018,"date":"03/08/2025 03:44:00 AM"}},{"type":"Feature","geometry":{"type":"Point","coordinates":[-8236942.309016205,4943809.20027608]},"properties":{"key":2019,"date":"03/08/2025 02:29:00 AM"}},{"type":"Feature","geometry":{"type":"Point","coordinates":[-8235817.73701809,4944121.513831051]},"properties":{"key":2020,"date":"03/08/2025 01:35:00 AM"}},{"type":"Feature","geometry":{"type":"Point","coordinates":[-8233141.604707422,4944350.779632878]},"properties":{"key":2021,"date":"03/08/2025 01:29:00 AM"}},{"type":"Feature","geometry":{"type":"Point","coordinates":[-8238588.630415991,4944982.760319713]},"properties":{"key":2022,"date":"03/08/2025 12:41:00 AM"}},{"type":"Feature","geometry":{"type":"Point","coordinates":[-8236044.61228071,4944382.613291382]},"properties":{"key":2023,"date":"03/08/2025 12:38:00 AM"}},{"type":"Feature","geometry":{"type":"Point","coordinates":[-8231437.404437134,4952031.313994676]},"properties":{"key":2024,"date":"03/08/2025 12:35:00 AM"}},{"type":"Feature","geometry":{"type":"Point","coordinates":[-8229873.088325806,4963040.212584322]},"properties":{"key":2025,"date":"03/08/2025 12:35:00 AM"}},{"type":"Feature","geometry":{"type":"Point","coordinates":[-8231676.1075626295,4952122.304276951]},"properties":{"key":2026,"date":"03/08/2025 12:32:00 AM"}},{"type":"Feature","geometry":{"type":"Point","coordinates":[-8231515.381352631,4952033.775006895]},"properties":{"key":2027,"date":"03/08/2025 12:29:00 AM"}},{"type":"Feature","geometry":{"type":"Point","coordinates":[-8231676.1075626295,4952122.304276951]},"properties":{"key":2028,"date":"03/08/2025 12:23:00 AM"}},{"type":"Feature","geometry":{"type":"Point","coordinates":[-8233855.650909617,4953817.377975457]},"properties":{"key":2029,"date":"03/08/2025 12:17:00 AM"}},{"type":"Feature","geometry":{"type":"Point","coordinates":[-8231122.4749352075,4954137.156374591]},"properties":{"key":2030,"date":"03/08/2025 12:05:00 AM"}},{"type":"Feature","geometry":{"type":"Point","coordinates":[-8236730.683118972,4943556.572122309]},"properties":{"key":2031,"date":"03/08/2025 12:05:00 AM"}},{"type":"Feature","geometry":{"type":"Point","coordinates":[-8231644.365524501,4952102.18709687]},"properties":{"key":2032,"date":"03/08/2025 12:05:00 AM"}},{"type":"Feature","geometry":{"type":"Point","coordinates":[-8230481.240705776,4962330.86169489]},"properties":{"key":2033,"date":"03/08/2025 12:02:00 AM"}},{"type":"Feature","geometry":{"type":"Point","coordinates":[-8231680.104495626,4952159.286613966]},"properties":{"key":2034,"date":"03/08/2025 12:02:00 AM"}},{"type":"Feature","geometry":{"type":"Point","coordinates":[-8231512.9721751,4952029.753984144]},"properties":{"key":2035,"date":"03/07/2025 11:53:00 PM"}},{"type":"Feature","geometry":{"type":"Point","coordinates":[-8231644.365524501,4952102.18709687]},"properties":{"key":2036,"date":"03/07/2025 11:53:00 PM"}},{"type":"Feature","geometry":{"type":"Point","coordinates":[-8231644.365524501,4952102.18709687]},"properties":{"key":2037,"date":"03/07/2025 11:50:00 PM"}},{"type":"Feature","geometry":{"type":"Point","coordinates":[-8231644.365524501,4952102.18709687]},"properties":{"key":2038,"date":"03/07/2025 11:47:00 PM"}},{"type":"Feature","geometry":{"type":"Point","coordinates":[-8234559.769110857,4948183.273770477]},"properties":{"key":2039,"date":"03/07/2025 11:41:00 PM"}},{"type":"Feature","geometry":{"type":"Point","coordinates":[-8231676.1075626295,4952122.304276951]},"properties":{"key":2040,"date":"03/07/2025 11:35:00 PM"}},{"type":"Feature","geometry":{"type":"Point","coordinates":[-8231645.496733128,4952223.578582201]},"properties":{"key":2041,"date":"03/07/2025 11:35:00 PM"}},{"type":"Feature","geometry":{"type":"Point","coordinates":[-8231437.404437134,4952031.313994676]},"properties":{"key":2042,"date":"03/07/2025 11:29:00 PM"}},{"type":"Feature","geometry":{"type":"Point","coordinates":[-8231694.187910684,4952134.7759238025]},"properties":{"key":2043,"date":"03/07/2025 11:23:00 PM"}},{"type":"Feature","geometry":{"type":"Point","coordinates":[-8231532.182186667,4952163.214609434]},"properties":{"key":2044,"date":"03/07/2025 11:17:00 PM"}},{"type":"Feature","geometry":{"type":"Point","coordinates":[-8231676.1075626295,4952122.304276951]},"properties":{"key":2045,"date":"03/07/2025 11:08:00 PM"}},{"type":"Feature","geometry":{"type":"Point","coordinates":[-8233739.066464433,4950798.194040223]},"properties":{"key":2046,"date":"03/07/2025 10:59:00 PM"}},{"type":"Feature","geometry":{"type":"Point","coordinates":[-8235689.25003469,4945962.309385199]},"properties":{"key":2047,"date":"03/07/2025 10:59:00 PM"}},{"type":"Feature","geometry":{"type":"Point","coordinates":[-8231662.39871428,4952191.432313173]},"properties":{"key":2048,"date":"03/07/2025 10:29:00 PM"}},{"type":"Feature","geometry":{"type":"Point","coordinates":[-8231691.7055383595,4952250.538164154]},"properties":{"key":2049,"date":"03/07/2025 10:26:00 PM"}},{"type":"Feature","geometry":{"type":"Point","coordinates":[-8236252.942926208,4945212.459667153]},"properties":{"key":2050,"date":"03/07/2025 10:17:00 PM"}},{"type":"Feature","geometry":{"type":"Point","coordinates":[-8227343.326871033,4947281.5633217245]},"properties":{"key":2051,"date":"03/07/2025 10:08:00 PM"}},{"type":"Feature","geometry":{"type":"Point","coordinates":[-8233218.007639903,4952117.096450242]},"properties":{"key":2052,"date":"03/07/2025 10:02:00 PM"}},{"type":"Feature","geometry":{"type":"Point","coordinates":[-8233505.39749908,4954977.5471725315]},"properties":{"key":2053,"date":"03/07/2025 10:02:00 PM"}},{"type":"Feature","geometry":{"type":"Point","coordinates":[-8233112.723819543,4952056.353197106]},"properties":{"key":2054,"date":"03/07/2025 09:56:00 PM"}},{"type":"Feature","geometry":{"type":"Point","coordinates":[-8230500.258151323,4962186.423856923]},"properties":{"key":2055,"date":"03/07/2025 09:56:00 PM"}},{"type":"Feature","geometry":{"type":"Point","coordinates":[-8233178.568467903,4952221.18520507]},"properties":{"key":2056,"date":"03/07/2025 09:56:00 PM"}},{"type":"Feature","geometry":{"type":"Point","coordinates":[-8238432.187356984,4942548.614876419]},"properties":{"key":2057,"date":"03/07/2025 09:35:00 PM"}},{"type":"Feature","geometry":{"type":"Point","coordinates":[-8229430.596522507,4950441.85206644]},"properties":{"key":2058,"date":"03/07/2025 09:32:00 PM"}},{"type":"Feature","geometry":{"type":"Point","coordinates":[-8235756.076975142,4943138.3740189085]},"properties":{"key":2059,"date":"03/07/2025 09:29:00 PM"}},{"type":"Feature","geometry":{"type":"Point","coordinates":[-8231676.1075626295,4952122.304276951]},"properties":{"key":2060,"date":"03/07/2025 09:08:00 PM"}},{"type":"Feature","geometry":{"type":"Point","coordinates":[-8236152.8284501545,4943229.201182834]},"properties":{"key":2061,"date":"03/07/2025 08:44:00 PM"}},{"type":"Feature","geometry":{"type":"Point","coordinates":[-8231697.003310851,4952131.963954862]},"properties":{"key":2062,"date":"03/07/2025 08:05:00 PM"}},{"type":"Feature","geometry":{"type":"Point","coordinates":[-8237325.296550852,4948433.271984108]},"properties":{"key":2063,"date":"03/07/2025 07:44:00 PM"}},{"type":"Feature","geometry":{"type":"Point","coordinates":[-8231645.496733128,4952223.578582201]},"properties":{"key":2064,"date":"03/07/2025 07:20:00 PM"}},{"type":"Feature","geometry":{"type":"Point","coordinates":[-8231697.003310851,4952131.963954862]},"properties":{"key":2065,"date":"03/07/2025 07:14:00 PM"}},{"type":"Feature","geometry":{"type":"Point","coordinates":[-8229549.308091693,4949770.423952898]},"properties":{"key":2066,"date":"03/07/2025 07:02:00 PM"}},{"type":"Feature","geometry":{"type":"Point","coordinates":[-8233887.679734584,4954163.137489069]},"properties":{"key":2067,"date":"03/07/2025 06:56:00 PM"}},{"type":"Feature","geometry":{"type":"Point","coordinates":[-8227343.326871033,4947281.5633217245]},"properties":{"key":2068,"date":"03/07/2025 06:56:00 PM"}},{"type":"Feature","geometry":{"type":"Point","coordinates":[-8232040.947091461,4958657.677922804]},"properties":{"key":2069,"date":"03/07/2025 06:38:00 PM"}},{"type":"Feature","geometry":{"type":"Point","coordinates":[-8234166.742919225,4955155.52287451]},"properties":{"key":2070,"date":"03/07/2025 06:35:00 PM"}},{"type":"Feature","geometry":{"type":"Point","coordinates":[-8236236.792476296,4945792.88746689]},"properties":{"key":2071,"date":"03/07/2025 06:32:00 PM"}},{"type":"Feature","geometry":{"type":"Point","coordinates":[-8236251.791701222,4944835.298868729]},"properties":{"key":2072,"date":"03/07/2025 06:26:00 PM"}},{"type":"Feature","geometry":{"type":"Point","coordinates":[-8232979.47203243,4941564.562525646]},"properties":{"key":2073,"date":"03/07/2025 05:35:00 PM"}},{"type":"Feature","geometry":{"type":"Point","coordinates":[-8236493.272465086,4944100.732361908]},"properties":{"key":2074,"date":"03/07/2025 04:56:00 PM"}},{"type":"Feature","geometry":{"type":"Point","coordinates":[-8231219.492546442,4953945.048651813]},"properties":{"key":2075,"date":"03/07/2025 04:44:00 PM"}},{"type":"Feature","geometry":{"type":"Point","coordinates":[-8231223.590053258,4956271.070778949]},"properties":{"key":2076,"date":"03/07/2025 04:44:00 PM"}},{"type":"Feature","geometry":{"type":"Point","coordinates":[-8228600.845588536,4940324.48229182]},"properties":{"key":2077,"date":"03/07/2025 04:35:00 PM"}},{"type":"Feature","geometry":{"type":"Point","coordinates":[-8236248.979948995,4944836.503431285]},"properties":{"key":2078,"date":"03/07/2025 04:35:00 PM"}},{"type":"Feature","geometry":{"type":"Point","coordinates":[-8237240.559900653,4947373.371540412]},"properties":{"key":2079,"date":"03/07/2025 04:35:00 PM"}},{"type":"Feature","geometry":{"type":"Point","coordinates":[-8230684.545520053,4962747.4765595915]},"properties":{"key":2080,"date":"03/07/2025 03:38:00 PM"}},{"type":"Feature","geometry":{"type":"Point","coordinates":[-8227265.497364804,4950575.626644675]},"properties":{"key":2081,"date":"03/07/2025 03:20:00 PM"}},{"type":"Feature","geometry":{"type":"Point","coordinates":[-8232940.329094954,4941970.086952572]},"properties":{"key":2082,"date":"03/07/2025 02:47:00 PM"}},{"type":"Feature","geometry":{"type":"Point","coordinates":[-8232507.437366543,4944325.5650141295]},"properties":{"key":2083,"date":"03/07/2025 02:23:00 PM"}},{"type":"Feature","geometry":{"type":"Point","coordinates":[-8232745.939367776,4950862.452046223]},"properties":{"key":2084,"date":"03/07/2025 02:20:00 PM"}},{"type":"Feature","geometry":{"type":"Point","coordinates":[-8232283.155292575,4950484.427532667]},"properties":{"key":2085,"date":"03/07/2025 02:17:00 PM"}},{"type":"Feature","geometry":{"type":"Point","coordinates":[-8233625.50742586,4950364.507503576]},"properties":{"key":2086,"date":"03/07/2025 01:11:00 PM"}},{"type":"Feature","geometry":{"type":"Point","coordinates":[-8234504.520306926,4953811.175971343]},"properties":{"key":2087,"date":"03/07/2025 01:05:00 PM"}},{"type":"Feature","geometry":{"type":"Point","coordinates":[-8233057.670170926,4956302.667168121]},"properties":{"key":2088,"date":"03/07/2025 12:26:00 PM"}},{"type":"Feature","geometry":{"type":"Point","coordinates":[-8232605.561572553,4942527.268084965]},"properties":{"key":2089,"date":"03/07/2025 12:14:00 PM"}},{"type":"Feature","geometry":{"type":"Point","coordinates":[-8228905.3192648,4948662.411246778]},"properties":{"key":2090,"date":"03/07/2025 11:56:00 AM"}},{"type":"Feature","geometry":{"type":"Point","coordinates":[-8231198.289779064,4941626.988429413]},"properties":{"key":2091,"date":"03/07/2025 11:56:00 AM"}},{"type":"Feature","geometry":{"type":"Point","coordinates":[-8230924.870310042,4961439.553736028]},"properties":{"key":2092,"date":"03/07/2025 11:50:00 AM"}},{"type":"Feature","geometry":{"type":"Point","coordinates":[-8231876.002298001,4952593.526684991]},"properties":{"key":2093,"date":"03/07/2025 11:41:00 AM"}},{"type":"Feature","geometry":{"type":"Point","coordinates":[-8234606.292703117,4947163.5930991825]},"properties":{"key":2094,"date":"03/07/2025 11:11:00 AM"}},{"type":"Feature","geometry":{"type":"Point","coordinates":[-8233546.490938826,4954782.15936043]},"properties":{"key":2095,"date":"03/07/2025 10:50:00 AM"}},{"type":"Feature","geometry":{"type":"Point","coordinates":[-8233006.206285342,4957976.8408662295]},"properties":{"key":2096,"date":"03/07/2025 10:41:00 AM"}},{"type":"Feature","geometry":{"type":"Point","coordinates":[-8233532.812287,4954802.256835088]},"properties":{"key":2097,"date":"03/07/2025 10:41:00 AM"}},{"type":"Feature","geometry":{"type":"Point","coordinates":[-8235497.279717531,4942117.144960641]},"properties":{"key":2098,"date":"03/07/2025 10:32:00 AM"}},{"type":"Feature","geometry":{"type":"Point","coordinates":[-8233935.389295757,4955570.794728252]},"properties":{"key":2099,"date":"03/07/2025 10:02:00 AM"}},{"type":"Feature","geometry":{"type":"Point","coordinates":[-8235496.841612996,4949586.282404109]},"properties":{"key":2100,"date":"03/07/2025 09:56:00 AM"}},{"type":"Feature","geometry":{"type":"Point","coordinates":[-8234589.4965489535,4946916.514625166]},"properties":{"key":2101,"date":"03/07/2025 09:35:00 AM"}},{"type":"Feature","geometry":{"type":"Point","coordinates":[-8236383.312246501,4949667.2093346305]},"properties":{"key":2102,"date":"03/07/2025 09:17:00 AM"}},{"type":"Feature","geometry":{"type":"Point","coordinates":[-8233912.069193817,4953464.830681502]},"properties":{"key":2103,"date":"03/07/2025 09:02:00 AM"}},{"type":"Feature","geometry":{"type":"Point","coordinates":[-8231444.291907613,4953210.713458615]},"properties":{"key":2104,"date":"03/07/2025 09:02:00 AM"}},{"type":"Feature","geometry":{"type":"Point","coordinates":[-8233381.0385095645,4943295.047710534]},"properties":{"key":2105,"date":"03/07/2025 08:56:00 AM"}},{"type":"Feature","geometry":{"type":"Point","coordinates":[-8237083.522997803,4946487.124161652]},"properties":{"key":2106,"date":"03/07/2025 08:38:00 AM"}},{"type":"Feature","geometry":{"type":"Point","coordinates":[-8237342.6466263505,4946072.165271657]},"properties":{"key":2107,"date":"03/07/2025 08:29:00 AM"}},{"type":"Feature","geometry":{"type":"Point","coordinates":[-8229893.163632682,4940336.434567037]},"properties":{"key":2108,"date":"03/07/2025 08:02:00 AM"}},{"type":"Feature","geometry":{"type":"Point","coordinates":[-8237713.404114159,4943821.675121359]},"properties":{"key":2109,"date":"03/07/2025 07:59:00 AM"}},{"type":"Feature","geometry":{"type":"Point","coordinates":[-8236015.802790927,4946141.529471305]},"properties":{"key":2110,"date":"03/07/2025 07:32:00 AM"}},{"type":"Feature","geometry":{"type":"Point","coordinates":[-8238242.813248577,4945183.619977058]},"properties":{"key":2111,"date":"03/07/2025 07:23:00 AM"}},{"type":"Feature","geometry":{"type":"Point","coordinates":[-8233403.138572149,4943266.142844094]},"properties":{"key":2112,"date":"03/07/2025 07:17:00 AM"}},{"type":"Feature","geometry":{"type":"Point","coordinates":[-8233918.895225954,4953486.13983702]},"properties":{"key":2113,"date":"03/07/2025 07:02:00 AM"}},{"type":"Feature","geometry":{"type":"Point","coordinates":[-8233197.289202481,4942020.801174866]},"properties":{"key":2114,"date":"03/07/2025 06:56:00 AM"}},{"type":"Feature","geometry":{"type":"Point","coordinates":[-8237325.296550852,4948433.271984108]},"properties":{"key":2115,"date":"03/07/2025 06:53:00 AM"}},{"type":"Feature","geometry":{"type":"Point","coordinates":[-8232680.034146027,4942954.574662074]},"properties":{"key":2116,"date":"03/07/2025 06:47:00 AM"}},{"type":"Feature","geometry":{"type":"Point","coordinates":[-8229062.772970086,4959236.341237028]},"properties":{"key":2117,"date":"03/07/2025 05:53:00 AM"}},{"type":"Feature","geometry":{"type":"Point","coordinates":[-8231766.794625892,4957049.959543872]},"properties":{"key":2118,"date":"03/07/2025 05:50:00 AM"}},{"type":"Feature","geometry":{"type":"Point","coordinates":[-8234609.1044542305,4947165.200975862]},"properties":{"key":2119,"date":"03/07/2025 05:23:00 AM"}},{"type":"Feature","geometry":{"type":"Point","coordinates":[-8236215.059733521,4943330.812807852]},"properties":{"key":2120,"date":"03/07/2025 05:23:00 AM"}},{"type":"Feature","geometry":{"type":"Point","coordinates":[-8236302.601608173,4943368.976570847]},"properties":{"key":2121,"date":"03/07/2025 01:14:00 AM"}},{"type":"Feature","geometry":{"type":"Point","coordinates":[-8237533.0924475705,4942719.712345003]},"properties":{"key":2122,"date":"03/07/2025 01:11:00 AM"}},{"type":"Feature","geometry":{"type":"Point","coordinates":[-8236305.815514306,4943360.543543312]},"properties":{"key":2123,"date":"03/07/2025 01:11:00 AM"}},{"type":"Feature","geometry":{"type":"Point","coordinates":[-8236382.315585288,4951160.610509579]},"properties":{"key":2124,"date":"03/07/2025 01:08:00 AM"}},{"type":"Feature","geometry":{"type":"Point","coordinates":[-8231694.187910684,4952134.7759238025]},"properties":{"key":2125,"date":"03/07/2025 12:32:00 AM"}},{"type":"Feature","geometry":{"type":"Point","coordinates":[-8237577.242844097,4946014.725984841]},"properties":{"key":2126,"date":"03/07/2025 12:17:00 AM"}},{"type":"Feature","geometry":{"type":"Point","coordinates":[-8236862.7266933145,4949624.26123736]},"properties":{"key":2127,"date":"03/07/2025 12:05:00 AM"}},{"type":"Feature","geometry":{"type":"Point","coordinates":[-8231680.104495626,4952159.286613966]},"properties":{"key":2128,"date":"03/07/2025 12:02:00 AM"}},{"type":"Feature","geometry":{"type":"Point","coordinates":[-8236022.328466381,4943131.996539449]},"properties":{"key":2129,"date":"03/06/2025 11:56:00 PM"}},{"type":"Feature","geometry":{"type":"Point","coordinates":[-8231680.104495626,4952159.286613966]},"properties":{"key":2130,"date":"03/06/2025 11:53:00 PM"}},{"type":"Feature","geometry":{"type":"Point","coordinates":[-8230449.200362582,4955584.528069467]},"properties":{"key":2131,"date":"03/06/2025 11:53:00 PM"}},{"type":"Feature","geometry":{"type":"Point","coordinates":[-8235914.275659403,4943282.5731894765]},"properties":{"key":2132,"date":"03/06/2025 11:35:00 PM"}},{"type":"Feature","geometry":{"type":"Point","coordinates":[-8235987.492050311,4949635.805687492]},"properties":{"key":2133,"date":"03/06/2025 11:32:00 PM"}},{"type":"Feature","geometry":{"type":"Point","coordinates":[-8235756.076975142,4943138.3740189085]},"properties":{"key":2134,"date":"03/06/2025 11:23:00 PM"}},{"type":"Feature","geometry":{"type":"Point","coordinates":[-8237669.2359054,4947142.772954523]},"properties":{"key":2135,"date":"03/06/2025 11:23:00 PM"}},{"type":"Feature","geometry":{"type":"Point","coordinates":[-8237064.24077996,4946479.490316275]},"properties":{"key":2136,"date":"03/06/2025 11:20:00 PM"}},{"type":"Feature","geometry":{"type":"Point","coordinates":[-8237261.482096158,4946586.358645497]},"properties":{"key":2137,"date":"03/06/2025 11:17:00 PM"}},{"type":"Feature","geometry":{"type":"Point","coordinates":[-8236228.6725933,4943615.547878541]},"properties":{"key":2138,"date":"03/06/2025 11:11:00 PM"}},{"type":"Feature","geometry":{"type":"Point","coordinates":[-8235685.635132373,4945960.3001577165]},"properties":{"key":2139,"date":"03/06/2025 11:08:00 PM"}},{"type":"Feature","geometry":{"type":"Point","coordinates":[-8231662.39871428,4952191.432313173]},"properties":{"key":2140,"date":"03/06/2025 11:02:00 PM"}},{"type":"Feature","geometry":{"type":"Point","coordinates":[-8236228.6725933,4943615.547878541]},"properties":{"key":2141,"date":"03/06/2025 11:02:00 PM"}},{"type":"Feature","geometry":{"type":"Point","coordinates":[-8231676.1075626295,4952122.304276951]},"properties":{"key":2142,"date":"03/06/2025 10:59:00 PM"}},{"type":"Feature","geometry":{"type":"Point","coordinates":[-8235065.782659815,4952151.122014684]},"properties":{"key":2143,"date":"03/06/2025 10:41:00 PM"}},{"type":"Feature","geometry":{"type":"Point","coordinates":[-8231680.104495626,4952159.286613966]},"properties":{"key":2144,"date":"03/06/2025 10:29:00 PM"}},{"type":"Feature","geometry":{"type":"Point","coordinates":[-8231697.003310851,4952131.963954862]},"properties":{"key":2145,"date":"03/06/2025 10:29:00 PM"}},{"type":"Feature","geometry":{"type":"Point","coordinates":[-8230963.418921662,4941598.322354104]},"properties":{"key":2146,"date":"03/06/2025 10:29:00 PM"}},{"type":"Feature","geometry":{"type":"Point","coordinates":[-8231645.496733128,4952223.578582201]},"properties":{"key":2147,"date":"03/06/2025 10:26:00 PM"}},{"type":"Feature","geometry":{"type":"Point","coordinates":[-8231680.104495626,4952159.286613966]},"properties":{"key":2148,"date":"03/06/2025 10:20:00 PM"}},{"type":"Feature","geometry":{"type":"Point","coordinates":[-8235268.124131915,4943252.719638815]},"properties":{"key":2149,"date":"03/06/2025 10:17:00 PM"}},{"type":"Feature","geometry":{"type":"Point","coordinates":[-8232894.60397291,4950943.308324215]},"properties":{"key":2150,"date":"03/06/2025 10:14:00 PM"}},{"type":"Feature","geometry":{"type":"Point","coordinates":[-8237538.674056933,4946514.85849922]},"properties":{"key":2151,"date":"03/06/2025 10:02:00 PM"}},{"type":"Feature","geometry":{"type":"Point","coordinates":[-8234617.539837814,4947169.6228496125]},"properties":{"key":2152,"date":"03/06/2025 10:02:00 PM"}},{"type":"Feature","geometry":{"type":"Point","coordinates":[-8231651.598220098,4952106.2110801665]},"properties":{"key":2153,"date":"03/06/2025 09:56:00 PM"}},{"type":"Feature","geometry":{"type":"Point","coordinates":[-8232170.887763811,4942144.355427627]},"properties":{"key":2154,"date":"03/06/2025 09:56:00 PM"}},{"type":"Feature","geometry":{"type":"Point","coordinates":[-8233970.562850697,4948658.401459559]},"properties":{"key":2155,"date":"03/06/2025 09:02:00 PM"}},{"type":"Feature","geometry":{"type":"Point","coordinates":[-8233973.377498344,4948653.178967217]},"properties":{"key":2156,"date":"03/06/2025 08:53:00 PM"}},{"type":"Feature","geometry":{"type":"Point","coordinates":[-8236305.815514306,4943360.543543312]},"properties":{"key":2157,"date":"03/06/2025 08:53:00 PM"}},{"type":"Feature","geometry":{"type":"Point","coordinates":[-8238432.187356984,4942548.614876419]},"properties":{"key":2158,"date":"03/06/2025 08:44:00 PM"}},{"type":"Feature","geometry":{"type":"Point","coordinates":[-8239203.040318346,4941659.106976457]},"properties":{"key":2159,"date":"03/06/2025 08:41:00 PM"}},{"type":"Feature","geometry":{"type":"Point","coordinates":[-8228582.328069917,4949024.155902918]},"properties":{"key":2160,"date":"03/06/2025 08:41:00 PM"}},{"type":"Feature","geometry":{"type":"Point","coordinates":[-8233985.842845642,4948628.673174991]},"properties":{"key":2161,"date":"03/06/2025 08:35:00 PM"}},{"type":"Feature","geometry":{"type":"Point","coordinates":[-8233961.7169264,4948674.470608576]},"properties":{"key":2162,"date":"03/06/2025 08:26:00 PM"}},{"type":"Feature","geometry":{"type":"Point","coordinates":[-8231676.1075626295,4952122.304276951]},"properties":{"key":2163,"date":"03/06/2025 07:53:00 PM"}},{"type":"Feature","geometry":{"type":"Point","coordinates":[-8233478.268863477,4948832.99335297]},"properties":{"key":2164,"date":"03/06/2025 07:47:00 PM"}},{"type":"Feature","geometry":{"type":"Point","coordinates":[-8237174.170635041,4949437.020137535]},"properties":{"key":2165,"date":"03/06/2025 07:38:00 PM"}},{"type":"Feature","geometry":{"type":"Point","coordinates":[-8237154.099468135,4949017.101387584]},"properties":{"key":2166,"date":"03/06/2025 06:44:00 PM"}},{"type":"Feature","geometry":{"type":"Point","coordinates":[-8232567.7680966975,4957289.696065056]},"properties":{"key":2167,"date":"03/06/2025 04:44:00 PM"}},{"type":"Feature","geometry":{"type":"Point","coordinates":[-8237076.983788125,4948413.170646909]},"properties":{"key":2168,"date":"03/06/2025 04:41:00 PM"}},{"type":"Feature","geometry":{"type":"Point","coordinates":[-8231068.545546656,4947662.845232557]},"properties":{"key":2169,"date":"03/06/2025 04:20:00 PM"}},{"type":"Feature","geometry":{"type":"Point","coordinates":[-8232933.388005216,4950526.961444814]},"properties":{"key":2170,"date":"03/06/2025 03:53:00 PM"}},{"type":"Feature","geometry":{"type":"Point","coordinates":[-8228284.399979711,4941253.226482389]},"properties":{"key":2171,"date":"03/06/2025 03:41:00 PM"}},{"type":"Feature","geometry":{"type":"Point","coordinates":[-8239304.237635821,4941737.789166931]},"properties":{"key":2172,"date":"03/06/2025 03:23:00 PM"}},{"type":"Feature","geometry":{"type":"Point","coordinates":[-8232266.4711926095,4951588.464603124]},"properties":{"key":2173,"date":"03/06/2025 03:20:00 PM"}},{"type":"Feature","geometry":{"type":"Point","coordinates":[-8227265.497364804,4950575.626644675]},"properties":{"key":2174,"date":"03/06/2025 03:11:00 PM"}},{"type":"Feature","geometry":{"type":"Point","coordinates":[-8237714.608436314,4943752.196398411]},"properties":{"key":2175,"date":"03/06/2025 02:59:00 PM"}},{"type":"Feature","geometry":{"type":"Point","coordinates":[-8231817.477392628,4952320.153408739]},"properties":{"key":2176,"date":"03/06/2025 02:53:00 PM"}},{"type":"Feature","geometry":{"type":"Point","coordinates":[-8229575.935472326,4964714.924475999]},"properties":{"key":2177,"date":"03/06/2025 02:38:00 PM"}},{"type":"Feature","geometry":{"type":"Point","coordinates":[-8237714.608436314,4943752.196398411]},"properties":{"key":2178,"date":"03/06/2025 02:20:00 PM"}},{"type":"Feature","geometry":{"type":"Point","coordinates":[-8231817.477392628,4952320.153408739]},"properties":{"key":2179,"date":"03/06/2025 01:41:00 PM"}},{"type":"Feature","geometry":{"type":"Point","coordinates":[-8234704.108514062,4953199.778588604]},"properties":{"key":2180,"date":"03/06/2025 01:32:00 PM"}},{"type":"Feature","geometry":{"type":"Point","coordinates":[-8235346.514770754,4948027.998398218]},"properties":{"key":2181,"date":"03/06/2025 01:23:00 PM"}},{"type":"Feature","geometry":{"type":"Point","coordinates":[-8234732.884996502,4953760.99389137]},"properties":{"key":2182,"date":"03/06/2025 01:14:00 PM"}},{"type":"Feature","geometry":{"type":"Point","coordinates":[-8227906.3790153535,4951112.826805993]},"properties":{"key":2183,"date":"03/06/2025 01:05:00 PM"}},{"type":"Feature","geometry":{"type":"Point","coordinates":[-8231817.477392628,4952320.153408739]},"properties":{"key":2184,"date":"03/06/2025 12:59:00 PM"}},{"type":"Feature","geometry":{"type":"Point","coordinates":[-8229831.256612971,4963017.242112573]},"properties":{"key":2185,"date":"03/06/2025 12:23:00 PM"}},{"type":"Feature","geometry":{"type":"Point","coordinates":[-8234704.108514062,4953199.778588604]},"properties":{"key":2186,"date":"03/06/2025 11:44:00 AM"}},{"type":"Feature","geometry":{"type":"Point","coordinates":[-8234671.11023214,4946718.082293885]},"properties":{"key":2187,"date":"03/06/2025 10:44:00 AM"}},{"type":"Feature","geometry":{"type":"Point","coordinates":[-8228665.055178442,4941224.274393037]},"properties":{"key":2188,"date":"03/06/2025 10:38:00 AM"}},{"type":"Feature","geometry":{"type":"Point","coordinates":[-8227262.568211704,4946532.232948382]},"properties":{"key":2189,"date":"03/06/2025 10:32:00 AM"}},{"type":"Feature","geometry":{"type":"Point","coordinates":[-8237692.135774034,4947173.707608987]},"properties":{"key":2190,"date":"03/06/2025 10:32:00 AM"}},{"type":"Feature","geometry":{"type":"Point","coordinates":[-8229654.479745421,4963165.5871083215]},"properties":{"key":2191,"date":"03/06/2025 10:14:00 AM"}},{"type":"Feature","geometry":{"type":"Point","coordinates":[-8234671.11023214,4946718.082293885]},"properties":{"key":2192,"date":"03/06/2025 10:11:00 AM"}},{"type":"Feature","geometry":{"type":"Point","coordinates":[-8234601.958253878,4946891.610671273]},"properties":{"key":2193,"date":"03/06/2025 09:38:00 AM"}},{"type":"Feature","geometry":{"type":"Point","coordinates":[-8236302.601608173,4943368.976570847]},"properties":{"key":2194,"date":"03/06/2025 09:14:00 AM"}},{"type":"Feature","geometry":{"type":"Point","coordinates":[-8228772.897906617,4951560.993001736]},"properties":{"key":2195,"date":"03/06/2025 09:08:00 AM"}},{"type":"Feature","geometry":{"type":"Point","coordinates":[-8236493.272465086,4944100.732361908]},"properties":{"key":2196,"date":"03/06/2025 08:41:00 AM"}},{"type":"Feature","geometry":{"type":"Point","coordinates":[-8236292.450465072,4944172.999217481]},"properties":{"key":2197,"date":"03/06/2025 08:32:00 AM"}},{"type":"Feature","geometry":{"type":"Point","coordinates":[-8236292.450465072,4944172.999217481]},"properties":{"key":2198,"date":"03/06/2025 08:11:00 AM"}},{"type":"Feature","geometry":{"type":"Point","coordinates":[-8234791.836559429,4947385.015963923]},"properties":{"key":2199,"date":"03/06/2025 08:08:00 AM"}},{"type":"Feature","geometry":{"type":"Point","coordinates":[-8228624.28146386,4947109.677117951]},"properties":{"key":2200,"date":"03/06/2025 08:05:00 AM"}},{"type":"Feature","geometry":{"type":"Point","coordinates":[-8236292.450465072,4944172.999217481]},"properties":{"key":2201,"date":"03/06/2025 08:05:00 AM"}},{"type":"Feature","geometry":{"type":"Point","coordinates":[-8236292.450465072,4944172.999217481]},"properties":{"key":2202,"date":"03/06/2025 07:59:00 AM"}},{"type":"Feature","geometry":{"type":"Point","coordinates":[-8232722.15251323,4942252.263406581]},"properties":{"key":2203,"date":"03/06/2025 07:56:00 AM"}},{"type":"Feature","geometry":{"type":"Point","coordinates":[-8236015.802790927,4946141.529471305]},"properties":{"key":2204,"date":"03/06/2025 07:29:00 AM"}},{"type":"Feature","geometry":{"type":"Point","coordinates":[-8231853.871216242,4941126.312788808]},"properties":{"key":2205,"date":"03/06/2025 06:56:00 AM"}},{"type":"Feature","geometry":{"type":"Point","coordinates":[-8231328.408289867,4940967.796375689]},"properties":{"key":2206,"date":"03/06/2025 06:56:00 AM"}},{"type":"Feature","geometry":{"type":"Point","coordinates":[-8231712.772837708,4942728.75245925]},"properties":{"key":2207,"date":"03/06/2025 06:53:00 AM"}},{"type":"Feature","geometry":{"type":"Point","coordinates":[-8231074.058838134,4947828.37993025]},"properties":{"key":2208,"date":"03/06/2025 06:41:00 AM"}},{"type":"Feature","geometry":{"type":"Point","coordinates":[-8237347.05438838,4946435.313663778]},"properties":{"key":2209,"date":"03/06/2025 06:38:00 AM"}},{"type":"Feature","geometry":{"type":"Point","coordinates":[-8230975.028275509,4962224.582855135]},"properties":{"key":2210,"date":"03/06/2025 02:23:00 AM"}},{"type":"Feature","geometry":{"type":"Point","coordinates":[-8236606.764264459,4945680.861878769]},"properties":{"key":2211,"date":"03/06/2025 01:44:00 AM"}},{"type":"Feature","geometry":{"type":"Point","coordinates":[-8236606.764264459,4945680.861878769]},"properties":{"key":2212,"date":"03/06/2025 01:41:00 AM"}},{"type":"Feature","geometry":{"type":"Point","coordinates":[-8236606.764264459,4945680.861878769]},"properties":{"key":2213,"date":"03/06/2025 01:29:00 AM"}},{"type":"Feature","geometry":{"type":"Point","coordinates":[-8236606.764264459,4945680.861878769]},"properties":{"key":2214,"date":"03/06/2025 01:20:00 AM"}},{"type":"Feature","geometry":{"type":"Point","coordinates":[-8231251.333435165,4957503.279833642]},"properties":{"key":2215,"date":"03/06/2025 01:02:00 AM"}},{"type":"Feature","geometry":{"type":"Point","coordinates":[-8231536.908127631,4954245.171352454]},"properties":{"key":2216,"date":"03/06/2025 12:59:00 AM"}},{"type":"Feature","geometry":{"type":"Point","coordinates":[-8229296.949277356,4960096.990933348]},"properties":{"key":2217,"date":"03/06/2025 12:50:00 AM"}},{"type":"Feature","geometry":{"type":"Point","coordinates":[-8232571.754213893,4950399.784071518]},"properties":{"key":2218,"date":"03/06/2025 12:41:00 AM"}},{"type":"Feature","geometry":{"type":"Point","coordinates":[-8230973.750994558,4962327.187187091]},"properties":{"key":2219,"date":"03/06/2025 12:38:00 AM"}},{"type":"Feature","geometry":{"type":"Point","coordinates":[-8232386.540526736,4950298.4118702635]},"properties":{"key":2220,"date":"03/06/2025 12:29:00 AM"}},{"type":"Feature","geometry":{"type":"Point","coordinates":[-8232450.019477844,4950332.2038045]},"properties":{"key":2221,"date":"03/06/2025 12:26:00 AM"}},{"type":"Feature","geometry":{"type":"Point","coordinates":[-8232568.138307476,4950397.772772758]},"properties":{"key":2222,"date":"03/06/2025 12:23:00 AM"}},{"type":"Feature","geometry":{"type":"Point","coordinates":[-8232552.467793738,4950392.138237875]},"properties":{"key":2223,"date":"03/06/2025 12:23:00 AM"}},{"type":"Feature","geometry":{"type":"Point","coordinates":[-8232570.547518404,4950401.792861068]},"properties":{"key":2224,"date":"03/06/2025 12:23:00 AM"}},{"type":"Feature","geometry":{"type":"Point","coordinates":[-8232575.370120309,4950401.795369238]},"properties":{"key":2225,"date":"03/06/2025 12:23:00 AM"}},{"type":"Feature","geometry":{"type":"Point","coordinates":[-8233201.290001602,4950873.521435562]},"properties":{"key":2226,"date":"03/06/2025 12:23:00 AM"}},{"type":"Feature","geometry":{"type":"Point","coordinates":[-8232386.540526736,4950298.4118702635]},"properties":{"key":2227,"date":"03/06/2025 12:20:00 AM"}},{"type":"Feature","geometry":{"type":"Point","coordinates":[-8230812.196536379,4954575.978991288]},"properties":{"key":2228,"date":"03/06/2025 12:02:00 AM"}},{"type":"Feature","geometry":{"type":"Point","coordinates":[-8232707.880313672,4952210.507464369]},"properties":{"key":2229,"date":"03/05/2025 11:02:00 PM"}},{"type":"Feature","geometry":{"type":"Point","coordinates":[-8235766.05876679,4951791.1362335365]},"properties":{"key":2230,"date":"03/05/2025 10:47:00 PM"}},{"type":"Feature","geometry":{"type":"Point","coordinates":[-8235117.765391072,4942336.700209763]},"properties":{"key":2231,"date":"03/05/2025 10:44:00 PM"}},{"type":"Feature","geometry":{"type":"Point","coordinates":[-8233003.863406358,4943465.954792675]},"properties":{"key":2232,"date":"03/05/2025 10:26:00 PM"}},{"type":"Feature","geometry":{"type":"Point","coordinates":[-8233958.960911841,4949588.233869979]},"properties":{"key":2233,"date":"03/05/2025 10:11:00 PM"}},{"type":"Feature","geometry":{"type":"Point","coordinates":[-8232147.892665802,4943759.885756549]},"properties":{"key":2234,"date":"03/05/2025 09:05:00 PM"}},{"type":"Feature","geometry":{"type":"Point","coordinates":[-8232721.200309683,4952100.780224458]},"properties":{"key":2235,"date":"03/05/2025 08:05:00 PM"}},{"type":"Feature","geometry":{"type":"Point","coordinates":[-8232310.335848703,4956636.460351199]},"properties":{"key":2236,"date":"03/05/2025 07:47:00 PM"}},{"type":"Feature","geometry":{"type":"Point","coordinates":[-8236328.224004238,4943959.74251456]},"properties":{"key":2237,"date":"03/05/2025 07:35:00 PM"}},{"type":"Feature","geometry":{"type":"Point","coordinates":[-8235336.14404105,4946009.231361605]},"properties":{"key":2238,"date":"03/05/2025 07:08:00 PM"}},{"type":"Feature","geometry":{"type":"Point","coordinates":[-8232451.822972707,4956761.201099396]},"properties":{"key":2239,"date":"03/05/2025 06:14:00 PM"}},{"type":"Feature","geometry":{"type":"Point","coordinates":[-8232356.735893026,4950419.36220769]},"properties":{"key":2240,"date":"03/05/2025 04:38:00 PM"}},{"type":"Feature","geometry":{"type":"Point","coordinates":[-8230926.537311624,4957267.388993371]},"properties":{"key":2241,"date":"03/05/2025 04:32:00 PM"}},{"type":"Feature","geometry":{"type":"Point","coordinates":[-8234954.550954457,4953210.302812426]},"properties":{"key":2242,"date":"03/05/2025 03:50:00 PM"}},{"type":"Feature","geometry":{"type":"Point","coordinates":[-8237376.324764233,4948458.988901447]},"properties":{"key":2243,"date":"03/05/2025 03:11:00 PM"}},{"type":"Feature","geometry":{"type":"Point","coordinates":[-8233381.840169085,4946056.376061548]},"properties":{"key":2244,"date":"03/05/2025 03:08:00 PM"}},{"type":"Feature","geometry":{"type":"Point","coordinates":[-8237116.6054339195,4943868.248371203]},"properties":{"key":2245,"date":"03/05/2025 02:59:00 PM"}},{"type":"Feature","geometry":{"type":"Point","coordinates":[-8234846.136549491,4952772.906816096]},"properties":{"key":2246,"date":"03/05/2025 02:44:00 PM"}},{"type":"Feature","geometry":{"type":"Point","coordinates":[-8227514.173562291,4962281.5558954105]},"properties":{"key":2247,"date":"03/05/2025 02:35:00 PM"}},{"type":"Feature","geometry":{"type":"Point","coordinates":[-8236377.326009713,4940058.4072433915]},"properties":{"key":2248,"date":"03/05/2025 01:38:00 PM"}},{"type":"Feature","geometry":{"type":"Point","coordinates":[-8229893.163632682,4940336.434567037]},"properties":{"key":2249,"date":"03/05/2025 12:41:00 PM"}},{"type":"Feature","geometry":{"type":"Point","coordinates":[-8231886.995569712,4952356.371400436]},"properties":{"key":2250,"date":"03/05/2025 12:23:00 PM"}},{"type":"Feature","geometry":{"type":"Point","coordinates":[-8236158.939569598,4942655.349603764]},"properties":{"key":2251,"date":"03/05/2025 12:11:00 PM"}},{"type":"Feature","geometry":{"type":"Point","coordinates":[-8237797.381538715,4946363.40925942]},"properties":{"key":2252,"date":"03/05/2025 11:53:00 AM"}},{"type":"Feature","geometry":{"type":"Point","coordinates":[-8235574.668937362,4948311.714335054]},"properties":{"key":2253,"date":"03/05/2025 11:44:00 AM"}},{"type":"Feature","geometry":{"type":"Point","coordinates":[-8231925.831032736,4952620.8902940275]},"properties":{"key":2254,"date":"03/05/2025 11:14:00 AM"}},{"type":"Feature","geometry":{"type":"Point","coordinates":[-8235281.945791436,4952518.973145976]},"properties":{"key":2255,"date":"03/05/2025 11:11:00 AM"}},{"type":"Feature","geometry":{"type":"Point","coordinates":[-8234903.051018057,4951936.0337243425]},"properties":{"key":2256,"date":"03/05/2025 11:08:00 AM"}},{"type":"Feature","geometry":{"type":"Point","coordinates":[-8230840.149083155,4962923.031195755]},"properties":{"key":2257,"date":"03/05/2025 11:08:00 AM"}},{"type":"Feature","geometry":{"type":"Point","coordinates":[-8238131.140822677,4945012.918555433]},"properties":{"key":2258,"date":"03/05/2025 11:08:00 AM"}},{"type":"Feature","geometry":{"type":"Point","coordinates":[-8235140.225759227,4953400.90178799]},"properties":{"key":2259,"date":"03/05/2025 10:35:00 AM"}},{"type":"Feature","geometry":{"type":"Point","coordinates":[-8230722.954049452,4949458.285250941]},"properties":{"key":2260,"date":"03/05/2025 10:23:00 AM"}},{"type":"Feature","geometry":{"type":"Point","coordinates":[-8233391.224460046,4948488.2012035865]},"properties":{"key":2261,"date":"03/05/2025 10:14:00 AM"}},{"type":"Feature","geometry":{"type":"Point","coordinates":[-8231925.831032736,4952620.8902940275]},"properties":{"key":2262,"date":"03/05/2025 10:08:00 AM"}},{"type":"Feature","geometry":{"type":"Point","coordinates":[-8229583.637694611,4950535.21760001]},"properties":{"key":2263,"date":"03/05/2025 10:08:00 AM"}},{"type":"Feature","geometry":{"type":"Point","coordinates":[-8228563.08278454,4955886.140469941]},"properties":{"key":2264,"date":"03/05/2025 09:56:00 AM"}},{"type":"Feature","geometry":{"type":"Point","coordinates":[-8232617.346050884,4942257.028538809]},"properties":{"key":2265,"date":"03/05/2025 09:41:00 AM"}},{"type":"Feature","geometry":{"type":"Point","coordinates":[-8238503.92831936,4945528.639827061]},"properties":{"key":2266,"date":"03/05/2025 09:35:00 AM"}},{"type":"Feature","geometry":{"type":"Point","coordinates":[-8236493.272465086,4944100.732361908]},"properties":{"key":2267,"date":"03/05/2025 08:26:00 AM"}},{"type":"Feature","geometry":{"type":"Point","coordinates":[-8233446.934124441,4943214.356857884]},"properties":{"key":2268,"date":"03/05/2025 07:17:00 AM"}},{"type":"Feature","geometry":{"type":"Point","coordinates":[-8235203.8423357345,4949788.748037526]},"properties":{"key":2269,"date":"03/05/2025 07:05:00 AM"}},{"type":"Feature","geometry":{"type":"Point","coordinates":[-8236178.647837189,4947796.732940082]},"properties":{"key":2270,"date":"03/05/2025 06:59:00 AM"}},{"type":"Feature","geometry":{"type":"Point","coordinates":[-8227701.383706629,4958231.0890352605]},"properties":{"key":2271,"date":"03/05/2025 06:41:00 AM"}},{"type":"Feature","geometry":{"type":"Point","coordinates":[-8235789.536439242,4944578.568306898]},"properties":{"key":2272,"date":"03/05/2025 06:05:00 AM"}},{"type":"Feature","geometry":{"type":"Point","coordinates":[-8229541.055748523,4956803.855586703]},"properties":{"key":2273,"date":"03/05/2025 05:50:00 AM"}},{"type":"Feature","geometry":{"type":"Point","coordinates":[-8237116.6054339195,4943868.248371203]},"properties":{"key":2274,"date":"03/05/2025 04:14:00 AM"}},{"type":"Feature","geometry":{"type":"Point","coordinates":[-8237116.6054339195,4943868.248371203]},"properties":{"key":2275,"date":"03/05/2025 03:23:00 AM"}},{"type":"Feature","geometry":{"type":"Point","coordinates":[-8238588.630415991,4944982.760319713]},"properties":{"key":2276,"date":"03/05/2025 02:20:00 AM"}},{"type":"Feature","geometry":{"type":"Point","coordinates":[-8231385.483808793,4941495.010427717]},"properties":{"key":2277,"date":"03/05/2025 02:17:00 AM"}},{"type":"Feature","geometry":{"type":"Point","coordinates":[-8237116.6054339195,4943868.248371203]},"properties":{"key":2278,"date":"03/05/2025 02:08:00 AM"}},{"type":"Feature","geometry":{"type":"Point","coordinates":[-8237098.12886195,4943909.613729369]},"properties":{"key":2279,"date":"03/05/2025 02:05:00 AM"}},{"type":"Feature","geometry":{"type":"Point","coordinates":[-8237104.555605545,4943893.549454669]},"properties":{"key":2280,"date":"03/05/2025 02:05:00 AM"}},{"type":"Feature","geometry":{"type":"Point","coordinates":[-8233273.360296013,4949687.208273577]},"properties":{"key":2281,"date":"03/05/2025 01:02:00 AM"}},{"type":"Feature","geometry":{"type":"Point","coordinates":[-8233105.026247075,4949595.107226743]},"properties":{"key":2282,"date":"03/05/2025 01:02:00 AM"}},{"type":"Feature","geometry":{"type":"Point","coordinates":[-8233258.093634918,4949678.762487391]},"properties":{"key":2283,"date":"03/05/2025 12:59:00 AM"}},{"type":"Feature","geometry":{"type":"Point","coordinates":[-8233268.136193648,4949687.205932502]},"properties":{"key":2284,"date":"03/05/2025 12:59:00 AM"}},{"type":"Feature","geometry":{"type":"Point","coordinates":[-8233105.026247075,4949595.107226743]},"properties":{"key":2285,"date":"03/05/2025 12:56:00 AM"}},{"type":"Feature","geometry":{"type":"Point","coordinates":[-8233258.093634918,4949678.762487391]},"properties":{"key":2286,"date":"03/05/2025 12:53:00 AM"}},{"type":"Feature","geometry":{"type":"Point","coordinates":[-8233273.360296013,4949687.208273577]},"properties":{"key":2287,"date":"03/05/2025 12:50:00 AM"}},{"type":"Feature","geometry":{"type":"Point","coordinates":[-8236866.390873428,4949027.128406583]},"properties":{"key":2288,"date":"03/05/2025 12:35:00 AM"}},{"type":"Feature","geometry":{"type":"Point","coordinates":[-8234037.496072321,4949116.502618581]},"properties":{"key":2289,"date":"03/05/2025 12:23:00 AM"}},{"type":"Feature","geometry":{"type":"Point","coordinates":[-8238588.658988364,4945277.181777656]},"properties":{"key":2290,"date":"03/05/2025 12:11:00 AM"}},{"type":"Feature","geometry":{"type":"Point","coordinates":[-8235940.778215266,4947900.353157798]},"properties":{"key":2291,"date":"03/05/2025 12:08:00 AM"}},{"type":"Feature","geometry":{"type":"Point","coordinates":[-8237108.973639024,4943888.7303132545]},"properties":{"key":2292,"date":"03/05/2025 12:02:00 AM"}},{"type":"Feature","geometry":{"type":"Point","coordinates":[-8238533.283704343,4941489.348234464]},"properties":{"key":2293,"date":"03/04/2025 11:47:00 PM"}},{"type":"Feature","geometry":{"type":"Point","coordinates":[-8239428.631171115,4941302.5219595]},"properties":{"key":2294,"date":"03/04/2025 11:44:00 PM"}},{"type":"Feature","geometry":{"type":"Point","coordinates":[-8236128.4117098525,4947887.527126598]},"properties":{"key":2295,"date":"03/04/2025 11:17:00 PM"}},{"type":"Feature","geometry":{"type":"Point","coordinates":[-8227884.478053245,4940873.016351328]},"properties":{"key":2296,"date":"03/04/2025 11:14:00 PM"}},{"type":"Feature","geometry":{"type":"Point","coordinates":[-8230481.240705776,4962330.86169489]},"properties":{"key":2297,"date":"03/04/2025 11:08:00 PM"}},{"type":"Feature","geometry":{"type":"Point","coordinates":[-8235777.774278244,4943076.935978711]},"properties":{"key":2298,"date":"03/04/2025 10:50:00 PM"}},{"type":"Feature","geometry":{"type":"Point","coordinates":[-8236720.06011036,4945474.407251341]},"properties":{"key":2299,"date":"03/04/2025 10:32:00 PM"}},{"type":"Feature","geometry":{"type":"Point","coordinates":[-8236437.597830707,4946128.7360545555]},"properties":{"key":2300,"date":"03/04/2025 10:20:00 PM"}},{"type":"Feature","geometry":{"type":"Point","coordinates":[-8232861.253471668,4950927.617709617]},"properties":{"key":2301,"date":"03/04/2025 10:20:00 PM"}},{"type":"Feature","geometry":{"type":"Point","coordinates":[-8235885.913471372,4946905.585601569]},"properties":{"key":2302,"date":"03/04/2025 09:56:00 PM"}},{"type":"Feature","geometry":{"type":"Point","coordinates":[-8232269.269903758,4955993.033934654]},"properties":{"key":2303,"date":"03/04/2025 09:44:00 PM"}},{"type":"Feature","geometry":{"type":"Point","coordinates":[-8235766.05876679,4951791.1362335365]},"properties":{"key":2304,"date":"03/04/2025 08:53:00 PM"}},{"type":"Feature","geometry":{"type":"Point","coordinates":[-8232425.958703881,4954743.4282979695]},"properties":{"key":2305,"date":"03/04/2025 08:50:00 PM"}},{"type":"Feature","geometry":{"type":"Point","coordinates":[-8227460.865271933,4942833.663816025]},"properties":{"key":2306,"date":"03/04/2025 08:14:00 PM"}},{"type":"Feature","geometry":{"type":"Point","coordinates":[-8235212.288906926,4946533.839010481]},"properties":{"key":2307,"date":"03/04/2025 07:38:00 PM"}},{"type":"Feature","geometry":{"type":"Point","coordinates":[-8236966.0989899235,4948233.559906196]},"properties":{"key":2308,"date":"03/04/2025 06:44:00 PM"}},{"type":"Feature","geometry":{"type":"Point","coordinates":[-8229893.163632682,4940336.434567037]},"properties":{"key":2309,"date":"03/04/2025 05:59:00 PM"}},{"type":"Feature","geometry":{"type":"Point","coordinates":[-8227936.811767064,4966178.546441423]},"properties":{"key":2310,"date":"03/04/2025 05:44:00 PM"}},{"type":"Feature","geometry":{"type":"Point","coordinates":[-8233296.31272526,4949582.335151718]},"properties":{"key":2311,"date":"03/04/2025 03:41:00 PM"}},{"type":"Feature","geometry":{"type":"Point","coordinates":[-8231735.395254759,4951791.537360752]},"properties":{"key":2312,"date":"03/04/2025 02:47:00 PM"}},{"type":"Feature","geometry":{"type":"Point","coordinates":[-8236493.272465086,4944100.732361908]},"properties":{"key":2313,"date":"03/04/2025 02:44:00 PM"}},{"type":"Feature","geometry":{"type":"Point","coordinates":[-8235496.841612996,4949586.282404109]},"properties":{"key":2314,"date":"03/04/2025 02:17:00 PM"}},{"type":"Feature","geometry":{"type":"Point","coordinates":[-8236313.993507188,4951135.280839292]},"properties":{"key":2315,"date":"03/04/2025 02:14:00 PM"}},{"type":"Feature","geometry":{"type":"Point","coordinates":[-8237131.795670846,4945226.603736111]},"properties":{"key":2316,"date":"03/04/2025 02:08:00 PM"}},{"type":"Feature","geometry":{"type":"Point","coordinates":[-8227424.821959998,4965761.8115872955]},"properties":{"key":2317,"date":"03/04/2025 02:05:00 PM"}},{"type":"Feature","geometry":{"type":"Point","coordinates":[-8235990.184881039,4945602.0461648675]},"properties":{"key":2318,"date":"03/04/2025 02:05:00 PM"}},{"type":"Feature","geometry":{"type":"Point","coordinates":[-8232520.810023352,4944099.455116807]},"properties":{"key":2319,"date":"03/04/2025 02:02:00 PM"}},{"type":"Feature","geometry":{"type":"Point","coordinates":[-8238131.140822677,4945012.918555433]},"properties":{"key":2320,"date":"03/04/2025 01:38:00 PM"}},{"type":"Feature","geometry":{"type":"Point","coordinates":[-8229776.413232401,4959670.173750233]},"properties":{"key":2321,"date":"03/04/2025 01:26:00 PM"}},{"type":"Feature","geometry":{"type":"Point","coordinates":[-8237788.9102824265,4944022.482595141]},"properties":{"key":2322,"date":"03/04/2025 01:26:00 PM"}},{"type":"Feature","geometry":{"type":"Point","coordinates":[-8230881.643976606,4962854.249884616]},"properties":{"key":2323,"date":"03/04/2025 01:02:00 PM"}},{"type":"Feature","geometry":{"type":"Point","coordinates":[-8238372.189228318,4945700.572334956]},"properties":{"key":2324,"date":"03/04/2025 12:56:00 PM"}},{"type":"Feature","geometry":{"type":"Point","coordinates":[-8237082.364474713,4945674.875453015]},"properties":{"key":2325,"date":"03/04/2025 12:32:00 PM"}},{"type":"Feature","geometry":{"type":"Point","coordinates":[-8229377.827976945,4950585.281625587]},"properties":{"key":2326,"date":"03/04/2025 12:26:00 PM"}},{"type":"Feature","geometry":{"type":"Point","coordinates":[-8232684.54837847,4951456.049281584]},"properties":{"key":2327,"date":"03/04/2025 12:17:00 PM"}},{"type":"Feature","geometry":{"type":"Point","coordinates":[-8229581.1818419285,4950589.068876422]},"properties":{"key":2328,"date":"03/04/2025 12:08:00 PM"}},{"type":"Feature","geometry":{"type":"Point","coordinates":[-8232489.051178206,4956324.500253183]},"properties":{"key":2329,"date":"03/04/2025 11:29:00 AM"}},{"type":"Feature","geometry":{"type":"Point","coordinates":[-8232707.880313672,4952210.507464369]},"properties":{"key":2330,"date":"03/04/2025 11:14:00 AM"}},{"type":"Feature","geometry":{"type":"Point","coordinates":[-8236025.727483468,4949276.964839004]},"properties":{"key":2331,"date":"03/04/2025 10:56:00 AM"}},{"type":"Feature","geometry":{"type":"Point","coordinates":[-8231368.073549525,4957959.032225765]},"properties":{"key":2332,"date":"03/04/2025 10:17:00 AM"}},{"type":"Feature","geometry":{"type":"Point","coordinates":[-8233754.888455053,4955468.994502432]},"properties":{"key":2333,"date":"03/04/2025 10:17:00 AM"}},{"type":"Feature","geometry":{"type":"Point","coordinates":[-8227506.119363363,4960739.773339562]},"properties":{"key":2334,"date":"03/04/2025 09:08:00 AM"}},{"type":"Feature","geometry":{"type":"Point","coordinates":[-8229893.163632682,4940336.434567037]},"properties":{"key":2335,"date":"03/04/2025 08:32:00 AM"}},{"type":"Feature","geometry":{"type":"Point","coordinates":[-8229198.562472007,4949218.391515331]},"properties":{"key":2336,"date":"03/04/2025 08:32:00 AM"}},{"type":"Feature","geometry":{"type":"Point","coordinates":[-8232823.269303298,4952155.899009307]},"properties":{"key":2337,"date":"03/04/2025 08:26:00 AM"}},{"type":"Feature","geometry":{"type":"Point","coordinates":[-8237290.435185857,4945788.563782849]},"properties":{"key":2338,"date":"03/04/2025 08:02:00 AM"}},{"type":"Feature","geometry":{"type":"Point","coordinates":[-8232644.621094994,4943099.526892893]},"properties":{"key":2339,"date":"03/04/2025 07:38:00 AM"}},{"type":"Feature","geometry":{"type":"Point","coordinates":[-8239646.33324349,4941712.830239408]},"properties":{"key":2340,"date":"03/04/2025 07:38:00 AM"}},{"type":"Feature","geometry":{"type":"Point","coordinates":[-8232608.35033619,4951908.992604412]},"properties":{"key":2341,"date":"03/04/2025 07:26:00 AM"}},{"type":"Feature","geometry":{"type":"Point","coordinates":[-8236676.96123997,4950735.829364398]},"properties":{"key":2342,"date":"03/04/2025 07:02:00 AM"}},{"type":"Feature","geometry":{"type":"Point","coordinates":[-8233429.255775559,4943234.027044646]},"properties":{"key":2343,"date":"03/04/2025 06:59:00 AM"}},{"type":"Feature","geometry":{"type":"Point","coordinates":[-8236073.8548022,4944860.576121977]},"properties":{"key":2344,"date":"03/04/2025 06:50:00 AM"}},{"type":"Feature","geometry":{"type":"Point","coordinates":[-8233277.323073963,4949811.785641462]},"properties":{"key":2345,"date":"03/04/2025 06:47:00 AM"}},{"type":"Feature","geometry":{"type":"Point","coordinates":[-8238159.584689159,4943616.038231231]},"properties":{"key":2346,"date":"03/04/2025 06:38:00 AM"}},{"type":"Feature","geometry":{"type":"Point","coordinates":[-8236957.068922036,4945228.601374465]},"properties":{"key":2347,"date":"03/04/2025 06:08:00 AM"}},{"type":"Feature","geometry":{"type":"Point","coordinates":[-8233722.629254401,4955697.372814052]},"properties":{"key":2348,"date":"03/04/2025 06:05:00 AM"}},{"type":"Feature","geometry":{"type":"Point","coordinates":[-8239646.33324349,4941712.830239408]},"properties":{"key":2349,"date":"03/04/2025 04:53:00 AM"}},{"type":"Feature","geometry":{"type":"Point","coordinates":[-8237328.109116823,4948434.879286053]},"properties":{"key":2350,"date":"03/04/2025 02:59:00 AM"}},{"type":"Feature","geometry":{"type":"Point","coordinates":[-8235719.647507026,4952744.979518605]},"properties":{"key":2351,"date":"03/04/2025 01:47:00 AM"}},{"type":"Feature","geometry":{"type":"Point","coordinates":[-8229324.754776652,4940723.391681036]},"properties":{"key":2352,"date":"03/04/2025 01:23:00 AM"}},{"type":"Feature","geometry":{"type":"Point","coordinates":[-8232707.880313672,4952210.507464369]},"properties":{"key":2353,"date":"03/04/2025 01:11:00 AM"}},{"type":"Feature","geometry":{"type":"Point","coordinates":[-8237223.710228529,4946809.71952173]},"properties":{"key":2354,"date":"03/04/2025 12:56:00 AM"}},{"type":"Feature","geometry":{"type":"Point","coordinates":[-8237223.710228529,4946809.71952173]},"properties":{"key":2355,"date":"03/04/2025 12:50:00 AM"}},{"type":"Feature","geometry":{"type":"Point","coordinates":[-8237223.710228529,4946809.71952173]},"properties":{"key":2356,"date":"03/04/2025 12:47:00 AM"}},{"type":"Feature","geometry":{"type":"Point","coordinates":[-8236493.288057607,4940560.657909269]},"properties":{"key":2357,"date":"03/04/2025 12:44:00 AM"}},{"type":"Feature","geometry":{"type":"Point","coordinates":[-8238780.167546708,4941071.352882738]},"properties":{"key":2358,"date":"03/04/2025 12:41:00 AM"}},{"type":"Feature","geometry":{"type":"Point","coordinates":[-8235699.832527459,4947284.799805813]},"properties":{"key":2359,"date":"03/04/2025 12:17:00 AM"}},{"type":"Feature","geometry":{"type":"Point","coordinates":[-8235545.566239831,4947249.011711587]},"properties":{"key":2360,"date":"03/04/2025 12:05:00 AM"}},{"type":"Feature","geometry":{"type":"Point","coordinates":[-8237325.296550852,4948433.271984108]},"properties":{"key":2361,"date":"03/03/2025 11:41:00 PM"}},{"type":"Feature","geometry":{"type":"Point","coordinates":[-8228224.03839068,4965117.804784098]},"properties":{"key":2362,"date":"03/03/2025 11:38:00 PM"}},{"type":"Feature","geometry":{"type":"Point","coordinates":[-8238285.984821727,4942023.399196794]},"properties":{"key":2363,"date":"03/03/2025 11:26:00 PM"}},{"type":"Feature","geometry":{"type":"Point","coordinates":[-8230481.240705776,4962330.86169489]},"properties":{"key":2364,"date":"03/03/2025 11:23:00 PM"}},{"type":"Feature","geometry":{"type":"Point","coordinates":[-8235565.260299715,4947210.849401385]},"properties":{"key":2365,"date":"03/03/2025 11:11:00 PM"}},{"type":"Feature","geometry":{"type":"Point","coordinates":[-8236889.95890725,4940426.202307891]},"properties":{"key":2366,"date":"03/03/2025 10:41:00 PM"}},{"type":"Feature","geometry":{"type":"Point","coordinates":[-8236889.95890725,4940426.202307891]},"properties":{"key":2367,"date":"03/03/2025 10:35:00 PM"}},{"type":"Feature","geometry":{"type":"Point","coordinates":[-8236889.95890725,4940426.202307891]},"properties":{"key":2368,"date":"03/03/2025 10:32:00 PM"}},{"type":"Feature","geometry":{"type":"Point","coordinates":[-8236889.95890725,4940426.202307891]},"properties":{"key":2369,"date":"03/03/2025 10:29:00 PM"}},{"type":"Feature","geometry":{"type":"Point","coordinates":[-8232040.947091461,4958657.677922804]},"properties":{"key":2370,"date":"03/03/2025 10:02:00 PM"}},{"type":"Feature","geometry":{"type":"Point","coordinates":[-8231437.64946135,4957965.109675658]},"properties":{"key":2371,"date":"03/03/2025 10:02:00 PM"}},{"type":"Feature","geometry":{"type":"Point","coordinates":[-8232574.88419292,4944378.616038255]},"properties":{"key":2372,"date":"03/03/2025 09:56:00 PM"}},{"type":"Feature","geometry":{"type":"Point","coordinates":[-8232407.457019345,4950263.45967692]},"properties":{"key":2373,"date":"03/03/2025 09:47:00 PM"}},{"type":"Feature","geometry":{"type":"Point","coordinates":[-8238314.09530637,4942063.952768407]},"properties":{"key":2374,"date":"03/03/2025 09:38:00 PM"}},{"type":"Feature","geometry":{"type":"Point","coordinates":[-8232566.849812199,4944381.824943143]},"properties":{"key":2375,"date":"03/03/2025 09:32:00 PM"}},{"type":"Feature","geometry":{"type":"Point","coordinates":[-8237328.109116823,4948434.879286053]},"properties":{"key":2376,"date":"03/03/2025 09:23:00 PM"}},{"type":"Feature","geometry":{"type":"Point","coordinates":[-8235795.460741203,4951472.809878274]},"properties":{"key":2377,"date":"03/03/2025 09:20:00 PM"}},{"type":"Feature","geometry":{"type":"Point","coordinates":[-8235170.497057601,4951338.830464427]},"properties":{"key":2378,"date":"03/03/2025 08:56:00 PM"}},{"type":"Feature","geometry":{"type":"Point","coordinates":[-8235766.378499744,4948040.5435767295]},"properties":{"key":2379,"date":"03/03/2025 08:50:00 PM"}},{"type":"Feature","geometry":{"type":"Point","coordinates":[-8237328.109116823,4948434.879286053]},"properties":{"key":2380,"date":"03/03/2025 08:47:00 PM"}},{"type":"Feature","geometry":{"type":"Point","coordinates":[-8236129.368483066,4944311.135933789]},"properties":{"key":2381,"date":"03/03/2025 08:20:00 PM"}},{"type":"Feature","geometry":{"type":"Point","coordinates":[-8234041.815865236,4948300.018508638]},"properties":{"key":2382,"date":"03/03/2025 08:11:00 PM"}},{"type":"Feature","geometry":{"type":"Point","coordinates":[-8238737.262187442,4945138.188546933]},"properties":{"key":2383,"date":"03/03/2025 08:05:00 PM"}},{"type":"Feature","geometry":{"type":"Point","coordinates":[-8238737.262187442,4945138.188546933]},"properties":{"key":2384,"date":"03/03/2025 07:56:00 PM"}},{"type":"Feature","geometry":{"type":"Point","coordinates":[-8238314.09530637,4942063.952768407]},"properties":{"key":2385,"date":"03/03/2025 07:53:00 PM"}},{"type":"Feature","geometry":{"type":"Point","coordinates":[-8238313.288551757,4942010.548134834]},"properties":{"key":2386,"date":"03/03/2025 07:44:00 PM"}},{"type":"Feature","geometry":{"type":"Point","coordinates":[-8234846.136549491,4952772.906816096]},"properties":{"key":2387,"date":"03/03/2025 07:44:00 PM"}},{"type":"Feature","geometry":{"type":"Point","coordinates":[-8238313.288551757,4942010.548134834]},"properties":{"key":2388,"date":"03/03/2025 07:41:00 PM"}},{"type":"Feature","geometry":{"type":"Point","coordinates":[-8230958.35658878,4953677.527042911]},"properties":{"key":2389,"date":"03/03/2025 07:29:00 PM"}},{"type":"Feature","geometry":{"type":"Point","coordinates":[-8232427.168377165,4950227.301289986]},"properties":{"key":2390,"date":"03/03/2025 07:29:00 PM"}},{"type":"Feature","geometry":{"type":"Point","coordinates":[-8232407.457019345,4950263.45967692]},"properties":{"key":2391,"date":"03/03/2025 07:26:00 PM"}},{"type":"Feature","geometry":{"type":"Point","coordinates":[-8230863.678502474,4944143.827578169]},"properties":{"key":2392,"date":"03/03/2025 07:23:00 PM"}},{"type":"Feature","geometry":{"type":"Point","coordinates":[-8237328.109116823,4948434.879286053]},"properties":{"key":2393,"date":"03/03/2025 07:14:00 PM"}},{"type":"Feature","geometry":{"type":"Point","coordinates":[-8232497.90647338,4956308.419828831]},"properties":{"key":2394,"date":"03/03/2025 05:11:00 PM"}},{"type":"Feature","geometry":{"type":"Point","coordinates":[-8238073.342889235,4945948.034234657]},"properties":{"key":2395,"date":"03/03/2025 04:29:00 PM"}},{"type":"Feature","geometry":{"type":"Point","coordinates":[-8229776.413232401,4959670.173750233]},"properties":{"key":2396,"date":"03/03/2025 04:23:00 PM"}},{"type":"Feature","geometry":{"type":"Point","coordinates":[-8237875.741652636,4947418.775873721]},"properties":{"key":2397,"date":"03/03/2025 03:59:00 PM"}},{"type":"Feature","geometry":{"type":"Point","coordinates":[-8235682.067390563,4949720.942076147]},"properties":{"key":2398,"date":"03/03/2025 03:35:00 PM"}},{"type":"Feature","geometry":{"type":"Point","coordinates":[-8232000.434329801,4952209.721853973]},"properties":{"key":2399,"date":"03/03/2025 03:20:00 PM"}},{"type":"Feature","geometry":{"type":"Point","coordinates":[-8227824.850404748,4948658.570618264]},"properties":{"key":2400,"date":"03/03/2025 03:08:00 PM"}},{"type":"Feature","geometry":{"type":"Point","coordinates":[-8237920.974744757,4941616.264979719]},"properties":{"key":2401,"date":"03/03/2025 02:53:00 PM"}},{"type":"Feature","geometry":{"type":"Point","coordinates":[-8238030.663078843,4943447.371985521]},"properties":{"key":2402,"date":"03/03/2025 02:50:00 PM"}},{"type":"Feature","geometry":{"type":"Point","coordinates":[-8230542.680710165,4954213.943015754]},"properties":{"key":2403,"date":"03/03/2025 01:59:00 PM"}},{"type":"Feature","geometry":{"type":"Point","coordinates":[-8233866.434727026,4949848.198958414]},"properties":{"key":2404,"date":"03/03/2025 01:41:00 PM"}},{"type":"Feature","geometry":{"type":"Point","coordinates":[-8227625.442447245,4951894.696523782]},"properties":{"key":2405,"date":"03/03/2025 12:20:00 PM"}},{"type":"Feature","geometry":{"type":"Point","coordinates":[-8238740.996909603,4942636.125460668]},"properties":{"key":2406,"date":"03/03/2025 12:11:00 PM"}},{"type":"Feature","geometry":{"type":"Point","coordinates":[-8231476.889674251,4946798.137753823]},"properties":{"key":2407,"date":"03/03/2025 12:08:00 PM"}},{"type":"Feature","geometry":{"type":"Point","coordinates":[-8228988.2300883345,4946696.616865309]},"properties":{"key":2408,"date":"03/03/2025 11:35:00 AM"}},{"type":"Feature","geometry":{"type":"Point","coordinates":[-8236843.665442432,4946845.4503344]},"properties":{"key":2409,"date":"03/03/2025 11:20:00 AM"}},{"type":"Feature","geometry":{"type":"Point","coordinates":[-8238394.795076574,4941937.061024394]},"properties":{"key":2410,"date":"03/03/2025 11:17:00 AM"}},{"type":"Feature","geometry":{"type":"Point","coordinates":[-8236055.402099352,4949653.900333654]},"properties":{"key":2411,"date":"03/03/2025 11:02:00 AM"}},{"type":"Feature","geometry":{"type":"Point","coordinates":[-8237788.9102824265,4944022.482595141]},"properties":{"key":2412,"date":"03/03/2025 10:56:00 AM"}},{"type":"Feature","geometry":{"type":"Point","coordinates":[-8238512.765197837,4945527.0323120095]},"properties":{"key":2413,"date":"03/03/2025 10:20:00 AM"}},{"type":"Feature","geometry":{"type":"Point","coordinates":[-8237189.684530047,4944185.532586974]},"properties":{"key":2414,"date":"03/03/2025 10:02:00 AM"}},{"type":"Feature","geometry":{"type":"Point","coordinates":[-8234151.180899692,4949209.367305827]},"properties":{"key":2415,"date":"03/03/2025 09:59:00 AM"}},{"type":"Feature","geometry":{"type":"Point","coordinates":[-8231640.652482923,4960097.508224547]},"properties":{"key":2416,"date":"03/03/2025 09:50:00 AM"}},{"type":"Feature","geometry":{"type":"Point","coordinates":[-8238495.091438657,4945530.247335062]},"properties":{"key":2417,"date":"03/03/2025 08:47:00 AM"}},{"type":"Feature","geometry":{"type":"Point","coordinates":[-8227896.654101224,4966082.703640618]},"properties":{"key":2418,"date":"03/03/2025 08:41:00 AM"}},{"type":"Feature","geometry":{"type":"Point","coordinates":[-8231048.1519662235,4947519.80210013]},"properties":{"key":2419,"date":"03/03/2025 08:29:00 AM"}},{"type":"Feature","geometry":{"type":"Point","coordinates":[-8233015.283635071,4944788.91341259]},"properties":{"key":2420,"date":"03/03/2025 08:23:00 AM"}},{"type":"Feature","geometry":{"type":"Point","coordinates":[-8238495.091438657,4945530.247335062]},"properties":{"key":2421,"date":"03/03/2025 08:17:00 AM"}},{"type":"Feature","geometry":{"type":"Point","coordinates":[-8227896.654101224,4966082.703640618]},"properties":{"key":2422,"date":"03/03/2025 08:17:00 AM"}},{"type":"Feature","geometry":{"type":"Point","coordinates":[-8229893.163632682,4940336.434567037]},"properties":{"key":2423,"date":"03/03/2025 08:11:00 AM"}},{"type":"Feature","geometry":{"type":"Point","coordinates":[-8232864.869634119,4950929.6290089395]},"properties":{"key":2424,"date":"03/03/2025 07:32:00 AM"}},{"type":"Feature","geometry":{"type":"Point","coordinates":[-8237300.744771104,4949627.501231261]},"properties":{"key":2425,"date":"03/03/2025 07:20:00 AM"}},{"type":"Feature","geometry":{"type":"Point","coordinates":[-8237087.941804952,4946489.534748232]},"properties":{"key":2426,"date":"03/03/2025 07:08:00 AM"}},{"type":"Feature","geometry":{"type":"Point","coordinates":[-8238494.349519854,4941637.110887877]},"properties":{"key":2427,"date":"03/03/2025 06:20:00 AM"}},{"type":"Feature","geometry":{"type":"Point","coordinates":[-8229433.809911005,4950443.864198729]},"properties":{"key":2428,"date":"03/03/2025 06:17:00 AM"}},{"type":"Feature","geometry":{"type":"Point","coordinates":[-8235474.008038457,4952877.984340683]},"properties":{"key":2429,"date":"03/03/2025 06:05:00 AM"}},{"type":"Feature","geometry":{"type":"Point","coordinates":[-8233947.093019588,4949093.162630408]},"properties":{"key":2430,"date":"03/03/2025 05:59:00 AM"}},{"type":"Feature","geometry":{"type":"Point","coordinates":[-8232271.474109826,4942509.42120697]},"properties":{"key":2431,"date":"03/03/2025 05:26:00 AM"}},{"type":"Feature","geometry":{"type":"Point","coordinates":[-8230943.769373989,4940393.017232235]},"properties":{"key":2432,"date":"03/03/2025 05:20:00 AM"}},{"type":"Feature","geometry":{"type":"Point","coordinates":[-8231891.80552127,4951016.31758668]},"properties":{"key":2433,"date":"03/03/2025 03:26:00 AM"}},{"type":"Feature","geometry":{"type":"Point","coordinates":[-8233935.795204469,4949215.717168375]},"properties":{"key":2434,"date":"03/03/2025 02:50:00 AM"}},{"type":"Feature","geometry":{"type":"Point","coordinates":[-8234037.496072321,4949116.502618581]},"properties":{"key":2435,"date":"03/03/2025 02:41:00 AM"}},{"type":"Feature","geometry":{"type":"Point","coordinates":[-8234143.145797621,4949204.9442477655]},"properties":{"key":2436,"date":"03/03/2025 02:38:00 AM"}},{"type":"Feature","geometry":{"type":"Point","coordinates":[-8235409.681866988,4952914.952576685]},"properties":{"key":2437,"date":"03/03/2025 01:29:00 AM"}},{"type":"Feature","geometry":{"type":"Point","coordinates":[-8237349.186853489,4942315.74040163]},"properties":{"key":2438,"date":"03/03/2025 01:17:00 AM"}},{"type":"Feature","geometry":{"type":"Point","coordinates":[-8238313.288551757,4942010.548134834]},"properties":{"key":2439,"date":"03/03/2025 12:26:00 AM"}},{"type":"Feature","geometry":{"type":"Point","coordinates":[-8230817.421288851,4954578.797039523]},"properties":{"key":2440,"date":"03/03/2025 12:08:00 AM"}},{"type":"Feature","geometry":{"type":"Point","coordinates":[-8238314.09530637,4942063.952768407]},"properties":{"key":2441,"date":"03/02/2025 11:44:00 PM"}},{"type":"Feature","geometry":{"type":"Point","coordinates":[-8234037.496072321,4949116.502618581]},"properties":{"key":2442,"date":"03/02/2025 11:11:00 PM"}},{"type":"Feature","geometry":{"type":"Point","coordinates":[-8234037.496072321,4949116.502618581]},"properties":{"key":2443,"date":"03/02/2025 10:59:00 PM"}},{"type":"Feature","geometry":{"type":"Point","coordinates":[-8234026.638302035,4949139.001141933]},"properties":{"key":2444,"date":"03/02/2025 10:53:00 PM"}},{"type":"Feature","geometry":{"type":"Point","coordinates":[-8236129.368483066,4944311.135933789]},"properties":{"key":2445,"date":"03/02/2025 09:35:00 PM"}},{"type":"Feature","geometry":{"type":"Point","coordinates":[-8238355.855095681,4942058.729781119]},"properties":{"key":2446,"date":"03/02/2025 08:56:00 PM"}},{"type":"Feature","geometry":{"type":"Point","coordinates":[-8238314.09530637,4942063.952768407]},"properties":{"key":2447,"date":"03/02/2025 08:53:00 PM"}},{"type":"Feature","geometry":{"type":"Point","coordinates":[-8238338.990821782,4942064.352561482]},"properties":{"key":2448,"date":"03/02/2025 08:44:00 PM"}},{"type":"Feature","geometry":{"type":"Point","coordinates":[-8231858.554518501,4959647.897363652]},"properties":{"key":2449,"date":"03/02/2025 08:35:00 PM"}},{"type":"Feature","geometry":{"type":"Point","coordinates":[-8231122.4749352075,4954137.156374591]},"properties":{"key":2450,"date":"03/02/2025 07:14:00 PM"}},{"type":"Feature","geometry":{"type":"Point","coordinates":[-8235111.286379634,4947187.84229107]},"properties":{"key":2451,"date":"03/02/2025 05:59:00 PM"}},{"type":"Feature","geometry":{"type":"Point","coordinates":[-8227987.092044823,4947126.743956033]},"properties":{"key":2452,"date":"03/02/2025 05:59:00 PM"}},{"type":"Feature","geometry":{"type":"Point","coordinates":[-8229893.163632682,4940336.434567037]},"properties":{"key":2453,"date":"03/02/2025 05:17:00 PM"}},{"type":"Feature","geometry":{"type":"Point","coordinates":[-8231672.408324669,4954225.555206047]},"properties":{"key":2454,"date":"03/02/2025 04:50:00 PM"}},{"type":"Feature","geometry":{"type":"Point","coordinates":[-8238968.1120946705,4941386.912651549]},"properties":{"key":2455,"date":"03/02/2025 04:35:00 PM"}},{"type":"Feature","geometry":{"type":"Point","coordinates":[-8237191.047648342,4949446.26334603]},"properties":{"key":2456,"date":"03/02/2025 04:29:00 PM"}},{"type":"Feature","geometry":{"type":"Point","coordinates":[-8239364.267825615,4942885.8111228375]},"properties":{"key":2457,"date":"03/02/2025 03:23:00 PM"}},{"type":"Feature","geometry":{"type":"Point","coordinates":[-8231521.288499146,4960556.4502639]},"properties":{"key":2458,"date":"03/02/2025 01:59:00 PM"}},{"type":"Feature","geometry":{"type":"Point","coordinates":[-8230527.254350128,4940102.061250675]},"properties":{"key":2459,"date":"03/02/2025 12:53:00 PM"}},{"type":"Feature","geometry":{"type":"Point","coordinates":[-8232748.123734483,4952115.6660726145]},"properties":{"key":2460,"date":"03/02/2025 12:41:00 PM"}},{"type":"Feature","geometry":{"type":"Point","coordinates":[-8236437.597830707,4946128.7360545555]},"properties":{"key":2461,"date":"03/02/2025 12:32:00 PM"}},{"type":"Feature","geometry":{"type":"Point","coordinates":[-8235973.649310216,4943643.218289506]},"properties":{"key":2462,"date":"03/02/2025 12:23:00 PM"}},{"type":"Feature","geometry":{"type":"Point","coordinates":[-8236105.192524598,4944805.956146016]},"properties":{"key":2463,"date":"03/02/2025 11:59:00 AM"}},{"type":"Feature","geometry":{"type":"Point","coordinates":[-8231262.927498166,4958223.612076834]},"properties":{"key":2464,"date":"03/02/2025 11:50:00 AM"}},{"type":"Feature","geometry":{"type":"Point","coordinates":[-8229776.413232401,4959670.173750233]},"properties":{"key":2465,"date":"03/02/2025 11:44:00 AM"}},{"type":"Feature","geometry":{"type":"Point","coordinates":[-8229905.077908426,4959746.3052382525]},"properties":{"key":2466,"date":"03/02/2025 11:08:00 AM"}},{"type":"Feature","geometry":{"type":"Point","coordinates":[-8229893.163632682,4940336.434567037]},"properties":{"key":2467,"date":"03/02/2025 10:53:00 AM"}},{"type":"Feature","geometry":{"type":"Point","coordinates":[-8233278.742860559,4954722.537901838]},"properties":{"key":2468,"date":"03/02/2025 10:41:00 AM"}},{"type":"Feature","geometry":{"type":"Point","coordinates":[-8228956.986907353,4960585.48077693]},"properties":{"key":2469,"date":"03/02/2025 10:35:00 AM"}},{"type":"Feature","geometry":{"type":"Point","coordinates":[-8236528.138034617,4944763.43851481]},"properties":{"key":2470,"date":"03/02/2025 10:08:00 AM"}},{"type":"Feature","geometry":{"type":"Point","coordinates":[-8235212.288906926,4946533.839010481]},"properties":{"key":2471,"date":"03/02/2025 09:29:00 AM"}},{"type":"Feature","geometry":{"type":"Point","coordinates":[-8236922.49751092,4945604.56967136]},"properties":{"key":2472,"date":"03/02/2025 09:23:00 AM"}},{"type":"Feature","geometry":{"type":"Point","coordinates":[-8231259.308697444,4958222.000884288]},"properties":{"key":2473,"date":"03/02/2025 09:08:00 AM"}},{"type":"Feature","geometry":{"type":"Point","coordinates":[-8238544.178977051,4942076.783494901]},"properties":{"key":2474,"date":"03/02/2025 09:08:00 AM"}},{"type":"Feature","geometry":{"type":"Point","coordinates":[-8231812.261236247,4955666.662282098]},"properties":{"key":2475,"date":"03/02/2025 09:08:00 AM"}},{"type":"Feature","geometry":{"type":"Point","coordinates":[-8233577.57760349,4942908.4073006185]},"properties":{"key":2476,"date":"03/02/2025 09:02:00 AM"}},{"type":"Feature","geometry":{"type":"Point","coordinates":[-8233870.972031549,4955782.275190754]},"properties":{"key":2477,"date":"03/02/2025 08:47:00 AM"}},{"type":"Feature","geometry":{"type":"Point","coordinates":[-8231259.308697444,4958222.000884288]},"properties":{"key":2478,"date":"03/02/2025 08:47:00 AM"}},{"type":"Feature","geometry":{"type":"Point","coordinates":[-8229319.538900798,4940719.372380728]},"properties":{"key":2479,"date":"03/02/2025 08:38:00 AM"}},{"type":"Feature","geometry":{"type":"Point","coordinates":[-8233754.888455053,4955468.994502432]},"properties":{"key":2480,"date":"03/02/2025 08:35:00 AM"}},{"type":"Feature","geometry":{"type":"Point","coordinates":[-8235173.797215188,4952591.703366967]},"properties":{"key":2481,"date":"03/02/2025 08:23:00 AM"}},{"type":"Feature","geometry":{"type":"Point","coordinates":[-8233015.283635071,4944788.91341259]},"properties":{"key":2482,"date":"03/02/2025 08:20:00 AM"}},{"type":"Feature","geometry":{"type":"Point","coordinates":[-8235195.110706496,4952556.335102861]},"properties":{"key":2483,"date":"03/02/2025 08:20:00 AM"}},{"type":"Feature","geometry":{"type":"Point","coordinates":[-8238577.832770475,4941288.587902567]},"properties":{"key":2484,"date":"03/02/2025 08:14:00 AM"}},{"type":"Feature","geometry":{"type":"Point","coordinates":[-8232456.227385134,4957553.462911419]},"properties":{"key":2485,"date":"03/02/2025 07:05:00 AM"}},{"type":"Feature","geometry":{"type":"Point","coordinates":[-8231073.201009024,4961635.998126058]},"properties":{"key":2486,"date":"03/02/2025 02:02:00 AM"}},{"type":"Feature","geometry":{"type":"Point","coordinates":[-8232707.880313672,4952210.507464369]},"properties":{"key":2487,"date":"03/02/2025 12:35:00 AM"}},{"type":"Feature","geometry":{"type":"Point","coordinates":[-8237575.245749056,4944354.629497411]},"properties":{"key":2488,"date":"03/02/2025 12:11:00 AM"}},{"type":"Feature","geometry":{"type":"Point","coordinates":[-8232745.939367776,4950862.452046223]},"properties":{"key":2489,"date":"03/01/2025 11:41:00 PM"}},{"type":"Feature","geometry":{"type":"Point","coordinates":[-8229839.5152256545,4950692.565661456]},"properties":{"key":2490,"date":"03/01/2025 11:29:00 PM"}},{"type":"Feature","geometry":{"type":"Point","coordinates":[-8229839.5152256545,4950692.565661456]},"properties":{"key":2491,"date":"03/01/2025 11:20:00 PM"}},{"type":"Feature","geometry":{"type":"Point","coordinates":[-8230481.240705776,4962330.86169489]},"properties":{"key":2492,"date":"03/01/2025 10:59:00 PM"}},{"type":"Feature","geometry":{"type":"Point","coordinates":[-8237318.573308904,4945198.896510946]},"properties":{"key":2493,"date":"03/01/2025 10:47:00 PM"}},{"type":"Feature","geometry":{"type":"Point","coordinates":[-8232753.478717402,4951857.215578208]},"properties":{"key":2494,"date":"03/01/2025 09:56:00 PM"}},{"type":"Feature","geometry":{"type":"Point","coordinates":[-8236302.601608173,4943368.976570847]},"properties":{"key":2495,"date":"03/01/2025 09:53:00 PM"}},{"type":"Feature","geometry":{"type":"Point","coordinates":[-8238968.1120946705,4941386.912651549]},"properties":{"key":2496,"date":"03/01/2025 09:20:00 PM"}},{"type":"Feature","geometry":{"type":"Point","coordinates":[-8236707.943106239,4946169.338251238]},"properties":{"key":2497,"date":"03/01/2025 08:23:00 PM"}},{"type":"Feature","geometry":{"type":"Point","coordinates":[-8237928.678236081,4944156.220124788]},"properties":{"key":2498,"date":"03/01/2025 08:08:00 PM"}},{"type":"Feature","geometry":{"type":"Point","coordinates":[-8230926.537311624,4957267.388993371]},"properties":{"key":2499,"date":"03/01/2025 06:32:00 PM"}},{"type":"Feature","geometry":{"type":"Point","coordinates":[-8234541.165691439,4952354.762959347]},"properties":{"key":2500,"date":"03/01/2025 05:47:00 PM"}},{"type":"Feature","geometry":{"type":"Point","coordinates":[-8236922.49751092,4945604.56967136]},"properties":{"key":2501,"date":"03/01/2025 04:59:00 PM"}},{"type":"Feature","geometry":{"type":"Point","coordinates":[-8235647.018367621,4946221.802926675]},"properties":{"key":2502,"date":"03/01/2025 04:17:00 PM"}},{"type":"Feature","geometry":{"type":"Point","coordinates":[-8235647.023004078,4952090.563145953]},"properties":{"key":2503,"date":"03/01/2025 03:44:00 PM"}},{"type":"Feature","geometry":{"type":"Point","coordinates":[-8238373.742958979,4944993.623640292]},"properties":{"key":2504,"date":"03/01/2025 03:41:00 PM"}},{"type":"Feature","geometry":{"type":"Point","coordinates":[-8237189.684530047,4944185.532586974]},"properties":{"key":2505,"date":"03/01/2025 03:02:00 PM"}},{"type":"Feature","geometry":{"type":"Point","coordinates":[-8236922.49751092,4945604.56967136]},"properties":{"key":2506,"date":"03/01/2025 02:50:00 PM"}},{"type":"Feature","geometry":{"type":"Point","coordinates":[-8237332.238403128,4944936.610479235]},"properties":{"key":2507,"date":"03/01/2025 01:47:00 PM"}},{"type":"Feature","geometry":{"type":"Point","coordinates":[-8237233.3592283325,4946634.564791182]},"properties":{"key":2508,"date":"03/01/2025 12:47:00 PM"}},{"type":"Feature","geometry":{"type":"Point","coordinates":[-8231228.178090524,4961524.249486226]},"properties":{"key":2509,"date":"03/01/2025 12:08:00 PM"}},{"type":"Feature","geometry":{"type":"Point","coordinates":[-8229843.870299058,4948764.865992024]},"properties":{"key":2510,"date":"03/01/2025 11:53:00 AM"}},{"type":"Feature","geometry":{"type":"Point","coordinates":[-8238417.561024523,4945459.557877455]},"properties":{"key":2511,"date":"03/01/2025 11:44:00 AM"}},{"type":"Feature","geometry":{"type":"Point","coordinates":[-8230948.384299365,4944198.10573669]},"properties":{"key":2512,"date":"03/01/2025 11:35:00 AM"}},{"type":"Feature","geometry":{"type":"Point","coordinates":[-8237354.9973880425,4949537.89046691]},"properties":{"key":2513,"date":"03/01/2025 11:11:00 AM"}},{"type":"Feature","geometry":{"type":"Point","coordinates":[-8236302.601608173,4943368.976570847]},"properties":{"key":2514,"date":"03/01/2025 11:05:00 AM"}},{"type":"Feature","geometry":{"type":"Point","coordinates":[-8236015.802790927,4946141.529471305]},"properties":{"key":2515,"date":"03/01/2025 11:02:00 AM"}},{"type":"Feature","geometry":{"type":"Point","coordinates":[-8229065.01864823,4949828.279537045]},"properties":{"key":2516,"date":"03/01/2025 10:44:00 AM"}},{"type":"Feature","geometry":{"type":"Point","coordinates":[-8237087.941804952,4946489.534748232]},"properties":{"key":2517,"date":"03/01/2025 10:20:00 AM"}},{"type":"Feature","geometry":{"type":"Point","coordinates":[-8230444.096588794,4957051.485804941]},"properties":{"key":2518,"date":"03/01/2025 10:14:00 AM"}},{"type":"Feature","geometry":{"type":"Point","coordinates":[-8229329.44105003,4964926.421109479]},"properties":{"key":2519,"date":"03/01/2025 09:35:00 AM"}},{"type":"Feature","geometry":{"type":"Point","coordinates":[-8230295.610167202,4950234.367733732]},"properties":{"key":2520,"date":"03/01/2025 09:17:00 AM"}},{"type":"Feature","geometry":{"type":"Point","coordinates":[-8237300.744771104,4949627.501231261]},"properties":{"key":2521,"date":"03/01/2025 09:11:00 AM"}},{"type":"Feature","geometry":{"type":"Point","coordinates":[-8237300.744771104,4949627.501231261]},"properties":{"key":2522,"date":"03/01/2025 09:05:00 AM"}},{"type":"Feature","geometry":{"type":"Point","coordinates":[-8237354.9973880425,4949537.89046691]},"properties":{"key":2523,"date":"03/01/2025 09:02:00 AM"}},{"type":"Feature","geometry":{"type":"Point","coordinates":[-8236501.708354058,4944085.471652119]},"properties":{"key":2524,"date":"03/01/2025 08:53:00 AM"}},{"type":"Feature","geometry":{"type":"Point","coordinates":[-8236493.272465086,4944100.732361908]},"properties":{"key":2525,"date":"03/01/2025 08:47:00 AM"}},{"type":"Feature","geometry":{"type":"Point","coordinates":[-8237291.934833056,4948770.38894544]},"properties":{"key":2526,"date":"03/01/2025 08:44:00 AM"}},{"type":"Feature","geometry":{"type":"Point","coordinates":[-8235405.782227225,4943631.859641318]},"properties":{"key":2527,"date":"03/01/2025 08:41:00 AM"}},{"type":"Feature","geometry":{"type":"Point","coordinates":[-8233756.650984345,4948021.46769419]},"properties":{"key":2528,"date":"03/01/2025 08:23:00 AM"}},{"type":"Feature","geometry":{"type":"Point","coordinates":[-8238383.560676828,4942049.893841215]},"properties":{"key":2529,"date":"03/01/2025 08:11:00 AM"}},{"type":"Feature","geometry":{"type":"Point","coordinates":[-8228172.937809612,4957643.95221337]},"properties":{"key":2530,"date":"03/01/2025 08:08:00 AM"}},{"type":"Feature","geometry":{"type":"Point","coordinates":[-8232622.730495617,4955207.522882872]},"properties":{"key":2531,"date":"03/01/2025 08:08:00 AM"}},{"type":"Feature","geometry":{"type":"Point","coordinates":[-8235685.370390135,4947279.574098238]},"properties":{"key":2532,"date":"03/01/2025 07:59:00 AM"}},{"type":"Feature","geometry":{"type":"Point","coordinates":[-8227476.725278159,4946881.161549066]},"properties":{"key":2533,"date":"03/01/2025 07:53:00 AM"}},{"type":"Feature","geometry":{"type":"Point","coordinates":[-8238258.192995803,4947025.845196771]},"properties":{"key":2534,"date":"03/01/2025 07:53:00 AM"}},{"type":"Feature","geometry":{"type":"Point","coordinates":[-8227476.724859599,4946881.563287645]},"properties":{"key":2535,"date":"03/01/2025 07:50:00 AM"}},{"type":"Feature","geometry":{"type":"Point","coordinates":[-8234234.789903488,4954882.136605182]},"properties":{"key":2536,"date":"03/01/2025 07:47:00 AM"}},{"type":"Feature","geometry":{"type":"Point","coordinates":[-8236841.047513026,4949371.096288979]},"properties":{"key":2537,"date":"03/01/2025 02:29:00 AM"}},{"type":"Feature","geometry":{"type":"Point","coordinates":[-8232273.764116504,4952943.0754496185]},"properties":{"key":2538,"date":"03/01/2025 12:53:00 AM"}}]}