# WTC-area buildings from NYC 3D Model (DA12)
# Projected Mercator coordinates (EPSG:3857 with local y scaling)
mtllib none
o gml_IC1Q63BXW00QQ5B8WGSFJIHTOXMTOTUM704G
v -8238879.679456577 4942086.397548463 8.756189992379499
v -8238871.850162032 4942094.470334515 8.756189992379499
v -8238880.151249391 4942075.093179385 8.756189992379499
v -8238879.679456577 4942086.397548463 8.756189992379499
v -8238880.151249391 4942075.093179385 8.756189992379499
v -8238887.508745257 4942078.324756095 8.756189992379499
v -8238879.679456577 4942086.397548463 8.756189992379499
v -8238887.508745257 4942078.324756095 8.756189992379499
v -8238879.207669627 4942097.701923859 8.756189992379499
v -8238879.679456577 4942086.397548463 8.756189992379499
v -8238879.207669627 4942097.701923859 8.756189992379499
v -8238871.850162032 4942094.470334515 8.756189992379499
v -8238879.679456577 4942086.397548463 0
v -8238880.151249391 4942075.093179385 0
v -8238871.850162032 4942094.470334515 0
v -8238879.679456577 4942086.397548463 0
v -8238887.508745257 4942078.324756095 0
v -8238880.151249391 4942075.093179385 0
v -8238879.679456577 4942086.397548463 0
v -8238879.207669627 4942097.701923859 0
v -8238887.508745257 4942078.324756095 0
v -8238879.679456577 4942086.397548463 0
v -8238871.850162032 4942094.470334515 0
v -8238879.207669627 4942097.701923859 0
v -8238871.850162032 4942094.470334515 0
v -8238880.151249391 4942075.093179385 0
v -8238871.850162032 4942094.470334515 8.756189992379499
v -8238871.850162032 4942094.470334515 8.756189992379499
v -8238880.151249391 4942075.093179385 0
v -8238880.151249391 4942075.093179385 8.756189992379499
v -8238880.151249391 4942075.093179385 0
v -8238887.508745257 4942078.324756095 0
v -8238880.151249391 4942075.093179385 8.756189992379499
v -8238880.151249391 4942075.093179385 8.756189992379499
v -8238887.508745257 4942078.324756095 0
v -8238887.508745257 4942078.324756095 8.756189992379499
v -8238887.508745257 4942078.324756095 0
v -8238879.207669627 4942097.701923859 0
v -8238887.508745257 4942078.324756095 8.756189992379499
v -8238887.508745257 4942078.324756095 8.756189992379499
v -8238879.207669627 4942097.701923859 0
v -8238879.207669627 4942097.701923859 8.756189992379499
v -8238879.207669627 4942097.701923859 0
v -8238871.850162032 4942094.470334515 0
v -8238879.207669627 4942097.701923859 8.756189992379499
v -8238879.207669627 4942097.701923859 8.756189992379499
v -8238871.850162032 4942094.470334515 0
v -8238871.850162032 4942094.470334515 8.756189992379499
vn 0.0 -0.0 -1.0
vn 0.0 -0.0 -1.0
vn 0.0 -0.0 -1.0
vn 0.0 0.0 -1.0
vn 0.0 0.0 -1.0
vn 0.0 0.0 -1.0
vn -0.0 0.0 -1.0
vn -0.0 0.0 -1.0
vn -0.0 0.0 -1.0
vn 0.0 0.0 -1.0
vn 0.0 0.0 -1.0
vn 0.0 0.0 -1.0
vn -0.0 0.0 1.0
vn -0.0 0.0 1.0
vn -0.0 0.0 1.0
vn 0.0 0.0 1.0
vn 0.0 0.0 1.0
vn 0.0 0.0 1.0
vn 0.0 -0.0 1.0
vn 0.0 -0.0 1.0
vn 0.0 -0.0 1.0
vn 0.0 0.0 1.0
vn 0.0 0.0 1.0
vn 0.0 0.0 1.0
vn -0.9192035492498991 0.39378272568307043 0.0
vn -0.9192035492498991 0.39378272568307043 0.0
vn -0.9192035492498991 0.39378272568307043 0.0
vn -0.9192035492498991 0.39378272568307043 0.0
vn -0.9192035492498991 0.39378272568307043 0.0
vn -0.9192035492498991 0.39378272568307043 0.0
vn 0.40214202403520205 0.9155773001253751 -0.0
vn 0.40214202403520205 0.9155773001253751 -0.0
vn 0.40214202403520205 0.9155773001253751 -0.0
vn 0.40214202403520205 0.9155773001253751 -0.0
vn 0.40214202403520205 0.9155773001253751 -0.0
vn 0.40214202403520205 0.9155773001253751 -0.0
vn 0.9192038435835741 -0.39378203862185535 0.0
vn 0.9192038435835741 -0.39378203862185535 0.0
vn 0.9192038435835741 -0.39378203862185535 0.0
vn 0.9192038435835741 -0.39378203862185535 0.0
vn 0.9192038435835741 -0.39378203862185535 0.0
vn 0.9192038435835741 -0.39378203862185535 0.0
vn -0.4021428046009351 -0.9155769572830533 0.0
vn -0.4021428046009351 -0.9155769572830533 0.0
vn -0.4021428046009351 -0.9155769572830533 0.0
vn -0.4021428046009351 -0.9155769572830533 0.0
vn -0.4021428046009351 -0.9155769572830533 0.0
vn -0.4021428046009351 -0.9155769572830533 0.0
f 1//1 2//2 3//3
f 4//4 5//5 6//6
f 7//7 8//8 9//9
f 10//10 11//11 12//12
f 13//13 14//14 15//15
f 16//16 17//17 18//18
f 19//19 20//20 21//21
f 22//22 23//23 24//24
f 25//25 26//26 27//27
f 28//28 29//29 30//30
f 31//31 32//32 33//33
f 34//34 35//35 36//36
f 37//37 38//38 39//39
f 40//40 41//41 42//42
f 43//43 44//44 45//45
f 46//46 47//47 48//48
o gml_Y6EC1E128ZHK8OML6K30WHR942ON4IVXDXS1
v -8238863.268555833 4942117.311875502 5.061153162306629
v -8238853.860408258 4942111.756058817 5.061153162306629
v -8238857.922453491 4942109.568552679 5.061153162306629
v -8238863.268555833 4942117.311875502 5.061153162306629
v -8238857.922453491 4942109.568552679 5.061153162306629
v -8238877.791181306 4942121.68674059 5.061153162306629
v -8238863.268555833 4942117.311875502 5.061153162306629
v -8238877.791181306 4942121.68674059 5.061153162306629
v -8238874.7457133625 4942128.703397459 5.061153162306629
v -8238863.268555833 4942117.311875502 5.061153162306629
v -8238874.7457133625 4942128.703397459 5.061153162306629
v -8238852.023022751 4942114.8446279615 5.061153162306629
v -8238863.268555833 4942117.311875502 5.061153162306629
v -8238852.023022751 4942114.8446279615 5.061153162306629
v -8238853.860408258 4942111.756058817 5.061153162306629
v -8238863.268555833 4942117.311875502 0
v -8238857.922453491 4942109.568552679 0
v -8238853.860408258 4942111.756058817 0
v -8238863.268555833 4942117.311875502 0
v -8238877.791181306 4942121.68674059 0
v -8238857.922453491 4942109.568552679 0
v -8238863.268555833 4942117.311875502 0
v -8238874.7457133625 4942128.703397459 0
v -8238877.791181306 4942121.68674059 0
v -8238863.268555833 4942117.311875502 0
v -8238852.023022751 4942114.8446279615 0
v -8238874.7457133625 4942128.703397459 0
v -8238863.268555833 4942117.311875502 0
v -8238853.860408258 4942111.756058817 0
v -8238852.023022751 4942114.8446279615 0
v -8238853.860408258 4942111.756058817 0
v -8238857.922453491 4942109.568552679 0
v -8238853.860408258 4942111.756058817 5.061153162306629
v -8238853.860408258 4942111.756058817 5.061153162306629
v -8238857.922453491 4942109.568552679 0
v -8238857.922453491 4942109.568552679 5.061153162306629
v -8238857.922453491 4942109.568552679 0
v -8238877.791181306 4942121.68674059 0
v -8238857.922453491 4942109.568552679 5.061153162306629
v -8238857.922453491 4942109.568552679 5.061153162306629
v -8238877.791181306 4942121.68674059 0
v -8238877.791181306 4942121.68674059 5.061153162306629
v -8238877.791181306 4942121.68674059 0
v -8238874.7457133625 4942128.703397459 0
v -8238877.791181306 4942121.68674059 5.061153162306629
v -8238877.791181306 4942121.68674059 5.061153162306629
v -8238874.7457133625 4942128.703397459 0
v -8238874.7457133625 4942128.703397459 5.061153162306629
v -8238874.7457133625 4942128.703397459 0
v -8238852.023022751 4942114.8446279615 0
v -8238874.7457133625 4942128.703397459 5.061153162306629
v -8238874.7457133625 4942128.703397459 5.061153162306629
v -8238852.023022751 4942114.8446279615 0
v -8238852.023022751 4942114.8446279615 5.061153162306629
v -8238852.023022751 4942114.8446279615 0
v -8238853.860408258 4942111.756058817 0
v -8238852.023022751 4942114.8446279615 5.061153162306629
v -8238852.023022751 4942114.8446279615 5.061153162306629
v -8238853.860408258 4942111.756058817 0
v -8238853.860408258 4942111.756058817 5.061153162306629
vn 0.0 0.0 -1.0
vn 0.0 0.0 -1.0
vn 0.0 0.0 -1.0
vn -0.0 -0.0 -1.0
vn -0.0 -0.0 -1.0
vn -0.0 -0.0 -1.0
vn 0.0 0.0 -1.0
vn 0.0 0.0 -1.0
vn 0.0 0.0 -1.0
vn 0.0 0.0 -1.0
vn 0.0 0.0 -1.0
vn 0.0 0.0 -1.0
vn 0.0 0.0 -1.0
vn 0.0 0.0 -1.0
vn 0.0 0.0 -1.0
vn 0.0 0.0 1.0
vn 0.0 0.0 1.0
vn 0.0 0.0 1.0
vn 0.0 0.0 1.0
vn 0.0 0.0 1.0
vn 0.0 0.0 1.0
vn 0.0 0.0 1.0
vn 0.0 0.0 1.0
vn 0.0 0.0 1.0
vn -0.0 -0.0 1.0
vn -0.0 -0.0 1.0
vn -0.0 -0.0 1.0
vn 0.0 0.0 1.0
vn 0.0 0.0 1.0
vn 0.0 0.0 1.0
vn -0.47414200024618425 0.8804483878130208 0.0
vn -0.47414200024618425 0.8804483878130208 0.0
vn -0.47414200024618425 0.8804483878130208 0.0
vn -0.47414200024618425 0.8804483878130208 0.0
vn -0.47414200024618425 0.8804483878130208 0.0
vn -0.47414200024618425 0.8804483878130208 0.0
vn 0.5207048343863581 0.8537367717550155 -0.0
vn 0.5207048343863581 0.8537367717550155 -0.0
vn 0.5207048343863581 0.8537367717550155 -0.0
vn 0.5207048343863581 0.8537367717550155 -0.0
vn 0.5207048343863581 0.8537367717550155 -0.0
vn 0.5207048343863581 0.8537367717550155 -0.0
vn 0.9173209641022999 -0.3981485260784309 0.0
vn 0.9173209641022999 -0.3981485260784309 0.0
vn 0.9173209641022999 -0.3981485260784309 0.0
vn 0.9173209641022999 -0.3981485260784309 0.0
vn 0.9173209641022999 -0.3981485260784309 0.0
vn 0.9173209641022999 -0.3981485260784309 0.0
vn -0.5207024696968395 -0.8537382140045108 0.0
vn -0.5207024696968395 -0.8537382140045108 0.0
vn -0.5207024696968395 -0.8537382140045108 0.0
vn -0.5207024696968395 -0.8537382140045108 0.0
vn -0.5207024696968395 -0.8537382140045108 0.0
vn -0.5207024696968395 -0.8537382140045108 0.0
vn -0.8594210886087266 0.5112684152718525 0.0
vn -0.8594210886087266 0.5112684152718525 0.0
vn -0.8594210886087266 0.5112684152718525 0.0
vn -0.8594210886087266 0.5112684152718525 0.0
vn -0.8594210886087266 0.5112684152718525 0.0
vn -0.8594210886087266 0.5112684152718525 0.0
f 1//1 2//2 3//3
f 4//4 5//5 6//6
f 7//7 8//8 9//9
f 10//10 11//11 12//12
f 13//13 14//14 15//15
f 16//16 17//17 18//18
f 19//19 20//20 21//21
f 22//22 23//23 24//24
f 25//25 26//26 27//27
f 28//28 29//29 30//30
f 31//31 32//32 33//33
f 34//34 35//35 36//36
f 37//37 38//38 39//39
f 40//40 41//41 42//42
f 43//43 44//44 45//45
f 46//46 47//47 48//48
f 49//49 50//50 51//51
f 52//52 53//53 54//54
f 55//55 56//56 57//57
f 58//58 59//59 60//60
o gml_CEGXDUID8DUJYQ4LKO5JNANDB1FV5XRP852Z
v -8238936.815181451 4942086.646440002 7.798049276096328
v -8238922.280637083 4942082.908402733 7.798049276096328
v -8238925.464092434 4942075.683784247 7.798049276096328
v -8238936.815181451 4942086.646440002 7.798049276096328
v -8238925.464092434 4942075.683784247 7.798049276096328
v -8238947.9618517505 4942089.045598314 7.798049276096328
v -8238936.815181451 4942086.646440002 7.798049276096328
v -8238947.9618517505 4942089.045598314 7.798049276096328
v -8238946.722865094 4942091.184334039 7.798049276096328
v -8238936.815181451 4942086.646440002 7.798049276096328
v -8238946.722865094 4942091.184334039 7.798049276096328
v -8238941.64646089 4942094.410080681 7.798049276096328
v -8238936.815181451 4942086.646440002 7.798049276096328
v -8238941.64646089 4942094.410080681 7.798049276096328
v -8238922.280637083 4942082.908402733 7.798049276096328
v -8238936.815181451 4942086.646440002 0
v -8238925.464092434 4942075.683784247 0
v -8238922.280637083 4942082.908402733 0
v -8238936.815181451 4942086.646440002 0
v -8238947.9618517505 4942089.045598314 0
v -8238925.464092434 4942075.683784247 0
v -8238936.815181451 4942086.646440002 0
v -8238946.722865094 4942091.184334039 0
v -8238947.9618517505 4942089.045598314 0
v -8238936.815181451 4942086.646440002 0
v -8238941.64646089 4942094.410080681 0
v -8238946.722865094 4942091.184334039 0
v -8238936.815181451 4942086.646440002 0
v -8238922.280637083 4942082.908402733 0
v -8238941.64646089 4942094.410080681 0
v -8238922.280637083 4942082.908402733 0
v -8238925.464092434 4942075.683784247 0
v -8238922.280637083 4942082.908402733 7.798049276096328
v -8238922.280637083 4942082.908402733 7.798049276096328
v -8238925.464092434 4942075.683784247 0
v -8238925.464092434 4942075.683784247 7.798049276096328
v -8238925.464092434 4942075.683784247 0
v -8238947.9618517505 4942089.045598314 0
v -8238925.464092434 4942075.683784247 7.798049276096328
v -8238925.464092434 4942075.683784247 7.798049276096328
v -8238947.9618517505 4942089.045598314 0
v -8238947.9618517505 4942089.045598314 7.798049276096328
v -8238947.9618517505 4942089.045598314 0
v -8238946.722865094 4942091.184334039 0
v -8238947.9618517505 4942089.045598314 7.798049276096328
v -8238947.9618517505 4942089.045598314 7.798049276096328
v -8238946.722865094 4942091.184334039 0
v -8238946.722865094 4942091.184334039 7.798049276096328
v -8238946.722865094 4942091.184334039 0
v -8238941.64646089 4942094.410080681 0
v -8238946.722865094 4942091.184334039 7.798049276096328
v -8238946.722865094 4942091.184334039 7.798049276096328
v -8238941.64646089 4942094.410080681 0
v -8238941.64646089 4942094.410080681 7.798049276096328
v -8238941.64646089 4942094.410080681 0
v -8238922.280637083 4942082.908402733 0
v -8238941.64646089 4942094.410080681 7.798049276096328
v -8238941.64646089 4942094.410080681 7.798049276096328
v -8238922.280637083 4942082.908402733 0
v -8238922.280637083 4942082.908402733 7.798049276096328
vn 0.0 0.0 -1.0
vn 0.0 0.0 -1.0
vn 0.0 0.0 -1.0
vn -0.0 -0.0 -1.0
vn -0.0 -0.0 -1.0
vn -0.0 -0.0 -1.0
vn 0.0 0.0 -1.0
vn 0.0 0.0 -1.0
vn 0.0 0.0 -1.0
vn 0.0 0.0 -1.0
vn 0.0 0.0 -1.0
vn 0.0 0.0 -1.0
vn 0.0 0.0 -1.0
vn 0.0 0.0 -1.0
vn 0.0 0.0 -1.0
vn 0.0 0.0 1.0
vn 0.0 0.0 1.0
vn 0.0 0.0 1.0
vn 0.0 0.0 1.0
vn 0.0 0.0 1.0
vn 0.0 0.0 1.0
vn 0.0 0.0 1.0
vn 0.0 0.0 1.0
vn 0.0 0.0 1.0
vn 0.0 0.0 1.0
vn 0.0 0.0 1.0
vn 0.0 0.0 1.0
vn -0.0 -0.0 1.0
vn -0.0 -0.0 1.0
vn -0.0 -0.0 1.0
vn -0.9150990313607182 0.40322916908710266 0.0
vn -0.9150990313607182 0.40322916908710266 0.0
vn -0.9150990313607182 0.40322916908710266 0.0
vn -0.9150990313607182 0.40322916908710266 0.0
vn -0.9150990313607182 0.40322916908710266 0.0
vn -0.9150990313607182 0.40322916908710266 0.0
vn 0.510645258839617 0.8597914977624637 -0.0
vn 0.510645258839617 0.8597914977624637 -0.0
vn 0.510645258839617 0.8597914977624637 -0.0
vn 0.510645258839617 0.8597914977624637 -0.0
vn 0.510645258839617 0.8597914977624637 -0.0
vn 0.510645258839617 0.8597914977624637 -0.0
vn 0.8652909557661549 -0.5012699490985812 0.0
vn 0.8652909557661549 -0.5012699490985812 0.0
vn 0.8652909557661549 -0.5012699490985812 0.0
vn 0.8652909557661549 -0.5012699490985812 0.0
vn 0.8652909557661549 -0.5012699490985812 0.0
vn 0.8652909557661549 -0.5012699490985812 0.0
vn 0.5363200792674687 -0.844014675568225 0.0
vn 0.5363200792674687 -0.844014675568225 0.0
vn 0.5363200792674687 -0.844014675568225 0.0
vn 0.5363200792674687 -0.844014675568225 0.0
vn 0.5363200792674687 -0.844014675568225 0.0
vn 0.5363200792674687 -0.844014675568225 0.0
vn -0.5106444495469038 -0.8597919784150929 0.0
vn -0.5106444495469038 -0.8597919784150929 0.0
vn -0.5106444495469038 -0.8597919784150929 0.0
vn -0.5106444495469038 -0.8597919784150929 0.0
vn -0.5106444495469038 -0.8597919784150929 0.0
vn -0.5106444495469038 -0.8597919784150929 0.0
f 1//1 2//2 3//3
f 4//4 5//5 6//6
f 7//7 8//8 9//9
f 10//10 11//11 12//12
f 13//13 14//14 15//15
f 16//16 17//17 18//18
f 19//19 20//20 21//21
f 22//22 23//23 24//24
f 25//25 26//26 27//27
f 28//28 29//29 30//30
f 31//31 32//32 33//33
f 34//34 35//35 36//36
f 37//37 38//38 39//39
f 40//40 41//41 42//42
f 43//43 44//44 45//45
f 46//46 47//47 48//48
f 49//49 50//50 51//51
f 52//52 53//53 54//54
f 55//55 56//56 57//57
f 58//58 59//59 60//60
o gml_Z1EXF650046FW5KNA69PXB2LDJIQ743YS2G4
v -8238921.534471181 4942099.44431889 4.582677165355398
v -8238911.381713912 4942101.1481024865 4.582677165355398
v -8238915.794219515 4942090.165210443 4.582677165355398
v -8238921.534471181 4942099.44431889 4.582677165355398
v -8238915.794219515 4942090.165210443 4.582677165355398
v -8238931.33262847 4942098.623108755 4.582677165355398
v -8238921.534471181 4942099.44431889 4.582677165355398
v -8238931.33262847 4942098.623108755 4.582677165355398
v -8238927.629322829 4942107.840853875 4.582677165355398
v -8238921.534471181 4942099.44431889 4.582677165355398
v -8238927.629322829 4942107.840853875 4.582677165355398
v -8238911.381713912 4942101.1481024865 4.582677165355398
v -8238921.534471181 4942099.44431889 0
v -8238915.794219515 4942090.165210443 0
v -8238911.381713912 4942101.1481024865 0
v -8238921.534471181 4942099.44431889 0
v -8238931.33262847 4942098.623108755 0
v -8238915.794219515 4942090.165210443 0
v -8238921.534471181 4942099.44431889 0
v -8238927.629322829 4942107.840853875 0
v -8238931.33262847 4942098.623108755 0
v -8238921.534471181 4942099.44431889 0
v -8238911.381713912 4942101.1481024865 0
v -8238927.629322829 4942107.840853875 0
v -8238911.381713912 4942101.1481024865 0
v -8238915.794219515 4942090.165210443 0
v -8238911.381713912 4942101.1481024865 4.582677165355398
v -8238911.381713912 4942101.1481024865 4.582677165355398
v -8238915.794219515 4942090.165210443 0
v -8238915.794219515 4942090.165210443 4.582677165355398
v -8238915.794219515 4942090.165210443 0
v -8238931.33262847 4942098.623108755 0
v -8238915.794219515 4942090.165210443 4.582677165355398
v -8238915.794219515 4942090.165210443 4.582677165355398
v -8238931.33262847 4942098.623108755 0
v -8238931.33262847 4942098.623108755 4.582677165355398
v -8238931.33262847 4942098.623108755 0
v -8238927.629322829 4942107.840853875 0
v -8238931.33262847 4942098.623108755 4.582677165355398
v -8238931.33262847 4942098.623108755 4.582677165355398
v -8238927.629322829 4942107.840853875 0
v -8238927.629322829 4942107.840853875 4.582677165355398
v -8238927.629322829 4942107.840853875 0
v -8238911.381713912 4942101.1481024865 0
v -8238927.629322829 4942107.840853875 4.582677165355398
v -8238927.629322829 4942107.840853875 4.582677165355398
v -8238911.381713912 4942101.1481024865 0
v -8238911.381713912 4942101.1481024865 4.582677165355398
vn 0.0 0.0 -1.0
vn 0.0 0.0 -1.0
vn 0.0 0.0 -1.0
vn 0.0 -0.0 -1.0
vn 0.0 -0.0 -1.0
vn 0.0 -0.0 -1.0
vn -0.0 0.0 -1.0
vn -0.0 0.0 -1.0
vn -0.0 0.0 -1.0
vn 0.0 0.0 -1.0
vn 0.0 0.0 -1.0
vn 0.0 0.0 -1.0
vn -0.0 0.0 1.0
vn -0.0 0.0 1.0
vn -0.0 0.0 1.0
vn 0.0 0.0 1.0
vn 0.0 0.0 1.0
vn 0.0 0.0 1.0
vn 0.0 0.0 1.0
vn 0.0 0.0 1.0
vn 0.0 0.0 1.0
vn 0.0 -0.0 1.0
vn 0.0 -0.0 1.0
vn 0.0 -0.0 1.0
vn -0.9279119243614393 0.37279949118507455 0.0
vn -0.9279119243614393 0.37279949118507455 0.0
vn -0.9279119243614393 0.37279949118507455 0.0
vn -0.9279119243614393 0.37279949118507455 0.0
vn -0.9279119243614393 0.37279949118507455 0.0
vn -0.9279119243614393 0.37279949118507455 0.0
vn 0.4780853297984406 0.8783133936309501 -0.0
vn 0.4780853297984406 0.8783133936309501 -0.0
vn 0.4780853297984406 0.8783133936309501 -0.0
vn 0.4780853297984406 0.8783133936309501 -0.0
vn 0.4780853297984406 0.8783133936309501 -0.0
vn 0.4780853297984406 0.8783133936309501 -0.0
vn 0.9279130211751986 -0.3727967611628559 0.0
vn 0.9279130211751986 -0.3727967611628559 0.0
vn 0.9279130211751986 -0.3727967611628559 0.0
vn 0.9279130211751986 -0.3727967611628559 0.0
vn 0.9279130211751986 -0.3727967611628559 0.0
vn 0.9279130211751986 -0.3727967611628559 0.0
vn -0.38087434215591953 -0.9246268087651881 0.0
vn -0.38087434215591953 -0.9246268087651881 0.0
vn -0.38087434215591953 -0.9246268087651881 0.0
vn -0.38087434215591953 -0.9246268087651881 0.0
vn -0.38087434215591953 -0.9246268087651881 0.0
vn -0.38087434215591953 -0.9246268087651881 0.0
f 1//1 2//2 3//3
f 4//4 5//5 6//6
f 7//7 8//8 9//9
f 10//10 11//11 12//12
f 13//13 14//14 15//15
f 16//16 17//17 18//18
f 19//19 20//20 21//21
f 22//22 23//23 24//24
f 25//25 26//26 27//27
f 28//28 29//29 30//30
f 31//31 32//32 33//33
f 34//34 35//35 36//36
f 37//37 38//38 39//39
f 40//40 41//41 42//42
f 43//43 44//44 45//45
f 46//46 47//47 48//48
o gml_VMRWRFC6PU61J1GLZT4VO0LJL14LLRQQBZSL
v -8238914.137245556 4942139.740862841 5.852080264159735
v -8238898.3655355675 4942138.826839658 5.852080264159735
v -8238901.250944828 4942131.956122428 5.852080264159735
v -8238914.137245556 4942139.740862841 5.852080264159735
v -8238901.250944828 4942131.956122428 5.852080264159735
v -8238923.205527006 4942138.381498958 5.852080264159735
v -8238914.137245556 4942139.740862841 5.852080264159735
v -8238923.205527006 4942138.381498958 5.852080264159735
v -8238924.337684318 4942143.349088485 5.852080264159735
v -8238914.137245556 4942139.740862841 5.852080264159735
v -8238924.337684318 4942143.349088485 5.852080264159735
v -8238923.526536066 4942146.19076467 5.852080264159735
v -8238914.137245556 4942139.740862841 5.852080264159735
v -8238923.526536066 4942146.19076467 5.852080264159735
v -8238898.3655355675 4942138.826839658 5.852080264159735
v -8238914.137245556 4942139.740862841 0
v -8238901.250944828 4942131.956122428 0
v -8238898.3655355675 4942138.826839658 0
v -8238914.137245556 4942139.740862841 0
v -8238923.205527006 4942138.381498958 0
v -8238901.250944828 4942131.956122428 0
v -8238914.137245556 4942139.740862841 0
v -8238924.337684318 4942143.349088485 0
v -8238923.205527006 4942138.381498958 0
v -8238914.137245556 4942139.740862841 0
v -8238923.526536066 4942146.19076467 0
v -8238924.337684318 4942143.349088485 0
v -8238914.137245556 4942139.740862841 0
v -8238898.3655355675 4942138.826839658 0
v -8238923.526536066 4942146.19076467 0
v -8238898.3655355675 4942138.826839658 0
v -8238901.250944828 4942131.956122428 0
v -8238898.3655355675 4942138.826839658 5.852080264159735
v -8238898.3655355675 4942138.826839658 5.852080264159735
v -8238901.250944828 4942131.956122428 0
v -8238901.250944828 4942131.956122428 5.852080264159735
v -8238901.250944828 4942131.956122428 0
v -8238923.205527006 4942138.381498958 0
v -8238901.250944828 4942131.956122428 5.852080264159735
v -8238901.250944828 4942131.956122428 5.852080264159735
v -8238923.205527006 4942138.381498958 0
v -8238923.205527006 4942138.381498958 5.852080264159735
v -8238923.205527006 4942138.381498958 0
v -8238924.337684318 4942143.349088485 0
v -8238923.205527006 4942138.381498958 5.852080264159735
v -8238923.205527006 4942138.381498958 5.852080264159735
v -8238924.337684318 4942143.349088485 0
v -8238924.337684318 4942143.349088485 5.852080264159735
v -8238924.337684318 4942143.349088485 0
v -8238923.526536066 4942146.19076467 0
v -8238924.337684318 4942143.349088485 5.852080264159735
v -8238924.337684318 4942143.349088485 5.852080264159735
v -8238923.526536066 4942146.19076467 0
v -8238923.526536066 4942146.19076467 5.852080264159735
v -8238923.526536066 4942146.19076467 0
v -8238898.3655355675 4942138.826839658 0
v -8238923.526536066 4942146.19076467 5.852080264159735
v -8238923.526536066 4942146.19076467 5.852080264159735
v -8238898.3655355675 4942138.826839658 0
v -8238898.3655355675 4942138.826839658 5.852080264159735
vn 0.0 0.0 -1.0
vn 0.0 0.0 -1.0
vn 0.0 0.0 -1.0
vn 0.0 -0.0 -1.0
vn 0.0 -0.0 -1.0
vn 0.0 -0.0 -1.0
vn -0.0 0.0 -1.0
vn -0.0 0.0 -1.0
vn -0.0 0.0 -1.0
vn 0.0 0.0 -1.0
vn 0.0 0.0 -1.0
vn 0.0 0.0 -1.0
vn 0.0 0.0 -1.0
vn 0.0 0.0 -1.0
vn 0.0 0.0 -1.0
vn 0.0 0.0 1.0
vn 0.0 0.0 1.0
vn 0.0 0.0 1.0
vn 0.0 0.0 1.0
vn 0.0 0.0 1.0
vn 0.0 0.0 1.0
vn 0.0 0.0 1.0
vn 0.0 0.0 1.0
vn 0.0 0.0 1.0
vn 0.0 0.0 1.0
vn 0.0 0.0 1.0
vn 0.0 0.0 1.0
vn -0.0 -0.0 1.0
vn -0.0 -0.0 1.0
vn -0.0 -0.0 1.0
vn -0.9219960934441805 0.3871991782967391 0.0
vn -0.9219960934441805 0.3871991782967391 0.0
vn -0.9219960934441805 0.3871991782967391 0.0
vn -0.9219960934441805 0.3871991782967391 0.0
vn -0.9219960934441805 0.3871991782967391 0.0
vn -0.9219960934441805 0.3871991782967391 0.0
vn 0.28088446542555456 0.9597415887011463 -0.0
vn 0.28088446542555456 0.9597415887011463 -0.0
vn 0.28088446542555456 0.9597415887011463 -0.0
vn 0.28088446542555456 0.9597415887011463 -0.0
vn 0.28088446542555456 0.9597415887011463 -0.0
vn 0.28088446542555456 0.9597415887011463 -0.0
vn 0.9749986548708207 0.22221076256583555 -0.0
vn 0.9749986548708207 0.22221076256583555 -0.0
vn 0.9749986548708207 0.22221076256583555 -0.0
vn 0.9749986548708207 0.22221076256583555 -0.0
vn 0.9749986548708207 0.22221076256583555 -0.0
vn 0.9749986548708207 0.22221076256583555 -0.0
vn 0.9615917825674843 -0.2744835945893448 0.0
vn 0.9615917825674843 -0.2744835945893448 0.0
vn 0.9615917825674843 -0.2744835945893448 0.0
vn 0.9615917825674843 -0.2744835945893448 0.0
vn 0.9615917825674843 -0.2744835945893448 0.0
vn 0.9615917825674843 -0.2744835945893448 0.0
vn -0.28088925801499975 -0.9597401860565091 0.0
vn -0.28088925801499975 -0.9597401860565091 0.0
vn -0.28088925801499975 -0.9597401860565091 0.0
vn -0.28088925801499975 -0.9597401860565091 0.0
vn -0.28088925801499975 -0.9597401860565091 0.0
vn -0.28088925801499975 -0.9597401860565091 0.0
f 1//1 2//2 3//3
f 4//4 5//5 6//6
f 7//7 8//8 9//9
f 10//10 11//11 12//12
f 13//13 14//14 15//15
f 16//16 17//17 18//18
f 19//19 20//20 21//21
f 22//22 23//23 24//24
f 25//25 26//26 27//27
f 28//28 29//29 30//30
f 31//31 32//32 33//33
f 34//34 35//35 36//36
f 37//37 38//38 39//39
f 40//40 41//41 42//42
f 43//43 44//44 45//45
f 46//46 47//47 48//48
f 49//49 50//50 51//51
f 52//52 53//53 54//54
f 55//55 56//56 57//57
f 58//58 59//59 60//60
o gml_I2KK5MTX0LGRB34LWEPKDLGIPME6R0W2ICI5
v -8239022.904251851 4942036.118778683 3.7171958343921565
v -8239017.099588112 4942039.124452689 3.7171958343921565
v -8239022.13750844 4942029.563058975 3.7171958343921565
v -8239022.904251851 4942036.118778683 3.7171958343921565
v -8239022.13750844 4942029.563058975 3.7171958343921565
v -8239028.708847455 4942033.11316796 3.7171958343921565
v -8239022.904251851 4942036.118778683 3.7171958343921565
v -8239028.708847455 4942033.11316796 3.7171958343921565
v -8239023.671063397 4942042.674435107 3.7171958343921565
v -8239022.904251851 4942036.118778683 3.7171958343921565
v -8239023.671063397 4942042.674435107 3.7171958343921565
v -8239017.099588112 4942039.124452689 3.7171958343921565
v -8239022.904251851 4942036.118778683 0
v -8239022.13750844 4942029.563058975 0
v -8239017.099588112 4942039.124452689 0
v -8239022.904251851 4942036.118778683 0
v -8239028.708847455 4942033.11316796 0
v -8239022.13750844 4942029.563058975 0
v -8239022.904251851 4942036.118778683 0
v -8239023.671063397 4942042.674435107 0
v -8239028.708847455 4942033.11316796 0
v -8239022.904251851 4942036.118778683 0
v -8239017.099588112 4942039.124452689 0
v -8239023.671063397 4942042.674435107 0
v -8239017.099588112 4942039.124452689 0
v -8239022.13750844 4942029.563058975 0
v -8239017.099588112 4942039.124452689 3.7171958343921565
v -8239017.099588112 4942039.124452689 3.7171958343921565
v -8239022.13750844 4942029.563058975 0
v -8239022.13750844 4942029.563058975 3.7171958343921565
v -8239022.13750844 4942029.563058975 0
v -8239028.708847455 4942033.11316796 0
v -8239022.13750844 4942029.563058975 3.7171958343921565
v -8239022.13750844 4942029.563058975 3.7171958343921565
v -8239028.708847455 4942033.11316796 0
v -8239028.708847455 4942033.11316796 3.7171958343921565
v -8239028.708847455 4942033.11316796 0
v -8239023.671063397 4942042.674435107 0
v -8239028.708847455 4942033.11316796 3.7171958343921565
v -8239028.708847455 4942033.11316796 3.7171958343921565
v -8239023.671063397 4942042.674435107 0
v -8239023.671063397 4942042.674435107 3.7171958343921565
v -8239023.671063397 4942042.674435107 0
v -8239017.099588112 4942039.124452689 0
v -8239023.671063397 4942042.674435107 3.7171958343921565
v -8239023.671063397 4942042.674435107 3.7171958343921565
v -8239017.099588112 4942039.124452689 0
v -8239017.099588112 4942039.124452689 3.7171958343921565
vn 0.0 0.0 -1.0
vn 0.0 0.0 -1.0
vn 0.0 0.0 -1.0
vn 0.0 -0.0 -1.0
vn 0.0 -0.0 -1.0
vn 0.0 -0.0 -1.0
vn -0.0 0.0 -1.0
vn -0.0 0.0 -1.0
vn -0.0 0.0 -1.0
vn 0.0 0.0 -1.0
vn 0.0 0.0 -1.0
vn 0.0 0.0 -1.0
vn -0.0 0.0 1.0
vn -0.0 0.0 1.0
vn -0.0 0.0 1.0
vn 0.0 0.0 1.0
vn 0.0 0.0 1.0
vn 0.0 0.0 1.0
vn 0.0 0.0 1.0
vn 0.0 0.0 1.0
vn 0.0 0.0 1.0
vn 0.0 -0.0 1.0
vn 0.0 -0.0 1.0
vn 0.0 -0.0 1.0
vn -0.8847042709684694 0.4661527141722433 0.0
vn -0.8847042709684694 0.4661527141722433 0.0
vn -0.8847042709684694 0.4661527141722433 0.0
vn -0.8847042709684694 0.4661527141722433 0.0
vn -0.8847042709684694 0.4661527141722433 0.0
vn -0.8847042709684694 0.4661527141722433 0.0
vn 0.4753133022343999 0.8798166085719399 -0.0
vn 0.4753133022343999 0.8798166085719399 -0.0
vn 0.4753133022343999 0.8798166085719399 -0.0
vn 0.4753133022343999 0.8798166085719399 -0.0
vn 0.4753133022343999 0.8798166085719399 -0.0
vn 0.4753133022343999 0.8798166085719399 -0.0
vn 0.8847069262106784 -0.46614767479292807 0.0
vn 0.8847069262106784 -0.46614767479292807 0.0
vn 0.8847069262106784 -0.46614767479292807 0.0
vn 0.8847069262106784 -0.46614767479292807 0.0
vn 0.8847069262106784 -0.46614767479292807 0.0
vn 0.8847069262106784 -0.46614767479292807 0.0
vn -0.47529255526995484 -0.8798278166237739 0.0
vn -0.47529255526995484 -0.8798278166237739 0.0
vn -0.47529255526995484 -0.8798278166237739 0.0
vn -0.47529255526995484 -0.8798278166237739 0.0
vn -0.47529255526995484 -0.8798278166237739 0.0
vn -0.47529255526995484 -0.8798278166237739 0.0
f 1//1 2//2 3//3
f 4//4 5//5 6//6
f 7//7 8//8 9//9
f 10//10 11//11 12//12
f 13//13 14//14 15//15
f 16//16 17//17 18//18
f 19//19 20//20 21//21
f 22//22 23//23 24//24
f 25//25 26//26 27//27
f 28//28 29//29 30//30
f 31//31 32//32 33//33
f 34//34 35//35 36//36
f 37//37 38//38 39//39
f 40//40 41//41 42//42
f 43//43 44//44 45//45
f 46//46 47//47 48//48
o gml_AHM6UKVXIPZ63MPVPUDTNHGCVY5IP2XLV9WH
v -8239017.244883477 4942069.7815960515 3.3730759461521362
v -8239012.375260967 4942070.0435413215 3.3730759461521362
v -8239015.15416107 4942065.320619001 3.3730759461521362
v -8239017.244883477 4942069.7815960515 3.3730759461521362
v -8239015.15416107 4942065.320619001 3.3730759461521362
v -8239022.114504913 4942069.519648784 3.3730759461521362
v -8239017.244883477 4942069.7815960515 3.3730759461521362
v -8239022.114504913 4942069.519648784 3.3730759461521362
v -8239019.335606959 4942074.2425751 3.3730759461521362
v -8239017.244883477 4942069.7815960515 3.3730759461521362
v -8239019.335606959 4942074.2425751 3.3730759461521362
v -8239012.375260967 4942070.0435413215 3.3730759461521362
v -8239017.244883477 4942069.7815960515 0
v -8239015.15416107 4942065.320619001 0
v -8239012.375260967 4942070.0435413215 0
v -8239017.244883477 4942069.7815960515 0
v -8239022.114504913 4942069.519648784 0
v -8239015.15416107 4942065.320619001 0
v -8239017.244883477 4942069.7815960515 0
v -8239019.335606959 4942074.2425751 0
v -8239022.114504913 4942069.519648784 0
v -8239017.244883477 4942069.7815960515 0
v -8239012.375260967 4942070.0435413215 0
v -8239019.335606959 4942074.2425751 0
v -8239012.375260967 4942070.0435413215 0
v -8239015.15416107 4942065.320619001 0
v -8239012.375260967 4942070.0435413215 3.3730759461521362
v -8239012.375260967 4942070.0435413215 3.3730759461521362
v -8239015.15416107 4942065.320619001 0
v -8239015.15416107 4942065.320619001 3.3730759461521362
v -8239015.15416107 4942065.320619001 0
v -8239022.114504913 4942069.519648784 0
v -8239015.15416107 4942065.320619001 3.3730759461521362
v -8239015.15416107 4942065.320619001 3.3730759461521362
v -8239022.114504913 4942069.519648784 0
v -8239022.114504913 4942069.519648784 3.3730759461521362
v -8239022.114504913 4942069.519648784 0
v -8239019.335606959 4942074.2425751 0
v -8239022.114504913 4942069.519648784 3.3730759461521362
v -8239022.114504913 4942069.519648784 3.3730759461521362
v -8239019.335606959 4942074.2425751 0
v -8239019.335606959 4942074.2425751 3.3730759461521362
v -8239019.335606959 4942074.2425751 0
v -8239012.375260967 4942070.0435413215 0
v -8239019.335606959 4942074.2425751 3.3730759461521362
v -8239019.335606959 4942074.2425751 3.3730759461521362
v -8239012.375260967 4942070.0435413215 0
v -8239012.375260967 4942070.0435413215 3.3730759461521362
vn 0.0 0.0 -1.0
vn 0.0 0.0 -1.0
vn 0.0 0.0 -1.0
vn 0.0 -0.0 -1.0
vn 0.0 -0.0 -1.0
vn 0.0 -0.0 -1.0
vn -0.0 0.0 -1.0
vn -0.0 0.0 -1.0
vn -0.0 0.0 -1.0
vn 0.0 0.0 -1.0
vn 0.0 0.0 -1.0
vn 0.0 0.0 -1.0
vn -0.0 0.0 1.0
vn -0.0 0.0 1.0
vn -0.0 0.0 1.0
vn 0.0 0.0 1.0
vn 0.0 0.0 1.0
vn 0.0 0.0 1.0
vn 0.0 0.0 1.0
vn 0.0 0.0 1.0
vn 0.0 0.0 1.0
vn 0.0 -0.0 1.0
vn 0.0 -0.0 1.0
vn 0.0 -0.0 1.0
vn -0.8618775467636449 0.5071164505167243 0.0
vn -0.8618775467636449 0.5071164505167243 0.0
vn -0.8618775467636449 0.5071164505167243 0.0
vn -0.8618775467636449 0.5071164505167243 0.0
vn -0.8618775467636449 0.5071164505167243 0.0
vn -0.8618775467636449 0.5071164505167243 0.0
vn 0.5165587584964791 0.8562517439518451 -0.0
vn 0.5165587584964791 0.8562517439518451 -0.0
vn 0.5165587584964791 0.8562517439518451 -0.0
vn 0.5165587584964791 0.8562517439518451 -0.0
vn 0.5165587584964791 0.8562517439518451 -0.0
vn 0.5165587584964791 0.8562517439518451 -0.0
vn 0.8618779056363781 -0.5071158405885685 0.0
vn 0.8618779056363781 -0.5071158405885685 0.0
vn 0.8618779056363781 -0.5071158405885685 0.0
vn 0.8618779056363781 -0.5071158405885685 0.0
vn 0.8618779056363781 -0.5071158405885685 0.0
vn 0.8618779056363781 -0.5071158405885685 0.0
vn -0.516559001945045 -0.8562515970843727 0.0
vn -0.516559001945045 -0.8562515970843727 0.0
vn -0.516559001945045 -0.8562515970843727 0.0
vn -0.516559001945045 -0.8562515970843727 0.0
vn -0.516559001945045 -0.8562515970843727 0.0
vn -0.516559001945045 -0.8562515970843727 0.0
f 1//1 2//2 3//3
f 4//4 5//5 6//6
f 7//7 8//8 9//9
f 10//10 11//11 12//12
f 13//13 14//14 15//15
f 16//16 17//17 18//18
f 19//19 20//20 21//21
f 22//22 23//23 24//24
f 25//25 26//26 27//27
f 28//28 29//29 30//30
f 31//31 32//32 33//33
f 34//34 35//35 36//36
f 37//37 38//38 39//39
f 40//40 41//41 42//42
f 43//43 44//44 45//45
f 46//46 47//47 48//48
o gml_B0YVB2Y1L0OVXB3YT2UMKEUFOZPHPPN9PE3O
v -8239115.7523211185 4942137.616507986 3.101955803910419
v -8239128.310366222 4942151.198852552 3.101955803910419
v -8239085.294158813 4942127.020996788 3.101955803910419
v -8239115.7523211185 4942137.616507986 3.101955803910419
v -8239085.294158813 4942127.020996788 3.101955803910419
v -8239087.701714945 4942122.629299756 3.101955803910419
v -8239115.7523211185 4942137.616507986 3.101955803910419
v -8239087.701714945 4942122.629299756 3.101955803910419
v -8239122.080846148 4942141.952507698 3.101955803910419
v -8239115.7523211185 4942137.616507986 3.101955803910419
v -8239122.080846148 4942141.952507698 3.101955803910419
v -8239125.612699178 4942141.355291237 3.101955803910419
v -8239115.7523211185 4942137.616507986 3.101955803910419
v -8239125.612699178 4942141.355291237 3.101955803910419
v -8239127.539522923 4942137.840452924 3.101955803910419
v -8239115.7523211185 4942137.616507986 3.101955803910419
v -8239127.539522923 4942137.840452924 3.101955803910419
v -8239133.726939606 4942141.318154948 3.101955803910419
v -8239115.7523211185 4942137.616507986 3.101955803910419
v -8239133.726939606 4942141.318154948 3.101955803910419
v -8239128.310366222 4942151.198852552 3.101955803910419
v -8239115.7523211185 4942137.616507986 0
v -8239085.294158813 4942127.020996788 0
v -8239128.310366222 4942151.198852552 0
v -8239115.7523211185 4942137.616507986 0
v -8239087.701714945 4942122.629299756 0
v -8239085.294158813 4942127.020996788 0
v -8239115.7523211185 4942137.616507986 0
v -8239122.080846148 4942141.952507698 0
v -8239087.701714945 4942122.629299756 0
v -8239115.7523211185 4942137.616507986 0
v -8239125.612699178 4942141.355291237 0
v -8239122.080846148 4942141.952507698 0
v -8239115.7523211185 4942137.616507986 0
v -8239127.539522923 4942137.840452924 0
v -8239125.612699178 4942141.355291237 0
v -8239115.7523211185 4942137.616507986 0
v -8239133.726939606 4942141.318154948 0
v -8239127.539522923 4942137.840452924 0
v -8239115.7523211185 4942137.616507986 0
v -8239128.310366222 4942151.198852552 0
v -8239133.726939606 4942141.318154948 0
v -8239128.310366222 4942151.198852552 0
v -8239085.294158813 4942127.020996788 0
v -8239128.310366222 4942151.198852552 3.101955803910419
v -8239128.310366222 4942151.198852552 3.101955803910419
v -8239085.294158813 4942127.020996788 0
v -8239085.294158813 4942127.020996788 3.101955803910419
v -8239085.294158813 4942127.020996788 0
v -8239087.701714945 4942122.629299756 0
v -8239085.294158813 4942127.020996788 3.101955803910419
v -8239085.294158813 4942127.020996788 3.101955803910419
v -8239087.701714945 4942122.629299756 0
v -8239087.701714945 4942122.629299756 3.101955803910419
v -8239087.701714945 4942122.629299756 0
v -8239122.080846148 4942141.952507698 0
v -8239087.701714945 4942122.629299756 3.101955803910419
v -8239087.701714945 4942122.629299756 3.101955803910419
v -8239122.080846148 4942141.952507698 0
v -8239122.080846148 4942141.952507698 3.101955803910419
v -8239122.080846148 4942141.952507698 0
v -8239125.612699178 4942141.355291237 0
v -8239122.080846148 4942141.952507698 3.101955803910419
v -8239122.080846148 4942141.952507698 3.101955803910419
v -8239125.612699178 4942141.355291237 0
v -8239125.612699178 4942141.355291237 3.101955803910419
v -8239125.612699178 4942141.355291237 0
v -8239127.539522923 4942137.840452924 0
v -8239125.612699178 4942141.355291237 3.101955803910419
v -8239125.612699178 4942141.355291237 3.101955803910419
v -8239127.539522923 4942137.840452924 0
v -8239127.539522923 4942137.840452924 3.101955803910419
v -8239127.539522923 4942137.840452924 0
v -8239133.726939606 4942141.318154948 0
v -8239127.539522923 4942137.840452924 3.101955803910419
v -8239127.539522923 4942137.840452924 3.101955803910419
v -8239133.726939606 4942141.318154948 0
v -8239133.726939606 4942141.318154948 3.101955803910419
v -8239133.726939606 4942141.318154948 0
v -8239128.310366222 4942151.198852552 0
v -8239133.726939606 4942141.318154948 3.101955803910419
v -8239133.726939606 4942141.318154948 3.101955803910419
v -8239128.310366222 4942151.198852552 0
v -8239128.310366222 4942151.198852552 3.101955803910419
vn 0.0 0.0 -1.0
vn 0.0 0.0 -1.0
vn 0.0 0.0 -1.0
vn 0.0 0.0 -1.0
vn 0.0 0.0 -1.0
vn 0.0 0.0 -1.0
vn -0.0 -0.0 1.0
vn -0.0 -0.0 1.0
vn -0.0 -0.0 1.0
vn 0.0 0.0 1.0
vn 0.0 0.0 1.0
vn 0.0 0.0 1.0
vn 0.0 0.0 1.0
vn 0.0 0.0 1.0
vn 0.0 0.0 1.0
vn 0.0 0.0 -1.0
vn 0.0 0.0 -1.0
vn 0.0 0.0 -1.0
vn 0.0 0.0 -1.0
vn 0.0 0.0 -1.0
vn 0.0 0.0 -1.0
vn -0.0 -0.0 1.0
vn -0.0 -0.0 1.0
vn -0.0 -0.0 1.0
vn 0.0 0.0 1.0
vn 0.0 0.0 1.0
vn 0.0 0.0 1.0
vn 0.0 0.0 -1.0
vn 0.0 0.0 -1.0
vn 0.0 0.0 -1.0
vn 0.0 0.0 -1.0
vn 0.0 0.0 -1.0
vn 0.0 0.0 -1.0
vn 0.0 0.0 -1.0
vn 0.0 0.0 -1.0
vn 0.0 0.0 -1.0
vn 0.0 0.0 1.0
vn 0.0 0.0 1.0
vn 0.0 0.0 1.0
vn 0.0 0.0 1.0
vn 0.0 0.0 1.0
vn 0.0 0.0 1.0
vn -0.48997239911673013 -0.8717379469220069 0.0
vn -0.48997239911673013 -0.8717379469220069 0.0
vn -0.48997239911673013 -0.8717379469220069 0.0
vn -0.48997239911673013 -0.8717379469220069 0.0
vn -0.48997239911673013 -0.8717379469220069 0.0
vn -0.48997239911673013 -0.8717379469220069 0.0
vn -0.8768792265728944 0.4807107467125345 0.0
vn -0.8768792265728944 0.4807107467125345 0.0
vn -0.8768792265728944 0.4807107467125345 0.0
vn -0.8768792265728944 0.4807107467125345 0.0
vn -0.8768792265728944 0.4807107467125345 0.0
vn -0.8768792265728944 0.4807107467125345 0.0
vn 0.4899712546488884 0.871738590185036 -0.0
vn 0.4899712546488884 0.871738590185036 -0.0
vn 0.4899712546488884 0.871738590185036 -0.0
vn 0.4899712546488884 0.871738590185036 -0.0
vn 0.4899712546488884 0.871738590185036 -0.0
vn 0.4899712546488884 0.871738590185036 -0.0
vn -0.16672755599205497 0.9860030030749988 0.0
vn -0.16672755599205497 0.9860030030749988 0.0
vn -0.16672755599205497 0.9860030030749988 0.0
vn -0.16672755599205497 0.9860030030749988 0.0
vn -0.16672755599205497 0.9860030030749988 0.0
vn -0.16672755599205497 0.9860030030749988 0.0
vn -0.8768826846731886 0.4807044386318284 0.0
vn -0.8768826846731886 0.4807044386318284 0.0
vn -0.8768826846731886 0.4807044386318284 0.0
vn -0.8768826846731886 0.4807044386318284 0.0
vn -0.8768826846731886 0.4807044386318284 0.0
vn -0.8768826846731886 0.4807044386318284 0.0
vn 0.4899701178209205 0.8717392291520173 -0.0
vn 0.4899701178209205 0.8717392291520173 -0.0
vn 0.4899701178209205 0.8717392291520173 -0.0
vn 0.4899701178209205 0.8717392291520173 -0.0
vn 0.4899701178209205 0.8717392291520173 -0.0
vn 0.4899701178209205 0.8717392291520173 -0.0
vn 0.876882504839371 -0.4807047666776671 0.0
vn 0.876882504839371 -0.4807047666776671 0.0
vn 0.876882504839371 -0.4807047666776671 0.0
vn 0.876882504839371 -0.4807047666776671 0.0
vn 0.876882504839371 -0.4807047666776671 0.0
vn 0.876882504839371 -0.4807047666776671 0.0
f 1//1 2//2 3//3
f 4//4 5//5 6//6
f 7//7 8//8 9//9
f 10//10 11//11 12//12
f 13//13 14//14 15//15
f 16//16 17//17 18//18
f 19//19 20//20 21//21
f 22//22 23//23 24//24
f 25//25 26//26 27//27
f 28//28 29//29 30//30
f 31//31 32//32 33//33
f 34//34 35//35 36//36
f 37//37 38//38 39//39
f 40//40 41//41 42//42
f 43//43 44//44 45//45
f 46//46 47//47 48//48
f 49//49 50//50 51//51
f 52//52 53//53 54//54
f 55//55 56//56 57//57
f 58//58 59//59 60//60
f 61//61 62//62 63//63
f 64//64 65//65 66//66
f 67//67 68//68 69//69
f 70//70 71//71 72//72
f 73//73 74//74 75//75
f 76//76 77//77 78//78
f 79//79 80//80 81//81
f 82//82 83//83 84//84
o gml_91WUTH74XLQEXA1SUJJCC6NJ2SPEDDO4UNTD
v -8239202.914857039 4941990.245160279 8.917399034799045
v -8239192.328687061 4942000.901759878 8.917399034799045
v -8239200.042413433 4941966.330440012 8.917399034799045
v -8239202.914857039 4941990.245160279 8.917399034799045
v -8239200.042413433 4941966.330440012 8.917399034799045
v -8239200.761098243 4941966.693150101 8.917399034799045
v -8239202.914857039 4941990.245160279 8.917399034799045
v -8239200.761098243 4941966.693150101 8.917399034799045
v -8239210.557877448 4941971.636404169 8.917399034799045
v -8239202.914857039 4941990.245160279 8.917399034799045
v -8239210.557877448 4941971.636404169 8.917399034799045
v -8239206.966650498 4941994.514562498 8.917399034799045
v -8239202.914857039 4941990.245160279 8.917399034799045
v -8239206.966650498 4941994.514562498 8.917399034799045
v -8239204.902950927 4942007.661796443 8.917399034799045
v -8239202.914857039 4941990.245160279 8.917399034799045
v -8239204.902950927 4942007.661796443 8.917399034799045
v -8239204.774363728 4942007.592586546 8.917399034799045
v -8239202.914857039 4941990.245160279 8.917399034799045
v -8239204.774363728 4942007.592586546 8.917399034799045
v -8239202.984814974 4942006.630582581 8.917399034799045
v -8239202.914857039 4941990.245160279 8.917399034799045
v -8239202.984814974 4942006.630582581 8.917399034799045
v -8239192.328687061 4942000.901759878 8.917399034799045
v -8239202.914857039 4941990.245160279 0
v -8239200.042413433 4941966.330440012 0
v -8239192.328687061 4942000.901759878 0
v -8239202.914857039 4941990.245160279 0
v -8239200.761098243 4941966.693150101 0
v -8239200.042413433 4941966.330440012 0
v -8239202.914857039 4941990.245160279 0
v -8239210.557877448 4941971.636404169 0
v -8239200.761098243 4941966.693150101 0
v -8239202.914857039 4941990.245160279 0
v -8239206.966650498 4941994.514562498 0
v -8239210.557877448 4941971.636404169 0
v -8239202.914857039 4941990.245160279 0
v -8239204.902950927 4942007.661796443 0
v -8239206.966650498 4941994.514562498 0
v -8239202.914857039 4941990.245160279 0
v -8239204.774363728 4942007.592586546 0
v -8239204.902950927 4942007.661796443 0
v -8239202.914857039 4941990.245160279 0
v -8239202.984814974 4942006.630582581 0
v -8239204.774363728 4942007.592586546 0
v -8239202.914857039 4941990.245160279 0
v -8239192.328687061 4942000.901759878 0
v -8239202.984814974 4942006.630582581 0
v -8239192.328687061 4942000.901759878 0
v -8239200.042413433 4941966.330440012 0
v -8239192.328687061 4942000.901759878 8.917399034799045
v -8239192.328687061 4942000.901759878 8.917399034799045
v -8239200.042413433 4941966.330440012 0
v -8239200.042413433 4941966.330440012 8.917399034799045
v -8239200.042413433 4941966.330440012 0
v -8239200.761098243 4941966.693150101 0
v -8239200.042413433 4941966.330440012 8.917399034799045
v -8239200.042413433 4941966.330440012 8.917399034799045
v -8239200.761098243 4941966.693150101 0
v -8239200.761098243 4941966.693150101 8.917399034799045
v -8239200.761098243 4941966.693150101 0
v -8239210.557877448 4941971.636404169 0
v -8239200.761098243 4941966.693150101 8.917399034799045
v -8239200.761098243 4941966.693150101 8.917399034799045
v -8239210.557877448 4941971.636404169 0
v -8239210.557877448 4941971.636404169 8.917399034799045
v -8239210.557877448 4941971.636404169 0
v -8239206.966650498 4941994.514562498 0
v -8239210.557877448 4941971.636404169 8.917399034799045
v -8239210.557877448 4941971.636404169 8.917399034799045
v -8239206.966650498 4941994.514562498 0
v -8239206.966650498 4941994.514562498 8.917399034799045
v -8239206.966650498 4941994.514562498 0
v -8239204.902950927 4942007.661796443 0
v -8239206.966650498 4941994.514562498 8.917399034799045
v -8239206.966650498 4941994.514562498 8.917399034799045
v -8239204.902950927 4942007.661796443 0
v -8239204.902950927 4942007.661796443 8.917399034799045
v -8239204.902950927 4942007.661796443 0
v -8239204.774363728 4942007.592586546 0
v -8239204.902950927 4942007.661796443 8.917399034799045
v -8239204.902950927 4942007.661796443 8.917399034799045
v -8239204.774363728 4942007.592586546 0
v -8239204.774363728 4942007.592586546 8.917399034799045
v -8239204.774363728 4942007.592586546 0
v -8239202.984814974 4942006.630582581 0
v -8239204.774363728 4942007.592586546 8.917399034799045
v -8239204.774363728 4942007.592586546 8.917399034799045
v -8239202.984814974 4942006.630582581 0
v -8239202.984814974 4942006.630582581 8.917399034799045
v -8239202.984814974 4942006.630582581 0
v -8239192.328687061 4942000.901759878 0
v -8239202.984814974 4942006.630582581 8.917399034799045
v -8239202.984814974 4942006.630582581 8.917399034799045
v -8239192.328687061 4942000.901759878 0
v -8239192.328687061 4942000.901759878 8.917399034799045
vn 0.0 0.0 -1.0
vn 0.0 0.0 -1.0
vn 0.0 0.0 -1.0
vn 0.0 0.0 -1.0
vn 0.0 0.0 -1.0
vn 0.0 0.0 -1.0
vn 0.0 -0.0 -1.0
vn 0.0 -0.0 -1.0
vn 0.0 -0.0 -1.0
vn -0.0 0.0 -1.0
vn -0.0 0.0 -1.0
vn -0.0 0.0 -1.0
vn 0.0 0.0 -1.0
vn 0.0 0.0 -1.0
vn 0.0 0.0 -1.0
vn 0.0 0.0 -1.0
vn 0.0 0.0 -1.0
vn 0.0 0.0 -1.0
vn 0.0 0.0 -1.0
vn 0.0 0.0 -1.0
vn 0.0 0.0 -1.0
vn 0.0 0.0 -1.0
vn 0.0 0.0 -1.0
vn 0.0 0.0 -1.0
vn -0.0 0.0 1.0
vn -0.0 0.0 1.0
vn -0.0 0.0 1.0
vn 0.0 0.0 1.0
vn 0.0 0.0 1.0
vn 0.0 0.0 1.0
vn 0.0 0.0 1.0
vn 0.0 0.0 1.0
vn 0.0 0.0 1.0
vn 0.0 0.0 1.0
vn 0.0 0.0 1.0
vn 0.0 0.0 1.0
vn 0.0 0.0 1.0
vn 0.0 0.0 1.0
vn 0.0 0.0 1.0
vn 0.0 0.0 1.0
vn 0.0 0.0 1.0
vn 0.0 0.0 1.0
vn 0.0 0.0 1.0
vn 0.0 0.0 1.0
vn 0.0 0.0 1.0
vn 0.0 -0.0 1.0
vn 0.0 -0.0 1.0
vn 0.0 -0.0 1.0
vn -0.9760001070604046 0.21777004159911087 0.0
vn -0.9760001070604046 0.21777004159911087 0.0
vn -0.9760001070604046 0.21777004159911087 0.0
vn -0.9760001070604046 0.21777004159911087 0.0
vn -0.9760001070604046 0.21777004159911087 0.0
vn -0.9760001070604046 0.21777004159911087 0.0
vn 0.4505571249084727 0.8927475999375248 -0.0
vn 0.4505571249084727 0.8927475999375248 -0.0
vn 0.4505571249084727 0.8927475999375248 -0.0
vn 0.4505571249084727 0.8927475999375248 -0.0
vn 0.4505571249084727 0.8927475999375248 -0.0
vn 0.4505571249084727 0.8927475999375248 -0.0
vn 0.4504814236571039 0.8927858012647093 -0.0
vn 0.4504814236571039 0.8927858012647093 -0.0
vn 0.4504814236571039 0.8927858012647093 -0.0
vn 0.4504814236571039 0.8927858012647093 -0.0
vn 0.4504814236571039 0.8927858012647093 -0.0
vn 0.4504814236571039 0.8927858012647093 -0.0
vn 0.9879030186134286 -0.15507296932243156 0.0
vn 0.9879030186134286 -0.15507296932243156 0.0
vn 0.9879030186134286 -0.15507296932243156 0.0
vn 0.9879030186134286 -0.15507296932243156 0.0
vn 0.9879030186134286 -0.15507296932243156 0.0
vn 0.9879030186134286 -0.15507296932243156 0.0
vn 0.9879035496104855 -0.15506958653134728 0.0
vn 0.9879035496104855 -0.15506958653134728 0.0
vn 0.9879035496104855 -0.15506958653134728 0.0
vn 0.9879035496104855 -0.15506958653134728 0.0
vn 0.9879035496104855 -0.15506958653134728 0.0
vn 0.9879035496104855 -0.15506958653134728 0.0
vn -0.473943932028006 -0.8805550234334211 0.0
vn -0.473943932028006 -0.8805550234334211 0.0
vn -0.473943932028006 -0.8805550234334211 0.0
vn -0.473943932028006 -0.8805550234334211 0.0
vn -0.473943932028006 -0.8805550234334211 0.0
vn -0.473943932028006 -0.8805550234334211 0.0
vn -0.47348951312934695 -0.8807994555836952 0.0
vn -0.47348951312934695 -0.8807994555836952 0.0
vn -0.47348951312934695 -0.8807994555836952 0.0
vn -0.47348951312934695 -0.8807994555836952 0.0
vn -0.47348951312934695 -0.8807994555836952 0.0
vn -0.47348951312934695 -0.8807994555836952 0.0
vn -0.47351711246511446 -0.8807846185093721 0.0
vn -0.47351711246511446 -0.8807846185093721 0.0
vn -0.47351711246511446 -0.8807846185093721 0.0
vn -0.47351711246511446 -0.8807846185093721 0.0
vn -0.47351711246511446 -0.8807846185093721 0.0
vn -0.47351711246511446 -0.8807846185093721 0.0
f 1//1 2//2 3//3
f 4//4 5//5 6//6
f 7//7 8//8 9//9
f 10//10 11//11 12//12
f 13//13 14//14 15//15
f 16//16 17//17 18//18
f 19//19 20//20 21//21
f 22//22 23//23 24//24
f 25//25 26//26 27//27
f 28//28 29//29 30//30
f 31//31 32//32 33//33
f 34//34 35//35 36//36
f 37//37 38//38 39//39
f 40//40 41//41 42//42
f 43//43 44//44 45//45
f 46//46 47//47 48//48
f 49//49 50//50 51//51
f 52//52 53//53 54//54
f 55//55 56//56 57//57
f 58//58 59//59 60//60
f 61//61 62//62 63//63
f 64//64 65//65 66//66
f 67//67 68//68 69//69
f 70//70 71//71 72//72
f 73//73 74//74 75//75
f 76//76 77//77 78//78
f 79//79 80//80 81//81
f 82//82 83//83 84//84
f 85//85 86//86 87//87
f 88//88 89//89 90//90
f 91//91 92//92 93//93
f 94//94 95//95 96//96
o gml_UWPQZ2BIKPE437ZYDS1RANAZ42Z8Q717GUNV
v -8239192.335028335 4942031.789375289 10.40714249428651
v -8239188.685507454 4942016.2418286335 10.40714249428651
v -8239188.743699186 4942016.008782223 10.40714249428651
v -8239192.335028335 4942031.789375289 10.40714249428651
v -8239188.743699186 4942016.008782223 10.40714249428651
v -8239192.566632717 4942017.016216332 10.40714249428651
v -8239192.335028335 4942031.789375289 10.40714249428651
v -8239192.566632717 4942017.016216332 10.40714249428651
v -8239205.125616494 4942020.326061509 10.40714249428651
v -8239192.335028335 4942031.789375289 10.40714249428651
v -8239205.125616494 4942020.326061509 10.40714249428651
v -8239205.46986258 4942020.416712724 10.40714249428651
v -8239192.335028335 4942031.789375289 10.40714249428651
v -8239205.46986258 4942020.416712724 10.40714249428651
v -8239195.918109131 4942070.978647798 10.40714249428651
v -8239192.335028335 4942031.789375289 10.40714249428651
v -8239195.918109131 4942070.978647798 10.40714249428651
v -8239177.548846653 4942060.819552788 10.40714249428651
v -8239192.335028335 4942031.789375289 10.40714249428651
v -8239177.548846653 4942060.819552788 10.40714249428651
v -8239184.621952469 4942032.507200311 10.40714249428651
v -8239192.335028335 4942031.789375289 10.40714249428651
v -8239184.621952469 4942032.507200311 10.40714249428651
v -8239188.685507454 4942016.2418286335 10.40714249428651
v -8239192.335028335 4942031.789375289 0
v -8239188.743699186 4942016.008782223 0
v -8239188.685507454 4942016.2418286335 0
v -8239192.335028335 4942031.789375289 0
v -8239192.566632717 4942017.016216332 0
v -8239188.743699186 4942016.008782223 0
v -8239192.335028335 4942031.789375289 0
v -8239205.125616494 4942020.326061509 0
v -8239192.566632717 4942017.016216332 0
v -8239192.335028335 4942031.789375289 0
v -8239205.46986258 4942020.416712724 0
v -8239205.125616494 4942020.326061509 0
v -8239192.335028335 4942031.789375289 0
v -8239195.918109131 4942070.978647798 0
v -8239205.46986258 4942020.416712724 0
v -8239192.335028335 4942031.789375289 0
v -8239177.548846653 4942060.819552788 0
v -8239195.918109131 4942070.978647798 0
v -8239192.335028335 4942031.789375289 0
v -8239184.621952469 4942032.507200311 0
v -8239177.548846653 4942060.819552788 0
v -8239192.335028335 4942031.789375289 0
v -8239188.685507454 4942016.2418286335 0
v -8239184.621952469 4942032.507200311 0
v -8239188.685507454 4942016.2418286335 0
v -8239188.743699186 4942016.008782223 0
v -8239188.685507454 4942016.2418286335 10.40714249428651
v -8239188.685507454 4942016.2418286335 10.40714249428651
v -8239188.743699186 4942016.008782223 0
v -8239188.743699186 4942016.008782223 10.40714249428651
v -8239188.743699186 4942016.008782223 0
v -8239192.566632717 4942017.016216332 0
v -8239188.743699186 4942016.008782223 10.40714249428651
v -8239188.743699186 4942016.008782223 10.40714249428651
v -8239192.566632717 4942017.016216332 0
v -8239192.566632717 4942017.016216332 10.40714249428651
v -8239192.566632717 4942017.016216332 0
v -8239205.125616494 4942020.326061509 0
v -8239192.566632717 4942017.016216332 10.40714249428651
v -8239192.566632717 4942017.016216332 10.40714249428651
v -8239205.125616494 4942020.326061509 0
v -8239205.125616494 4942020.326061509 10.40714249428651
v -8239205.125616494 4942020.326061509 0
v -8239205.46986258 4942020.416712724 0
v -8239205.125616494 4942020.326061509 10.40714249428651
v -8239205.125616494 4942020.326061509 10.40714249428651
v -8239205.46986258 4942020.416712724 0
v -8239205.46986258 4942020.416712724 10.40714249428651
v -8239205.46986258 4942020.416712724 0
v -8239195.918109131 4942070.978647798 0
v -8239205.46986258 4942020.416712724 10.40714249428651
v -8239205.46986258 4942020.416712724 10.40714249428651
v -8239195.918109131 4942070.978647798 0
v -8239195.918109131 4942070.978647798 10.40714249428651
v -8239195.918109131 4942070.978647798 0
v -8239177.548846653 4942060.819552788 0
v -8239195.918109131 4942070.978647798 10.40714249428651
v -8239195.918109131 4942070.978647798 10.40714249428651
v -8239177.548846653 4942060.819552788 0
v -8239177.548846653 4942060.819552788 10.40714249428651
v -8239177.548846653 4942060.819552788 0
v -8239184.621952469 4942032.507200311 0
v -8239177.548846653 4942060.819552788 10.40714249428651
v -8239177.548846653 4942060.819552788 10.40714249428651
v -8239184.621952469 4942032.507200311 0
v -8239184.621952469 4942032.507200311 10.40714249428651
v -8239184.621952469 4942032.507200311 0
v -8239188.685507454 4942016.2418286335 0
v -8239184.621952469 4942032.507200311 10.40714249428651
v -8239184.621952469 4942032.507200311 10.40714249428651
v -8239188.685507454 4942016.2418286335 0
v -8239188.685507454 4942016.2418286335 10.40714249428651
vn 0.0 0.0 -1.0
vn 0.0 0.0 -1.0
vn 0.0 0.0 -1.0
vn 0.0 -0.0 -1.0
vn 0.0 -0.0 -1.0
vn 0.0 -0.0 -1.0
vn 0.0 0.0 -1.0
vn 0.0 0.0 -1.0
vn 0.0 0.0 -1.0
vn 0.0 0.0 -1.0
vn 0.0 0.0 -1.0
vn 0.0 0.0 -1.0
vn -0.0 0.0 -1.0
vn -0.0 0.0 -1.0
vn -0.0 0.0 -1.0
vn 0.0 0.0 -1.0
vn 0.0 0.0 -1.0
vn 0.0 0.0 -1.0
vn 0.0 0.0 -1.0
vn 0.0 0.0 -1.0
vn 0.0 0.0 -1.0
vn 0.0 0.0 -1.0
vn 0.0 0.0 -1.0
vn 0.0 0.0 -1.0
vn 0.0 0.0 1.0
vn 0.0 0.0 1.0
vn 0.0 0.0 1.0
vn 0.0 0.0 1.0
vn 0.0 0.0 1.0
vn 0.0 0.0 1.0
vn 0.0 0.0 1.0
vn 0.0 0.0 1.0
vn 0.0 0.0 1.0
vn 0.0 0.0 1.0
vn 0.0 0.0 1.0
vn 0.0 0.0 1.0
vn 0.0 0.0 1.0
vn 0.0 0.0 1.0
vn 0.0 0.0 1.0
vn 0.0 -0.0 1.0
vn 0.0 -0.0 1.0
vn 0.0 -0.0 1.0
vn 0.0 0.0 1.0
vn 0.0 0.0 1.0
vn 0.0 0.0 1.0
vn -0.0 0.0 1.0
vn -0.0 0.0 1.0
vn -0.0 0.0 1.0
vn -0.9702109050228537 0.2422618413509134 0.0
vn -0.9702109050228537 0.2422618413509134 0.0
vn -0.9702109050228537 0.2422618413509134 0.0
vn -0.9702109050228537 0.2422618413509134 0.0
vn -0.9702109050228537 0.2422618413509134 0.0
vn -0.9702109050228537 0.2422618413509134 0.0
vn 0.25482422659667914 0.966987390579321 -0.0
vn 0.25482422659667914 0.966987390579321 -0.0
vn 0.25482422659667914 0.966987390579321 -0.0
vn 0.25482422659667914 0.966987390579321 -0.0
vn 0.25482422659667914 0.966987390579321 -0.0
vn 0.25482422659667914 0.966987390579321 -0.0
vn 0.2548424842349945 0.9669825790721033 -0.0
vn 0.2548424842349945 0.9669825790721033 -0.0
vn 0.2548424842349945 0.9669825790721033 -0.0
vn 0.2548424842349945 0.9669825790721033 -0.0
vn 0.2548424842349945 0.9669825790721033 -0.0
vn 0.2548424842349945 0.9669825790721033 -0.0
vn 0.25465129432599515 0.9670329458183394 -0.0
vn 0.25465129432599515 0.9670329458183394 -0.0
vn 0.25465129432599515 0.9670329458183394 -0.0
vn 0.25465129432599515 0.9670329458183394 -0.0
vn 0.25465129432599515 0.9670329458183394 -0.0
vn 0.25465129432599515 0.9670329458183394 -0.0
vn 0.9826199696601238 -0.18562864871871906 0.0
vn 0.9826199696601238 -0.18562864871871906 0.0
vn 0.9826199696601238 -0.18562864871871906 0.0
vn 0.9826199696601238 -0.18562864871871906 0.0
vn 0.9826199696601238 -0.18562864871871906 0.0
vn 0.9826199696601238 -0.18562864871871906 0.0
vn -0.4839656447543034 -0.8750869983593353 0.0
vn -0.4839656447543034 -0.8750869983593353 0.0
vn -0.4839656447543034 -0.8750869983593353 0.0
vn -0.4839656447543034 -0.8750869983593353 0.0
vn -0.4839656447543034 -0.8750869983593353 0.0
vn -0.4839656447543034 -0.8750869983593353 0.0
vn -0.9701826583988943 0.2423749354658072 0.0
vn -0.9701826583988943 0.2423749354658072 0.0
vn -0.9701826583988943 0.2423749354658072 0.0
vn -0.9701826583988943 0.2423749354658072 0.0
vn -0.9701826583988943 0.2423749354658072 0.0
vn -0.9701826583988943 0.2423749354658072 0.0
vn -0.9701816150782502 0.2423791116498245 0.0
vn -0.9701816150782502 0.2423791116498245 0.0
vn -0.9701816150782502 0.2423791116498245 0.0
vn -0.9701816150782502 0.2423791116498245 0.0
vn -0.9701816150782502 0.2423791116498245 0.0
vn -0.9701816150782502 0.2423791116498245 0.0
f 1//1 2//2 3//3
f 4//4 5//5 6//6
f 7//7 8//8 9//9
f 10//10 11//11 12//12
f 13//13 14//14 15//15
f 16//16 17//17 18//18
f 19//19 20//20 21//21
f 22//22 23//23 24//24
f 25//25 26//26 27//27
f 28//28 29//29 30//30
f 31//31 32//32 33//33
f 34//34 35//35 36//36
f 37//37 38//38 39//39
f 40//40 41//41 42//42
f 43//43 44//44 45//45
f 46//46 47//47 48//48
f 49//49 50//50 51//51
f 52//52 53//53 54//54
f 55//55 56//56 57//57
f 58//58 59//59 60//60
f 61//61 62//62 63//63
f 64//64 65//65 66//66
f 67//67 68//68 69//69
f 70//70 71//71 72//72
f 73//73 74//74 75//75
f 76//76 77//77 78//78
f 79//79 80//80 81//81
f 82//82 83//83 84//84
f 85//85 86//86 87//87
f 88//88 89//89 90//90
f 91//91 92//92 93//93
f 94//94 95//95 96//96
o gml_L4CSNFSE9WTOD6BY74V1EAPDZEMT0JOWUSF3
v -8238819.717232728 4942162.481978386 86.55465582930998
v -8238761.699238347 4942141.87588233 86.55465582930998
v -8238783.147532446 4942105.46649991 86.55465582930998
v -8238819.717232728 4942162.481978386 86.55465582930998
v -8238783.147532446 4942105.46649991 86.55465582930998
v -8238784.318512824 4942106.173749033 86.55465582930998
v -8238819.717232728 4942162.481978386 86.55465582930998
v -8238784.318512824 4942106.173749033 86.55465582930998
v -8238788.2505470775 4942108.548627714 86.55465582930998
v -8238819.717232728 4942162.481978386 86.55465582930998
v -8238788.2505470775 4942108.548627714 86.55465582930998
v -8238793.168062838 4942111.518724988 86.55465582930998
v -8238819.717232728 4942162.481978386 86.55465582930998
v -8238793.168062838 4942111.518724988 86.55465582930998
v -8238804.901866831 4942118.605607896 86.55465582930998
v -8238819.717232728 4942162.481978386 86.55465582930998
v -8238804.901866831 4942118.605607896 86.55465582930998
v -8238821.400259827 4942128.570145983 86.55465582930998
v -8238819.717232728 4942162.481978386 86.55465582930998
v -8238821.400259827 4942128.570145983 86.55465582930998
v -8238840.48505784 4942140.096792499 86.55465582930998
v -8238819.717232728 4942162.481978386 86.55465582930998
v -8238840.48505784 4942140.096792499 86.55465582930998
v -8238871.082986936 4942158.576878669 86.55465582930998
v -8238819.717232728 4942162.481978386 86.55465582930998
v -8238871.082986936 4942158.576878669 86.55465582930998
v -8238898.5993900355 4942175.195779237 86.55465582930998
v -8238819.717232728 4942162.481978386 86.55465582930998
v -8238898.5993900355 4942175.195779237 86.55465582930998
v -8238902.128981842 4942177.327501537 86.55465582930998
v -8238819.717232728 4942162.481978386 86.55465582930998
v -8238902.128981842 4942177.327501537 86.55465582930998
v -8238908.994365067 4942181.473848379 86.55465582930998
v -8238819.717232728 4942162.481978386 86.55465582930998
v -8238908.994365067 4942181.473848379 86.55465582930998
v -8238914.953836999 4942185.07312561 86.55465582930998
v -8238819.717232728 4942162.481978386 86.55465582930998
v -8238914.953836999 4942185.07312561 86.55465582930998
v -8238907.9088122435 4942193.706580149 86.55465582930998
v -8238819.717232728 4942162.481978386 86.55465582930998
v -8238907.9088122435 4942193.706580149 86.55465582930998
v -8238862.223664908 4942249.692549678 86.55465582930998
v -8238819.717232728 4942162.481978386 86.55465582930998
v -8238862.223664908 4942249.692549678 86.55465582930998
v -8238826.648858896 4942228.206543424 86.55465582930998
v -8238819.717232728 4942162.481978386 86.55465582930998
v -8238826.648858896 4942228.206543424 86.55465582930998
v -8238771.471562839 4942194.881013131 86.55465582930998
v -8238819.717232728 4942162.481978386 86.55465582930998
v -8238771.471562839 4942194.881013131 86.55465582930998
v -8238747.233237474 4942180.241588158 86.55465582930998
v -8238819.717232728 4942162.481978386 86.55465582930998
v -8238747.233237474 4942180.241588158 86.55465582930998
v -8238741.233250876 4942176.61766886 86.55465582930998
v -8238819.717232728 4942162.481978386 86.55465582930998
v -8238741.233250876 4942176.61766886 86.55465582930998
v -8238741.424238088 4942176.293364164 86.55465582930998
v -8238819.717232728 4942162.481978386 86.55465582930998
v -8238741.424238088 4942176.293364164 86.55465582930998
v -8238742.787623055 4942173.97907476 86.55465582930998
v -8238819.717232728 4942162.481978386 86.55465582930998
v -8238742.787623055 4942173.97907476 86.55465582930998
v -8238761.699238347 4942141.87588233 86.55465582930998
v -8238819.717232728 4942162.481978386 0
v -8238783.147532446 4942105.46649991 0
v -8238761.699238347 4942141.87588233 0
v -8238819.717232728 4942162.481978386 0
v -8238784.318512824 4942106.173749033 0
v -8238783.147532446 4942105.46649991 0
v -8238819.717232728 4942162.481978386 0
v -8238788.2505470775 4942108.548627714 0
v -8238784.318512824 4942106.173749033 0
v -8238819.717232728 4942162.481978386 0
v -8238793.168062838 4942111.518724988 0
v -8238788.2505470775 4942108.548627714 0
v -8238819.717232728 4942162.481978386 0
v -8238804.901866831 4942118.605607896 0
v -8238793.168062838 4942111.518724988 0
v -8238819.717232728 4942162.481978386 0
v -8238821.400259827 4942128.570145983 0
v -8238804.901866831 4942118.605607896 0
v -8238819.717232728 4942162.481978386 0
v -8238840.48505784 4942140.096792499 0
v -8238821.400259827 4942128.570145983 0
v -8238819.717232728 4942162.481978386 0
v -8238871.082986936 4942158.576878669 0
v -8238840.48505784 4942140.096792499 0
v -8238819.717232728 4942162.481978386 0
v -8238898.5993900355 4942175.195779237 0
v -8238871.082986936 4942158.576878669 0
v -8238819.717232728 4942162.481978386 0
v -8238902.128981842 4942177.327501537 0
v -8238898.5993900355 4942175.195779237 0
v -8238819.717232728 4942162.481978386 0
v -8238908.994365067 4942181.473848379 0
v -8238902.128981842 4942177.327501537 0
v -8238819.717232728 4942162.481978386 0
v -8238914.953836999 4942185.07312561 0
v -8238908.994365067 4942181.473848379 0
v -8238819.717232728 4942162.481978386 0
v -8238907.9088122435 4942193.706580149 0
v -8238914.953836999 4942185.07312561 0
v -8238819.717232728 4942162.481978386 0
v -8238862.223664908 4942249.692549678 0
v -8238907.9088122435 4942193.706580149 0
v -8238819.717232728 4942162.481978386 0
v -8238826.648858896 4942228.206543424 0
v -8238862.223664908 4942249.692549678 0
v -8238819.717232728 4942162.481978386 0
v -8238771.471562839 4942194.881013131 0
v -8238826.648858896 4942228.206543424 0
v -8238819.717232728 4942162.481978386 0
v -8238747.233237474 4942180.241588158 0
v -8238771.471562839 4942194.881013131 0
v -8238819.717232728 4942162.481978386 0
v -8238741.233250876 4942176.61766886 0
v -8238747.233237474 4942180.241588158 0
v -8238819.717232728 4942162.481978386 0
v -8238741.424238088 4942176.293364164 0
v -8238741.233250876 4942176.61766886 0
v -8238819.717232728 4942162.481978386 0
v -8238742.787623055 4942173.97907476 0
v -8238741.424238088 4942176.293364164 0
v -8238819.717232728 4942162.481978386 0
v -8238761.699238347 4942141.87588233 0
v -8238742.787623055 4942173.97907476 0
v -8238761.699238347 4942141.87588233 0
v -8238783.147532446 4942105.46649991 0
v -8238761.699238347 4942141.87588233 86.55465582930998
v -8238761.699238347 4942141.87588233 86.55465582930998
v -8238783.147532446 4942105.46649991 0
v -8238783.147532446 4942105.46649991 86.55465582930998
v -8238783.147532446 4942105.46649991 0
v -8238784.318512824 4942106.173749033 0
v -8238783.147532446 4942105.46649991 86.55465582930998
v -8238783.147532446 4942105.46649991 86.55465582930998
v -8238784.318512824 4942106.173749033 0
v -8238784.318512824 4942106.173749033 86.55465582930998
v -8238784.318512824 4942106.173749033 0
v -8238788.2505470775 4942108.548627714 0
v -8238784.318512824 4942106.173749033 86.55465582930998
v -8238784.318512824 4942106.173749033 86.55465582930998
v -8238788.2505470775 4942108.548627714 0
v -8238788.2505470775 4942108.548627714 86.55465582930998
v -8238788.2505470775 4942108.548627714 0
v -8238793.168062838 4942111.518724988 0
v -8238788.2505470775 4942108.548627714 86.55465582930998
v -8238788.2505470775 4942108.548627714 86.55465582930998
v -8238793.168062838 4942111.518724988 0
v -8238793.168062838 4942111.518724988 86.55465582930998
v -8238793.168062838 4942111.518724988 0
v -8238804.901866831 4942118.605607896 0
v -8238793.168062838 4942111.518724988 86.55465582930998
v -8238793.168062838 4942111.518724988 86.55465582930998
v -8238804.901866831 4942118.605607896 0
v -8238804.901866831 4942118.605607896 86.55465582930998
v -8238804.901866831 4942118.605607896 0
v -8238821.400259827 4942128.570145983 0
v -8238804.901866831 4942118.605607896 86.55465582930998
v -8238804.901866831 4942118.605607896 86.55465582930998
v -8238821.400259827 4942128.570145983 0
v -8238821.400259827 4942128.570145983 86.55465582930998
v -8238821.400259827 4942128.570145983 0
v -8238840.48505784 4942140.096792499 0
v -8238821.400259827 4942128.570145983 86.55465582930998
v -8238821.400259827 4942128.570145983 86.55465582930998
v -8238840.48505784 4942140.096792499 0
v -8238840.48505784 4942140.096792499 86.55465582930998
v -8238840.48505784 4942140.096792499 0
v -8238871.082986936 4942158.576878669 0
v -8238840.48505784 4942140.096792499 86.55465582930998
v -8238840.48505784 4942140.096792499 86.55465582930998
v -8238871.082986936 4942158.576878669 0
v -8238871.082986936 4942158.576878669 86.55465582930998
v -8238871.082986936 4942158.576878669 0
v -8238898.5993900355 4942175.195779237 0
v -8238871.082986936 4942158.576878669 86.55465582930998
v -8238871.082986936 4942158.576878669 86.55465582930998
v -8238898.5993900355 4942175.195779237 0
v -8238898.5993900355 4942175.195779237 86.55465582930998
v -8238898.5993900355 4942175.195779237 0
v -8238902.128981842 4942177.327501537 0
v -8238898.5993900355 4942175.195779237 86.55465582930998
v -8238898.5993900355 4942175.195779237 86.55465582930998
v -8238902.128981842 4942177.327501537 0
v -8238902.128981842 4942177.327501537 86.55465582930998
v -8238902.128981842 4942177.327501537 0
v -8238908.994365067 4942181.473848379 0
v -8238902.128981842 4942177.327501537 86.55465582930998
v -8238902.128981842 4942177.327501537 86.55465582930998
v -8238908.994365067 4942181.473848379 0
v -8238908.994365067 4942181.473848379 86.55465582930998
v -8238908.994365067 4942181.473848379 0
v -8238914.953836999 4942185.07312561 0
v -8238908.994365067 4942181.473848379 86.55465582930998
v -8238908.994365067 4942181.473848379 86.55465582930998
v -8238914.953836999 4942185.07312561 0
v -8238914.953836999 4942185.07312561 86.55465582930998
v -8238914.953836999 4942185.07312561 0
v -8238907.9088122435 4942193.706580149 0
v -8238914.953836999 4942185.07312561 86.55465582930998
v -8238914.953836999 4942185.07312561 86.55465582930998
v -8238907.9088122435 4942193.706580149 0
v -8238907.9088122435 4942193.706580149 86.55465582930998
v -8238907.9088122435 4942193.706580149 0
v -8238862.223664908 4942249.692549678 0
v -8238907.9088122435 4942193.706580149 86.55465582930998
v -8238907.9088122435 4942193.706580149 86.55465582930998
v -8238862.223664908 4942249.692549678 0
v -8238862.223664908 4942249.692549678 86.55465582930998
v -8238862.223664908 4942249.692549678 0
v -8238826.648858896 4942228.206543424 0
v -8238862.223664908 4942249.692549678 86.55465582930998
v -8238862.223664908 4942249.692549678 86.55465582930998
v -8238826.648858896 4942228.206543424 0
v -8238826.648858896 4942228.206543424 86.55465582930998
v -8238826.648858896 4942228.206543424 0
v -8238771.471562839 4942194.881013131 0
v -8238826.648858896 4942228.206543424 86.55465582930998
v -8238826.648858896 4942228.206543424 86.55465582930998
v -8238771.471562839 4942194.881013131 0
v -8238771.471562839 4942194.881013131 86.55465582930998
v -8238771.471562839 4942194.881013131 0
v -8238747.233237474 4942180.241588158 0
v -8238771.471562839 4942194.881013131 86.55465582930998
v -8238771.471562839 4942194.881013131 86.55465582930998
v -8238747.233237474 4942180.241588158 0
v -8238747.233237474 4942180.241588158 86.55465582930998
v -8238747.233237474 4942180.241588158 0
v -8238741.233250876 4942176.61766886 0
v -8238747.233237474 4942180.241588158 86.55465582930998
v -8238747.233237474 4942180.241588158 86.55465582930998
v -8238741.233250876 4942176.61766886 0
v -8238741.233250876 4942176.61766886 86.55465582930998
v -8238741.233250876 4942176.61766886 0
v -8238741.424238088 4942176.293364164 0
v -8238741.233250876 4942176.61766886 86.55465582930998
v -8238741.233250876 4942176.61766886 86.55465582930998
v -8238741.424238088 4942176.293364164 0
v -8238741.424238088 4942176.293364164 86.55465582930998
v -8238741.424238088 4942176.293364164 0
v -8238742.787623055 4942173.97907476 0
v -8238741.424238088 4942176.293364164 86.55465582930998
v -8238741.424238088 4942176.293364164 86.55465582930998
v -8238742.787623055 4942173.97907476 0
v -8238742.787623055 4942173.97907476 86.55465582930998
v -8238742.787623055 4942173.97907476 0
v -8238761.699238347 4942141.87588233 0
v -8238742.787623055 4942173.97907476 86.55465582930998
v -8238742.787623055 4942173.97907476 86.55465582930998
v -8238761.699238347 4942141.87588233 0
v -8238761.699238347 4942141.87588233 86.55465582930998
vn 0.0 0.0 -1.0
vn 0.0 0.0 -1.0
vn 0.0 0.0 -1.0
vn 0.0 0.0 -1.0
vn 0.0 0.0 -1.0
vn 0.0 0.0 -1.0
vn 0.0 0.0 -1.0
vn 0.0 0.0 -1.0
vn 0.0 0.0 -1.0
vn 0.0 0.0 -1.0
vn 0.0 0.0 -1.0
vn 0.0 0.0 -1.0
vn 0.0 0.0 -1.0
vn 0.0 0.0 -1.0
vn 0.0 0.0 -1.0
vn 0.0 -0.0 -1.0
vn 0.0 -0.0 -1.0
vn 0.0 -0.0 -1.0
vn 0.0 0.0 -1.0
vn 0.0 0.0 -1.0
vn 0.0 0.0 -1.0
vn 0.0 0.0 -1.0
vn 0.0 0.0 -1.0
vn 0.0 0.0 -1.0
vn -0.0 0.0 -1.0
vn -0.0 0.0 -1.0
vn -0.0 0.0 -1.0
vn 0.0 0.0 -1.0
vn 0.0 0.0 -1.0
vn 0.0 0.0 -1.0
vn 0.0 0.0 -1.0
vn 0.0 0.0 -1.0
vn 0.0 0.0 -1.0
vn 0.0 0.0 -1.0
vn 0.0 0.0 -1.0
vn 0.0 0.0 -1.0
vn 0.0 0.0 -1.0
vn 0.0 0.0 -1.0
vn 0.0 0.0 -1.0
vn 0.0 0.0 -1.0
vn 0.0 0.0 -1.0
vn 0.0 0.0 -1.0
vn 0.0 0.0 -1.0
vn 0.0 0.0 -1.0
vn 0.0 0.0 -1.0
vn 0.0 0.0 -1.0
vn 0.0 0.0 -1.0
vn 0.0 0.0 -1.0
vn 0.0 0.0 -1.0
vn 0.0 0.0 -1.0
vn 0.0 0.0 -1.0
vn 0.0 0.0 -1.0
vn 0.0 0.0 -1.0
vn 0.0 0.0 -1.0
vn 0.0 0.0 -1.0
vn 0.0 0.0 -1.0
vn 0.0 0.0 -1.0
vn 0.0 0.0 -1.0
vn 0.0 0.0 -1.0
vn 0.0 0.0 -1.0
vn 0.0 0.0 -1.0
vn 0.0 0.0 -1.0
vn 0.0 0.0 -1.0
vn 0.0 0.0 1.0
vn 0.0 0.0 1.0
vn 0.0 0.0 1.0
vn 0.0 0.0 1.0
vn 0.0 0.0 1.0
vn 0.0 0.0 1.0
vn 0.0 0.0 1.0
vn 0.0 0.0 1.0
vn 0.0 0.0 1.0
vn 0.0 0.0 1.0
vn 0.0 0.0 1.0
vn 0.0 0.0 1.0
vn 0.0 0.0 1.0
vn 0.0 0.0 1.0
vn 0.0 0.0 1.0
vn 0.0 0.0 1.0
vn 0.0 0.0 1.0
vn 0.0 0.0 1.0
vn 0.0 0.0 1.0
vn 0.0 0.0 1.0
vn 0.0 0.0 1.0
vn 0.0 0.0 1.0
vn 0.0 0.0 1.0
vn 0.0 0.0 1.0
vn 0.0 0.0 1.0
vn 0.0 0.0 1.0
vn 0.0 0.0 1.0
vn 0.0 0.0 1.0
vn 0.0 0.0 1.0
vn 0.0 0.0 1.0
vn 0.0 0.0 1.0
vn 0.0 0.0 1.0
vn 0.0 0.0 1.0
vn 0.0 0.0 1.0
vn 0.0 0.0 1.0
vn 0.0 0.0 1.0
vn 0.0 0.0 1.0
vn 0.0 0.0 1.0
vn 0.0 0.0 1.0
vn 0.0 0.0 1.0
vn 0.0 0.0 1.0
vn 0.0 0.0 1.0
vn 0.0 0.0 1.0
vn 0.0 0.0 1.0
vn 0.0 0.0 1.0
vn 0.0 -0.0 1.0
vn 0.0 -0.0 1.0
vn 0.0 -0.0 1.0
vn 0.0 0.0 1.0
vn 0.0 0.0 1.0
vn 0.0 0.0 1.0
vn 0.0 0.0 1.0
vn 0.0 0.0 1.0
vn 0.0 0.0 1.0
vn 0.0 0.0 1.0
vn 0.0 0.0 1.0
vn 0.0 0.0 1.0
vn 0.0 0.0 1.0
vn 0.0 0.0 1.0
vn 0.0 0.0 1.0
vn -0.0 0.0 1.0
vn -0.0 0.0 1.0
vn -0.0 0.0 1.0
vn -0.8616133384888746 0.5075652223488684 0.0
vn -0.8616133384888746 0.5075652223488684 0.0
vn -0.8616133384888746 0.5075652223488684 0.0
vn -0.8616133384888746 0.5075652223488684 0.0
vn -0.8616133384888746 0.5075652223488684 0.0
vn -0.8616133384888746 0.5075652223488684 0.0
vn 0.516998790124058 0.8559861278141488 -0.0
vn 0.516998790124058 0.8559861278141488 -0.0
vn 0.516998790124058 0.8559861278141488 -0.0
vn 0.516998790124058 0.8559861278141488 -0.0
vn 0.516998790124058 0.8559861278141488 -0.0
vn 0.516998790124058 0.8559861278141488 -0.0
vn 0.5169999555210958 0.8559854239361702 -0.0
vn 0.5169999555210958 0.8559854239361702 -0.0
vn 0.5169999555210958 0.8559854239361702 -0.0
vn 0.5169999555210958 0.8559854239361702 -0.0
vn 0.5169999555210958 0.8559854239361702 -0.0
vn 0.5169999555210958 0.8559854239361702 -0.0
vn 0.5170006327741354 0.8559850148870268 -0.0
vn 0.5170006327741354 0.8559850148870268 -0.0
vn 0.5170006327741354 0.8559850148870268 -0.0
vn 0.5170006327741354 0.8559850148870268 -0.0
vn 0.5170006327741354 0.8559850148870268 -0.0
vn 0.5170006327741354 0.8559850148870268 -0.0
vn 0.516993231939759 0.8559894848235476 -0.0
vn 0.516993231939759 0.8559894848235476 -0.0
vn 0.516993231939759 0.8559894848235476 -0.0
vn 0.516993231939759 0.8559894848235476 -0.0
vn 0.516993231939759 0.8559894848235476 -0.0
vn 0.516993231939759 0.8559894848235476 -0.0
vn 0.5169924461536641 0.8559899594154423 -0.0
vn 0.5169924461536641 0.8559899594154423 -0.0
vn 0.5169924461536641 0.8559899594154423 -0.0
vn 0.5169924461536641 0.8559899594154423 -0.0
vn 0.5169924461536641 0.8559899594154423 -0.0
vn 0.5169924461536641 0.8559899594154423 -0.0
vn 0.5169923414894051 0.8559900226295295 -0.0
vn 0.5169923414894051 0.8559900226295295 -0.0
vn 0.5169923414894051 0.8559900226295295 -0.0
vn 0.5169923414894051 0.8559900226295295 -0.0
vn 0.5169923414894051 0.8559900226295295 -0.0
vn 0.5169923414894051 0.8559900226295295 -0.0
vn 0.5169893330814949 0.855991839610607 -0.0
vn 0.5169893330814949 0.855991839610607 -0.0
vn 0.5169893330814949 0.855991839610607 -0.0
vn 0.5169893330814949 0.855991839610607 -0.0
vn 0.5169893330814949 0.855991839610607 -0.0
vn 0.5169893330814949 0.855991839610607 -0.0
vn 0.5169881716084892 0.8559925410988763 -0.0
vn 0.5169881716084892 0.8559925410988763 -0.0
vn 0.5169881716084892 0.8559925410988763 -0.0
vn 0.5169881716084892 0.8559925410988763 -0.0
vn 0.5169881716084892 0.8559925410988763 -0.0
vn 0.5169881716084892 0.8559925410988763 -0.0
vn 0.5169842634908375 0.855994901446753 -0.0
vn 0.5169842634908375 0.855994901446753 -0.0
vn 0.5169842634908375 0.855994901446753 -0.0
vn 0.5169842634908375 0.855994901446753 -0.0
vn 0.5169842634908375 0.855994901446753 -0.0
vn 0.5169842634908375 0.855994901446753 -0.0
vn 0.5169796385165513 0.8559976947161109 -0.0
vn 0.5169796385165513 0.8559976947161109 -0.0
vn 0.5169796385165513 0.8559976947161109 -0.0
vn 0.5169796385165513 0.8559976947161109 -0.0
vn 0.5169796385165513 0.8559976947161109 -0.0
vn 0.5169796385165513 0.8559976947161109 -0.0
vn 0.516985462410967 0.8559941773491913 -0.0
vn 0.516985462410967 0.8559941773491913 -0.0
vn 0.516985462410967 0.8559941773491913 -0.0
vn 0.516985462410967 0.8559941773491913 -0.0
vn 0.516985462410967 0.8559941773491913 -0.0
vn 0.516985462410967 0.8559941773491913 -0.0
vn 0.774779587576828 -0.6322314375877557 0.0
vn 0.774779587576828 -0.6322314375877557 0.0
vn 0.774779587576828 -0.6322314375877557 0.0
vn 0.774779587576828 -0.6322314375877557 0.0
vn 0.774779587576828 -0.6322314375877557 0.0
vn 0.774779587576828 -0.6322314375877557 0.0
vn 0.774781078364531 -0.6322296106702805 0.0
vn 0.774781078364531 -0.6322296106702805 0.0
vn 0.774781078364531 -0.6322296106702805 0.0
vn 0.774781078364531 -0.6322296106702805 0.0
vn 0.774781078364531 -0.6322296106702805 0.0
vn 0.774781078364531 -0.6322296106702805 0.0
vn -0.5169903790702856 -0.855991207868844 0.0
vn -0.5169903790702856 -0.855991207868844 0.0
vn -0.5169903790702856 -0.855991207868844 0.0
vn -0.5169903790702856 -0.855991207868844 0.0
vn -0.5169903790702856 -0.855991207868844 0.0
vn -0.5169903790702856 -0.855991207868844 0.0
vn -0.516993429654914 -0.8559893654092026 0.0
vn -0.516993429654914 -0.8559893654092026 0.0
vn -0.516993429654914 -0.8559893654092026 0.0
vn -0.516993429654914 -0.8559893654092026 0.0
vn -0.516993429654914 -0.8559893654092026 0.0
vn -0.516993429654914 -0.8559893654092026 0.0
vn -0.5169975751365707 -0.8559868616415243 0.0
vn -0.5169975751365707 -0.8559868616415243 0.0
vn -0.5169975751365707 -0.8559868616415243 0.0
vn -0.5169975751365707 -0.8559868616415243 0.0
vn -0.5169975751365707 -0.8559868616415243 0.0
vn -0.5169975751365707 -0.8559868616415243 0.0
vn -0.5170035326263435 -0.855983263418089 0.0
vn -0.5170035326263435 -0.855983263418089 0.0
vn -0.5170035326263435 -0.855983263418089 0.0
vn -0.5170035326263435 -0.855983263418089 0.0
vn -0.5170035326263435 -0.855983263418089 0.0
vn -0.5170035326263435 -0.855983263418089 0.0
vn -0.8616789485207674 0.507453830093088 0.0
vn -0.8616789485207674 0.507453830093088 0.0
vn -0.8616789485207674 0.507453830093088 0.0
vn -0.8616789485207674 0.507453830093088 0.0
vn -0.8616789485207674 0.507453830093088 0.0
vn -0.8616789485207674 0.507453830093088 0.0
vn -0.8616024052198087 0.5075837815764414 0.0
vn -0.8616024052198087 0.5075837815764414 0.0
vn -0.8616024052198087 0.5075837815764414 0.0
vn -0.8616024052198087 0.5075837815764414 0.0
vn -0.8616024052198087 0.5075837815764414 0.0
vn -0.8616024052198087 0.5075837815764414 0.0
vn -0.8616128483005004 0.5075660544633565 0.0
vn -0.8616128483005004 0.5075660544633565 0.0
vn -0.8616128483005004 0.5075660544633565 0.0
vn -0.8616128483005004 0.5075660544633565 0.0
vn -0.8616128483005004 0.5075660544633565 0.0
vn -0.8616128483005004 0.5075660544633565 0.0
f 1//1 2//2 3//3
f 4//4 5//5 6//6
f 7//7 8//8 9//9
f 10//10 11//11 12//12
f 13//13 14//14 15//15
f 16//16 17//17 18//18
f 19//19 20//20 21//21
f 22//22 23//23 24//24
f 25//25 26//26 27//27
f 28//28 29//29 30//30
f 31//31 32//32 33//33
f 34//34 35//35 36//36
f 37//37 38//38 39//39
f 40//40 41//41 42//42
f 43//43 44//44 45//45
f 46//46 47//47 48//48
f 49//49 50//50 51//51
f 52//52 53//53 54//54
f 55//55 56//56 57//57
f 58//58 59//59 60//60
f 61//61 62//62 63//63
f 64//64 65//65 66//66
f 67//67 68//68 69//69
f 70//70 71//71 72//72
f 73//73 74//74 75//75
f 76//76 77//77 78//78
f 79//79 80//80 81//81
f 82//82 83//83 84//84
f 85//85 86//86 87//87
f 88//88 89//89 90//90
f 91//91 92//92 93//93
f 94//94 95//95 96//96
f 97//97 98//98 99//99
f 100//100 101//101 102//102
f 103//103 104//104 105//105
f 106//106 107//107 108//108
f 109//109 110//110 111//111
f 112//112 113//113 114//114
f 115//115 116//116 117//117
f 118//118 119//119 120//120
f 121//121 122//122 123//123
f 124//124 125//125 126//126
f 127//127 128//128 129//129
f 130//130 131//131 132//132
f 133//133 134//134 135//135
f 136//136 137//137 138//138
f 139//139 140//140 141//141
f 142//142 143//143 144//144
f 145//145 146//146 147//147
f 148//148 149//149 150//150
f 151//151 152//152 153//153
f 154//154 155//155 156//156
f 157//157 158//158 159//159
f 160//160 161//161 162//162
f 163//163 164//164 165//165
f 166//166 167//167 168//168
f 169//169 170//170 171//171
f 172//172 173//173 174//174
f 175//175 176//176 177//177
f 178//178 179//179 180//180
f 181//181 182//182 183//183
f 184//184 185//185 186//186
f 187//187 188//188 189//189
f 190//190 191//191 192//192
f 193//193 194//194 195//195
f 196//196 197//197 198//198
f 199//199 200//200 201//201
f 202//202 203//203 204//204
f 205//205 206//206 207//207
f 208//208 209//209 210//210
f 211//211 212//212 213//213
f 214//214 215//215 216//216
f 217//217 218//218 219//219
f 220//220 221//221 222//222
f 223//223 224//224 225//225
f 226//226 227//227 228//228
f 229//229 230//230 231//231
f 232//232 233//233 234//234
f 235//235 236//236 237//237
f 238//238 239//239 240//240
f 241//241 242//242 243//243
f 244//244 245//245 246//246
f 247//247 248//248 249//249
f 250//250 251//251 252//252
o gml_21TEAW7J187ZHJY7WJNC6C1VG39MLP7W9A85
v -8239058.505199933 4941996.085117564 23.03975615951433
v -8239017.716730835 4942008.490838486 23.03975615951433
v -8239023.830287763 4941987.726358563 23.03975615951433
v -8239058.505199933 4941996.085117564 23.03975615951433
v -8239023.830287763 4941987.726358563 23.03975615951433
v -8239031.07753659 4941963.111660645 23.03975615951433
v -8239058.505199933 4941996.085117564 23.03975615951433
v -8239031.07753659 4941963.111660645 23.03975615951433
v -8239064.937636047 4941979.844627014 23.03975615951433
v -8239058.505199933 4941996.085117564 23.03975615951433
v -8239064.937636047 4941979.844627014 23.03975615951433
v -8239073.65375584 4941984.151905256 23.03975615951433
v -8239058.505199933 4941996.085117564 23.03975615951433
v -8239073.65375584 4941984.151905256 23.03975615951433
v -8239100.994880013 4942000.403399654 23.03975615951433
v -8239058.505199933 4941996.085117564 23.03975615951433
v -8239100.994880013 4942000.403399654 23.03975615951433
v -8239101.642296755 4942000.788272329 23.03975615951433
v -8239058.505199933 4941996.085117564 23.03975615951433
v -8239101.642296755 4942000.788272329 23.03975615951433
v -8239089.433036032 4942016.568059435 23.03975615951433
v -8239058.505199933 4941996.085117564 23.03975615951433
v -8239089.433036032 4942016.568059435 23.03975615951433
v -8239064.302847674 4942010.413463259 23.03975615951433
v -8239058.505199933 4941996.085117564 23.03975615951433
v -8239064.302847674 4942010.413463259 23.03975615951433
v -8239017.4629917815 4942009.352590996 23.03975615951433
v -8239058.505199933 4941996.085117564 23.03975615951433
v -8239017.4629917815 4942009.352590996 23.03975615951433
v -8239017.716730835 4942008.490838486 23.03975615951433
v -8239058.505199933 4941996.085117564 0
v -8239023.830287763 4941987.726358563 0
v -8239017.716730835 4942008.490838486 0
v -8239058.505199933 4941996.085117564 0
v -8239031.07753659 4941963.111660645 0
v -8239023.830287763 4941987.726358563 0
v -8239058.505199933 4941996.085117564 0
v -8239064.937636047 4941979.844627014 0
v -8239031.07753659 4941963.111660645 0
v -8239058.505199933 4941996.085117564 0
v -8239073.65375584 4941984.151905256 0
v -8239064.937636047 4941979.844627014 0
v -8239058.505199933 4941996.085117564 0
v -8239100.994880013 4942000.403399654 0
v -8239073.65375584 4941984.151905256 0
v -8239058.505199933 4941996.085117564 0
v -8239101.642296755 4942000.788272329 0
v -8239100.994880013 4942000.403399654 0
v -8239058.505199933 4941996.085117564 0
v -8239089.433036032 4942016.568059435 0
v -8239101.642296755 4942000.788272329 0
v -8239058.505199933 4941996.085117564 0
v -8239064.302847674 4942010.413463259 0
v -8239089.433036032 4942016.568059435 0
v -8239058.505199933 4941996.085117564 0
v -8239017.4629917815 4942009.352590996 0
v -8239064.302847674 4942010.413463259 0
v -8239058.505199933 4941996.085117564 0
v -8239017.716730835 4942008.490838486 0
v -8239017.4629917815 4942009.352590996 0
v -8239017.716730835 4942008.490838486 0
v -8239023.830287763 4941987.726358563 0
v -8239017.716730835 4942008.490838486 23.03975615951433
v -8239017.716730835 4942008.490838486 23.03975615951433
v -8239023.830287763 4941987.726358563 0
v -8239023.830287763 4941987.726358563 23.03975615951433
v -8239023.830287763 4941987.726358563 0
v -8239031.07753659 4941963.111660645 0
v -8239023.830287763 4941987.726358563 23.03975615951433
v -8239023.830287763 4941987.726358563 23.03975615951433
v -8239031.07753659 4941963.111660645 0
v -8239031.07753659 4941963.111660645 23.03975615951433
v -8239031.07753659 4941963.111660645 0
v -8239064.937636047 4941979.844627014 0
v -8239031.07753659 4941963.111660645 23.03975615951433
v -8239031.07753659 4941963.111660645 23.03975615951433
v -8239064.937636047 4941979.844627014 0
v -8239064.937636047 4941979.844627014 23.03975615951433
v -8239064.937636047 4941979.844627014 0
v -8239073.65375584 4941984.151905256 0
v -8239064.937636047 4941979.844627014 23.03975615951433
v -8239064.937636047 4941979.844627014 23.03975615951433
v -8239073.65375584 4941984.151905256 0
v -8239073.65375584 4941984.151905256 23.03975615951433
v -8239073.65375584 4941984.151905256 0
v -8239100.994880013 4942000.403399654 0
v -8239073.65375584 4941984.151905256 23.03975615951433
v -8239073.65375584 4941984.151905256 23.03975615951433
v -8239100.994880013 4942000.403399654 0
v -8239100.994880013 4942000.403399654 23.03975615951433
v -8239100.994880013 4942000.403399654 0
v -8239101.642296755 4942000.788272329 0
v -8239100.994880013 4942000.403399654 23.03975615951433
v -8239100.994880013 4942000.403399654 23.03975615951433
v -8239101.642296755 4942000.788272329 0
v -8239101.642296755 4942000.788272329 23.03975615951433
v -8239101.642296755 4942000.788272329 0
v -8239089.433036032 4942016.568059435 0
v -8239101.642296755 4942000.788272329 23.03975615951433
v -8239101.642296755 4942000.788272329 23.03975615951433
v -8239089.433036032 4942016.568059435 0
v -8239089.433036032 4942016.568059435 23.03975615951433
v -8239089.433036032 4942016.568059435 0
v -8239064.302847674 4942010.413463259 0
v -8239089.433036032 4942016.568059435 23.03975615951433
v -8239089.433036032 4942016.568059435 23.03975615951433
v -8239064.302847674 4942010.413463259 0
v -8239064.302847674 4942010.413463259 23.03975615951433
v -8239064.302847674 4942010.413463259 0
v -8239017.4629917815 4942009.352590996 0
v -8239064.302847674 4942010.413463259 23.03975615951433
v -8239064.302847674 4942010.413463259 23.03975615951433
v -8239017.4629917815 4942009.352590996 0
v -8239017.4629917815 4942009.352590996 23.03975615951433
v -8239017.4629917815 4942009.352590996 0
v -8239017.716730835 4942008.490838486 0
v -8239017.4629917815 4942009.352590996 23.03975615951433
v -8239017.4629917815 4942009.352590996 23.03975615951433
v -8239017.716730835 4942008.490838486 0
v -8239017.716730835 4942008.490838486 23.03975615951433
vn 0.0 0.0 -1.0
vn 0.0 0.0 -1.0
vn 0.0 0.0 -1.0
vn 0.0 0.0 -1.0
vn 0.0 0.0 -1.0
vn 0.0 0.0 -1.0
vn 0.0 -0.0 -1.0
vn 0.0 -0.0 -1.0
vn 0.0 -0.0 -1.0
vn 0.0 0.0 -1.0
vn 0.0 0.0 -1.0
vn 0.0 0.0 -1.0
vn -0.0 0.0 -1.0
vn -0.0 0.0 -1.0
vn -0.0 0.0 -1.0
vn 0.0 0.0 -1.0
vn 0.0 0.0 -1.0
vn 0.0 0.0 -1.0
vn 0.0 0.0 -1.0
vn 0.0 0.0 -1.0
vn 0.0 0.0 -1.0
vn 0.0 0.0 -1.0
vn 0.0 0.0 -1.0
vn 0.0 0.0 -1.0
vn 0.0 0.0 -1.0
vn 0.0 0.0 -1.0
vn 0.0 0.0 -1.0
vn 0.0 0.0 -1.0
vn 0.0 0.0 -1.0
vn 0.0 0.0 -1.0
vn -0.0 0.0 1.0
vn -0.0 0.0 1.0
vn -0.0 0.0 1.0
vn 0.0 0.0 1.0
vn 0.0 0.0 1.0
vn 0.0 0.0 1.0
vn 0.0 0.0 1.0
vn 0.0 0.0 1.0
vn 0.0 0.0 1.0
vn 0.0 0.0 1.0
vn 0.0 0.0 1.0
vn 0.0 0.0 1.0
vn 0.0 0.0 1.0
vn 0.0 0.0 1.0
vn 0.0 0.0 1.0
vn 0.0 0.0 1.0
vn 0.0 0.0 1.0
vn 0.0 0.0 1.0
vn 0.0 0.0 1.0
vn 0.0 0.0 1.0
vn 0.0 0.0 1.0
vn 0.0 0.0 1.0
vn 0.0 0.0 1.0
vn 0.0 0.0 1.0
vn 0.0 -0.0 1.0
vn 0.0 -0.0 1.0
vn 0.0 -0.0 1.0
vn 0.0 0.0 1.0
vn 0.0 0.0 1.0
vn 0.0 0.0 1.0
vn -0.9592859638558155 0.28243661155951266 0.0
vn -0.9592859638558155 0.28243661155951266 0.0
vn -0.9592859638558155 0.28243661155951266 0.0
vn -0.9592859638558155 0.28243661155951266 0.0
vn -0.9592859638558155 0.28243661155951266 0.0
vn -0.9592859638558155 0.28243661155951266 0.0
vn -0.9592849489654445 0.2824400585759119 0.0
vn -0.9592849489654445 0.2824400585759119 0.0
vn -0.9592849489654445 0.2824400585759119 0.0
vn -0.9592849489654445 0.2824400585759119 0.0
vn -0.9592849489654445 0.2824400585759119 0.0
vn -0.9592849489654445 0.2824400585759119 0.0
vn 0.4430342263861306 0.8965046983984205 -0.0
vn 0.4430342263861306 0.8965046983984205 -0.0
vn 0.4430342263861306 0.8965046983984205 -0.0
vn 0.4430342263861306 0.8965046983984205 -0.0
vn 0.4430342263861306 0.8965046983984205 -0.0
vn 0.4430342263861306 0.8965046983984205 -0.0
vn 0.4430301498734138 0.8965067129158267 -0.0
vn 0.4430301498734138 0.8965067129158267 -0.0
vn 0.4430301498734138 0.8965067129158267 -0.0
vn 0.4430301498734138 0.8965067129158267 -0.0
vn 0.4430301498734138 0.8965067129158267 -0.0
vn 0.4430301498734138 0.8965067129158267 -0.0
vn 0.5109501823944324 0.8596103251538435 -0.0
vn 0.5109501823944324 0.8596103251538435 -0.0
vn 0.5109501823944324 0.8596103251538435 -0.0
vn 0.5109501823944324 0.8596103251538435 -0.0
vn 0.5109501823944324 0.8596103251538435 -0.0
vn 0.5109501823944324 0.8596103251538435 -0.0
vn 0.5109990560592101 0.8595812728919797 -0.0
vn 0.5109990560592101 0.8595812728919797 -0.0
vn 0.5109990560592101 0.8595812728919797 -0.0
vn 0.5109990560592101 0.8595812728919797 -0.0
vn 0.5109990560592101 0.8595812728919797 -0.0
vn 0.5109990560592101 0.8595812728919797 -0.0
vn 0.7909019645578246 -0.6119428751595801 0.0
vn 0.7909019645578246 -0.6119428751595801 0.0
vn 0.7909019645578246 -0.6119428751595801 0.0
vn 0.7909019645578246 -0.6119428751595801 0.0
vn 0.7909019645578246 -0.6119428751595801 0.0
vn 0.7909019645578246 -0.6119428751595801 0.0
vn -0.23787836791312802 -0.9712949511240065 0.0
vn -0.23787836791312802 -0.9712949511240065 0.0
vn -0.23787836791312802 -0.9712949511240065 0.0
vn -0.23787836791312802 -0.9712949511240065 0.0
vn -0.23787836791312802 -0.9712949511240065 0.0
vn -0.23787836791312802 -0.9712949511240065 0.0
vn -0.022643115524715776 -0.9997436117922107 0.0
vn -0.022643115524715776 -0.9997436117922107 0.0
vn -0.022643115524715776 -0.9997436117922107 0.0
vn -0.022643115524715776 -0.9997436117922107 0.0
vn -0.022643115524715776 -0.9997436117922107 0.0
vn -0.022643115524715776 -0.9997436117922107 0.0
vn -0.9592803505243971 0.2824556763419527 0.0
vn -0.9592803505243971 0.2824556763419527 0.0
vn -0.9592803505243971 0.2824556763419527 0.0
vn -0.9592803505243971 0.2824556763419527 0.0
vn -0.9592803505243971 0.2824556763419527 0.0
vn -0.9592803505243971 0.2824556763419527 0.0
f 1//1 2//2 3//3
f 4//4 5//5 6//6
f 7//7 8//8 9//9
f 10//10 11//11 12//12
f 13//13 14//14 15//15
f 16//16 17//17 18//18
f 19//19 20//20 21//21
f 22//22 23//23 24//24
f 25//25 26//26 27//27
f 28//28 29//29 30//30
f 31//31 32//32 33//33
f 34//34 35//35 36//36
f 37//37 38//38 39//39
f 40//40 41//41 42//42
f 43//43 44//44 45//45
f 46//46 47//47 48//48
f 49//49 50//50 51//51
f 52//52 53//53 54//54
f 55//55 56//56 57//57
f 58//58 59//59 60//60
f 61//61 62//62 63//63
f 64//64 65//65 66//66
f 67//67 68//68 69//69
f 70//70 71//71 72//72
f 73//73 74//74 75//75
f 76//76 77//77 78//78
f 79//79 80//80 81//81
f 82//82 83//83 84//84
f 85//85 86//86 87//87
f 88//88 89//89 90//90
f 91//91 92//92 93//93
f 94//94 95//95 96//96
f 97//97 98//98 99//99
f 100//100 101//101 102//102
f 103//103 104//104 105//105
f 106//106 107//107 108//108
f 109//109 110//110 111//111
f 112//112 113//113 114//114
f 115//115 116//116 117//117
f 118//118 119//119 120//120
o gml_F4LXYMDVZU5WTAUHM682DW937KK46EK4G7TV
v -8238884.023430208 4942065.774136134 7.22859029717779
v -8238898.524075029 4942071.966191449 7.22859029717779
v -8238877.150125215 4942065.762827098 7.22859029717779
v -8238884.023430208 4942065.774136134 7.22859029717779
v -8238877.150125215 4942065.762827098 7.22859029717779
v -8238877.198201056 4942069.905886633 7.22859029717779
v -8238884.023430208 4942065.774136134 7.22859029717779
v -8238877.198201056 4942069.905886633 7.22859029717779
v -8238872.051852543 4942071.182986983 7.22859029717779
v -8238884.023430208 4942065.774136134 7.22859029717779
v -8238872.051852543 4942071.182986983 7.22859029717779
v -8238870.088573075 4942061.840764968 7.22859029717779
v -8238884.023430208 4942065.774136134 7.22859029717779
v -8238870.088573075 4942061.840764968 7.22859029717779
v -8238875.852753639 4942060.422190849 7.22859029717779
v -8238884.023430208 4942065.774136134 7.22859029717779
v -8238875.852753639 4942060.422190849 7.22859029717779
v -8238875.87711454 4942060.33614905 7.22859029717779
v -8238884.023430208 4942065.774136134 7.22859029717779
v -8238875.87711454 4942060.33614905 7.22859029717779
v -8238876.464146306 4942058.262475168 7.22859029717779
v -8238884.023430208 4942065.774136134 7.22859029717779
v -8238876.464146306 4942058.262475168 7.22859029717779
v -8238901.38764708 4942065.495970083 7.22859029717779
v -8238884.023430208 4942065.774136134 7.22859029717779
v -8238901.38764708 4942065.495970083 7.22859029717779
v -8238900.308402167 4942069.308361018 7.22859029717779
v -8238884.023430208 4942065.774136134 7.22859029717779
v -8238900.308402167 4942069.308361018 7.22859029717779
v -8238899.354841639 4942069.031694183 7.22859029717779
v -8238884.023430208 4942065.774136134 7.22859029717779
v -8238899.354841639 4942069.031694183 7.22859029717779
v -8238898.524075029 4942071.966191449 7.22859029717779
v -8238884.023430208 4942065.774136134 0
v -8238877.150125215 4942065.762827098 0
v -8238898.524075029 4942071.966191449 0
v -8238884.023430208 4942065.774136134 0
v -8238877.198201056 4942069.905886633 0
v -8238877.150125215 4942065.762827098 0
v -8238884.023430208 4942065.774136134 0
v -8238872.051852543 4942071.182986983 0
v -8238877.198201056 4942069.905886633 0
v -8238884.023430208 4942065.774136134 0
v -8238870.088573075 4942061.840764968 0
v -8238872.051852543 4942071.182986983 0
v -8238884.023430208 4942065.774136134 0
v -8238875.852753639 4942060.422190849 0
v -8238870.088573075 4942061.840764968 0
v -8238884.023430208 4942065.774136134 0
v -8238875.87711454 4942060.33614905 0
v -8238875.852753639 4942060.422190849 0
v -8238884.023430208 4942065.774136134 0
v -8238876.464146306 4942058.262475168 0
v -8238875.87711454 4942060.33614905 0
v -8238884.023430208 4942065.774136134 0
v -8238901.38764708 4942065.495970083 0
v -8238876.464146306 4942058.262475168 0
v -8238884.023430208 4942065.774136134 0
v -8238900.308402167 4942069.308361018 0
v -8238901.38764708 4942065.495970083 0
v -8238884.023430208 4942065.774136134 0
v -8238899.354841639 4942069.031694183 0
v -8238900.308402167 4942069.308361018 0
v -8238884.023430208 4942065.774136134 0
v -8238898.524075029 4942071.966191449 0
v -8238899.354841639 4942069.031694183 0
v -8238898.524075029 4942071.966191449 0
v -8238877.150125215 4942065.762827098 0
v -8238898.524075029 4942071.966191449 7.22859029717779
v -8238898.524075029 4942071.966191449 7.22859029717779
v -8238877.150125215 4942065.762827098 0
v -8238877.150125215 4942065.762827098 7.22859029717779
v -8238877.150125215 4942065.762827098 0
v -8238877.198201056 4942069.905886633 0
v -8238877.150125215 4942065.762827098 7.22859029717779
v -8238877.150125215 4942065.762827098 7.22859029717779
v -8238877.198201056 4942069.905886633 0
v -8238877.198201056 4942069.905886633 7.22859029717779
v -8238877.198201056 4942069.905886633 0
v -8238872.051852543 4942071.182986983 0
v -8238877.198201056 4942069.905886633 7.22859029717779
v -8238877.198201056 4942069.905886633 7.22859029717779
v -8238872.051852543 4942071.182986983 0
v -8238872.051852543 4942071.182986983 7.22859029717779
v -8238872.051852543 4942071.182986983 0
v -8238870.088573075 4942061.840764968 0
v -8238872.051852543 4942071.182986983 7.22859029717779
v -8238872.051852543 4942071.182986983 7.22859029717779
v -8238870.088573075 4942061.840764968 0
v -8238870.088573075 4942061.840764968 7.22859029717779
v -8238870.088573075 4942061.840764968 0
v -8238875.852753639 4942060.422190849 0
v -8238870.088573075 4942061.840764968 7.22859029717779
v -8238870.088573075 4942061.840764968 7.22859029717779
v -8238875.852753639 4942060.422190849 0
v -8238875.852753639 4942060.422190849 7.22859029717779
v -8238875.852753639 4942060.422190849 0
v -8238875.87711454 4942060.33614905 0
v -8238875.852753639 4942060.422190849 7.22859029717779
v -8238875.852753639 4942060.422190849 7.22859029717779
v -8238875.87711454 4942060.33614905 0
v -8238875.87711454 4942060.33614905 7.22859029717779
v -8238875.87711454 4942060.33614905 0
v -8238876.464146306 4942058.262475168 0
v -8238875.87711454 4942060.33614905 7.22859029717779
v -8238875.87711454 4942060.33614905 7.22859029717779
v -8238876.464146306 4942058.262475168 0
v -8238876.464146306 4942058.262475168 7.22859029717779
v -8238876.464146306 4942058.262475168 0
v -8238901.38764708 4942065.495970083 0
v -8238876.464146306 4942058.262475168 7.22859029717779
v -8238876.464146306 4942058.262475168 7.22859029717779
v -8238901.38764708 4942065.495970083 0
v -8238901.38764708 4942065.495970083 7.22859029717779
v -8238901.38764708 4942065.495970083 0
v -8238900.308402167 4942069.308361018 0
v -8238901.38764708 4942065.495970083 7.22859029717779
v -8238901.38764708 4942065.495970083 7.22859029717779
v -8238900.308402167 4942069.308361018 0
v -8238900.308402167 4942069.308361018 7.22859029717779
v -8238900.308402167 4942069.308361018 0
v -8238899.354841639 4942069.031694183 0
v -8238900.308402167 4942069.308361018 7.22859029717779
v -8238900.308402167 4942069.308361018 7.22859029717779
v -8238899.354841639 4942069.031694183 0
v -8238899.354841639 4942069.031694183 7.22859029717779
v -8238899.354841639 4942069.031694183 0
v -8238898.524075029 4942071.966191449 0
v -8238899.354841639 4942069.031694183 7.22859029717779
v -8238899.354841639 4942069.031694183 7.22859029717779
v -8238898.524075029 4942071.966191449 0
v -8238898.524075029 4942071.966191449 7.22859029717779
vn 0.0 0.0 -1.0
vn 0.0 0.0 -1.0
vn 0.0 0.0 -1.0
vn -0.0 0.0 1.0
vn -0.0 0.0 1.0
vn -0.0 0.0 1.0
vn 0.0 0.0 -1.0
vn 0.0 0.0 -1.0
vn 0.0 0.0 -1.0
vn 0.0 0.0 -1.0
vn 0.0 0.0 -1.0
vn 0.0 0.0 -1.0
vn 0.0 0.0 -1.0
vn 0.0 0.0 -1.0
vn 0.0 0.0 -1.0
vn 0.0 0.0 -1.0
vn 0.0 0.0 -1.0
vn 0.0 0.0 -1.0
vn 0.0 0.0 -1.0
vn 0.0 0.0 -1.0
vn 0.0 0.0 -1.0
vn 0.0 -0.0 -1.0
vn 0.0 -0.0 -1.0
vn 0.0 -0.0 -1.0
vn -0.0 0.0 -1.0
vn -0.0 0.0 -1.0
vn -0.0 0.0 -1.0
vn 0.0 0.0 1.0
vn 0.0 0.0 1.0
vn 0.0 0.0 1.0
vn 0.0 0.0 -1.0
vn 0.0 0.0 -1.0
vn 0.0 0.0 -1.0
vn -0.0 -0.0 1.0
vn -0.0 -0.0 1.0
vn -0.0 -0.0 1.0
vn 0.0 0.0 -1.0
vn 0.0 0.0 -1.0
vn 0.0 0.0 -1.0
vn 0.0 0.0 1.0
vn 0.0 0.0 1.0
vn 0.0 0.0 1.0
vn -0.0 0.0 1.0
vn -0.0 0.0 1.0
vn -0.0 0.0 1.0
vn 0.0 0.0 1.0
vn 0.0 0.0 1.0
vn 0.0 0.0 1.0
vn 0.0 0.0 1.0
vn 0.0 0.0 1.0
vn 0.0 0.0 1.0
vn 0.0 0.0 1.0
vn 0.0 0.0 1.0
vn 0.0 0.0 1.0
vn 0.0 0.0 1.0
vn 0.0 0.0 1.0
vn 0.0 0.0 1.0
vn 0.0 0.0 1.0
vn 0.0 0.0 1.0
vn 0.0 0.0 1.0
vn 0.0 0.0 -1.0
vn 0.0 0.0 -1.0
vn 0.0 0.0 -1.0
vn 0.0 0.0 1.0
vn 0.0 0.0 1.0
vn 0.0 0.0 1.0
vn -0.27872831375030066 -0.9603699949050439 0.0
vn -0.27872831375030066 -0.9603699949050439 0.0
vn -0.27872831375030066 -0.9603699949050439 0.0
vn -0.27872831375030066 -0.9603699949050439 0.0
vn -0.27872831375030066 -0.9603699949050439 0.0
vn -0.27872831375030066 -0.9603699949050439 0.0
vn 0.9999326810122602 0.01160316524200506 -0.0
vn 0.9999326810122602 0.01160316524200506 -0.0
vn 0.9999326810122602 0.01160316524200506 -0.0
vn 0.9999326810122602 0.01160316524200506 -0.0
vn 0.9999326810122602 0.01160316524200506 -0.0
vn 0.9999326810122602 0.01160316524200506 -0.0
vn 0.24085136893547882 -0.9705620114562006 0.0
vn 0.24085136893547882 -0.9705620114562006 0.0
vn 0.24085136893547882 -0.9705620114562006 0.0
vn 0.24085136893547882 -0.9705620114562006 0.0
vn 0.24085136893547882 -0.9705620114562006 0.0
vn 0.24085136893547882 -0.9705620114562006 0.0
vn -0.9786237191901237 -0.20565898044697672 0.0
vn -0.9786237191901237 -0.20565898044697672 0.0
vn -0.9786237191901237 -0.20565898044697672 0.0
vn -0.9786237191901237 -0.20565898044697672 0.0
vn -0.9786237191901237 -0.20565898044697672 0.0
vn -0.9786237191901237 -0.20565898044697672 0.0
vn -0.23897122221021672 0.9710266499717478 0.0
vn -0.23897122221021672 0.9710266499717478 0.0
vn -0.23897122221021672 0.9710266499717478 0.0
vn -0.23897122221021672 0.9710266499717478 0.0
vn -0.23897122221021672 0.9710266499717478 0.0
vn -0.23897122221021672 0.9710266499717478 0.0
vn -0.9621783555650725 0.27242028573895327 0.0
vn -0.9621783555650725 0.27242028573895327 0.0
vn -0.9621783555650725 0.27242028573895327 0.0
vn -0.9621783555650725 0.27242028573895327 0.0
vn -0.9621783555650725 0.27242028573895327 0.0
vn -0.9621783555650725 0.27242028573895327 0.0
vn -0.9621886658943026 0.2723838674087402 0.0
vn -0.9621886658943026 0.2723838674087402 0.0
vn -0.9621886658943026 0.2723838674087402 0.0
vn -0.9621886658943026 0.2723838674087402 0.0
vn -0.9621886658943026 0.2723838674087402 0.0
vn -0.9621886658943026 0.2723838674087402 0.0
vn 0.27872632029515115 0.9603705734635589 -0.0
vn 0.27872632029515115 0.9603705734635589 -0.0
vn 0.27872632029515115 0.9603705734635589 -0.0
vn 0.27872632029515115 0.9603705734635589 -0.0
vn 0.27872632029515115 0.9603705734635589 -0.0
vn 0.27872632029515115 0.9603705734635589 -0.0
vn 0.962188429638805 -0.272384701973533 0.0
vn 0.962188429638805 -0.272384701973533 0.0
vn 0.962188429638805 -0.272384701973533 0.0
vn 0.962188429638805 -0.272384701973533 0.0
vn 0.962188429638805 -0.272384701973533 0.0
vn 0.962188429638805 -0.272384701973533 0.0
vn -0.27864920036734203 -0.9603929524598985 0.0
vn -0.27864920036734203 -0.9603929524598985 0.0
vn -0.27864920036734203 -0.9603929524598985 0.0
vn -0.27864920036734203 -0.9603929524598985 0.0
vn -0.27864920036734203 -0.9603929524598985 0.0
vn -0.27864920036734203 -0.9603929524598985 0.0
vn 0.962184691282219 -0.27239790722790297 0.0
vn 0.962184691282219 -0.27239790722790297 0.0
vn 0.962184691282219 -0.27239790722790297 0.0
vn 0.962184691282219 -0.27239790722790297 0.0
vn 0.962184691282219 -0.27239790722790297 0.0
vn 0.962184691282219 -0.27239790722790297 0.0
f 1//1 2//2 3//3
f 4//4 5//5 6//6
f 7//7 8//8 9//9
f 10//10 11//11 12//12
f 13//13 14//14 15//15
f 16//16 17//17 18//18
f 19//19 20//20 21//21
f 22//22 23//23 24//24
f 25//25 26//26 27//27
f 28//28 29//29 30//30
f 31//31 32//32 33//33
f 34//34 35//35 36//36
f 37//37 38//38 39//39
f 40//40 41//41 42//42
f 43//43 44//44 45//45
f 46//46 47//47 48//48
f 49//49 50//50 51//51
f 52//52 53//53 54//54
f 55//55 56//56 57//57
f 58//58 59//59 60//60
f 61//61 62//62 63//63
f 64//64 65//65 66//66
f 67//67 68//68 69//69
f 70//70 71//71 72//72
f 73//73 74//74 75//75
f 76//76 77//77 78//78
f 79//79 80//80 81//81
f 82//82 83//83 84//84
f 85//85 86//86 87//87
f 88//88 89//89 90//90
f 91//91 92//92 93//93
f 94//94 95//95 96//96
f 97//97 98//98 99//99
f 100//100 101//101 102//102
f 103//103 104//104 105//105
f 106//106 107//107 108//108
f 109//109 110//110 111//111
f 112//112 113//113 114//114
f 115//115 116//116 117//117
f 118//118 119//119 120//120
f 121//121 122//122 123//123
f 124//124 125//125 126//126
f 127//127 128//128 129//129
f 130//130 131//131 132//132
o gml_RY85QCG7VO731J9QEQXFS3F6612FQRAIUB7M
v -8239080.801429186 4942438.6027598 45.14663957327969
v -8239069.093582292 4942403.921334072 45.14663957327969
v -8239069.196266417 4942403.398132274 45.14663957327969
v -8239080.801429186 4942438.6027598 45.14663957327969
v -8239069.196266417 4942403.398132274 45.14663957327969
v -8239078.245563791 4942408.73697347 45.14663957327969
v -8239080.801429186 4942438.6027598 45.14663957327969
v -8239078.245563791 4942408.73697347 45.14663957327969
v -8239111.625794037 4942428.430569882 45.14663957327969
v -8239080.801429186 4942438.6027598 45.14663957327969
v -8239111.625794037 4942428.430569882 45.14663957327969
v -8239114.616109246 4942430.194705227 45.14663957327969
v -8239080.801429186 4942438.6027598 45.14663957327969
v -8239114.616109246 4942430.194705227 45.14663957327969
v -8239114.859329333 4942430.338204571 45.14663957327969
v -8239080.801429186 4942438.6027598 45.14663957327969
v -8239114.859329333 4942430.338204571 45.14663957327969
v -8239108.422457714 4942466.640922171 45.14663957327969
v -8239080.801429186 4942438.6027598 45.14663957327969
v -8239108.422457714 4942466.640922171 45.14663957327969
v -8239108.258968497 4942467.563266055 45.14663957327969
v -8239080.801429186 4942438.6027598 45.14663957327969
v -8239108.258968497 4942467.563266055 45.14663957327969
v -8239101.605377346 4942505.08795168 45.14663957327969
v -8239080.801429186 4942438.6027598 45.14663957327969
v -8239101.605377346 4942505.08795168 45.14663957327969
v -8239055.012855985 4942475.687074638 45.14663957327969
v -8239080.801429186 4942438.6027598 45.14663957327969
v -8239055.012855985 4942475.687074638 45.14663957327969
v -8239055.982312885 4942470.746106229 45.14663957327969
v -8239080.801429186 4942438.6027598 45.14663957327969
v -8239055.982312885 4942470.746106229 45.14663957327969
v -8239058.705976019 4942456.864236112 45.14663957327969
v -8239080.801429186 4942438.6027598 45.14663957327969
v -8239058.705976019 4942456.864236112 45.14663957327969
v -8239058.725854773 4942456.762583437 45.14663957327969
v -8239080.801429186 4942438.6027598 45.14663957327969
v -8239058.725854773 4942456.762583437 45.14663957327969
v -8239066.656411455 4942416.343048867 45.14663957327969
v -8239080.801429186 4942438.6027598 45.14663957327969
v -8239066.656411455 4942416.343048867 45.14663957327969
v -8239067.117306209 4942413.994241053 45.14663957327969
v -8239080.801429186 4942438.6027598 45.14663957327969
v -8239067.117306209 4942413.994241053 45.14663957327969
v -8239067.480255641 4942412.143956655 45.14663957327969
v -8239080.801429186 4942438.6027598 45.14663957327969
v -8239067.480255641 4942412.143956655 45.14663957327969
v -8239068.019874529 4942409.3936102055 45.14663957327969
v -8239080.801429186 4942438.6027598 45.14663957327969
v -8239068.019874529 4942409.3936102055 45.14663957327969
v -8239069.093582292 4942403.921334072 45.14663957327969
v -8239080.801429186 4942438.6027598 0
v -8239069.196266417 4942403.398132274 0
v -8239069.093582292 4942403.921334072 0
v -8239080.801429186 4942438.6027598 0
v -8239078.245563791 4942408.73697347 0
v -8239069.196266417 4942403.398132274 0
v -8239080.801429186 4942438.6027598 0
v -8239111.625794037 4942428.430569882 0
v -8239078.245563791 4942408.73697347 0
v -8239080.801429186 4942438.6027598 0
v -8239114.616109246 4942430.194705227 0
v -8239111.625794037 4942428.430569882 0
v -8239080.801429186 4942438.6027598 0
v -8239114.859329333 4942430.338204571 0
v -8239114.616109246 4942430.194705227 0
v -8239080.801429186 4942438.6027598 0
v -8239108.422457714 4942466.640922171 0
v -8239114.859329333 4942430.338204571 0
v -8239080.801429186 4942438.6027598 0
v -8239108.258968497 4942467.563266055 0
v -8239108.422457714 4942466.640922171 0
v -8239080.801429186 4942438.6027598 0
v -8239101.605377346 4942505.08795168 0
v -8239108.258968497 4942467.563266055 0
v -8239080.801429186 4942438.6027598 0
v -8239055.012855985 4942475.687074638 0
v -8239101.605377346 4942505.08795168 0
v -8239080.801429186 4942438.6027598 0
v -8239055.982312885 4942470.746106229 0
v -8239055.012855985 4942475.687074638 0
v -8239080.801429186 4942438.6027598 0
v -8239058.705976019 4942456.864236112 0
v -8239055.982312885 4942470.746106229 0
v -8239080.801429186 4942438.6027598 0
v -8239058.725854773 4942456.762583437 0
v -8239058.705976019 4942456.864236112 0
v -8239080.801429186 4942438.6027598 0
v -8239066.656411455 4942416.343048867 0
v -8239058.725854773 4942456.762583437 0
v -8239080.801429186 4942438.6027598 0
v -8239067.117306209 4942413.994241053 0
v -8239066.656411455 4942416.343048867 0
v -8239080.801429186 4942438.6027598 0
v -8239067.480255641 4942412.143956655 0
v -8239067.117306209 4942413.994241053 0
v -8239080.801429186 4942438.6027598 0
v -8239068.019874529 4942409.3936102055 0
v -8239067.480255641 4942412.143956655 0
v -8239080.801429186 4942438.6027598 0
v -8239069.093582292 4942403.921334072 0
v -8239068.019874529 4942409.3936102055 0
v -8239069.093582292 4942403.921334072 0
v -8239069.196266417 4942403.398132274 0
v -8239069.093582292 4942403.921334072 45.14663957327969
v -8239069.093582292 4942403.921334072 45.14663957327969
v -8239069.196266417 4942403.398132274 0
v -8239069.196266417 4942403.398132274 45.14663957327969
v -8239069.196266417 4942403.398132274 0
v -8239078.245563791 4942408.73697347 0
v -8239069.196266417 4942403.398132274 45.14663957327969
v -8239069.196266417 4942403.398132274 45.14663957327969
v -8239078.245563791 4942408.73697347 0
v -8239078.245563791 4942408.73697347 45.14663957327969
v -8239078.245563791 4942408.73697347 0
v -8239111.625794037 4942428.430569882 0
v -8239078.245563791 4942408.73697347 45.14663957327969
v -8239078.245563791 4942408.73697347 45.14663957327969
v -8239111.625794037 4942428.430569882 0
v -8239111.625794037 4942428.430569882 45.14663957327969
v -8239111.625794037 4942428.430569882 0
v -8239114.616109246 4942430.194705227 0
v -8239111.625794037 4942428.430569882 45.14663957327969
v -8239111.625794037 4942428.430569882 45.14663957327969
v -8239114.616109246 4942430.194705227 0
v -8239114.616109246 4942430.194705227 45.14663957327969
v -8239114.616109246 4942430.194705227 0
v -8239114.859329333 4942430.338204571 0
v -8239114.616109246 4942430.194705227 45.14663957327969
v -8239114.616109246 4942430.194705227 45.14663957327969
v -8239114.859329333 4942430.338204571 0
v -8239114.859329333 4942430.338204571 45.14663957327969
v -8239114.859329333 4942430.338204571 0
v -8239108.422457714 4942466.640922171 0
v -8239114.859329333 4942430.338204571 45.14663957327969
v -8239114.859329333 4942430.338204571 45.14663957327969
v -8239108.422457714 4942466.640922171 0
v -8239108.422457714 4942466.640922171 45.14663957327969
v -8239108.422457714 4942466.640922171 0
v -8239108.258968497 4942467.563266055 0
v -8239108.422457714 4942466.640922171 45.14663957327969
v -8239108.422457714 4942466.640922171 45.14663957327969
v -8239108.258968497 4942467.563266055 0
v -8239108.258968497 4942467.563266055 45.14663957327969
v -8239108.258968497 4942467.563266055 0
v -8239101.605377346 4942505.08795168 0
v -8239108.258968497 4942467.563266055 45.14663957327969
v -8239108.258968497 4942467.563266055 45.14663957327969
v -8239101.605377346 4942505.08795168 0
v -8239101.605377346 4942505.08795168 45.14663957327969
v -8239101.605377346 4942505.08795168 0
v -8239055.012855985 4942475.687074638 0
v -8239101.605377346 4942505.08795168 45.14663957327969
v -8239101.605377346 4942505.08795168 45.14663957327969
v -8239055.012855985 4942475.687074638 0
v -8239055.012855985 4942475.687074638 45.14663957327969
v -8239055.012855985 4942475.687074638 0
v -8239055.982312885 4942470.746106229 0
v -8239055.012855985 4942475.687074638 45.14663957327969
v -8239055.012855985 4942475.687074638 45.14663957327969
v -8239055.982312885 4942470.746106229 0
v -8239055.982312885 4942470.746106229 45.14663957327969
v -8239055.982312885 4942470.746106229 0
v -8239058.705976019 4942456.864236112 0
v -8239055.982312885 4942470.746106229 45.14663957327969
v -8239055.982312885 4942470.746106229 45.14663957327969
v -8239058.705976019 4942456.864236112 0
v -8239058.705976019 4942456.864236112 45.14663957327969
v -8239058.705976019 4942456.864236112 0
v -8239058.725854773 4942456.762583437 0
v -8239058.705976019 4942456.864236112 45.14663957327969
v -8239058.705976019 4942456.864236112 45.14663957327969
v -8239058.725854773 4942456.762583437 0
v -8239058.725854773 4942456.762583437 45.14663957327969
v -8239058.725854773 4942456.762583437 0
v -8239066.656411455 4942416.343048867 0
v -8239058.725854773 4942456.762583437 45.14663957327969
v -8239058.725854773 4942456.762583437 45.14663957327969
v -8239066.656411455 4942416.343048867 0
v -8239066.656411455 4942416.343048867 45.14663957327969
v -8239066.656411455 4942416.343048867 0
v -8239067.117306209 4942413.994241053 0
v -8239066.656411455 4942416.343048867 45.14663957327969
v -8239066.656411455 4942416.343048867 45.14663957327969
v -8239067.117306209 4942413.994241053 0
v -8239067.117306209 4942413.994241053 45.14663957327969
v -8239067.117306209 4942413.994241053 0
v -8239067.480255641 4942412.143956655 0
v -8239067.117306209 4942413.994241053 45.14663957327969
v -8239067.117306209 4942413.994241053 45.14663957327969
v -8239067.480255641 4942412.143956655 0
v -8239067.480255641 4942412.143956655 45.14663957327969
v -8239067.480255641 4942412.143956655 0
v -8239068.019874529 4942409.3936102055 0
v -8239067.480255641 4942412.143956655 45.14663957327969
v -8239067.480255641 4942412.143956655 45.14663957327969
v -8239068.019874529 4942409.3936102055 0
v -8239068.019874529 4942409.3936102055 45.14663957327969
v -8239068.019874529 4942409.3936102055 0
v -8239069.093582292 4942403.921334072 0
v -8239068.019874529 4942409.3936102055 45.14663957327969
v -8239068.019874529 4942409.3936102055 45.14663957327969
v -8239069.093582292 4942403.921334072 0
v -8239069.093582292 4942403.921334072 45.14663957327969
vn 0.0 0.0 -1.0
vn 0.0 0.0 -1.0
vn 0.0 0.0 -1.0
vn 0.0 0.0 -1.0
vn 0.0 0.0 -1.0
vn 0.0 0.0 -1.0
vn 0.0 -0.0 -1.0
vn 0.0 -0.0 -1.0
vn 0.0 -0.0 -1.0
vn 0.0 0.0 -1.0
vn 0.0 0.0 -1.0
vn 0.0 0.0 -1.0
vn 0.0 0.0 -1.0
vn 0.0 0.0 -1.0
vn 0.0 0.0 -1.0
vn -0.0 0.0 -1.0
vn -0.0 0.0 -1.0
vn -0.0 0.0 -1.0
vn 0.0 0.0 -1.0
vn 0.0 0.0 -1.0
vn 0.0 0.0 -1.0
vn 0.0 0.0 -1.0
vn 0.0 0.0 -1.0
vn 0.0 0.0 -1.0
vn 0.0 0.0 -1.0
vn 0.0 0.0 -1.0
vn 0.0 0.0 -1.0
vn 0.0 0.0 -1.0
vn 0.0 0.0 -1.0
vn 0.0 0.0 -1.0
vn 0.0 0.0 -1.0
vn 0.0 0.0 -1.0
vn 0.0 0.0 -1.0
vn 0.0 0.0 -1.0
vn 0.0 0.0 -1.0
vn 0.0 0.0 -1.0
vn 0.0 0.0 -1.0
vn 0.0 0.0 -1.0
vn 0.0 0.0 -1.0
vn 0.0 0.0 -1.0
vn 0.0 0.0 -1.0
vn 0.0 0.0 -1.0
vn 0.0 0.0 -1.0
vn 0.0 0.0 -1.0
vn 0.0 0.0 -1.0
vn 0.0 0.0 -1.0
vn 0.0 0.0 -1.0
vn 0.0 0.0 -1.0
vn 0.0 0.0 -1.0
vn 0.0 0.0 -1.0
vn 0.0 0.0 -1.0
vn 0.0 0.0 1.0
vn 0.0 0.0 1.0
vn 0.0 0.0 1.0
vn 0.0 0.0 1.0
vn 0.0 0.0 1.0
vn 0.0 0.0 1.0
vn 0.0 0.0 1.0
vn 0.0 0.0 1.0
vn 0.0 0.0 1.0
vn 0.0 0.0 1.0
vn 0.0 0.0 1.0
vn 0.0 0.0 1.0
vn 0.0 0.0 1.0
vn 0.0 0.0 1.0
vn 0.0 0.0 1.0
vn 0.0 0.0 1.0
vn 0.0 0.0 1.0
vn 0.0 0.0 1.0
vn 0.0 0.0 1.0
vn 0.0 0.0 1.0
vn 0.0 0.0 1.0
vn 0.0 0.0 1.0
vn 0.0 0.0 1.0
vn 0.0 0.0 1.0
vn 0.0 -0.0 1.0
vn 0.0 -0.0 1.0
vn 0.0 -0.0 1.0
vn 0.0 0.0 1.0
vn 0.0 0.0 1.0
vn 0.0 0.0 1.0
vn 0.0 0.0 1.0
vn 0.0 0.0 1.0
vn 0.0 0.0 1.0
vn 0.0 0.0 1.0
vn 0.0 0.0 1.0
vn 0.0 0.0 1.0
vn -0.0 0.0 1.0
vn -0.0 0.0 1.0
vn -0.0 0.0 1.0
vn 0.0 0.0 1.0
vn 0.0 0.0 1.0
vn 0.0 0.0 1.0
vn 0.0 0.0 1.0
vn 0.0 0.0 1.0
vn 0.0 0.0 1.0
vn 0.0 0.0 1.0
vn 0.0 0.0 1.0
vn 0.0 0.0 1.0
vn 0.0 0.0 1.0
vn 0.0 0.0 1.0
vn 0.0 0.0 1.0
vn -0.9812799013220063 0.19258700699027895 0.0
vn -0.9812799013220063 0.19258700699027895 0.0
vn -0.9812799013220063 0.19258700699027895 0.0
vn -0.9812799013220063 0.19258700699027895 0.0
vn -0.9812799013220063 0.19258700699027895 0.0
vn -0.9812799013220063 0.19258700699027895 0.0
vn 0.5081316174232098 0.8612794316450805 -0.0
vn 0.5081316174232098 0.8612794316450805 -0.0
vn 0.5081316174232098 0.8612794316450805 -0.0
vn 0.5081316174232098 0.8612794316450805 -0.0
vn 0.5081316174232098 0.8612794316450805 -0.0
vn 0.5081316174232098 0.8612794316450805 -0.0
vn 0.5081347094813345 0.861277607406764 -0.0
vn 0.5081347094813345 0.861277607406764 -0.0
vn 0.5081347094813345 0.861277607406764 -0.0
vn 0.5081347094813345 0.861277607406764 -0.0
vn 0.5081347094813345 0.861277607406764 -0.0
vn 0.5081347094813345 0.861277607406764 -0.0
vn 0.5081166795566502 0.8612882444085282 -0.0
vn 0.5081166795566502 0.8612882444085282 -0.0
vn 0.5081166795566502 0.8612882444085282 -0.0
vn 0.5081166795566502 0.8612882444085282 -0.0
vn 0.5081166795566502 0.8612882444085282 -0.0
vn 0.5081166795566502 0.8612882444085282 -0.0
vn 0.508147529673049 0.8612700436490159 -0.0
vn 0.508147529673049 0.8612700436490159 -0.0
vn 0.508147529673049 0.8612700436490159 -0.0
vn 0.508147529673049 0.8612700436490159 -0.0
vn 0.508147529673049 0.8612700436490159 -0.0
vn 0.508147529673049 0.8612700436490159 -0.0
vn 0.9846416098111452 -0.1745878009155177 0.0
vn 0.9846416098111452 -0.1745878009155177 0.0
vn 0.9846416098111452 -0.1745878009155177 0.0
vn 0.9846416098111452 -0.1745878009155177 0.0
vn 0.9846416098111452 -0.1745878009155177 0.0
vn 0.9846416098111452 -0.1745878009155177 0.0
vn 0.9846512451035088 -0.17453345099467255 0.0
vn 0.9846512451035088 -0.17453345099467255 0.0
vn 0.9846512451035088 -0.17453345099467255 0.0
vn 0.9846512451035088 -0.17453345099467255 0.0
vn 0.9846512451035088 -0.17453345099467255 0.0
vn 0.9846512451035088 -0.17453345099467255 0.0
vn 0.9846413791122445 -0.17458910200793507 0.0
vn 0.9846413791122445 -0.17458910200793507 0.0
vn 0.9846413791122445 -0.17458910200793507 0.0
vn 0.9846413791122445 -0.17458910200793507 0.0
vn 0.9846413791122445 -0.17458910200793507 0.0
vn 0.9846413791122445 -0.17458910200793507 0.0
vn -0.5336558698585221 -0.845701727895565 0.0
vn -0.5336558698585221 -0.845701727895565 0.0
vn -0.5336558698585221 -0.845701727895565 0.0
vn -0.5336558698585221 -0.845701727895565 0.0
vn -0.5336558698585221 -0.845701727895565 0.0
vn -0.5336558698585221 -0.845701727895565 0.0
vn -0.9812897584017501 0.19253677585291296 0.0
vn -0.9812897584017501 0.19253677585291296 0.0
vn -0.9812897584017501 0.19253677585291296 0.0
vn -0.9812897584017501 0.19253677585291296 0.0
vn -0.9812897584017501 0.19253677585291296 0.0
vn -0.9812897584017501 0.19253677585291296 0.0
vn -0.9812906808444108 0.19253207443933298 0.0
vn -0.9812906808444108 0.19253207443933298 0.0
vn -0.9812906808444108 0.19253207443933298 0.0
vn -0.9812906808444108 0.19253207443933298 0.0
vn -0.9812906808444108 0.19253207443933298 0.0
vn -0.9812906808444108 0.19253207443933298 0.0
vn -0.9814105021091789 0.19192036460420028 0.0
vn -0.9814105021091789 0.19192036460420028 0.0
vn -0.9814105021091789 0.19192036460420028 0.0
vn -0.9814105021091789 0.19192036460420028 0.0
vn -0.9814105021091789 0.19192036460420028 0.0
vn -0.9814105021091789 0.19192036460420028 0.0
vn -0.9812900987725338 0.1925350410989923 0.0
vn -0.9812900987725338 0.1925350410989923 0.0
vn -0.9812900987725338 0.1925350410989923 0.0
vn -0.9812900987725338 0.1925350410989923 0.0
vn -0.9812900987725338 0.1925350410989923 0.0
vn -0.9812900987725338 0.1925350410989923 0.0
vn -0.9812865875233958 0.19255293595967024 0.0
vn -0.9812865875233958 0.19255293595967024 0.0
vn -0.9812865875233958 0.19255293595967024 0.0
vn -0.9812865875233958 0.19255293595967024 0.0
vn -0.9812865875233958 0.19255293595967024 0.0
vn -0.9812865875233958 0.19255293595967024 0.0
vn -0.9812988689743981 0.19249033676932192 0.0
vn -0.9812988689743981 0.19249033676932192 0.0
vn -0.9812988689743981 0.19249033676932192 0.0
vn -0.9812988689743981 0.19249033676932192 0.0
vn -0.9812988689743981 0.19249033676932192 0.0
vn -0.9812988689743981 0.19249033676932192 0.0
vn -0.9812911562909278 0.1925296511844707 0.0
vn -0.9812911562909278 0.1925296511844707 0.0
vn -0.9812911562909278 0.1925296511844707 0.0
vn -0.9812911562909278 0.1925296511844707 0.0
vn -0.9812911562909278 0.1925296511844707 0.0
vn -0.9812911562909278 0.1925296511844707 0.0
vn -0.9812896193272211 0.19253748466373297 0.0
vn -0.9812896193272211 0.19253748466373297 0.0
vn -0.9812896193272211 0.19253748466373297 0.0
vn -0.9812896193272211 0.19253748466373297 0.0
vn -0.9812896193272211 0.19253748466373297 0.0
vn -0.9812896193272211 0.19253748466373297 0.0
f 1//1 2//2 3//3
f 4//4 5//5 6//6
f 7//7 8//8 9//9
f 10//10 11//11 12//12
f 13//13 14//14 15//15
f 16//16 17//17 18//18
f 19//19 20//20 21//21
f 22//22 23//23 24//24
f 25//25 26//26 27//27
f 28//28 29//29 30//30
f 31//31 32//32 33//33
f 34//34 35//35 36//36
f 37//37 38//38 39//39
f 40//40 41//41 42//42
f 43//43 44//44 45//45
f 46//46 47//47 48//48
f 49//49 50//50 51//51
f 52//52 53//53 54//54
f 55//55 56//56 57//57
f 58//58 59//59 60//60
f 61//61 62//62 63//63
f 64//64 65//65 66//66
f 67//67 68//68 69//69
f 70//70 71//71 72//72
f 73//73 74//74 75//75
f 76//76 77//77 78//78
f 79//79 80//80 81//81
f 82//82 83//83 84//84
f 85//85 86//86 87//87
f 88//88 89//89 90//90
f 91//91 92//92 93//93
f 94//94 95//95 96//96
f 97//97 98//98 99//99
f 100//100 101//101 102//102
f 103//103 104//104 105//105
f 106//106 107//107 108//108
f 109//109 110//110 111//111
f 112//112 113//113 114//114
f 115//115 116//116 117//117
f 118//118 119//119 120//120
f 121//121 122//122 123//123
f 124//124 125//125 126//126
f 127//127 128//128 129//129
f 130//130 131//131 132//132
f 133//133 134//134 135//135
f 136//136 137//137 138//138
f 139//139 140//140 141//141
f 142//142 143//143 144//144
f 145//145 146//146 147//147
f 148//148 149//149 150//150
f 151//151 152//152 153//153
f 154//154 155//155 156//156
f 157//157 158//158 159//159
f 160//160 161//161 162//162
f 163//163 164//164 165//165
f 166//166 167//167 168//168
f 169//169 170//170 171//171
f 172//172 173//173 174//174
f 175//175 176//176 177//177
f 178//178 179//179 180//180
f 181//181 182//182 183//183
f 184//184 185//185 186//186
f 187//187 188//188 189//189
f 190//190 191//191 192//192
f 193//193 194//194 195//195
f 196//196 197//197 198//198
f 199//199 200//200 201//201
f 202//202 203//203 204//204
o gml_4595VT383W3QXCOIP4YWLRLJ1MJDX0ZDQ7O9
v -8238988.173030462 4942408.733329669 107.02927101854179
v -8238967.792903894 4942360.723384909 107.02927101854179
v -8238968.426451088 4942360.698752582 107.02927101854179
v -8238988.173030462 4942408.733329669 107.02927101854179
v -8238968.426451088 4942360.698752582 107.02927101854179
v -8238969.05921685 4942360.741352574 107.02927101854179
v -8238988.173030462 4942408.733329669 107.02927101854179
v -8238969.05921685 4942360.741352574 107.02927101854179
v -8238969.683955308 4942360.850785694 107.02927101854179
v -8238988.173030462 4942408.733329669 107.02927101854179
v -8238969.683955308 4942360.850785694 107.02927101854179
v -8238970.294079137 4942361.025585483 107.02927101854179
v -8238988.173030462 4942408.733329669 107.02927101854179
v -8238970.294079137 4942361.025585483 107.02927101854179
v -8238970.761922076 4942361.209209089 107.02927101854179
v -8238988.173030462 4942408.733329669 107.02927101854179
v -8238970.761922076 4942361.209209089 107.02927101854179
v -8238975.598969411 4942364.011752643 107.02927101854179
v -8238988.173030462 4942408.733329669 107.02927101854179
v -8238975.598969411 4942364.011752643 107.02927101854179
v -8238986.645149956 4942370.41182562 107.02927101854179
v -8238988.173030462 4942408.733329669 107.02927101854179
v -8238986.645149956 4942370.41182562 107.02927101854179
v -8238997.616772418 4942376.768679736 107.02927101854179
v -8238988.173030462 4942408.733329669 107.02927101854179
v -8238997.616772418 4942376.768679736 107.02927101854179
v -8239000.532211331 4942378.457882447 107.02927101854179
v -8238988.173030462 4942408.733329669 107.02927101854179
v -8239000.532211331 4942378.457882447 107.02927101854179
v -8239008.433203353 4942383.035637431 107.02927101854179
v -8238988.173030462 4942408.733329669 107.02927101854179
v -8239008.433203353 4942383.035637431 107.02927101854179
v -8239020.016718072 4942389.746958409 107.02927101854179
v -8238988.173030462 4942408.733329669 107.02927101854179
v -8239020.016718072 4942389.746958409 107.02927101854179
v -8239030.579024215 4942395.866664591 107.02927101854179
v -8238988.173030462 4942408.733329669 107.02927101854179
v -8239030.579024215 4942395.866664591 107.02927101854179
v -8239041.40564204 4942402.139331922 107.02927101854179
v -8238988.173030462 4942408.733329669 107.02927101854179
v -8239041.40564204 4942402.139331922 107.02927101854179
v -8239053.457719602 4942409.12215576 107.02927101854179
v -8238988.173030462 4942408.733329669 107.02927101854179
v -8239053.457719602 4942409.12215576 107.02927101854179
v -8239052.402421555 4942414.41847829 107.02927101854179
v -8238988.173030462 4942408.733329669 107.02927101854179
v -8239052.402421555 4942414.41847829 107.02927101854179
v -8239046.116818882 4942445.966617895 107.02927101854179
v -8238988.173030462 4942408.733329669 107.02927101854179
v -8239046.116818882 4942445.966617895 107.02927101854179
v -8239044.627726195 4942453.440887255 107.02927101854179
v -8238988.173030462 4942408.733329669 107.02927101854179
v -8239044.627726195 4942453.440887255 107.02927101854179
v -8239037.314537952 4942490.146100706 107.02927101854179
v -8238988.173030462 4942408.733329669 107.02927101854179
v -8239037.314537952 4942490.146100706 107.02927101854179
v -8239037.276095838 4942490.339001322 107.02927101854179
v -8238988.173030462 4942408.733329669 107.02927101854179
v -8239037.276095838 4942490.339001322 107.02927101854179
v -8239034.141742715 4942506.070552256 107.02927101854179
v -8238988.173030462 4942408.733329669 107.02927101854179
v -8239034.141742715 4942506.070552256 107.02927101854179
v -8239021.22407869 4942503.431772156 107.02927101854179
v -8238988.173030462 4942408.733329669 107.02927101854179
v -8239021.22407869 4942503.431772156 107.02927101854179
v -8239009.710594585 4942501.079717862 107.02927101854179
v -8238988.173030462 4942408.733329669 107.02927101854179
v -8239009.710594585 4942501.079717862 107.02927101854179
v -8238998.063391548 4942498.700455745 107.02927101854179
v -8238988.173030462 4942408.733329669 107.02927101854179
v -8238998.063391548 4942498.700455745 107.02927101854179
v -8238989.994210468 4942497.05210762 107.02927101854179
v -8238988.173030462 4942408.733329669 107.02927101854179
v -8238989.994210468 4942497.05210762 107.02927101854179
v -8238985.80606848 4942496.1965370495 107.02927101854179
v -8238988.173030462 4942408.733329669 107.02927101854179
v -8238985.80606848 4942496.1965370495 107.02927101854179
v -8238974.290229792 4942493.844042247 107.02927101854179
v -8238988.173030462 4942408.733329669 107.02927101854179
v -8238974.290229792 4942493.844042247 107.02927101854179
v -8238962.530531035 4942491.441809813 107.02927101854179
v -8238988.173030462 4942408.733329669 107.02927101854179
v -8238962.530531035 4942491.441809813 107.02927101854179
v -8238950.690866963 4942489.023032971 107.02927101854179
v -8238988.173030462 4942408.733329669 107.02927101854179
v -8238950.690866963 4942489.023032971 107.02927101854179
v -8238938.319079025 4942486.495726995 107.02927101854179
v -8238988.173030462 4942408.733329669 107.02927101854179
v -8238938.319079025 4942486.495726995 107.02927101854179
v -8238950.739185409 4942424.161685226 107.02927101854179
v -8238988.173030462 4942408.733329669 107.02927101854179
v -8238950.739185409 4942424.161685226 107.02927101854179
v -8238962.387508794 4942365.700249187 107.02927101854179
v -8238988.173030462 4942408.733329669 107.02927101854179
v -8238962.387508794 4942365.700249187 107.02927101854179
v -8238962.536953374 4942365.076329101 107.02927101854179
v -8238988.173030462 4942408.733329669 107.02927101854179
v -8238962.536953374 4942365.076329101 107.02927101854179
v -8238962.750032239 4942364.471609545 107.02927101854179
v -8238988.173030462 4942408.733329669 107.02927101854179
v -8238962.750032239 4942364.471609545 107.02927101854179
v -8238963.024243155 4942363.892760728 107.02927101854179
v -8238988.173030462 4942408.733329669 107.02927101854179
v -8238963.024243155 4942363.892760728 107.02927101854179
v -8238963.356820359 4942363.346052702 107.02927101854179
v -8238988.173030462 4942408.733329669 107.02927101854179
v -8238963.356820359 4942363.346052702 107.02927101854179
v -8238963.744075873 4942362.837622224 107.02927101854179
v -8238988.173030462 4942408.733329669 107.02927101854179
v -8238963.744075873 4942362.837622224 107.02927101854179
v -8238964.181662907 4942362.372939187 107.02927101854179
v -8238988.173030462 4942408.733329669 107.02927101854179
v -8238964.181662907 4942362.372939187 107.02927101854179
v -8238964.664707663 4942361.957073335 107.02927101854179
v -8238988.173030462 4942408.733329669 107.02927101854179
v -8238964.664707663 4942361.957073335 107.02927101854179
v -8238965.1880727885 4942361.594560879 107.02927101854179
v -8238988.173030462 4942408.733329669 107.02927101854179
v -8238965.1880727885 4942361.594560879 107.02927101854179
v -8238965.746093907 4942361.289537893 107.02927101854179
v -8238988.173030462 4942408.733329669 107.02927101854179
v -8238965.746093907 4942361.289537893 107.02927101854179
v -8238965.955420211 4942361.193996631 107.02927101854179
v -8238988.173030462 4942408.733329669 107.02927101854179
v -8238965.955420211 4942361.193996631 107.02927101854179
v -8238966.550472153 4942360.972341851 107.02927101854179
v -8238988.173030462 4942408.733329669 107.02927101854179
v -8238966.550472153 4942360.972341851 107.02927101854179
v -8238966.983495445 4942360.861429118 107.02927101854179
v -8238988.173030462 4942408.733329669 107.02927101854179
v -8238966.983495445 4942360.861429118 107.02927101854179
v -8238967.165294084 4942360.814848438 107.02927101854179
v -8238988.173030462 4942408.733329669 107.02927101854179
v -8238967.165294084 4942360.814848438 107.02927101854179
v -8238967.792903894 4942360.723384909 107.02927101854179
v -8238988.173030462 4942408.733329669 0
v -8238968.426451088 4942360.698752582 0
v -8238967.792903894 4942360.723384909 0
v -8238988.173030462 4942408.733329669 0
v -8238969.05921685 4942360.741352574 0
v -8238968.426451088 4942360.698752582 0
v -8238988.173030462 4942408.733329669 0
v -8238969.683955308 4942360.850785694 0
v -8238969.05921685 4942360.741352574 0
v -8238988.173030462 4942408.733329669 0
v -8238970.294079137 4942361.025585483 0
v -8238969.683955308 4942360.850785694 0
v -8238988.173030462 4942408.733329669 0
v -8238970.761922076 4942361.209209089 0
v -8238970.294079137 4942361.025585483 0
v -8238988.173030462 4942408.733329669 0
v -8238975.598969411 4942364.011752643 0
v -8238970.761922076 4942361.209209089 0
v -8238988.173030462 4942408.733329669 0
v -8238986.645149956 4942370.41182562 0
v -8238975.598969411 4942364.011752643 0
v -8238988.173030462 4942408.733329669 0
v -8238997.616772418 4942376.768679736 0
v -8238986.645149956 4942370.41182562 0
v -8238988.173030462 4942408.733329669 0
v -8239000.532211331 4942378.457882447 0
v -8238997.616772418 4942376.768679736 0
v -8238988.173030462 4942408.733329669 0
v -8239008.433203353 4942383.035637431 0
v -8239000.532211331 4942378.457882447 0
v -8238988.173030462 4942408.733329669 0
v -8239020.016718072 4942389.746958409 0
v -8239008.433203353 4942383.035637431 0
v -8238988.173030462 4942408.733329669 0
v -8239030.579024215 4942395.866664591 0
v -8239020.016718072 4942389.746958409 0
v -8238988.173030462 4942408.733329669 0
v -8239041.40564204 4942402.139331922 0
v -8239030.579024215 4942395.866664591 0
v -8238988.173030462 4942408.733329669 0
v -8239053.457719602 4942409.12215576 0
v -8239041.40564204 4942402.139331922 0
v -8238988.173030462 4942408.733329669 0
v -8239052.402421555 4942414.41847829 0
v -8239053.457719602 4942409.12215576 0
v -8238988.173030462 4942408.733329669 0
v -8239046.116818882 4942445.966617895 0
v -8239052.402421555 4942414.41847829 0
v -8238988.173030462 4942408.733329669 0
v -8239044.627726195 4942453.440887255 0
v -8239046.116818882 4942445.966617895 0
v -8238988.173030462 4942408.733329669 0
v -8239037.314537952 4942490.146100706 0
v -8239044.627726195 4942453.440887255 0
v -8238988.173030462 4942408.733329669 0
v -8239037.276095838 4942490.339001322 0
v -8239037.314537952 4942490.146100706 0
v -8238988.173030462 4942408.733329669 0
v -8239034.141742715 4942506.070552256 0
v -8239037.276095838 4942490.339001322 0
v -8238988.173030462 4942408.733329669 0
v -8239021.22407869 4942503.431772156 0
v -8239034.141742715 4942506.070552256 0
v -8238988.173030462 4942408.733329669 0
v -8239009.710594585 4942501.079717862 0
v -8239021.22407869 4942503.431772156 0
v -8238988.173030462 4942408.733329669 0
v -8238998.063391548 4942498.700455745 0
v -8239009.710594585 4942501.079717862 0
v -8238988.173030462 4942408.733329669 0
v -8238989.994210468 4942497.05210762 0
v -8238998.063391548 4942498.700455745 0
v -8238988.173030462 4942408.733329669 0
v -8238985.80606848 4942496.1965370495 0
v -8238989.994210468 4942497.05210762 0
v -8238988.173030462 4942408.733329669 0
v -8238974.290229792 4942493.844042247 0
v -8238985.80606848 4942496.1965370495 0
v -8238988.173030462 4942408.733329669 0
v -8238962.530531035 4942491.441809813 0
v -8238974.290229792 4942493.844042247 0
v -8238988.173030462 4942408.733329669 0
v -8238950.690866963 4942489.023032971 0
v -8238962.530531035 4942491.441809813 0
v -8238988.173030462 4942408.733329669 0
v -8238938.319079025 4942486.495726995 0
v -8238950.690866963 4942489.023032971 0
v -8238988.173030462 4942408.733329669 0
v -8238950.739185409 4942424.161685226 0
v -8238938.319079025 4942486.495726995 0
v -8238988.173030462 4942408.733329669 0
v -8238962.387508794 4942365.700249187 0
v -8238950.739185409 4942424.161685226 0
v -8238988.173030462 4942408.733329669 0
v -8238962.536953374 4942365.076329101 0
v -8238962.387508794 4942365.700249187 0
v -8238988.173030462 4942408.733329669 0
v -8238962.750032239 4942364.471609545 0
v -8238962.536953374 4942365.076329101 0
v -8238988.173030462 4942408.733329669 0
v -8238963.024243155 4942363.892760728 0
v -8238962.750032239 4942364.471609545 0
v -8238988.173030462 4942408.733329669 0
v -8238963.356820359 4942363.346052702 0
v -8238963.024243155 4942363.892760728 0
v -8238988.173030462 4942408.733329669 0
v -8238963.744075873 4942362.837622224 0
v -8238963.356820359 4942363.346052702 0
v -8238988.173030462 4942408.733329669 0
v -8238964.181662907 4942362.372939187 0
v -8238963.744075873 4942362.837622224 0
v -8238988.173030462 4942408.733329669 0
v -8238964.664707663 4942361.957073335 0
v -8238964.181662907 4942362.372939187 0
v -8238988.173030462 4942408.733329669 0
v -8238965.1880727885 4942361.594560879 0
v -8238964.664707663 4942361.957073335 0
v -8238988.173030462 4942408.733329669 0
v -8238965.746093907 4942361.289537893 0
v -8238965.1880727885 4942361.594560879 0
v -8238988.173030462 4942408.733329669 0
v -8238965.955420211 4942361.193996631 0
v -8238965.746093907 4942361.289537893 0
v -8238988.173030462 4942408.733329669 0
v -8238966.550472153 4942360.972341851 0
v -8238965.955420211 4942361.193996631 0
v -8238988.173030462 4942408.733329669 0
v -8238966.983495445 4942360.861429118 0
v -8238966.550472153 4942360.972341851 0
v -8238988.173030462 4942408.733329669 0
v -8238967.165294084 4942360.814848438 0
v -8238966.983495445 4942360.861429118 0
v -8238988.173030462 4942408.733329669 0
v -8238967.792903894 4942360.723384909 0
v -8238967.165294084 4942360.814848438 0
v -8238967.792903894 4942360.723384909 0
v -8238968.426451088 4942360.698752582 0
v -8238967.792903894 4942360.723384909 107.02927101854179
v -8238967.792903894 4942360.723384909 107.02927101854179
v -8238968.426451088 4942360.698752582 0
v -8238968.426451088 4942360.698752582 107.02927101854179
v -8238968.426451088 4942360.698752582 0
v -8238969.05921685 4942360.741352574 0
v -8238968.426451088 4942360.698752582 107.02927101854179
v -8238968.426451088 4942360.698752582 107.02927101854179
v -8238969.05921685 4942360.741352574 0
v -8238969.05921685 4942360.741352574 107.02927101854179
v -8238969.05921685 4942360.741352574 0
v -8238969.683955308 4942360.850785694 0
v -8238969.05921685 4942360.741352574 107.02927101854179
v -8238969.05921685 4942360.741352574 107.02927101854179
v -8238969.683955308 4942360.850785694 0
v -8238969.683955308 4942360.850785694 107.02927101854179
v -8238969.683955308 4942360.850785694 0
v -8238970.294079137 4942361.025585483 0
v -8238969.683955308 4942360.850785694 107.02927101854179
v -8238969.683955308 4942360.850785694 107.02927101854179
v -8238970.294079137 4942361.025585483 0
v -8238970.294079137 4942361.025585483 107.02927101854179
v -8238970.294079137 4942361.025585483 0
v -8238970.761922076 4942361.209209089 0
v -8238970.294079137 4942361.025585483 107.02927101854179
v -8238970.294079137 4942361.025585483 107.02927101854179
v -8238970.761922076 4942361.209209089 0
v -8238970.761922076 4942361.209209089 107.02927101854179
v -8238970.761922076 4942361.209209089 0
v -8238975.598969411 4942364.011752643 0
v -8238970.761922076 4942361.209209089 107.02927101854179
v -8238970.761922076 4942361.209209089 107.02927101854179
v -8238975.598969411 4942364.011752643 0
v -8238975.598969411 4942364.011752643 107.02927101854179
v -8238975.598969411 4942364.011752643 0
v -8238986.645149956 4942370.41182562 0
v -8238975.598969411 4942364.011752643 107.02927101854179
v -8238975.598969411 4942364.011752643 107.02927101854179
v -8238986.645149956 4942370.41182562 0
v -8238986.645149956 4942370.41182562 107.02927101854179
v -8238986.645149956 4942370.41182562 0
v -8238997.616772418 4942376.768679736 0
v -8238986.645149956 4942370.41182562 107.02927101854179
v -8238986.645149956 4942370.41182562 107.02927101854179
v -8238997.616772418 4942376.768679736 0
v -8238997.616772418 4942376.768679736 107.02927101854179
v -8238997.616772418 4942376.768679736 0
v -8239000.532211331 4942378.457882447 0
v -8238997.616772418 4942376.768679736 107.02927101854179
v -8238997.616772418 4942376.768679736 107.02927101854179
v -8239000.532211331 4942378.457882447 0
v -8239000.532211331 4942378.457882447 107.02927101854179
v -8239000.532211331 4942378.457882447 0
v -8239008.433203353 4942383.035637431 0
v -8239000.532211331 4942378.457882447 107.02927101854179
v -8239000.532211331 4942378.457882447 107.02927101854179
v -8239008.433203353 4942383.035637431 0
v -8239008.433203353 4942383.035637431 107.02927101854179
v -8239008.433203353 4942383.035637431 0
v -8239020.016718072 4942389.746958409 0
v -8239008.433203353 4942383.035637431 107.02927101854179
v -8239008.433203353 4942383.035637431 107.02927101854179
v -8239020.016718072 4942389.746958409 0
v -8239020.016718072 4942389.746958409 107.02927101854179
v -8239020.016718072 4942389.746958409 0
v -8239030.579024215 4942395.866664591 0
v -8239020.016718072 4942389.746958409 107.02927101854179
v -8239020.016718072 4942389.746958409 107.02927101854179
v -8239030.579024215 4942395.866664591 0
v -8239030.579024215 4942395.866664591 107.02927101854179
v -8239030.579024215 4942395.866664591 0
v -8239041.40564204 4942402.139331922 0
v -8239030.579024215 4942395.866664591 107.02927101854179
v -8239030.579024215 4942395.866664591 107.02927101854179
v -8239041.40564204 4942402.139331922 0
v -8239041.40564204 4942402.139331922 107.02927101854179
v -8239041.40564204 4942402.139331922 0
v -8239053.457719602 4942409.12215576 0
v -8239041.40564204 4942402.139331922 107.02927101854179
v -8239041.40564204 4942402.139331922 107.02927101854179
v -8239053.457719602 4942409.12215576 0
v -8239053.457719602 4942409.12215576 107.02927101854179
v -8239053.457719602 4942409.12215576 0
v -8239052.402421555 4942414.41847829 0
v -8239053.457719602 4942409.12215576 107.02927101854179
v -8239053.457719602 4942409.12215576 107.02927101854179
v -8239052.402421555 4942414.41847829 0
v -8239052.402421555 4942414.41847829 107.02927101854179
v -8239052.402421555 4942414.41847829 0
v -8239046.116818882 4942445.966617895 0
v -8239052.402421555 4942414.41847829 107.02927101854179
v -8239052.402421555 4942414.41847829 107.02927101854179
v -8239046.116818882 4942445.966617895 0
v -8239046.116818882 4942445.966617895 107.02927101854179
v -8239046.116818882 4942445.966617895 0
v -8239044.627726195 4942453.440887255 0
v -8239046.116818882 4942445.966617895 107.02927101854179
v -8239046.116818882 4942445.966617895 107.02927101854179
v -8239044.627726195 4942453.440887255 0
v -8239044.627726195 4942453.440887255 107.02927101854179
v -8239044.627726195 4942453.440887255 0
v -8239037.314537952 4942490.146100706 0
v -8239044.627726195 4942453.440887255 107.02927101854179
v -8239044.627726195 4942453.440887255 107.02927101854179
v -8239037.314537952 4942490.146100706 0
v -8239037.314537952 4942490.146100706 107.02927101854179
v -8239037.314537952 4942490.146100706 0
v -8239037.276095838 4942490.339001322 0
v -8239037.314537952 4942490.146100706 107.02927101854179
v -8239037.314537952 4942490.146100706 107.02927101854179
v -8239037.276095838 4942490.339001322 0
v -8239037.276095838 4942490.339001322 107.02927101854179
v -8239037.276095838 4942490.339001322 0
v -8239034.141742715 4942506.070552256 0
v -8239037.276095838 4942490.339001322 107.02927101854179
v -8239037.276095838 4942490.339001322 107.02927101854179
v -8239034.141742715 4942506.070552256 0
v -8239034.141742715 4942506.070552256 107.02927101854179
v -8239034.141742715 4942506.070552256 0
v -8239021.22407869 4942503.431772156 0
v -8239034.141742715 4942506.070552256 107.02927101854179
v -8239034.141742715 4942506.070552256 107.02927101854179
v -8239021.22407869 4942503.431772156 0
v -8239021.22407869 4942503.431772156 107.02927101854179
v -8239021.22407869 4942503.431772156 0
v -8239009.710594585 4942501.079717862 0
v -8239021.22407869 4942503.431772156 107.02927101854179
v -8239021.22407869 4942503.431772156 107.02927101854179
v -8239009.710594585 4942501.079717862 0
v -8239009.710594585 4942501.079717862 107.02927101854179
v -8239009.710594585 4942501.079717862 0
v -8238998.063391548 4942498.700455745 0
v -8239009.710594585 4942501.079717862 107.02927101854179
v -8239009.710594585 4942501.079717862 107.02927101854179
v -8238998.063391548 4942498.700455745 0
v -8238998.063391548 4942498.700455745 107.02927101854179
v -8238998.063391548 4942498.700455745 0
v -8238989.994210468 4942497.05210762 0
v -8238998.063391548 4942498.700455745 107.02927101854179
v -8238998.063391548 4942498.700455745 107.02927101854179
v -8238989.994210468 4942497.05210762 0
v -8238989.994210468 4942497.05210762 107.02927101854179
v -8238989.994210468 4942497.05210762 0
v -8238985.80606848 4942496.1965370495 0
v -8238989.994210468 4942497.05210762 107.02927101854179
v -8238989.994210468 4942497.05210762 107.02927101854179
v -8238985.80606848 4942496.1965370495 0
v -8238985.80606848 4942496.1965370495 107.02927101854179
v -8238985.80606848 4942496.1965370495 0
v -8238974.290229792 4942493.844042247 0
v -8238985.80606848 4942496.1965370495 107.02927101854179
v -8238985.80606848 4942496.1965370495 107.02927101854179
v -8238974.290229792 4942493.844042247 0
v -8238974.290229792 4942493.844042247 107.02927101854179
v -8238974.290229792 4942493.844042247 0
v -8238962.530531035 4942491.441809813 0
v -8238974.290229792 4942493.844042247 107.02927101854179
v -8238974.290229792 4942493.844042247 107.02927101854179
v -8238962.530531035 4942491.441809813 0
v -8238962.530531035 4942491.441809813 107.02927101854179
v -8238962.530531035 4942491.441809813 0
v -8238950.690866963 4942489.023032971 0
v -8238962.530531035 4942491.441809813 107.02927101854179
v -8238962.530531035 4942491.441809813 107.02927101854179
v -8238950.690866963 4942489.023032971 0
v -8238950.690866963 4942489.023032971 107.02927101854179
v -8238950.690866963 4942489.023032971 0
v -8238938.319079025 4942486.495726995 0
v -8238950.690866963 4942489.023032971 107.02927101854179
v -8238950.690866963 4942489.023032971 107.02927101854179
v -8238938.319079025 4942486.495726995 0
v -8238938.319079025 4942486.495726995 107.02927101854179
v -8238938.319079025 4942486.495726995 0
v -8238950.739185409 4942424.161685226 0
v -8238938.319079025 4942486.495726995 107.02927101854179
v -8238938.319079025 4942486.495726995 107.02927101854179
v -8238950.739185409 4942424.161685226 0
v -8238950.739185409 4942424.161685226 107.02927101854179
v -8238950.739185409 4942424.161685226 0
v -8238962.387508794 4942365.700249187 0
v -8238950.739185409 4942424.161685226 107.02927101854179
v -8238950.739185409 4942424.161685226 107.02927101854179
v -8238962.387508794 4942365.700249187 0
v -8238962.387508794 4942365.700249187 107.02927101854179
v -8238962.387508794 4942365.700249187 0
v -8238962.536953374 4942365.076329101 0
v -8238962.387508794 4942365.700249187 107.02927101854179
v -8238962.387508794 4942365.700249187 107.02927101854179
v -8238962.536953374 4942365.076329101 0
v -8238962.536953374 4942365.076329101 107.02927101854179
v -8238962.536953374 4942365.076329101 0
v -8238962.750032239 4942364.471609545 0
v -8238962.536953374 4942365.076329101 107.02927101854179
v -8238962.536953374 4942365.076329101 107.02927101854179
v -8238962.750032239 4942364.471609545 0
v -8238962.750032239 4942364.471609545 107.02927101854179
v -8238962.750032239 4942364.471609545 0
v -8238963.024243155 4942363.892760728 0
v -8238962.750032239 4942364.471609545 107.02927101854179
v -8238962.750032239 4942364.471609545 107.02927101854179
v -8238963.024243155 4942363.892760728 0
v -8238963.024243155 4942363.892760728 107.02927101854179
v -8238963.024243155 4942363.892760728 0
v -8238963.356820359 4942363.346052702 0
v -8238963.024243155 4942363.892760728 107.02927101854179
v -8238963.024243155 4942363.892760728 107.02927101854179
v -8238963.356820359 4942363.346052702 0
v -8238963.356820359 4942363.346052702 107.02927101854179
v -8238963.356820359 4942363.346052702 0
v -8238963.744075873 4942362.837622224 0
v -8238963.356820359 4942363.346052702 107.02927101854179
v -8238963.356820359 4942363.346052702 107.02927101854179
v -8238963.744075873 4942362.837622224 0
v -8238963.744075873 4942362.837622224 107.02927101854179
v -8238963.744075873 4942362.837622224 0
v -8238964.181662907 4942362.372939187 0
v -8238963.744075873 4942362.837622224 107.02927101854179
v -8238963.744075873 4942362.837622224 107.02927101854179
v -8238964.181662907 4942362.372939187 0
v -8238964.181662907 4942362.372939187 107.02927101854179
v -8238964.181662907 4942362.372939187 0
v -8238964.664707663 4942361.957073335 0
v -8238964.181662907 4942362.372939187 107.02927101854179
v -8238964.181662907 4942362.372939187 107.02927101854179
v -8238964.664707663 4942361.957073335 0
v -8238964.664707663 4942361.957073335 107.02927101854179
v -8238964.664707663 4942361.957073335 0
v -8238965.1880727885 4942361.594560879 0
v -8238964.664707663 4942361.957073335 107.02927101854179
v -8238964.664707663 4942361.957073335 107.02927101854179
v -8238965.1880727885 4942361.594560879 0
v -8238965.1880727885 4942361.594560879 107.02927101854179
v -8238965.1880727885 4942361.594560879 0
v -8238965.746093907 4942361.289537893 0
v -8238965.1880727885 4942361.594560879 107.02927101854179
v -8238965.1880727885 4942361.594560879 107.02927101854179
v -8238965.746093907 4942361.289537893 0
v -8238965.746093907 4942361.289537893 107.02927101854179
v -8238965.746093907 4942361.289537893 0
v -8238965.955420211 4942361.193996631 0
v -8238965.746093907 4942361.289537893 107.02927101854179
v -8238965.746093907 4942361.289537893 107.02927101854179
v -8238965.955420211 4942361.193996631 0
v -8238965.955420211 4942361.193996631 107.02927101854179
v -8238965.955420211 4942361.193996631 0
v -8238966.550472153 4942360.972341851 0
v -8238965.955420211 4942361.193996631 107.02927101854179
v -8238965.955420211 4942361.193996631 107.02927101854179
v -8238966.550472153 4942360.972341851 0
v -8238966.550472153 4942360.972341851 107.02927101854179
v -8238966.550472153 4942360.972341851 0
v -8238966.983495445 4942360.861429118 0
v -8238966.550472153 4942360.972341851 107.02927101854179
v -8238966.550472153 4942360.972341851 107.02927101854179
v -8238966.983495445 4942360.861429118 0
v -8238966.983495445 4942360.861429118 107.02927101854179
v -8238966.983495445 4942360.861429118 0
v -8238967.165294084 4942360.814848438 0
v -8238966.983495445 4942360.861429118 107.02927101854179
v -8238966.983495445 4942360.861429118 107.02927101854179
v -8238967.165294084 4942360.814848438 0
v -8238967.165294084 4942360.814848438 107.02927101854179
v -8238967.165294084 4942360.814848438 0
v -8238967.792903894 4942360.723384909 0
v -8238967.165294084 4942360.814848438 107.02927101854179
v -8238967.165294084 4942360.814848438 107.02927101854179
v -8238967.792903894 4942360.723384909 0
v -8238967.792903894 4942360.723384909 107.02927101854179
vn 0.0 0.0 -1.0
vn 0.0 0.0 -1.0
vn 0.0 0.0 -1.0
vn 0.0 0.0 -1.0
vn 0.0 0.0 -1.0
vn 0.0 0.0 -1.0
vn 0.0 0.0 -1.0
vn 0.0 0.0 -1.0
vn 0.0 0.0 -1.0
vn 0.0 0.0 -1.0
vn 0.0 0.0 -1.0
vn 0.0 0.0 -1.0
vn 0.0 0.0 -1.0
vn 0.0 0.0 -1.0
vn 0.0 0.0 -1.0
vn 0.0 0.0 -1.0
vn 0.0 0.0 -1.0
vn 0.0 0.0 -1.0
vn 0.0 0.0 -1.0
vn 0.0 0.0 -1.0
vn 0.0 0.0 -1.0
vn 0.0 -0.0 -1.0
vn 0.0 -0.0 -1.0
vn 0.0 -0.0 -1.0
vn 0.0 0.0 -1.0
vn 0.0 0.0 -1.0
vn 0.0 0.0 -1.0
vn 0.0 0.0 -1.0
vn 0.0 0.0 -1.0
vn 0.0 0.0 -1.0
vn 0.0 0.0 -1.0
vn 0.0 0.0 -1.0
vn 0.0 0.0 -1.0
vn 0.0 0.0 -1.0
vn 0.0 0.0 -1.0
vn 0.0 0.0 -1.0
vn 0.0 0.0 -1.0
vn 0.0 0.0 -1.0
vn 0.0 0.0 -1.0
vn -0.0 0.0 -1.0
vn -0.0 0.0 -1.0
vn -0.0 0.0 -1.0
vn 0.0 0.0 -1.0
vn 0.0 0.0 -1.0
vn 0.0 0.0 -1.0
vn 0.0 0.0 -1.0
vn 0.0 0.0 -1.0
vn 0.0 0.0 -1.0
vn 0.0 0.0 -1.0
vn 0.0 0.0 -1.0
vn 0.0 0.0 -1.0
vn 0.0 0.0 -1.0
vn 0.0 0.0 -1.0
vn 0.0 0.0 -1.0
vn 0.0 0.0 -1.0
vn 0.0 0.0 -1.0
vn 0.0 0.0 -1.0
vn 0.0 0.0 -1.0
vn 0.0 0.0 -1.0
vn 0.0 0.0 -1.0
vn 0.0 0.0 -1.0
vn 0.0 0.0 -1.0
vn 0.0 0.0 -1.0
vn 0.0 0.0 -1.0
vn 0.0 0.0 -1.0
vn 0.0 0.0 -1.0
vn 0.0 0.0 -1.0
vn 0.0 0.0 -1.0
vn 0.0 0.0 -1.0
vn 0.0 0.0 -1.0
vn 0.0 0.0 -1.0
vn 0.0 0.0 -1.0
vn 0.0 0.0 -1.0
vn 0.0 0.0 -1.0
vn 0.0 0.0 -1.0
vn 0.0 0.0 -1.0
vn 0.0 0.0 -1.0
vn 0.0 0.0 -1.0
vn 0.0 0.0 -1.0
vn 0.0 0.0 -1.0
vn 0.0 0.0 -1.0
vn 0.0 0.0 -1.0
vn 0.0 0.0 -1.0
vn 0.0 0.0 -1.0
vn 0.0 0.0 -1.0
vn 0.0 0.0 -1.0
vn 0.0 0.0 -1.0
vn 0.0 0.0 -1.0
vn 0.0 0.0 -1.0
vn 0.0 0.0 -1.0
vn 0.0 0.0 -1.0
vn 0.0 0.0 -1.0
vn 0.0 0.0 -1.0
vn 0.0 0.0 -1.0
vn 0.0 0.0 -1.0
vn 0.0 0.0 -1.0
vn 0.0 0.0 -1.0
vn 0.0 0.0 -1.0
vn 0.0 0.0 -1.0
vn 0.0 0.0 -1.0
vn 0.0 0.0 -1.0
vn 0.0 0.0 -1.0
vn 0.0 0.0 -1.0
vn 0.0 0.0 -1.0
vn 0.0 0.0 -1.0
vn 0.0 0.0 -1.0
vn 0.0 0.0 -1.0
vn 0.0 0.0 -1.0
vn 0.0 0.0 -1.0
vn 0.0 0.0 -1.0
vn 0.0 0.0 -1.0
vn 0.0 0.0 -1.0
vn 0.0 0.0 -1.0
vn 0.0 0.0 -1.0
vn 0.0 0.0 -1.0
vn 0.0 0.0 -1.0
vn 0.0 0.0 -1.0
vn 0.0 0.0 -1.0
vn 0.0 0.0 -1.0
vn 0.0 0.0 -1.0
vn 0.0 0.0 -1.0
vn 0.0 0.0 -1.0
vn 0.0 0.0 -1.0
vn 0.0 0.0 -1.0
vn 0.0 0.0 -1.0
vn 0.0 0.0 -1.0
vn 0.0 0.0 -1.0
vn 0.0 0.0 -1.0
vn 0.0 0.0 -1.0
vn 0.0 0.0 -1.0
vn 0.0 0.0 -1.0
vn 0.0 0.0 -1.0
vn 0.0 0.0 -1.0
vn 0.0 0.0 -1.0
vn 0.0 0.0 -1.0
vn 0.0 0.0 1.0
vn 0.0 0.0 1.0
vn 0.0 0.0 1.0
vn 0.0 0.0 1.0
vn 0.0 0.0 1.0
vn 0.0 0.0 1.0
vn 0.0 0.0 1.0
vn 0.0 0.0 1.0
vn 0.0 0.0 1.0
vn 0.0 0.0 1.0
vn 0.0 0.0 1.0
vn 0.0 0.0 1.0
vn 0.0 0.0 1.0
vn 0.0 0.0 1.0
vn 0.0 0.0 1.0
vn 0.0 0.0 1.0
vn 0.0 0.0 1.0
vn 0.0 0.0 1.0
vn 0.0 0.0 1.0
vn 0.0 0.0 1.0
vn 0.0 0.0 1.0
vn 0.0 0.0 1.0
vn 0.0 0.0 1.0
vn 0.0 0.0 1.0
vn 0.0 0.0 1.0
vn 0.0 0.0 1.0
vn 0.0 0.0 1.0
vn 0.0 0.0 1.0
vn 0.0 0.0 1.0
vn 0.0 0.0 1.0
vn 0.0 0.0 1.0
vn 0.0 0.0 1.0
vn 0.0 0.0 1.0
vn 0.0 0.0 1.0
vn 0.0 0.0 1.0
vn 0.0 0.0 1.0
vn 0.0 0.0 1.0
vn 0.0 0.0 1.0
vn 0.0 0.0 1.0
vn 0.0 0.0 1.0
vn 0.0 0.0 1.0
vn 0.0 0.0 1.0
vn 0.0 0.0 1.0
vn 0.0 0.0 1.0
vn 0.0 0.0 1.0
vn 0.0 0.0 1.0
vn 0.0 0.0 1.0
vn 0.0 0.0 1.0
vn 0.0 0.0 1.0
vn 0.0 0.0 1.0
vn 0.0 0.0 1.0
vn 0.0 0.0 1.0
vn 0.0 0.0 1.0
vn 0.0 0.0 1.0
vn 0.0 0.0 1.0
vn 0.0 0.0 1.0
vn 0.0 0.0 1.0
vn 0.0 0.0 1.0
vn 0.0 0.0 1.0
vn 0.0 0.0 1.0
vn 0.0 0.0 1.0
vn 0.0 0.0 1.0
vn 0.0 0.0 1.0
vn 0.0 0.0 1.0
vn 0.0 0.0 1.0
vn 0.0 0.0 1.0
vn 0.0 0.0 1.0
vn 0.0 0.0 1.0
vn 0.0 0.0 1.0
vn 0.0 0.0 1.0
vn 0.0 0.0 1.0
vn 0.0 0.0 1.0
vn 0.0 -0.0 1.0
vn 0.0 -0.0 1.0
vn 0.0 -0.0 1.0
vn 0.0 0.0 1.0
vn 0.0 0.0 1.0
vn 0.0 0.0 1.0
vn 0.0 0.0 1.0
vn 0.0 0.0 1.0
vn 0.0 0.0 1.0
vn 0.0 0.0 1.0
vn 0.0 0.0 1.0
vn 0.0 0.0 1.0
vn 0.0 0.0 1.0
vn 0.0 0.0 1.0
vn 0.0 0.0 1.0
vn 0.0 0.0 1.0
vn 0.0 0.0 1.0
vn 0.0 0.0 1.0
vn -0.0 0.0 1.0
vn -0.0 0.0 1.0
vn -0.0 0.0 1.0
vn 0.0 0.0 1.0
vn 0.0 0.0 1.0
vn 0.0 0.0 1.0
vn 0.0 0.0 1.0
vn 0.0 0.0 1.0
vn 0.0 0.0 1.0
vn 0.0 0.0 1.0
vn 0.0 0.0 1.0
vn 0.0 0.0 1.0
vn 0.0 0.0 1.0
vn 0.0 0.0 1.0
vn 0.0 0.0 1.0
vn 0.0 0.0 1.0
vn 0.0 0.0 1.0
vn 0.0 0.0 1.0
vn 0.0 0.0 1.0
vn 0.0 0.0 1.0
vn 0.0 0.0 1.0
vn 0.0 0.0 1.0
vn 0.0 0.0 1.0
vn 0.0 0.0 1.0
vn 0.0 0.0 1.0
vn 0.0 0.0 1.0
vn 0.0 0.0 1.0
vn 0.0 0.0 1.0
vn 0.0 0.0 1.0
vn 0.0 0.0 1.0
vn 0.0 0.0 1.0
vn 0.0 0.0 1.0
vn 0.0 0.0 1.0
vn 0.0 0.0 1.0
vn 0.0 0.0 1.0
vn 0.0 0.0 1.0
vn 0.0 0.0 1.0
vn 0.0 0.0 1.0
vn 0.0 0.0 1.0
vn 0.0 0.0 1.0
vn 0.0 0.0 1.0
vn 0.0 0.0 1.0
vn 0.0 0.0 1.0
vn 0.0 0.0 1.0
vn 0.0 0.0 1.0
vn -0.03885066615333664 0.9992450278782687 0.0
vn -0.03885066615333664 0.9992450278782687 0.0
vn -0.03885066615333664 0.9992450278782687 0.0
vn -0.03885066615333664 0.9992450278782687 0.0
vn -0.03885066615333664 0.9992450278782687 0.0
vn -0.03885066615333664 0.9992450278782687 0.0
vn 0.0671714245203774 0.9977414493384062 -0.0
vn 0.0671714245203774 0.9977414493384062 -0.0
vn 0.0671714245203774 0.9977414493384062 -0.0
vn 0.0671714245203774 0.9977414493384062 -0.0
vn 0.0671714245203774 0.9977414493384062 -0.0
vn 0.0671714245203774 0.9977414493384062 -0.0
vn 0.17253926188258292 0.9850026411685471 -0.0
vn 0.17253926188258292 0.9850026411685471 -0.0
vn 0.17253926188258292 0.9850026411685471 -0.0
vn 0.17253926188258292 0.9850026411685471 -0.0
vn 0.17253926188258292 0.9850026411685471 -0.0
vn 0.17253926188258292 0.9850026411685471 -0.0
vn 0.27541837365767063 0.9613244610701238 -0.0
vn 0.27541837365767063 0.9613244610701238 -0.0
vn 0.27541837365767063 0.9613244610701238 -0.0
vn 0.27541837365767063 0.9613244610701238 -0.0
vn 0.27541837365767063 0.9613244610701238 -0.0
vn 0.27541837365767063 0.9613244610701238 -0.0
vn 0.36535616773829893 0.9308678051665468 -0.0
vn 0.36535616773829893 0.9308678051665468 -0.0
vn 0.36535616773829893 0.9308678051665468 -0.0
vn 0.36535616773829893 0.9308678051665468 -0.0
vn 0.36535616773829893 0.9308678051665468 -0.0
vn 0.36535616773829893 0.9308678051665468 -0.0
vn 0.501323986388641 0.8652596492795684 -0.0
vn 0.501323986388641 0.8652596492795684 -0.0
vn 0.501323986388641 0.8652596492795684 -0.0
vn 0.501323986388641 0.8652596492795684 -0.0
vn 0.501323986388641 0.8652596492795684 -0.0
vn 0.501323986388641 0.8652596492795684 -0.0
vn 0.501324639351625 0.8652592709581118 -0.0
vn 0.501324639351625 0.8652592709581118 -0.0
vn 0.501324639351625 0.8652592709581118 -0.0
vn 0.501324639351625 0.8652592709581118 -0.0
vn 0.501324639351625 0.8652592709581118 -0.0
vn 0.501324639351625 0.8652592709581118 -0.0
vn 0.5013234305185194 0.8652599713456894 -0.0
vn 0.5013234305185194 0.8652599713456894 -0.0
vn 0.5013234305185194 0.8652599713456894 -0.0
vn 0.5013234305185194 0.8652599713456894 -0.0
vn 0.5013234305185194 0.8652599713456894 -0.0
vn 0.5013234305185194 0.8652599713456894 -0.0
vn 0.5013289906651437 0.8652567498255465 -0.0
vn 0.5013289906651437 0.8652567498255465 -0.0
vn 0.5013289906651437 0.8652567498255465 -0.0
vn 0.5013289906651437 0.8652567498255465 -0.0
vn 0.5013289906651437 0.8652567498255465 -0.0
vn 0.5013289906651437 0.8652567498255465 -0.0
vn 0.5013230250612937 0.8652602062636381 -0.0
vn 0.5013230250612937 0.8652602062636381 -0.0
vn 0.5013230250612937 0.8652602062636381 -0.0
vn 0.5013230250612937 0.8652602062636381 -0.0
vn 0.5013230250612937 0.8652602062636381 -0.0
vn 0.5013230250612937 0.8652602062636381 -0.0
vn 0.5013202028178398 0.865261841436845 -0.0
vn 0.5013202028178398 0.865261841436845 -0.0
vn 0.5013202028178398 0.865261841436845 -0.0
vn 0.5013202028178398 0.865261841436845 -0.0
vn 0.5013202028178398 0.865261841436845 -0.0
vn 0.5013202028178398 0.865261841436845 -0.0
vn 0.5013238023320813 0.8652597559203273 -0.0
vn 0.5013238023320813 0.8652597559203273 -0.0
vn 0.5013238023320813 0.8652597559203273 -0.0
vn 0.5013238023320813 0.8652597559203273 -0.0
vn 0.5013238023320813 0.8652597559203273 -0.0
vn 0.5013238023320813 0.8652597559203273 -0.0
vn 0.5013131106812816 0.8652659504794218 -0.0
vn 0.5013131106812816 0.8652659504794218 -0.0
vn 0.5013131106812816 0.8652659504794218 -0.0
vn 0.5013131106812816 0.8652659504794218 -0.0
vn 0.5013131106812816 0.8652659504794218 -0.0
vn 0.5013131106812816 0.8652659504794218 -0.0
vn 0.5013215101582501 0.8652610839813909 -0.0
vn 0.5013215101582501 0.8652610839813909 -0.0
vn 0.5013215101582501 0.8652610839813909 -0.0
vn 0.5013215101582501 0.8652610839813909 -0.0
vn 0.5013215101582501 0.8652610839813909 -0.0
vn 0.5013215101582501 0.8652610839813909 -0.0
vn 0.9807216656803937 -0.19540986276305053 0.0
vn 0.9807216656803937 -0.19540986276305053 0.0
vn 0.9807216656803937 -0.19540986276305053 0.0
vn 0.9807216656803937 -0.19540986276305053 0.0
vn 0.9807216656803937 -0.19540986276305053 0.0
vn 0.9807216656803937 -0.19540986276305053 0.0
vn 0.9807240402251388 -0.19539794503648236 0.0
vn 0.9807240402251388 -0.19539794503648236 0.0
vn 0.9807240402251388 -0.19539794503648236 0.0
vn 0.9807240402251388 -0.19539794503648236 0.0
vn 0.9807240402251388 -0.19539794503648236 0.0
vn 0.9807240402251388 -0.19539794503648236 0.0
vn 0.9807257805007149 -0.19538921019663233 0.0
vn 0.9807257805007149 -0.19538921019663233 0.0
vn 0.9807257805007149 -0.19538921019663233 0.0
vn 0.9807257805007149 -0.19538921019663233 0.0
vn 0.9807257805007149 -0.19538921019663233 0.0
vn 0.9807257805007149 -0.19538921019663233 0.0
vn 0.9807235377666634 -0.19540046691459 0.0
vn 0.9807235377666634 -0.19540046691459 0.0
vn 0.9807235377666634 -0.19540046691459 0.0
vn 0.9807235377666634 -0.19540046691459 0.0
vn 0.9807235377666634 -0.19540046691459 0.0
vn 0.9807235377666634 -0.19540046691459 0.0
vn 0.9807153758234197 -0.19544142760307698 0.0
vn 0.9807153758234197 -0.19544142760307698 0.0
vn 0.9807153758234197 -0.19544142760307698 0.0
vn 0.9807153758234197 -0.19544142760307698 0.0
vn 0.9807153758234197 -0.19544142760307698 0.0
vn 0.9807153758234197 -0.19544142760307698 0.0
vn 0.9807237632913909 -0.1953993349926549 0.0
vn 0.9807237632913909 -0.1953993349926549 0.0
vn 0.9807237632913909 -0.1953993349926549 0.0
vn 0.9807237632913909 -0.1953993349926549 0.0
vn 0.9807237632913909 -0.1953993349926549 0.0
vn 0.9807237632913909 -0.1953993349926549 0.0
vn -0.2001436562271379 -0.9797665624382336 0.0
vn -0.2001436562271379 -0.9797665624382336 0.0
vn -0.2001436562271379 -0.9797665624382336 0.0
vn -0.2001436562271379 -0.9797665624382336 0.0
vn -0.2001436562271379 -0.9797665624382336 0.0
vn -0.2001436562271379 -0.9797665624382336 0.0
vn -0.20015310639445963 -0.9797646319400635 0.0
vn -0.20015310639445963 -0.9797646319400635 0.0
vn -0.20015310639445963 -0.9797646319400635 0.0
vn -0.20015310639445963 -0.9797646319400635 0.0
vn -0.20015310639445963 -0.9797646319400635 0.0
vn -0.20015310639445963 -0.9797646319400635 0.0
vn -0.20014428799778816 -0.9797664333818843 0.0
vn -0.20014428799778816 -0.9797664333818843 0.0
vn -0.20014428799778816 -0.9797664333818843 0.0
vn -0.20014428799778816 -0.9797664333818843 0.0
vn -0.20014428799778816 -0.9797664333818843 0.0
vn -0.20014428799778816 -0.9797664333818843 0.0
vn -0.2001437718282412 -0.9797665388235939 0.0
vn -0.2001437718282412 -0.9797665388235939 0.0
vn -0.2001437718282412 -0.9797665388235939 0.0
vn -0.2001437718282412 -0.9797665388235939 0.0
vn -0.2001437718282412 -0.9797665388235939 0.0
vn -0.2001437718282412 -0.9797665388235939 0.0
vn -0.2001503917733447 -0.979765186497753 0.0
vn -0.2001503917733447 -0.979765186497753 0.0
vn -0.2001503917733447 -0.979765186497753 0.0
vn -0.2001503917733447 -0.979765186497753 0.0
vn -0.2001503917733447 -0.979765186497753 0.0
vn -0.2001503917733447 -0.979765186497753 0.0
vn -0.20014979856997353 -0.979765307679548 0.0
vn -0.20014979856997353 -0.979765307679548 0.0
vn -0.20014979856997353 -0.979765307679548 0.0
vn -0.20014979856997353 -0.979765307679548 0.0
vn -0.20014979856997353 -0.979765307679548 0.0
vn -0.20014979856997353 -0.979765307679548 0.0
vn -0.2001434855616666 -0.9797665973012282 0.0
vn -0.2001434855616666 -0.9797665973012282 0.0
vn -0.2001434855616666 -0.9797665973012282 0.0
vn -0.2001434855616666 -0.9797665973012282 0.0
vn -0.2001434855616666 -0.9797665973012282 0.0
vn -0.2001434855616666 -0.9797665973012282 0.0
vn -0.20016011636417766 -0.9797631998687636 0.0
vn -0.20016011636417766 -0.9797631998687636 0.0
vn -0.20016011636417766 -0.9797631998687636 0.0
vn -0.20016011636417766 -0.9797631998687636 0.0
vn -0.20016011636417766 -0.9797631998687636 0.0
vn -0.20016011636417766 -0.9797631998687636 0.0
vn -0.20014637314959471 -0.9797660074298675 0.0
vn -0.20014637314959471 -0.9797660074298675 0.0
vn -0.20014637314959471 -0.9797660074298675 0.0
vn -0.20014637314959471 -0.9797660074298675 0.0
vn -0.20014637314959471 -0.9797660074298675 0.0
vn -0.20014637314959471 -0.9797660074298675 0.0
vn -0.980721724484834 0.1954095676355011 0.0
vn -0.980721724484834 0.1954095676355011 0.0
vn -0.980721724484834 0.1954095676355011 0.0
vn -0.980721724484834 0.1954095676355011 0.0
vn -0.980721724484834 0.1954095676355011 0.0
vn -0.980721724484834 0.1954095676355011 0.0
vn -0.9807222494435257 0.19540693295385186 0.0
vn -0.9807222494435257 0.19540693295385186 0.0
vn -0.9807222494435257 0.19540693295385186 0.0
vn -0.9807222494435257 0.19540693295385186 0.0
vn -0.9807222494435257 0.19540693295385186 0.0
vn -0.9807222494435257 0.19540693295385186 0.0
vn -0.9724919870870351 0.23293633261367722 0.0
vn -0.9724919870870351 0.23293633261367722 0.0
vn -0.9724919870870351 0.23293633261367722 0.0
vn -0.9724919870870351 0.23293633261367722 0.0
vn -0.9724919870870351 0.23293633261367722 0.0
vn -0.9724919870870351 0.23293633261367722 0.0
vn -0.9431622980292904 0.33233248348018585 0.0
vn -0.9431622980292904 0.33233248348018585 0.0
vn -0.9431622980292904 0.33233248348018585 0.0
vn -0.9431622980292904 0.33233248348018585 0.0
vn -0.9431622980292904 0.33233248348018585 0.0
vn -0.9431622980292904 0.33233248348018585 0.0
vn -0.9037261383471389 0.42811104502006 0.0
vn -0.9037261383471389 0.42811104502006 0.0
vn -0.9037261383471389 0.42811104502006 0.0
vn -0.9037261383471389 0.42811104502006 0.0
vn -0.9037261383471389 0.42811104502006 0.0
vn -0.9037261383471389 0.42811104502006 0.0
vn -0.8543384415779721 0.5197170646054656 0.0
vn -0.8543384415779721 0.5197170646054656 0.0
vn -0.8543384415779721 0.5197170646054656 0.0
vn -0.8543384415779721 0.5197170646054656 0.0
vn -0.8543384415779721 0.5197170646054656 0.0
vn -0.8543384415779721 0.5197170646054656 0.0
vn -0.7955222897595366 0.6059243240667466 0.0
vn -0.7955222897595366 0.6059243240667466 0.0
vn -0.7955222897595366 0.6059243240667466 0.0
vn -0.7955222897595366 0.6059243240667466 0.0
vn -0.7955222897595366 0.6059243240667466 0.0
vn -0.7955222897595366 0.6059243240667466 0.0
vn -0.7280136428069465 0.6855626418402331 0.0
vn -0.7280136428069465 0.6855626418402331 0.0
vn -0.7280136428069465 0.6855626418402331 0.0
vn -0.7280136428069465 0.6855626418402331 0.0
vn -0.7280136428069465 0.6855626418402331 0.0
vn -0.7280136428069465 0.6855626418402331 0.0
vn -0.6524426354909819 0.7578381142391701 0.0
vn -0.6524426354909819 0.7578381142391701 0.0
vn -0.6524426354909819 0.7578381142391701 0.0
vn -0.6524426354909819 0.7578381142391701 0.0
vn -0.6524426354909819 0.7578381142391701 0.0
vn -0.6524426354909819 0.7578381142391701 0.0
vn -0.5694040105060711 0.8220578281481189 0.0
vn -0.5694040105060711 0.8220578281481189 0.0
vn -0.5694040105060711 0.8220578281481189 0.0
vn -0.5694040105060711 0.8220578281481189 0.0
vn -0.5694040105060711 0.8220578281481189 0.0
vn -0.5694040105060711 0.8220578281481189 0.0
vn -0.4796370437524007 0.8774669830030402 0.0
vn -0.4796370437524007 0.8774669830030402 0.0
vn -0.4796370437524007 0.8774669830030402 0.0
vn -0.4796370437524007 0.8774669830030402 0.0
vn -0.4796370437524007 0.8774669830030402 0.0
vn -0.4796370437524007 0.8774669830030402 0.0
vn -0.4152177366661837 0.9097220625871463 0.0
vn -0.4152177366661837 0.9097220625871463 0.0
vn -0.4152177366661837 0.9097220625871463 0.0
vn -0.4152177366661837 0.9097220625871463 0.0
vn -0.4152177366661837 0.9097220625871463 0.0
vn -0.4152177366661837 0.9097220625871463 0.0
vn -0.3490658236348008 0.9370982076442993 0.0
vn -0.3490658236348008 0.9370982076442993 0.0
vn -0.3490658236348008 0.9370982076442993 0.0
vn -0.3490658236348008 0.9370982076442993 0.0
vn -0.3490658236348008 0.9370982076442993 0.0
vn -0.3490658236348008 0.9370982076442993 0.0
vn -0.24812579994511177 0.9687278190501182 0.0
vn -0.24812579994511177 0.9687278190501182 0.0
vn -0.24812579994511177 0.9687278190501182 0.0
vn -0.24812579994511177 0.9687278190501182 0.0
vn -0.24812579994511177 0.9687278190501182 0.0
vn -0.24812579994511177 0.9687278190501182 0.0
vn -0.24820357555880035 0.9687078946100455 0.0
vn -0.24820357555880035 0.9687078946100455 0.0
vn -0.24820357555880035 0.9687078946100455 0.0
vn -0.24820357555880035 0.9687078946100455 0.0
vn -0.24820357555880035 0.9687078946100455 0.0
vn -0.24820357555880035 0.9687078946100455 0.0
vn -0.14420978058194214 0.9895471384348034 0.0
vn -0.14420978058194214 0.9895471384348034 0.0
vn -0.14420978058194214 0.9895471384348034 0.0
vn -0.14420978058194214 0.9895471384348034 0.0
vn -0.14420978058194214 0.9895471384348034 0.0
vn -0.14420978058194214 0.9895471384348034 0.0
f 1//1 2//2 3//3
f 4//4 5//5 6//6
f 7//7 8//8 9//9
f 10//10 11//11 12//12
f 13//13 14//14 15//15
f 16//16 17//17 18//18
f 19//19 20//20 21//21
f 22//22 23//23 24//24
f 25//25 26//26 27//27
f 28//28 29//29 30//30
f 31//31 32//32 33//33
f 34//34 35//35 36//36
f 37//37 38//38 39//39
f 40//40 41//41 42//42
f 43//43 44//44 45//45
f 46//46 47//47 48//48
f 49//49 50//50 51//51
f 52//52 53//53 54//54
f 55//55 56//56 57//57
f 58//58 59//59 60//60
f 61//61 62//62 63//63
f 64//64 65//65 66//66
f 67//67 68//68 69//69
f 70//70 71//71 72//72
f 73//73 74//74 75//75
f 76//76 77//77 78//78
f 79//79 80//80 81//81
f 82//82 83//83 84//84
f 85//85 86//86 87//87
f 88//88 89//89 90//90
f 91//91 92//92 93//93
f 94//94 95//95 96//96
f 97//97 98//98 99//99
f 100//100 101//101 102//102
f 103//103 104//104 105//105
f 106//106 107//107 108//108
f 109//109 110//110 111//111
f 112//112 113//113 114//114
f 115//115 116//116 117//117
f 118//118 119//119 120//120
f 121//121 122//122 123//123
f 124//124 125//125 126//126
f 127//127 128//128 129//129
f 130//130 131//131 132//132
f 133//133 134//134 135//135
f 136//136 137//137 138//138
f 139//139 140//140 141//141
f 142//142 143//143 144//144
f 145//145 146//146 147//147
f 148//148 149//149 150//150
f 151//151 152//152 153//153
f 154//154 155//155 156//156
f 157//157 158//158 159//159
f 160//160 161//161 162//162
f 163//163 164//164 165//165
f 166//166 167//167 168//168
f 169//169 170//170 171//171
f 172//172 173//173 174//174
f 175//175 176//176 177//177
f 178//178 179//179 180//180
f 181//181 182//182 183//183
f 184//184 185//185 186//186
f 187//187 188//188 189//189
f 190//190 191//191 192//192
f 193//193 194//194 195//195
f 196//196 197//197 198//198
f 199//199 200//200 201//201
f 202//202 203//203 204//204
f 205//205 206//206 207//207
f 208//208 209//209 210//210
f 211//211 212//212 213//213
f 214//214 215//215 216//216
f 217//217 218//218 219//219
f 220//220 221//221 222//222
f 223//223 224//224 225//225
f 226//226 227//227 228//228
f 229//229 230//230 231//231
f 232//232 233//233 234//234
f 235//235 236//236 237//237
f 238//238 239//239 240//240
f 241//241 242//242 243//243
f 244//244 245//245 246//246
f 247//247 248//248 249//249
f 250//250 251//251 252//252
f 253//253 254//254 255//255
f 256//256 257//257 258//258
f 259//259 260//260 261//261
f 262//262 263//263 264//264
f 265//265 266//266 267//267
f 268//268 269//269 270//270
f 271//271 272//272 273//273
f 274//274 275//275 276//276
f 277//277 278//278 279//279
f 280//280 281//281 282//282
f 283//283 284//284 285//285
f 286//286 287//287 288//288
f 289//289 290//290 291//291
f 292//292 293//293 294//294
f 295//295 296//296 297//297
f 298//298 299//299 300//300
f 301//301 302//302 303//303
f 304//304 305//305 306//306
f 307//307 308//308 309//309
f 310//310 311//311 312//312
f 313//313 314//314 315//315
f 316//316 317//317 318//318
f 319//319 320//320 321//321
f 322//322 323//323 324//324
f 325//325 326//326 327//327
f 328//328 329//329 330//330
f 331//331 332//332 333//333
f 334//334 335//335 336//336
f 337//337 338//338 339//339
f 340//340 341//341 342//342
f 343//343 344//344 345//345
f 346//346 347//347 348//348
f 349//349 350//350 351//351
f 352//352 353//353 354//354
f 355//355 356//356 357//357
f 358//358 359//359 360//360
f 361//361 362//362 363//363
f 364//364 365//365 366//366
f 367//367 368//368 369//369
f 370//370 371//371 372//372
f 373//373 374//374 375//375
f 376//376 377//377 378//378
f 379//379 380//380 381//381
f 382//382 383//383 384//384
f 385//385 386//386 387//387
f 388//388 389//389 390//390
f 391//391 392//392 393//393
f 394//394 395//395 396//396
f 397//397 398//398 399//399
f 400//400 401//401 402//402
f 403//403 404//404 405//405
f 406//406 407//407 408//408
f 409//409 410//410 411//411
f 412//412 413//413 414//414
f 415//415 416//416 417//417
f 418//418 419//419 420//420
f 421//421 422//422 423//423
f 424//424 425//425 426//426
f 427//427 428//428 429//429
f 430//430 431//431 432//432
f 433//433 434//434 435//435
f 436//436 437//437 438//438
f 439//439 440//440 441//441
f 442//442 443//443 444//444
f 445//445 446//446 447//447
f 448//448 449//449 450//450
f 451//451 452//452 453//453
f 454//454 455//455 456//456
f 457//457 458//458 459//459
f 460//460 461//461 462//462
f 463//463 464//464 465//465
f 466//466 467//467 468//468
f 469//469 470//470 471//471
f 472//472 473//473 474//474
f 475//475 476//476 477//477
f 478//478 479//479 480//480
f 481//481 482//482 483//483
f 484//484 485//485 486//486
f 487//487 488//488 489//489
f 490//490 491//491 492//492
f 493//493 494//494 495//495
f 496//496 497//497 498//498
f 499//499 500//500 501//501
f 502//502 503//503 504//504
f 505//505 506//506 507//507
f 508//508 509//509 510//510
f 511//511 512//512 513//513
f 514//514 515//515 516//516
f 517//517 518//518 519//519
f 520//520 521//521 522//522
f 523//523 524//524 525//525
f 526//526 527//527 528//528
f 529//529 530//530 531//531
f 532//532 533//533 534//534
f 535//535 536//536 537//537
f 538//538 539//539 540//540
o gml_1GD5EFC1ZD0HKTFZO3B509TZTAALHHJUWYUW
v -8238888.6700133 4942334.510166309 73.8878740157509
v -8238883.806729273 4942366.2899114955 73.8878740157509
v -8238879.742289302 4942363.831920754 73.8878740157509
v -8238888.6700133 4942334.510166309 73.8878740157509
v -8238879.742289302 4942363.831920754 73.8878740157509
v -8238878.48019854 4942365.971776897 73.8878740157509
v -8238888.6700133 4942334.510166309 73.8878740157509
v -8238878.48019854 4942365.971776897 73.8878740157509
v -8238838.469631996 4942341.776036182 73.8878740157509
v -8238888.6700133 4942334.510166309 73.8878740157509
v -8238838.469631996 4942341.776036182 73.8878740157509
v -8238871.078880754 4942286.489801766 73.8878740157509
v -8238888.6700133 4942334.510166309 73.8878740157509
v -8238871.078880754 4942286.489801766 73.8878740157509
v -8238876.19005372 4942289.580608783 73.8878740157509
v -8238888.6700133 4942334.510166309 73.8878740157509
v -8238876.19005372 4942289.580608783 73.8878740157509
v -8238900.722516444 4942304.416191426 73.8878740157509
v -8238888.6700133 4942334.510166309 73.8878740157509
v -8238900.722516444 4942304.416191426 73.8878740157509
v -8238911.144243852 4942310.718481091 73.8878740157509
v -8238888.6700133 4942334.510166309 73.8878740157509
v -8238911.144243852 4942310.718481091 73.8878740157509
v -8238908.830435271 4942314.641315196 73.8878740157509
v -8238888.6700133 4942334.510166309 73.8878740157509
v -8238908.830435271 4942314.641315196 73.8878740157509
v -8238922.954997667 4942317.4546518745 73.8878740157509
v -8238888.6700133 4942334.510166309 73.8878740157509
v -8238922.954997667 4942317.4546518745 73.8878740157509
v -8238909.954497882 4942384.726845781 73.8878740157509
v -8238888.6700133 4942334.510166309 73.8878740157509
v -8238909.954497882 4942384.726845781 73.8878740157509
v -8238882.6656848965 4942368.224454463 73.8878740157509
v -8238888.6700133 4942334.510166309 73.8878740157509
v -8238882.6656848965 4942368.224454463 73.8878740157509
v -8238883.806729273 4942366.2899114955 73.8878740157509
v -8238888.6700133 4942334.510166309 0
v -8238879.742289302 4942363.831920754 0
v -8238883.806729273 4942366.2899114955 0
v -8238888.6700133 4942334.510166309 0
v -8238878.48019854 4942365.971776897 0
v -8238879.742289302 4942363.831920754 0
v -8238888.6700133 4942334.510166309 0
v -8238838.469631996 4942341.776036182 0
v -8238878.48019854 4942365.971776897 0
v -8238888.6700133 4942334.510166309 0
v -8238871.078880754 4942286.489801766 0
v -8238838.469631996 4942341.776036182 0
v -8238888.6700133 4942334.510166309 0
v -8238876.19005372 4942289.580608783 0
v -8238871.078880754 4942286.489801766 0
v -8238888.6700133 4942334.510166309 0
v -8238900.722516444 4942304.416191426 0
v -8238876.19005372 4942289.580608783 0
v -8238888.6700133 4942334.510166309 0
v -8238911.144243852 4942310.718481091 0
v -8238900.722516444 4942304.416191426 0
v -8238888.6700133 4942334.510166309 0
v -8238908.830435271 4942314.641315196 0
v -8238911.144243852 4942310.718481091 0
v -8238888.6700133 4942334.510166309 0
v -8238922.954997667 4942317.4546518745 0
v -8238908.830435271 4942314.641315196 0
v -8238888.6700133 4942334.510166309 0
v -8238909.954497882 4942384.726845781 0
v -8238922.954997667 4942317.4546518745 0
v -8238888.6700133 4942334.510166309 0
v -8238882.6656848965 4942368.224454463 0
v -8238909.954497882 4942384.726845781 0
v -8238888.6700133 4942334.510166309 0
v -8238883.806729273 4942366.2899114955 0
v -8238882.6656848965 4942368.224454463 0
v -8238883.806729273 4942366.2899114955 0
v -8238879.742289302 4942363.831920754 0
v -8238883.806729273 4942366.2899114955 73.8878740157509
v -8238883.806729273 4942366.2899114955 73.8878740157509
v -8238879.742289302 4942363.831920754 0
v -8238879.742289302 4942363.831920754 73.8878740157509
v -8238879.742289302 4942363.831920754 0
v -8238878.48019854 4942365.971776897 0
v -8238879.742289302 4942363.831920754 73.8878740157509
v -8238879.742289302 4942363.831920754 73.8878740157509
v -8238878.48019854 4942365.971776897 0
v -8238878.48019854 4942365.971776897 73.8878740157509
v -8238878.48019854 4942365.971776897 0
v -8238838.469631996 4942341.776036182 0
v -8238878.48019854 4942365.971776897 73.8878740157509
v -8238878.48019854 4942365.971776897 73.8878740157509
v -8238838.469631996 4942341.776036182 0
v -8238838.469631996 4942341.776036182 73.8878740157509
v -8238838.469631996 4942341.776036182 0
v -8238871.078880754 4942286.489801766 0
v -8238838.469631996 4942341.776036182 73.8878740157509
v -8238838.469631996 4942341.776036182 73.8878740157509
v -8238871.078880754 4942286.489801766 0
v -8238871.078880754 4942286.489801766 73.8878740157509
v -8238871.078880754 4942286.489801766 0
v -8238876.19005372 4942289.580608783 0
v -8238871.078880754 4942286.489801766 73.8878740157509
v -8238871.078880754 4942286.489801766 73.8878740157509
v -8238876.19005372 4942289.580608783 0
v -8238876.19005372 4942289.580608783 73.8878740157509
v -8238876.19005372 4942289.580608783 0
v -8238900.722516444 4942304.416191426 0
v -8238876.19005372 4942289.580608783 73.8878740157509
v -8238876.19005372 4942289.580608783 73.8878740157509
v -8238900.722516444 4942304.416191426 0
v -8238900.722516444 4942304.416191426 73.8878740157509
v -8238900.722516444 4942304.416191426 0
v -8238911.144243852 4942310.718481091 0
v -8238900.722516444 4942304.416191426 73.8878740157509
v -8238900.722516444 4942304.416191426 73.8878740157509
v -8238911.144243852 4942310.718481091 0
v -8238911.144243852 4942310.718481091 73.8878740157509
v -8238911.144243852 4942310.718481091 0
v -8238908.830435271 4942314.641315196 0
v -8238911.144243852 4942310.718481091 73.8878740157509
v -8238911.144243852 4942310.718481091 73.8878740157509
v -8238908.830435271 4942314.641315196 0
v -8238908.830435271 4942314.641315196 73.8878740157509
v -8238908.830435271 4942314.641315196 0
v -8238922.954997667 4942317.4546518745 0
v -8238908.830435271 4942314.641315196 73.8878740157509
v -8238908.830435271 4942314.641315196 73.8878740157509
v -8238922.954997667 4942317.4546518745 0
v -8238922.954997667 4942317.4546518745 73.8878740157509
v -8238922.954997667 4942317.4546518745 0
v -8238909.954497882 4942384.726845781 0
v -8238922.954997667 4942317.4546518745 73.8878740157509
v -8238922.954997667 4942317.4546518745 73.8878740157509
v -8238909.954497882 4942384.726845781 0
v -8238909.954497882 4942384.726845781 73.8878740157509
v -8238909.954497882 4942384.726845781 0
v -8238882.6656848965 4942368.224454463 0
v -8238909.954497882 4942384.726845781 73.8878740157509
v -8238909.954497882 4942384.726845781 73.8878740157509
v -8238882.6656848965 4942368.224454463 0
v -8238882.6656848965 4942368.224454463 73.8878740157509
v -8238882.6656848965 4942368.224454463 0
v -8238883.806729273 4942366.2899114955 0
v -8238882.6656848965 4942368.224454463 73.8878740157509
v -8238882.6656848965 4942368.224454463 73.8878740157509
v -8238883.806729273 4942366.2899114955 0
v -8238883.806729273 4942366.2899114955 73.8878740157509
vn 0.0 0.0 -1.0
vn 0.0 0.0 -1.0
vn 0.0 0.0 -1.0
vn 0.0 0.0 -1.0
vn 0.0 0.0 -1.0
vn 0.0 0.0 -1.0
vn 0.0 0.0 -1.0
vn 0.0 0.0 -1.0
vn 0.0 0.0 -1.0
vn 0.0 0.0 -1.0
vn 0.0 0.0 -1.0
vn 0.0 0.0 -1.0
vn 0.0 0.0 -1.0
vn 0.0 0.0 -1.0
vn 0.0 0.0 -1.0
vn 0.0 -0.0 -1.0
vn 0.0 -0.0 -1.0
vn 0.0 -0.0 -1.0
vn 0.0 0.0 -1.0
vn 0.0 0.0 -1.0
vn 0.0 0.0 -1.0
vn 0.0 0.0 -1.0
vn 0.0 0.0 -1.0
vn 0.0 0.0 -1.0
vn 0.0 0.0 -1.0
vn 0.0 0.0 -1.0
vn 0.0 0.0 -1.0
vn -0.0 0.0 -1.0
vn -0.0 0.0 -1.0
vn -0.0 0.0 -1.0
vn 0.0 0.0 -1.0
vn 0.0 0.0 -1.0
vn 0.0 0.0 -1.0
vn 0.0 0.0 1.0
vn 0.0 0.0 1.0
vn 0.0 0.0 1.0
vn 0.0 0.0 1.0
vn 0.0 0.0 1.0
vn 0.0 0.0 1.0
vn 0.0 0.0 1.0
vn 0.0 0.0 1.0
vn 0.0 0.0 1.0
vn 0.0 0.0 1.0
vn 0.0 0.0 1.0
vn 0.0 0.0 1.0
vn -0.0 0.0 1.0
vn -0.0 0.0 1.0
vn -0.0 0.0 1.0
vn 0.0 0.0 1.0
vn 0.0 0.0 1.0
vn 0.0 0.0 1.0
vn 0.0 0.0 1.0
vn 0.0 0.0 1.0
vn 0.0 0.0 1.0
vn 0.0 0.0 1.0
vn 0.0 0.0 1.0
vn 0.0 0.0 1.0
vn 0.0 0.0 1.0
vn 0.0 0.0 1.0
vn 0.0 0.0 1.0
vn 0.0 0.0 1.0
vn 0.0 0.0 1.0
vn 0.0 0.0 1.0
vn 0.0 0.0 1.0
vn 0.0 0.0 1.0
vn 0.0 0.0 1.0
vn 0.0 -0.0 1.0
vn 0.0 -0.0 1.0
vn 0.0 -0.0 1.0
vn 0.0 0.0 -1.0
vn 0.0 0.0 -1.0
vn 0.0 0.0 -1.0
vn -0.5174844556927061 -0.8556926072582511 0.0
vn -0.5174844556927061 -0.8556926072582511 0.0
vn -0.5174844556927061 -0.8556926072582511 0.0
vn -0.5174844556927061 -0.8556926072582511 0.0
vn -0.5174844556927061 -0.8556926072582511 0.0
vn -0.5174844556927061 -0.8556926072582511 0.0
vn 0.8613440064345527 -0.5080221477251493 0.0
vn 0.8613440064345527 -0.5080221477251493 0.0
vn 0.8613440064345527 -0.5080221477251493 0.0
vn 0.8613440064345527 -0.5080221477251493 0.0
vn 0.8613440064345527 -0.5080221477251493 0.0
vn 0.8613440064345527 -0.5080221477251493 0.0
vn -0.5174710999878372 -0.8557006840463421 0.0
vn -0.5174710999878372 -0.8557006840463421 0.0
vn -0.5174710999878372 -0.8557006840463421 0.0
vn -0.5174710999878372 -0.8557006840463421 0.0
vn -0.5174710999878372 -0.8557006840463421 0.0
vn -0.5174710999878372 -0.8557006840463421 0.0
vn -0.861334908877955 0.50803757218163 0.0
vn -0.861334908877955 0.50803757218163 0.0
vn -0.861334908877955 0.50803757218163 0.0
vn -0.861334908877955 0.50803757218163 0.0
vn -0.861334908877955 0.50803757218163 0.0
vn -0.861334908877955 0.50803757218163 0.0
vn 0.5174598370625286 0.8557074950163878 -0.0
vn 0.5174598370625286 0.8557074950163878 -0.0
vn 0.5174598370625286 0.8557074950163878 -0.0
vn 0.5174598370625286 0.8557074950163878 -0.0
vn 0.5174598370625286 0.8557074950163878 -0.0
vn 0.5174598370625286 0.8557074950163878 -0.0
vn 0.517470435730964 0.8557010857445525 -0.0
vn 0.517470435730964 0.8557010857445525 -0.0
vn 0.517470435730964 0.8557010857445525 -0.0
vn 0.517470435730964 0.8557010857445525 -0.0
vn 0.517470435730964 0.8557010857445525 -0.0
vn 0.517470435730964 0.8557010857445525 -0.0
vn 0.5174662402123162 0.8557036228978637 -0.0
vn 0.5174662402123162 0.8557036228978637 -0.0
vn 0.5174662402123162 0.8557036228978637 -0.0
vn 0.5174662402123162 0.8557036228978637 -0.0
vn 0.5174662402123162 0.8557036228978637 -0.0
vn 0.5174662402123162 0.8557036228978637 -0.0
vn 0.8613330138213414 -0.5080407850767937 0.0
vn 0.8613330138213414 -0.5080407850767937 0.0
vn 0.8613330138213414 -0.5080407850767937 0.0
vn 0.8613330138213414 -0.5080407850767937 0.0
vn 0.8613330138213414 -0.5080407850767937 0.0
vn 0.8613330138213414 -0.5080407850767937 0.0
vn 0.19534322578352586 0.9807349408175924 -0.0
vn 0.19534322578352586 0.9807349408175924 -0.0
vn 0.19534322578352586 0.9807349408175924 -0.0
vn 0.19534322578352586 0.9807349408175924 -0.0
vn 0.19534322578352586 0.9807349408175924 -0.0
vn 0.19534322578352586 0.9807349408175924 -0.0
vn 0.9818340625050958 -0.18974159719139005 0.0
vn 0.9818340625050958 -0.18974159719139005 0.0
vn 0.9818340625050958 -0.18974159719139005 0.0
vn 0.9818340625050958 -0.18974159719139005 0.0
vn 0.9818340625050958 -0.18974159719139005 0.0
vn 0.9818340625050958 -0.18974159719139005 0.0
vn -0.517469368385496 -0.8557017312023599 0.0
vn -0.517469368385496 -0.8557017312023599 0.0
vn -0.517469368385496 -0.8557017312023599 0.0
vn -0.517469368385496 -0.8557017312023599 0.0
vn -0.517469368385496 -0.8557017312023599 0.0
vn -0.517469368385496 -0.8557017312023599 0.0
vn -0.8613347185827795 0.5080378948109321 0.0
vn -0.8613347185827795 0.5080378948109321 0.0
vn -0.8613347185827795 0.5080378948109321 0.0
vn -0.8613347185827795 0.5080378948109321 0.0
vn -0.8613347185827795 0.5080378948109321 0.0
vn -0.8613347185827795 0.5080378948109321 0.0
f 1//1 2//2 3//3
f 4//4 5//5 6//6
f 7//7 8//8 9//9
f 10//10 11//11 12//12
f 13//13 14//14 15//15
f 16//16 17//17 18//18
f 19//19 20//20 21//21
f 22//22 23//23 24//24
f 25//25 26//26 27//27
f 28//28 29//29 30//30
f 31//31 32//32 33//33
f 34//34 35//35 36//36
f 37//37 38//38 39//39
f 40//40 41//41 42//42
f 43//43 44//44 45//45
f 46//46 47//47 48//48
f 49//49 50//50 51//51
f 52//52 53//53 54//54
f 55//55 56//56 57//57
f 58//58 59//59 60//60
f 61//61 62//62 63//63
f 64//64 65//65 66//66
f 67//67 68//68 69//69
f 70//70 71//71 72//72
f 73//73 74//74 75//75
f 76//76 77//77 78//78
f 79//79 80//80 81//81
f 82//82 83//83 84//84
f 85//85 86//86 87//87
f 88//88 89//89 90//90
f 91//91 92//92 93//93
f 94//94 95//95 96//96
f 97//97 98//98 99//99
f 100//100 101//101 102//102
f 103//103 104//104 105//105
f 106//106 107//107 108//108
f 109//109 110//110 111//111
f 112//112 113//113 114//114
f 115//115 116//116 117//117
f 118//118 119//119 120//120
f 121//121 122//122 123//123
f 124//124 125//125 126//126
f 127//127 128//128 129//129
f 130//130 131//131 132//132
f 133//133 134//134 135//135
f 136//136 137//137 138//138
f 139//139 140//140 141//141
f 142//142 143//143 144//144
o gml_T9ELO1V87ZJC8ARVAJ9RSPUZJJL8FRRDSH4M
v -8239336.505377169 4942156.124185218 199.53634747269462
v -8239368.844942379 4942280.553060257 199.53634747269462
v -8239363.257499542 4942277.426185444 199.53634747269462
v -8239336.505377169 4942156.124185218 199.53634747269462
v -8239363.257499542 4942277.426185444 199.53634747269462
v -8239361.682768111 4942280.311293657 199.53634747269462
v -8239336.505377169 4942156.124185218 199.53634747269462
v -8239361.682768111 4942280.311293657 199.53634747269462
v -8239348.901542843 4942273.158461482 199.53634747269462
v -8239336.505377169 4942156.124185218 199.53634747269462
v -8239348.901542843 4942273.158461482 199.53634747269462
v -8239328.916949491 4942261.974186261 199.53634747269462
v -8239336.505377169 4942156.124185218 199.53634747269462
v -8239328.916949491 4942261.974186261 199.53634747269462
v -8239330.668692495 4942258.765038894 199.53634747269462
v -8239336.505377169 4942156.124185218 199.53634747269462
v -8239330.668692495 4942258.765038894 199.53634747269462
v -8239315.169438611 4942250.091140435 199.53634747269462
v -8239336.505377169 4942156.124185218 199.53634747269462
v -8239315.169438611 4942250.091140435 199.53634747269462
v -8239317.099769464 4942246.554748448 199.53634747269462
v -8239336.505377169 4942156.124185218 199.53634747269462
v -8239317.099769464 4942246.554748448 199.53634747269462
v -8239295.4233818995 4942236.548878147 199.53634747269462
v -8239336.505377169 4942156.124185218 199.53634747269462
v -8239295.4233818995 4942236.548878147 199.53634747269462
v -8239288.543731895 4942233.373239358 199.53634747269462
v -8239336.505377169 4942156.124185218 199.53634747269462
v -8239288.543731895 4942233.373239358 199.53634747269462
v -8239285.246924324 4942231.851358233 199.53634747269462
v -8239336.505377169 4942156.124185218 199.53634747269462
v -8239285.246924324 4942231.851358233 199.53634747269462
v -8239286.919042047 4942225.893493603 199.53634747269462
v -8239336.505377169 4942156.124185218 199.53634747269462
v -8239286.919042047 4942225.893493603 199.53634747269462
v -8239286.864893552 4942225.875494461 199.53634747269462
v -8239336.505377169 4942156.124185218 199.53634747269462
v -8239286.864893552 4942225.875494461 199.53634747269462
v -8239281.587195113 4942224.123577266 199.53634747269462
v -8239336.505377169 4942156.124185218 199.53634747269462
v -8239281.587195113 4942224.123577266 199.53634747269462
v -8239280.817432667 4942226.501216521 199.53634747269462
v -8239336.505377169 4942156.124185218 199.53634747269462
v -8239280.817432667 4942226.501216521 199.53634747269462
v -8239276.372645902 4942227.410795519 199.53634747269462
v -8239336.505377169 4942156.124185218 199.53634747269462
v -8239276.372645902 4942227.410795519 199.53634747269462
v -8239275.8601911925 4942227.515731354 199.53634747269462
v -8239336.505377169 4942156.124185218 199.53634747269462
v -8239275.8601911925 4942227.515731354 199.53634747269462
v -8239272.215169956 4942227.429775251 199.53634747269462
v -8239336.505377169 4942156.124185218 199.53634747269462
v -8239272.215169956 4942227.429775251 199.53634747269462
v -8239268.482722295 4942226.844266221 199.53634747269462
v -8239336.505377169 4942156.124185218 199.53634747269462
v -8239268.482722295 4942226.844266221 199.53634747269462
v -8239263.438153751 4942225.564786459 199.53634747269462
v -8239336.505377169 4942156.124185218 199.53634747269462
v -8239263.438153751 4942225.564786459 199.53634747269462
v -8239259.677724004 4942223.843816328 199.53634747269462
v -8239336.505377169 4942156.124185218 199.53634747269462
v -8239259.677724004 4942223.843816328 199.53634747269462
v -8239259.640705587 4942219.022777129 199.53634747269462
v -8239336.505377169 4942156.124185218 199.53634747269462
v -8239259.640705587 4942219.022777129 199.53634747269462
v -8239260.46145353 4942211.805548905 199.53634747269462
v -8239336.505377169 4942156.124185218 199.53634747269462
v -8239260.46145353 4942211.805548905 199.53634747269462
v -8239262.932786622 4942199.824372058 199.53634747269462
v -8239336.505377169 4942156.124185218 199.53634747269462
v -8239262.932786622 4942199.824372058 199.53634747269462
v -8239265.438031786 4942193.822903307 199.53634747269462
v -8239336.505377169 4942156.124185218 199.53634747269462
v -8239265.438031786 4942193.822903307 199.53634747269462
v -8239268.972654134 4942186.785184696 199.53634747269462
v -8239336.505377169 4942156.124185218 199.53634747269462
v -8239268.972654134 4942186.785184696 199.53634747269462
v -8239272.02972217 4942181.399246434 199.53634747269462
v -8239336.505377169 4942156.124185218 199.53634747269462
v -8239272.02972217 4942181.399246434 199.53634747269462
v -8239274.905263598 4942181.679689102 199.53634747269462
v -8239336.505377169 4942156.124185218 199.53634747269462
v -8239274.905263598 4942181.679689102 199.53634747269462
v -8239278.990568855 4942182.710405318 199.53634747269462
v -8239336.505377169 4942156.124185218 199.53634747269462
v -8239278.990568855 4942182.710405318 199.53634747269462
v -8239282.675248189 4942184.507008641 199.53634747269462
v -8239336.505377169 4942156.124185218 199.53634747269462
v -8239282.675248189 4942184.507008641 199.53634747269462
v -8239286.552644412 4942186.9712199345 199.53634747269462
v -8239336.505377169 4942156.124185218 199.53634747269462
v -8239286.552644412 4942186.9712199345 199.53634747269462
v -8239289.060927564 4942189.022139889 199.53634747269462
v -8239336.505377169 4942156.124185218 199.53634747269462
v -8239289.060927564 4942189.022139889 199.53634747269462
v -8239291.802951185 4942191.26430809 199.53634747269462
v -8239336.505377169 4942156.124185218 199.53634747269462
v -8239291.802951185 4942191.26430809 199.53634747269462
v -8239291.262962311 4942192.932239125 199.53634747269462
v -8239336.505377169 4942156.124185218 199.53634747269462
v -8239291.262962311 4942192.932239125 199.53634747269462
v -8239295.697328258 4942194.404160632 199.53634747269462
v -8239336.505377169 4942156.124185218 199.53634747269462
v -8239295.697328258 4942194.404160632 199.53634747269462
v -8239295.751344859 4942194.422159693 199.53634747269462
v -8239336.505377169 4942156.124185218 199.53634747269462
v -8239295.751344859 4942194.422159693 199.53634747269462
v -8239297.874391263 4942186.857495252 199.53634747269462
v -8239336.505377169 4942156.124185218 199.53634747269462
v -8239297.874391263 4942186.857495252 199.53634747269462
v -8239292.737283099 4942177.250740212 199.53634747269462
v -8239336.505377169 4942156.124185218 199.53634747269462
v -8239292.737283099 4942177.250740212 199.53634747269462
v -8239293.278939707 4942175.32095736 199.53634747269462
v -8239336.505377169 4942156.124185218 199.53634747269462
v -8239293.278939707 4942175.32095736 199.53634747269462
v -8239296.241589283 4942164.7641201895 199.53634747269462
v -8239336.505377169 4942156.124185218 199.53634747269462
v -8239296.241589283 4942164.7641201895 199.53634747269462
v -8239296.400373033 4942164.198499391 199.53634747269462
v -8239336.505377169 4942156.124185218 199.53634747269462
v -8239296.400373033 4942164.198499391 199.53634747269462
v -8239299.202652693 4942154.213563116 199.53634747269462
v -8239336.505377169 4942156.124185218 199.53634747269462
v -8239299.202652693 4942154.213563116 199.53634747269462
v -8239299.85345377 4942151.89438694 199.53634747269462
v -8239336.505377169 4942156.124185218 199.53634747269462
v -8239299.85345377 4942151.89438694 199.53634747269462
v -8239291.143765611 4942147.345662291 199.53634747269462
v -8239336.505377169 4942156.124185218 199.53634747269462
v -8239291.143765611 4942147.345662291 199.53634747269462
v -8239291.739138659 4942145.223921522 199.53634747269462
v -8239336.505377169 4942156.124185218 199.53634747269462
v -8239291.739138659 4942145.223921522 199.53634747269462
v -8239289.815513544 4942144.670397089 199.53634747269462
v -8239336.505377169 4942156.124185218 199.53634747269462
v -8239289.815513544 4942144.670397089 199.53634747269462
v -8239289.7445475515 4942144.920657197 199.53634747269462
v -8239336.505377169 4942156.124185218 199.53634747269462
v -8239289.7445475515 4942144.920657197 199.53634747269462
v -8239288.305082754 4942149.997630114 199.53634747269462
v -8239336.505377169 4942156.124185218 199.53634747269462
v -8239288.305082754 4942149.997630114 199.53634747269462
v -8239278.422404648 4942147.124796384 199.53634747269462
v -8239336.505377169 4942156.124185218 199.53634747269462
v -8239278.422404648 4942147.124796384 199.53634747269462
v -8239290.259241622 4942105.374666301 199.53634747269462
v -8239336.505377169 4942156.124185218 199.53634747269462
v -8239290.259241622 4942105.374666301 199.53634747269462
v -8239302.251525918 4942108.860591203 199.53634747269462
v -8239336.505377169 4942156.124185218 199.53634747269462
v -8239302.251525918 4942108.860591203 199.53634747269462
v -8239302.306200396 4942108.87645566 199.53634747269462
v -8239336.505377169 4942156.124185218 199.53634747269462
v -8239302.306200396 4942108.87645566 199.53634747269462
v -8239308.720813863 4942086.020054206 199.53634747269462
v -8239336.505377169 4942156.124185218 199.53634747269462
v -8239308.720813863 4942086.020054206 199.53634747269462
v -8239300.842399408 4942079.586906941 199.53634747269462
v -8239336.505377169 4942156.124185218 199.53634747269462
v -8239300.842399408 4942079.586906941 199.53634747269462
v -8239305.550030573 4942062.8124024365 199.53634747269462
v -8239336.505377169 4942156.124185218 199.53634747269462
v -8239305.550030573 4942062.8124024365 199.53634747269462
v -8239311.210068303 4942042.6446389025 199.53634747269462
v -8239336.505377169 4942156.124185218 199.53634747269462
v -8239311.210068303 4942042.6446389025 199.53634747269462
v -8239308.952752459 4942041.995138821 199.53634747269462
v -8239336.505377169 4942156.124185218 199.53634747269462
v -8239308.952752459 4942041.995138821 199.53634747269462
v -8239303.698617881 4942026.269684611 199.53634747269462
v -8239336.505377169 4942156.124185218 199.53634747269462
v -8239303.698617881 4942026.269684611 199.53634747269462
v -8239302.174693977 4942021.70871344 199.53634747269462
v -8239336.505377169 4942156.124185218 199.53634747269462
v -8239302.174693977 4942021.70871344 199.53634747269462
v -8239311.14887269 4942002.485147296 199.53634747269462
v -8239336.505377169 4942156.124185218 199.53634747269462
v -8239311.14887269 4942002.485147296 199.53634747269462
v -8239330.790151278 4941995.255986437 199.53634747269462
v -8239336.505377169 4942156.124185218 199.53634747269462
v -8239330.790151278 4941995.255986437 199.53634747269462
v -8239335.5010691 4941997.410647852 199.53634747269462
v -8239336.505377169 4942156.124185218 199.53634747269462
v -8239335.5010691 4941997.410647852 199.53634747269462
v -8239344.60987699 4942001.576623543 199.53634747269462
v -8239336.505377169 4942156.124185218 199.53634747269462
v -8239344.60987699 4942001.576623543 199.53634747269462
v -8239345.4829728035 4942001.975979763 199.53634747269462
v -8239336.505377169 4942156.124185218 199.53634747269462
v -8239345.4829728035 4942001.975979763 199.53634747269462
v -8239348.8549387725 4942003.518200847 199.53634747269462
v -8239336.505377169 4942156.124185218 199.53634747269462
v -8239348.8549387725 4942003.518200847 199.53634747269462
v -8239349.636733317 4942003.87568769 199.53634747269462
v -8239336.505377169 4942156.124185218 199.53634747269462
v -8239349.636733317 4942003.87568769 199.53634747269462
v -8239356.58455818 4942024.175485778 199.53634747269462
v -8239336.505377169 4942156.124185218 199.53634747269462
v -8239356.58455818 4942024.175485778 199.53634747269462
v -8239348.861488718 4942041.415092922 199.53634747269462
v -8239336.505377169 4942156.124185218 199.53634747269462
v -8239348.861488718 4942041.415092922 199.53634747269462
v -8239347.130849551 4942045.278329519 199.53634747269462
v -8239336.505377169 4942156.124185218 199.53634747269462
v -8239347.130849551 4942045.278329519 199.53634747269462
v -8239348.862293295 4942046.070244516 199.53634747269462
v -8239336.505377169 4942156.124185218 199.53634747269462
v -8239348.862293295 4942046.070244516 199.53634747269462
v -8239356.616903846 4942049.616857867 199.53634747269462
v -8239336.505377169 4942156.124185218 199.53634747269462
v -8239356.616903846 4942049.616857867 199.53634747269462
v -8239363.771666442 4942052.889183653 199.53634747269462
v -8239336.505377169 4942156.124185218 199.53634747269462
v -8239363.771666442 4942052.889183653 199.53634747269462
v -8239352.9029622255 4942091.61724357 199.53634747269462
v -8239336.505377169 4942156.124185218 199.53634747269462
v -8239352.9029622255 4942091.61724357 199.53634747269462
v -8239358.248147495 4942093.155256137 199.53634747269462
v -8239336.505377169 4942156.124185218 199.53634747269462
v -8239358.248147495 4942093.155256137 199.53634747269462
v -8239358.970684056 4942090.580628459 199.53634747269462
v -8239336.505377169 4942156.124185218 199.53634747269462
v -8239358.970684056 4942090.580628459 199.53634747269462
v -8239360.561916041 4942090.326629851 199.53634747269462
v -8239336.505377169 4942156.124185218 199.53634747269462
v -8239360.561916041 4942090.326629851 199.53634747269462
v -8239362.134585543 4942090.146134234 199.53634747269462
v -8239336.505377169 4942156.124185218 199.53634747269462
v -8239362.134585543 4942090.146134234 199.53634747269462
v -8239363.714515103 4942090.048607944 199.53634747269462
v -8239336.505377169 4942156.124185218 199.53634747269462
v -8239363.714515103 4942090.048607944 199.53634747269462
v -8239365.297225645 4942090.034185179 199.53634747269462
v -8239336.505377169 4942156.124185218 199.53634747269462
v -8239365.297225645 4942090.034185179 199.53634747269462
v -8239366.878501623 4942090.103133471 199.53634747269462
v -8239336.505377169 4942156.124185218 199.53634747269462
v -8239366.878501623 4942090.103133471 199.53634747269462
v -8239368.454127365 4942090.255186796 199.53634747269462
v -8239336.505377169 4942156.124185218 199.53634747269462
v -8239368.454127365 4942090.255186796 199.53634747269462
v -8239370.019887182 4942090.48981234 199.53634747269462
v -8239336.505377169 4942156.124185218 199.53634747269462
v -8239370.019887182 4942090.48981234 199.53634747269462
v -8239371.571433614 4942090.8064773185 199.53634747269462
v -8239336.505377169 4942156.124185218 199.53634747269462
v -8239371.571433614 4942090.8064773185 199.53634747269462
v -8239373.104682658 4942091.204382117 199.53634747269462
v -8239336.505377169 4942156.124185218 199.53634747269462
v -8239373.104682658 4942091.204382117 199.53634747269462
v -8239374.615418488 4942091.682326973 199.53634747269462
v -8239336.505377169 4942156.124185218 199.53634747269462
v -8239374.615418488 4942091.682326973 199.53634747269462
v -8239376.099688753 4942092.239112076 199.53634747269462
v -8239336.505377169 4942156.124185218 199.53634747269462
v -8239376.099688753 4942092.239112076 199.53634747269462
v -8239377.553277543 4942092.873137481 199.53634747269462
v -8239336.505377169 4942156.124185218 199.53634747269462
v -8239377.553277543 4942092.873137481 199.53634747269462
v -8239378.972495925 4942093.582803165 199.53634747269462
v -8239336.505377169 4942156.124185218 199.53634747269462
v -8239378.972495925 4942093.582803165 199.53634747269462
v -8239380.353259647 4942094.366108987 199.53634747269462
v -8239336.505377169 4942156.124185218 199.53634747269462
v -8239380.353259647 4942094.366108987 199.53634747269462
v -8239381.692143163 4942095.2210546825 199.53634747269462
v -8239336.505377169 4942156.124185218 199.53634747269462
v -8239381.692143163 4942095.2210546825 199.53634747269462
v -8239382.985193899 4942096.145239925 199.53634747269462
v -8239336.505377169 4942156.124185218 199.53634747269462
v -8239382.985193899 4942096.145239925 199.53634747269462
v -8239384.229117946 4942097.136130872 199.53634747269462
v -8239336.505377169 4942156.124185218 199.53634747269462
v -8239384.229117946 4942097.136130872 199.53634747269462
v -8239385.420621377 4942098.191193657 199.53634747269462
v -8239336.505377169 4942156.124185218 199.53634747269462
v -8239385.420621377 4942098.191193657 199.53634747269462
v -8239384.698091151 4942100.765825294 199.53634747269462
v -8239336.505377169 4942156.124185218 199.53634747269462
v -8239384.698091151 4942100.765825294 199.53634747269462
v -8239419.823953403 4942110.87266557 199.53634747269462
v -8239336.505377169 4942156.124185218 199.53634747269462
v -8239419.823953403 4942110.87266557 199.53634747269462
v -8239417.266291627 4942119.986484859 199.53634747269462
v -8239336.505377169 4942156.124185218 199.53634747269462
v -8239417.266291627 4942119.986484859 199.53634747269462
v -8239418.031210506 4942120.206577511 199.53634747269462
v -8239336.505377169 4942156.124185218 199.53634747269462
v -8239418.031210506 4942120.206577511 199.53634747269462
v -8239414.254020812 4942133.666347463 199.53634747269462
v -8239336.505377169 4942156.124185218 199.53634747269462
v -8239414.254020812 4942133.666347463 199.53634747269462
v -8239410.1555805355 4942148.270450911 199.53634747269462
v -8239336.505377169 4942156.124185218 199.53634747269462
v -8239410.1555805355 4942148.270450911 199.53634747269462
v -8239434.586129378 4942162.362006929 199.53634747269462
v -8239336.505377169 4942156.124185218 199.53634747269462
v -8239434.586129378 4942162.362006929 199.53634747269462
v -8239427.949619426 4942174.15867053 199.53634747269462
v -8239336.505377169 4942156.124185218 199.53634747269462
v -8239427.949619426 4942174.15867053 199.53634747269462
v -8239427.166210613 4942173.70674069 199.53634747269462
v -8239336.505377169 4942156.124185218 199.53634747269462
v -8239427.166210613 4942173.70674069 199.53634747269462
v -8239398.670084666 4942225.912579247 199.53634747269462
v -8239336.505377169 4942156.124185218 199.53634747269462
v -8239398.670084666 4942225.912579247 199.53634747269462
v -8239393.219364223 4942235.898498492 199.53634747269462
v -8239336.505377169 4942156.124185218 199.53634747269462
v -8239393.219364223 4942235.898498492 199.53634747269462
v -8239395.29040685 4942237.057463457 199.53634747269462
v -8239336.505377169 4942156.124185218 199.53634747269462
v -8239395.29040685 4942237.057463457 199.53634747269462
v -8239394.478224034 4942238.545506703 199.53634747269462
v -8239336.505377169 4942156.124185218 199.53634747269462
v -8239394.478224034 4942238.545506703 199.53634747269462
v -8239393.653002847 4942240.057430303 199.53634747269462
v -8239336.505377169 4942156.124185218 199.53634747269462
v -8239393.653002847 4942240.057430303 199.53634747269462
v -8239392.543839812 4942242.089382254 199.53634747269462
v -8239336.505377169 4942156.124185218 199.53634747269462
v -8239392.543839812 4942242.089382254 199.53634747269462
v -8239393.614517223 4942247.387801208 199.53634747269462
v -8239336.505377169 4942156.124185218 199.53634747269462
v -8239393.614517223 4942247.387801208 199.53634747269462
v -8239392.462551354 4942249.498065785 199.53634747269462
v -8239336.505377169 4942156.124185218 199.53634747269462
v -8239392.462551354 4942249.498065785 199.53634747269462
v -8239390.585584825 4942252.936818454 199.53634747269462
v -8239336.505377169 4942156.124185218 199.53634747269462
v -8239390.585584825 4942252.936818454 199.53634747269462
v -8239388.805810553 4942256.197470756 199.53634747269462
v -8239336.505377169 4942156.124185218 199.53634747269462
v -8239388.805810553 4942256.197470756 199.53634747269462
v -8239386.866416243 4942259.7502898965 199.53634747269462
v -8239336.505377169 4942156.124185218 199.53634747269462
v -8239386.866416243 4942259.7502898965 199.53634747269462
v -8239385.116798558 4942262.955845724 199.53634747269462
v -8239336.505377169 4942156.124185218 199.53634747269462
v -8239385.116798558 4942262.955845724 199.53634747269462
v -8239383.749238086 4942265.461270676 199.53634747269462
v -8239336.505377169 4942156.124185218 199.53634747269462
v -8239383.749238086 4942265.461270676 199.53634747269462
v -8239379.022997891 4942266.859981494 199.53634747269462
v -8239336.505377169 4942156.124185218 199.53634747269462
v -8239379.022997891 4942266.859981494 199.53634747269462
v -8239377.787002649 4942269.124202701 199.53634747269462
v -8239336.505377169 4942156.124185218 199.53634747269462
v -8239377.787002649 4942269.124202701 199.53634747269462
v -8239376.732093135 4942271.056902268 199.53634747269462
v -8239336.505377169 4942156.124185218 199.53634747269462
v -8239376.732093135 4942271.056902268 199.53634747269462
v -8239375.832061396 4942272.705840605 199.53634747269462
v -8239336.505377169 4942156.124185218 199.53634747269462
v -8239375.832061396 4942272.705840605 199.53634747269462
v -8239373.761013573 4942271.5468673045 199.53634747269462
v -8239336.505377169 4942156.124185218 199.53634747269462
v -8239373.761013573 4942271.5468673045 199.53634747269462
v -8239368.844942379 4942280.553060257 199.53634747269462
v -8239336.505377169 4942156.124185218 0
v -8239363.257499542 4942277.426185444 0
v -8239368.844942379 4942280.553060257 0
v -8239336.505377169 4942156.124185218 0
v -8239361.682768111 4942280.311293657 0
v -8239363.257499542 4942277.426185444 0
v -8239336.505377169 4942156.124185218 0
v -8239348.901542843 4942273.158461482 0
v -8239361.682768111 4942280.311293657 0
v -8239336.505377169 4942156.124185218 0
v -8239328.916949491 4942261.974186261 0
v -8239348.901542843 4942273.158461482 0
v -8239336.505377169 4942156.124185218 0
v -8239330.668692495 4942258.765038894 0
v -8239328.916949491 4942261.974186261 0
v -8239336.505377169 4942156.124185218 0
v -8239315.169438611 4942250.091140435 0
v -8239330.668692495 4942258.765038894 0
v -8239336.505377169 4942156.124185218 0
v -8239317.099769464 4942246.554748448 0
v -8239315.169438611 4942250.091140435 0
v -8239336.505377169 4942156.124185218 0
v -8239295.4233818995 4942236.548878147 0
v -8239317.099769464 4942246.554748448 0
v -8239336.505377169 4942156.124185218 0
v -8239288.543731895 4942233.373239358 0
v -8239295.4233818995 4942236.548878147 0
v -8239336.505377169 4942156.124185218 0
v -8239285.246924324 4942231.851358233 0
v -8239288.543731895 4942233.373239358 0
v -8239336.505377169 4942156.124185218 0
v -8239286.919042047 4942225.893493603 0
v -8239285.246924324 4942231.851358233 0
v -8239336.505377169 4942156.124185218 0
v -8239286.864893552 4942225.875494461 0
v -8239286.919042047 4942225.893493603 0
v -8239336.505377169 4942156.124185218 0
v -8239281.587195113 4942224.123577266 0
v -8239286.864893552 4942225.875494461 0
v -8239336.505377169 4942156.124185218 0
v -8239280.817432667 4942226.501216521 0
v -8239281.587195113 4942224.123577266 0
v -8239336.505377169 4942156.124185218 0
v -8239276.372645902 4942227.410795519 0
v -8239280.817432667 4942226.501216521 0
v -8239336.505377169 4942156.124185218 0
v -8239275.8601911925 4942227.515731354 0
v -8239276.372645902 4942227.410795519 0
v -8239336.505377169 4942156.124185218 0
v -8239272.215169956 4942227.429775251 0
v -8239275.8601911925 4942227.515731354 0
v -8239336.505377169 4942156.124185218 0
v -8239268.482722295 4942226.844266221 0
v -8239272.215169956 4942227.429775251 0
v -8239336.505377169 4942156.124185218 0
v -8239263.438153751 4942225.564786459 0
v -8239268.482722295 4942226.844266221 0
v -8239336.505377169 4942156.124185218 0
v -8239259.677724004 4942223.843816328 0
v -8239263.438153751 4942225.564786459 0
v -8239336.505377169 4942156.124185218 0
v -8239259.640705587 4942219.022777129 0
v -8239259.677724004 4942223.843816328 0
v -8239336.505377169 4942156.124185218 0
v -8239260.46145353 4942211.805548905 0
v -8239259.640705587 4942219.022777129 0
v -8239336.505377169 4942156.124185218 0
v -8239262.932786622 4942199.824372058 0
v -8239260.46145353 4942211.805548905 0
v -8239336.505377169 4942156.124185218 0
v -8239265.438031786 4942193.822903307 0
v -8239262.932786622 4942199.824372058 0
v -8239336.505377169 4942156.124185218 0
v -8239268.972654134 4942186.785184696 0
v -8239265.438031786 4942193.822903307 0
v -8239336.505377169 4942156.124185218 0
v -8239272.02972217 4942181.399246434 0
v -8239268.972654134 4942186.785184696 0
v -8239336.505377169 4942156.124185218 0
v -8239274.905263598 4942181.679689102 0
v -8239272.02972217 4942181.399246434 0
v -8239336.505377169 4942156.124185218 0
v -8239278.990568855 4942182.710405318 0
v -8239274.905263598 4942181.679689102 0
v -8239336.505377169 4942156.124185218 0
v -8239282.675248189 4942184.507008641 0
v -8239278.990568855 4942182.710405318 0
v -8239336.505377169 4942156.124185218 0
v -8239286.552644412 4942186.9712199345 0
v -8239282.675248189 4942184.507008641 0
v -8239336.505377169 4942156.124185218 0
v -8239289.060927564 4942189.022139889 0
v -8239286.552644412 4942186.9712199345 0
v -8239336.505377169 4942156.124185218 0
v -8239291.802951185 4942191.26430809 0
v -8239289.060927564 4942189.022139889 0
v -8239336.505377169 4942156.124185218 0
v -8239291.262962311 4942192.932239125 0
v -8239291.802951185 4942191.26430809 0
v -8239336.505377169 4942156.124185218 0
v -8239295.697328258 4942194.404160632 0
v -8239291.262962311 4942192.932239125 0
v -8239336.505377169 4942156.124185218 0
v -8239295.751344859 4942194.422159693 0
v -8239295.697328258 4942194.404160632 0
v -8239336.505377169 4942156.124185218 0
v -8239297.874391263 4942186.857495252 0
v -8239295.751344859 4942194.422159693 0
v -8239336.505377169 4942156.124185218 0
v -8239292.737283099 4942177.250740212 0
v -8239297.874391263 4942186.857495252 0
v -8239336.505377169 4942156.124185218 0
v -8239293.278939707 4942175.32095736 0
v -8239292.737283099 4942177.250740212 0
v -8239336.505377169 4942156.124185218 0
v -8239296.241589283 4942164.7641201895 0
v -8239293.278939707 4942175.32095736 0
v -8239336.505377169 4942156.124185218 0
v -8239296.400373033 4942164.198499391 0
v -8239296.241589283 4942164.7641201895 0
v -8239336.505377169 4942156.124185218 0
v -8239299.202652693 4942154.213563116 0
v -8239296.400373033 4942164.198499391 0
v -8239336.505377169 4942156.124185218 0
v -8239299.85345377 4942151.89438694 0
v -8239299.202652693 4942154.213563116 0
v -8239336.505377169 4942156.124185218 0
v -8239291.143765611 4942147.345662291 0
v -8239299.85345377 4942151.89438694 0
v -8239336.505377169 4942156.124185218 0
v -8239291.739138659 4942145.223921522 0
v -8239291.143765611 4942147.345662291 0
v -8239336.505377169 4942156.124185218 0
v -8239289.815513544 4942144.670397089 0
v -8239291.739138659 4942145.223921522 0
v -8239336.505377169 4942156.124185218 0
v -8239289.7445475515 4942144.920657197 0
v -8239289.815513544 4942144.670397089 0
v -8239336.505377169 4942156.124185218 0
v -8239288.305082754 4942149.997630114 0
v -8239289.7445475515 4942144.920657197 0
v -8239336.505377169 4942156.124185218 0
v -8239278.422404648 4942147.124796384 0
v -8239288.305082754 4942149.997630114 0
v -8239336.505377169 4942156.124185218 0
v -8239290.259241622 4942105.374666301 0
v -8239278.422404648 4942147.124796384 0
v -8239336.505377169 4942156.124185218 0
v -8239302.251525918 4942108.860591203 0
v -8239290.259241622 4942105.374666301 0
v -8239336.505377169 4942156.124185218 0
v -8239302.306200396 4942108.87645566 0
v -8239302.251525918 4942108.860591203 0
v -8239336.505377169 4942156.124185218 0
v -8239308.720813863 4942086.020054206 0
v -8239302.306200396 4942108.87645566 0
v -8239336.505377169 4942156.124185218 0
v -8239300.842399408 4942079.586906941 0
v -8239308.720813863 4942086.020054206 0
v -8239336.505377169 4942156.124185218 0
v -8239305.550030573 4942062.8124024365 0
v -8239300.842399408 4942079.586906941 0
v -8239336.505377169 4942156.124185218 0
v -8239311.210068303 4942042.6446389025 0
v -8239305.550030573 4942062.8124024365 0
v -8239336.505377169 4942156.124185218 0
v -8239308.952752459 4942041.995138821 0
v -8239311.210068303 4942042.6446389025 0
v -8239336.505377169 4942156.124185218 0
v -8239303.698617881 4942026.269684611 0
v -8239308.952752459 4942041.995138821 0
v -8239336.505377169 4942156.124185218 0
v -8239302.174693977 4942021.70871344 0
v -8239303.698617881 4942026.269684611 0
v -8239336.505377169 4942156.124185218 0
v -8239311.14887269 4942002.485147296 0
v -8239302.174693977 4942021.70871344 0
v -8239336.505377169 4942156.124185218 0
v -8239330.790151278 4941995.255986437 0
v -8239311.14887269 4942002.485147296 0
v -8239336.505377169 4942156.124185218 0
v -8239335.5010691 4941997.410647852 0
v -8239330.790151278 4941995.255986437 0
v -8239336.505377169 4942156.124185218 0
v -8239344.60987699 4942001.576623543 0
v -8239335.5010691 4941997.410647852 0
v -8239336.505377169 4942156.124185218 0
v -8239345.4829728035 4942001.975979763 0
v -8239344.60987699 4942001.576623543 0
v -8239336.505377169 4942156.124185218 0
v -8239348.8549387725 4942003.518200847 0
v -8239345.4829728035 4942001.975979763 0
v -8239336.505377169 4942156.124185218 0
v -8239349.636733317 4942003.87568769 0
v -8239348.8549387725 4942003.518200847 0
v -8239336.505377169 4942156.124185218 0
v -8239356.58455818 4942024.175485778 0
v -8239349.636733317 4942003.87568769 0
v -8239336.505377169 4942156.124185218 0
v -8239348.861488718 4942041.415092922 0
v -8239356.58455818 4942024.175485778 0
v -8239336.505377169 4942156.124185218 0
v -8239347.130849551 4942045.278329519 0
v -8239348.861488718 4942041.415092922 0
v -8239336.505377169 4942156.124185218 0
v -8239348.862293295 4942046.070244516 0
v -8239347.130849551 4942045.278329519 0
v -8239336.505377169 4942156.124185218 0
v -8239356.616903846 4942049.616857867 0
v -8239348.862293295 4942046.070244516 0
v -8239336.505377169 4942156.124185218 0
v -8239363.771666442 4942052.889183653 0
v -8239356.616903846 4942049.616857867 0
v -8239336.505377169 4942156.124185218 0
v -8239352.9029622255 4942091.61724357 0
v -8239363.771666442 4942052.889183653 0
v -8239336.505377169 4942156.124185218 0
v -8239358.248147495 4942093.155256137 0
v -8239352.9029622255 4942091.61724357 0
v -8239336.505377169 4942156.124185218 0
v -8239358.970684056 4942090.580628459 0
v -8239358.248147495 4942093.155256137 0
v -8239336.505377169 4942156.124185218 0
v -8239360.561916041 4942090.326629851 0
v -8239358.970684056 4942090.580628459 0
v -8239336.505377169 4942156.124185218 0
v -8239362.134585543 4942090.146134234 0
v -8239360.561916041 4942090.326629851 0
v -8239336.505377169 4942156.124185218 0
v -8239363.714515103 4942090.048607944 0
v -8239362.134585543 4942090.146134234 0
v -8239336.505377169 4942156.124185218 0
v -8239365.297225645 4942090.034185179 0
v -8239363.714515103 4942090.048607944 0
v -8239336.505377169 4942156.124185218 0
v -8239366.878501623 4942090.103133471 0
v -8239365.297225645 4942090.034185179 0
v -8239336.505377169 4942156.124185218 0
v -8239368.454127365 4942090.255186796 0
v -8239366.878501623 4942090.103133471 0
v -8239336.505377169 4942156.124185218 0
v -8239370.019887182 4942090.48981234 0
v -8239368.454127365 4942090.255186796 0
v -8239336.505377169 4942156.124185218 0
v -8239371.571433614 4942090.8064773185 0
v -8239370.019887182 4942090.48981234 0
v -8239336.505377169 4942156.124185218 0
v -8239373.104682658 4942091.204382117 0
v -8239371.571433614 4942090.8064773185 0
v -8239336.505377169 4942156.124185218 0
v -8239374.615418488 4942091.682326973 0
v -8239373.104682658 4942091.204382117 0
v -8239336.505377169 4942156.124185218 0
v -8239376.099688753 4942092.239112076 0
v -8239374.615418488 4942091.682326973 0
v -8239336.505377169 4942156.124185218 0
v -8239377.553277543 4942092.873137481 0
v -8239376.099688753 4942092.239112076 0
v -8239336.505377169 4942156.124185218 0
v -8239378.972495925 4942093.582803165 0
v -8239377.553277543 4942092.873137481 0
v -8239336.505377169 4942156.124185218 0
v -8239380.353259647 4942094.366108987 0
v -8239378.972495925 4942093.582803165 0
v -8239336.505377169 4942156.124185218 0
v -8239381.692143163 4942095.2210546825 0
v -8239380.353259647 4942094.366108987 0
v -8239336.505377169 4942156.124185218 0
v -8239382.985193899 4942096.145239925 0
v -8239381.692143163 4942095.2210546825 0
v -8239336.505377169 4942156.124185218 0
v -8239384.229117946 4942097.136130872 0
v -8239382.985193899 4942096.145239925 0
v -8239336.505377169 4942156.124185218 0
v -8239385.420621377 4942098.191193657 0
v -8239384.229117946 4942097.136130872 0
v -8239336.505377169 4942156.124185218 0
v -8239384.698091151 4942100.765825294 0
v -8239385.420621377 4942098.191193657 0
v -8239336.505377169 4942156.124185218 0
v -8239419.823953403 4942110.87266557 0
v -8239384.698091151 4942100.765825294 0
v -8239336.505377169 4942156.124185218 0
v -8239417.266291627 4942119.986484859 0
v -8239419.823953403 4942110.87266557 0
v -8239336.505377169 4942156.124185218 0
v -8239418.031210506 4942120.206577511 0
v -8239417.266291627 4942119.986484859 0
v -8239336.505377169 4942156.124185218 0
v -8239414.254020812 4942133.666347463 0
v -8239418.031210506 4942120.206577511 0
v -8239336.505377169 4942156.124185218 0
v -8239410.1555805355 4942148.270450911 0
v -8239414.254020812 4942133.666347463 0
v -8239336.505377169 4942156.124185218 0
v -8239434.586129378 4942162.362006929 0
v -8239410.1555805355 4942148.270450911 0
v -8239336.505377169 4942156.124185218 0
v -8239427.949619426 4942174.15867053 0
v -8239434.586129378 4942162.362006929 0
v -8239336.505377169 4942156.124185218 0
v -8239427.166210613 4942173.70674069 0
v -8239427.949619426 4942174.15867053 0
v -8239336.505377169 4942156.124185218 0
v -8239398.670084666 4942225.912579247 0
v -8239427.166210613 4942173.70674069 0
v -8239336.505377169 4942156.124185218 0
v -8239393.219364223 4942235.898498492 0
v -8239398.670084666 4942225.912579247 0
v -8239336.505377169 4942156.124185218 0
v -8239395.29040685 4942237.057463457 0
v -8239393.219364223 4942235.898498492 0
v -8239336.505377169 4942156.124185218 0
v -8239394.478224034 4942238.545506703 0
v -8239395.29040685 4942237.057463457 0
v -8239336.505377169 4942156.124185218 0
v -8239393.653002847 4942240.057430303 0
v -8239394.478224034 4942238.545506703 0
v -8239336.505377169 4942156.124185218 0
v -8239392.543839812 4942242.089382254 0
v -8239393.653002847 4942240.057430303 0
v -8239336.505377169 4942156.124185218 0
v -8239393.614517223 4942247.387801208 0
v -8239392.543839812 4942242.089382254 0
v -8239336.505377169 4942156.124185218 0
v -8239392.462551354 4942249.498065785 0
v -8239393.614517223 4942247.387801208 0
v -8239336.505377169 4942156.124185218 0
v -8239390.585584825 4942252.936818454 0
v -8239392.462551354 4942249.498065785 0
v -8239336.505377169 4942156.124185218 0
v -8239388.805810553 4942256.197470756 0
v -8239390.585584825 4942252.936818454 0
v -8239336.505377169 4942156.124185218 0
v -8239386.866416243 4942259.7502898965 0
v -8239388.805810553 4942256.197470756 0
v -8239336.505377169 4942156.124185218 0
v -8239385.116798558 4942262.955845724 0
v -8239386.866416243 4942259.7502898965 0
v -8239336.505377169 4942156.124185218 0
v -8239383.749238086 4942265.461270676 0
v -8239385.116798558 4942262.955845724 0
v -8239336.505377169 4942156.124185218 0
v -8239379.022997891 4942266.859981494 0
v -8239383.749238086 4942265.461270676 0
v -8239336.505377169 4942156.124185218 0
v -8239377.787002649 4942269.124202701 0
v -8239379.022997891 4942266.859981494 0
v -8239336.505377169 4942156.124185218 0
v -8239376.732093135 4942271.056902268 0
v -8239377.787002649 4942269.124202701 0
v -8239336.505377169 4942156.124185218 0
v -8239375.832061396 4942272.705840605 0
v -8239376.732093135 4942271.056902268 0
v -8239336.505377169 4942156.124185218 0
v -8239373.761013573 4942271.5468673045 0
v -8239375.832061396 4942272.705840605 0
v -8239336.505377169 4942156.124185218 0
v -8239368.844942379 4942280.553060257 0
v -8239373.761013573 4942271.5468673045 0
v -8239368.844942379 4942280.553060257 0
v -8239363.257499542 4942277.426185444 0
v -8239368.844942379 4942280.553060257 199.53634747269462
v -8239368.844942379 4942280.553060257 199.53634747269462
v -8239363.257499542 4942277.426185444 0
v -8239363.257499542 4942277.426185444 199.53634747269462
v -8239363.257499542 4942277.426185444 0
v -8239361.682768111 4942280.311293657 0
v -8239363.257499542 4942277.426185444 199.53634747269462
v -8239363.257499542 4942277.426185444 199.53634747269462
v -8239361.682768111 4942280.311293657 0
v -8239361.682768111 4942280.311293657 199.53634747269462
v -8239361.682768111 4942280.311293657 0
v -8239348.901542843 4942273.158461482 0
v -8239361.682768111 4942280.311293657 199.53634747269462
v -8239361.682768111 4942280.311293657 199.53634747269462
v -8239348.901542843 4942273.158461482 0
v -8239348.901542843 4942273.158461482 199.53634747269462
v -8239348.901542843 4942273.158461482 0
v -8239328.916949491 4942261.974186261 0
v -8239348.901542843 4942273.158461482 199.53634747269462
v -8239348.901542843 4942273.158461482 199.53634747269462
v -8239328.916949491 4942261.974186261 0
v -8239328.916949491 4942261.974186261 199.53634747269462
v -8239328.916949491 4942261.974186261 0
v -8239330.668692495 4942258.765038894 0
v -8239328.916949491 4942261.974186261 199.53634747269462
v -8239328.916949491 4942261.974186261 199.53634747269462
v -8239330.668692495 4942258.765038894 0
v -8239330.668692495 4942258.765038894 199.53634747269462
v -8239330.668692495 4942258.765038894 0
v -8239315.169438611 4942250.091140435 0
v -8239330.668692495 4942258.765038894 199.53634747269462
v -8239330.668692495 4942258.765038894 199.53634747269462
v -8239315.169438611 4942250.091140435 0
v -8239315.169438611 4942250.091140435 199.53634747269462
v -8239315.169438611 4942250.091140435 0
v -8239317.099769464 4942246.554748448 0
v -8239315.169438611 4942250.091140435 199.53634747269462
v -8239315.169438611 4942250.091140435 199.53634747269462
v -8239317.099769464 4942246.554748448 0
v -8239317.099769464 4942246.554748448 199.53634747269462
v -8239317.099769464 4942246.554748448 0
v -8239295.4233818995 4942236.548878147 0
v -8239317.099769464 4942246.554748448 199.53634747269462
v -8239317.099769464 4942246.554748448 199.53634747269462
v -8239295.4233818995 4942236.548878147 0
v -8239295.4233818995 4942236.548878147 199.53634747269462
v -8239295.4233818995 4942236.548878147 0
v -8239288.543731895 4942233.373239358 0
v -8239295.4233818995 4942236.548878147 199.53634747269462
v -8239295.4233818995 4942236.548878147 199.53634747269462
v -8239288.543731895 4942233.373239358 0
v -8239288.543731895 4942233.373239358 199.53634747269462
v -8239288.543731895 4942233.373239358 0
v -8239285.246924324 4942231.851358233 0
v -8239288.543731895 4942233.373239358 199.53634747269462
v -8239288.543731895 4942233.373239358 199.53634747269462
v -8239285.246924324 4942231.851358233 0
v -8239285.246924324 4942231.851358233 199.53634747269462
v -8239285.246924324 4942231.851358233 0
v -8239286.919042047 4942225.893493603 0
v -8239285.246924324 4942231.851358233 199.53634747269462
v -8239285.246924324 4942231.851358233 199.53634747269462
v -8239286.919042047 4942225.893493603 0
v -8239286.919042047 4942225.893493603 199.53634747269462
v -8239286.919042047 4942225.893493603 0
v -8239286.864893552 4942225.875494461 0
v -8239286.919042047 4942225.893493603 199.53634747269462
v -8239286.919042047 4942225.893493603 199.53634747269462
v -8239286.864893552 4942225.875494461 0
v -8239286.864893552 4942225.875494461 199.53634747269462
v -8239286.864893552 4942225.875494461 0
v -8239281.587195113 4942224.123577266 0
v -8239286.864893552 4942225.875494461 199.53634747269462
v -8239286.864893552 4942225.875494461 199.53634747269462
v -8239281.587195113 4942224.123577266 0
v -8239281.587195113 4942224.123577266 199.53634747269462
v -8239281.587195113 4942224.123577266 0
v -8239280.817432667 4942226.501216521 0
v -8239281.587195113 4942224.123577266 199.53634747269462
v -8239281.587195113 4942224.123577266 199.53634747269462
v -8239280.817432667 4942226.501216521 0
v -8239280.817432667 4942226.501216521 199.53634747269462
v -8239280.817432667 4942226.501216521 0
v -8239276.372645902 4942227.410795519 0
v -8239280.817432667 4942226.501216521 199.53634747269462
v -8239280.817432667 4942226.501216521 199.53634747269462
v -8239276.372645902 4942227.410795519 0
v -8239276.372645902 4942227.410795519 199.53634747269462
v -8239276.372645902 4942227.410795519 0
v -8239275.8601911925 4942227.515731354 0
v -8239276.372645902 4942227.410795519 199.53634747269462
v -8239276.372645902 4942227.410795519 199.53634747269462
v -8239275.8601911925 4942227.515731354 0
v -8239275.8601911925 4942227.515731354 199.53634747269462
v -8239275.8601911925 4942227.515731354 0
v -8239272.215169956 4942227.429775251 0
v -8239275.8601911925 4942227.515731354 199.53634747269462
v -8239275.8601911925 4942227.515731354 199.53634747269462
v -8239272.215169956 4942227.429775251 0
v -8239272.215169956 4942227.429775251 199.53634747269462
v -8239272.215169956 4942227.429775251 0
v -8239268.482722295 4942226.844266221 0
v -8239272.215169956 4942227.429775251 199.53634747269462
v -8239272.215169956 4942227.429775251 199.53634747269462
v -8239268.482722295 4942226.844266221 0
v -8239268.482722295 4942226.844266221 199.53634747269462
v -8239268.482722295 4942226.844266221 0
v -8239263.438153751 4942225.564786459 0
v -8239268.482722295 4942226.844266221 199.53634747269462
v -8239268.482722295 4942226.844266221 199.53634747269462
v -8239263.438153751 4942225.564786459 0
v -8239263.438153751 4942225.564786459 199.53634747269462
v -8239263.438153751 4942225.564786459 0
v -8239259.677724004 4942223.843816328 0
v -8239263.438153751 4942225.564786459 199.53634747269462
v -8239263.438153751 4942225.564786459 199.53634747269462
v -8239259.677724004 4942223.843816328 0
v -8239259.677724004 4942223.843816328 199.53634747269462
v -8239259.677724004 4942223.843816328 0
v -8239259.640705587 4942219.022777129 0
v -8239259.677724004 4942223.843816328 199.53634747269462
v -8239259.677724004 4942223.843816328 199.53634747269462
v -8239259.640705587 4942219.022777129 0
v -8239259.640705587 4942219.022777129 199.53634747269462
v -8239259.640705587 4942219.022777129 0
v -8239260.46145353 4942211.805548905 0
v -8239259.640705587 4942219.022777129 199.53634747269462
v -8239259.640705587 4942219.022777129 199.53634747269462
v -8239260.46145353 4942211.805548905 0
v -8239260.46145353 4942211.805548905 199.53634747269462
v -8239260.46145353 4942211.805548905 0
v -8239262.932786622 4942199.824372058 0
v -8239260.46145353 4942211.805548905 199.53634747269462
v -8239260.46145353 4942211.805548905 199.53634747269462
v -8239262.932786622 4942199.824372058 0
v -8239262.932786622 4942199.824372058 199.53634747269462
v -8239262.932786622 4942199.824372058 0
v -8239265.438031786 4942193.822903307 0
v -8239262.932786622 4942199.824372058 199.53634747269462
v -8239262.932786622 4942199.824372058 199.53634747269462
v -8239265.438031786 4942193.822903307 0
v -8239265.438031786 4942193.822903307 199.53634747269462
v -8239265.438031786 4942193.822903307 0
v -8239268.972654134 4942186.785184696 0
v -8239265.438031786 4942193.822903307 199.53634747269462
v -8239265.438031786 4942193.822903307 199.53634747269462
v -8239268.972654134 4942186.785184696 0
v -8239268.972654134 4942186.785184696 199.53634747269462
v -8239268.972654134 4942186.785184696 0
v -8239272.02972217 4942181.399246434 0
v -8239268.972654134 4942186.785184696 199.53634747269462
v -8239268.972654134 4942186.785184696 199.53634747269462
v -8239272.02972217 4942181.399246434 0
v -8239272.02972217 4942181.399246434 199.53634747269462
v -8239272.02972217 4942181.399246434 0
v -8239274.905263598 4942181.679689102 0
v -8239272.02972217 4942181.399246434 199.53634747269462
v -8239272.02972217 4942181.399246434 199.53634747269462
v -8239274.905263598 4942181.679689102 0
v -8239274.905263598 4942181.679689102 199.53634747269462
v -8239274.905263598 4942181.679689102 0
v -8239278.990568855 4942182.710405318 0
v -8239274.905263598 4942181.679689102 199.53634747269462
v -8239274.905263598 4942181.679689102 199.53634747269462
v -8239278.990568855 4942182.710405318 0
v -8239278.990568855 4942182.710405318 199.53634747269462
v -8239278.990568855 4942182.710405318 0
v -8239282.675248189 4942184.507008641 0
v -8239278.990568855 4942182.710405318 199.53634747269462
v -8239278.990568855 4942182.710405318 199.53634747269462
v -8239282.675248189 4942184.507008641 0
v -8239282.675248189 4942184.507008641 199.53634747269462
v -8239282.675248189 4942184.507008641 0
v -8239286.552644412 4942186.9712199345 0
v -8239282.675248189 4942184.507008641 199.53634747269462
v -8239282.675248189 4942184.507008641 199.53634747269462
v -8239286.552644412 4942186.9712199345 0
v -8239286.552644412 4942186.9712199345 199.53634747269462
v -8239286.552644412 4942186.9712199345 0
v -8239289.060927564 4942189.022139889 0
v -8239286.552644412 4942186.9712199345 199.53634747269462
v -8239286.552644412 4942186.9712199345 199.53634747269462
v -8239289.060927564 4942189.022139889 0
v -8239289.060927564 4942189.022139889 199.53634747269462
v -8239289.060927564 4942189.022139889 0
v -8239291.802951185 4942191.26430809 0
v -8239289.060927564 4942189.022139889 199.53634747269462
v -8239289.060927564 4942189.022139889 199.53634747269462
v -8239291.802951185 4942191.26430809 0
v -8239291.802951185 4942191.26430809 199.53634747269462
v -8239291.802951185 4942191.26430809 0
v -8239291.262962311 4942192.932239125 0
v -8239291.802951185 4942191.26430809 199.53634747269462
v -8239291.802951185 4942191.26430809 199.53634747269462
v -8239291.262962311 4942192.932239125 0
v -8239291.262962311 4942192.932239125 199.53634747269462
v -8239291.262962311 4942192.932239125 0
v -8239295.697328258 4942194.404160632 0
v -8239291.262962311 4942192.932239125 199.53634747269462
v -8239291.262962311 4942192.932239125 199.53634747269462
v -8239295.697328258 4942194.404160632 0
v -8239295.697328258 4942194.404160632 199.53634747269462
v -8239295.697328258 4942194.404160632 0
v -8239295.751344859 4942194.422159693 0
v -8239295.697328258 4942194.404160632 199.53634747269462
v -8239295.697328258 4942194.404160632 199.53634747269462
v -8239295.751344859 4942194.422159693 0
v -8239295.751344859 4942194.422159693 199.53634747269462
v -8239295.751344859 4942194.422159693 0
v -8239297.874391263 4942186.857495252 0
v -8239295.751344859 4942194.422159693 199.53634747269462
v -8239295.751344859 4942194.422159693 199.53634747269462
v -8239297.874391263 4942186.857495252 0
v -8239297.874391263 4942186.857495252 199.53634747269462
v -8239297.874391263 4942186.857495252 0
v -8239292.737283099 4942177.250740212 0
v -8239297.874391263 4942186.857495252 199.53634747269462
v -8239297.874391263 4942186.857495252 199.53634747269462
v -8239292.737283099 4942177.250740212 0
v -8239292.737283099 4942177.250740212 199.53634747269462
v -8239292.737283099 4942177.250740212 0
v -8239293.278939707 4942175.32095736 0
v -8239292.737283099 4942177.250740212 199.53634747269462
v -8239292.737283099 4942177.250740212 199.53634747269462
v -8239293.278939707 4942175.32095736 0
v -8239293.278939707 4942175.32095736 199.53634747269462
v -8239293.278939707 4942175.32095736 0
v -8239296.241589283 4942164.7641201895 0
v -8239293.278939707 4942175.32095736 199.53634747269462
v -8239293.278939707 4942175.32095736 199.53634747269462
v -8239296.241589283 4942164.7641201895 0
v -8239296.241589283 4942164.7641201895 199.53634747269462
v -8239296.241589283 4942164.7641201895 0
v -8239296.400373033 4942164.198499391 0
v -8239296.241589283 4942164.7641201895 199.53634747269462
v -8239296.241589283 4942164.7641201895 199.53634747269462
v -8239296.400373033 4942164.198499391 0
v -8239296.400373033 4942164.198499391 199.53634747269462
v -8239296.400373033 4942164.198499391 0
v -8239299.202652693 4942154.213563116 0
v -8239296.400373033 4942164.198499391 199.53634747269462
v -8239296.400373033 4942164.198499391 199.53634747269462
v -8239299.202652693 4942154.213563116 0
v -8239299.202652693 4942154.213563116 199.53634747269462
v -8239299.202652693 4942154.213563116 0
v -8239299.85345377 4942151.89438694 0
v -8239299.202652693 4942154.213563116 199.53634747269462
v -8239299.202652693 4942154.213563116 199.53634747269462
v -8239299.85345377 4942151.89438694 0
v -8239299.85345377 4942151.89438694 199.53634747269462
v -8239299.85345377 4942151.89438694 0
v -8239291.143765611 4942147.345662291 0
v -8239299.85345377 4942151.89438694 199.53634747269462
v -8239299.85345377 4942151.89438694 199.53634747269462
v -8239291.143765611 4942147.345662291 0
v -8239291.143765611 4942147.345662291 199.53634747269462
v -8239291.143765611 4942147.345662291 0
v -8239291.739138659 4942145.223921522 0
v -8239291.143765611 4942147.345662291 199.53634747269462
v -8239291.143765611 4942147.345662291 199.53634747269462
v -8239291.739138659 4942145.223921522 0
v -8239291.739138659 4942145.223921522 199.53634747269462
v -8239291.739138659 4942145.223921522 0
v -8239289.815513544 4942144.670397089 0
v -8239291.739138659 4942145.223921522 199.53634747269462
v -8239291.739138659 4942145.223921522 199.53634747269462
v -8239289.815513544 4942144.670397089 0
v -8239289.815513544 4942144.670397089 199.53634747269462
v -8239289.815513544 4942144.670397089 0
v -8239289.7445475515 4942144.920657197 0
v -8239289.815513544 4942144.670397089 199.53634747269462
v -8239289.815513544 4942144.670397089 199.53634747269462
v -8239289.7445475515 4942144.920657197 0
v -8239289.7445475515 4942144.920657197 199.53634747269462
v -8239289.7445475515 4942144.920657197 0
v -8239288.305082754 4942149.997630114 0
v -8239289.7445475515 4942144.920657197 199.53634747269462
v -8239289.7445475515 4942144.920657197 199.53634747269462
v -8239288.305082754 4942149.997630114 0
v -8239288.305082754 4942149.997630114 199.53634747269462
v -8239288.305082754 4942149.997630114 0
v -8239278.422404648 4942147.124796384 0
v -8239288.305082754 4942149.997630114 199.53634747269462
v -8239288.305082754 4942149.997630114 199.53634747269462
v -8239278.422404648 4942147.124796384 0
v -8239278.422404648 4942147.124796384 199.53634747269462
v -8239278.422404648 4942147.124796384 0
v -8239290.259241622 4942105.374666301 0
v -8239278.422404648 4942147.124796384 199.53634747269462
v -8239278.422404648 4942147.124796384 199.53634747269462
v -8239290.259241622 4942105.374666301 0
v -8239290.259241622 4942105.374666301 199.53634747269462
v -8239290.259241622 4942105.374666301 0
v -8239302.251525918 4942108.860591203 0
v -8239290.259241622 4942105.374666301 199.53634747269462
v -8239290.259241622 4942105.374666301 199.53634747269462
v -8239302.251525918 4942108.860591203 0
v -8239302.251525918 4942108.860591203 199.53634747269462
v -8239302.251525918 4942108.860591203 0
v -8239302.306200396 4942108.87645566 0
v -8239302.251525918 4942108.860591203 199.53634747269462
v -8239302.251525918 4942108.860591203 199.53634747269462
v -8239302.306200396 4942108.87645566 0
v -8239302.306200396 4942108.87645566 199.53634747269462
v -8239302.306200396 4942108.87645566 0
v -8239308.720813863 4942086.020054206 0
v -8239302.306200396 4942108.87645566 199.53634747269462
v -8239302.306200396 4942108.87645566 199.53634747269462
v -8239308.720813863 4942086.020054206 0
v -8239308.720813863 4942086.020054206 199.53634747269462
v -8239308.720813863 4942086.020054206 0
v -8239300.842399408 4942079.586906941 0
v -8239308.720813863 4942086.020054206 199.53634747269462
v -8239308.720813863 4942086.020054206 199.53634747269462
v -8239300.842399408 4942079.586906941 0
v -8239300.842399408 4942079.586906941 199.53634747269462
v -8239300.842399408 4942079.586906941 0
v -8239305.550030573 4942062.8124024365 0
v -8239300.842399408 4942079.586906941 199.53634747269462
v -8239300.842399408 4942079.586906941 199.53634747269462
v -8239305.550030573 4942062.8124024365 0
v -8239305.550030573 4942062.8124024365 199.53634747269462
v -8239305.550030573 4942062.8124024365 0
v -8239311.210068303 4942042.6446389025 0
v -8239305.550030573 4942062.8124024365 199.53634747269462
v -8239305.550030573 4942062.8124024365 199.53634747269462
v -8239311.210068303 4942042.6446389025 0
v -8239311.210068303 4942042.6446389025 199.53634747269462
v -8239311.210068303 4942042.6446389025 0
v -8239308.952752459 4942041.995138821 0
v -8239311.210068303 4942042.6446389025 199.53634747269462
v -8239311.210068303 4942042.6446389025 199.53634747269462
v -8239308.952752459 4942041.995138821 0
v -8239308.952752459 4942041.995138821 199.53634747269462
v -8239308.952752459 4942041.995138821 0
v -8239303.698617881 4942026.269684611 0
v -8239308.952752459 4942041.995138821 199.53634747269462
v -8239308.952752459 4942041.995138821 199.53634747269462
v -8239303.698617881 4942026.269684611 0
v -8239303.698617881 4942026.269684611 199.53634747269462
v -8239303.698617881 4942026.269684611 0
v -8239302.174693977 4942021.70871344 0
v -8239303.698617881 4942026.269684611 199.53634747269462
v -8239303.698617881 4942026.269684611 199.53634747269462
v -8239302.174693977 4942021.70871344 0
v -8239302.174693977 4942021.70871344 199.53634747269462
v -8239302.174693977 4942021.70871344 0
v -8239311.14887269 4942002.485147296 0
v -8239302.174693977 4942021.70871344 199.53634747269462
v -8239302.174693977 4942021.70871344 199.53634747269462
v -8239311.14887269 4942002.485147296 0
v -8239311.14887269 4942002.485147296 199.53634747269462
v -8239311.14887269 4942002.485147296 0
v -8239330.790151278 4941995.255986437 0
v -8239311.14887269 4942002.485147296 199.53634747269462
v -8239311.14887269 4942002.485147296 199.53634747269462
v -8239330.790151278 4941995.255986437 0
v -8239330.790151278 4941995.255986437 199.53634747269462
v -8239330.790151278 4941995.255986437 0
v -8239335.5010691 4941997.410647852 0
v -8239330.790151278 4941995.255986437 199.53634747269462
v -8239330.790151278 4941995.255986437 199.53634747269462
v -8239335.5010691 4941997.410647852 0
v -8239335.5010691 4941997.410647852 199.53634747269462
v -8239335.5010691 4941997.410647852 0
v -8239344.60987699 4942001.576623543 0
v -8239335.5010691 4941997.410647852 199.53634747269462
v -8239335.5010691 4941997.410647852 199.53634747269462
v -8239344.60987699 4942001.576623543 0
v -8239344.60987699 4942001.576623543 199.53634747269462
v -8239344.60987699 4942001.576623543 0
v -8239345.4829728035 4942001.975979763 0
v -8239344.60987699 4942001.576623543 199.53634747269462
v -8239344.60987699 4942001.576623543 199.53634747269462
v -8239345.4829728035 4942001.975979763 0
v -8239345.4829728035 4942001.975979763 199.53634747269462
v -8239345.4829728035 4942001.975979763 0
v -8239348.8549387725 4942003.518200847 0
v -8239345.4829728035 4942001.975979763 199.53634747269462
v -8239345.4829728035 4942001.975979763 199.53634747269462
v -8239348.8549387725 4942003.518200847 0
v -8239348.8549387725 4942003.518200847 199.53634747269462
v -8239348.8549387725 4942003.518200847 0
v -8239349.636733317 4942003.87568769 0
v -8239348.8549387725 4942003.518200847 199.53634747269462
v -8239348.8549387725 4942003.518200847 199.53634747269462
v -8239349.636733317 4942003.87568769 0
v -8239349.636733317 4942003.87568769 199.53634747269462
v -8239349.636733317 4942003.87568769 0
v -8239356.58455818 4942024.175485778 0
v -8239349.636733317 4942003.87568769 199.53634747269462
v -8239349.636733317 4942003.87568769 199.53634747269462
v -8239356.58455818 4942024.175485778 0
v -8239356.58455818 4942024.175485778 199.53634747269462
v -8239356.58455818 4942024.175485778 0
v -8239348.861488718 4942041.415092922 0
v -8239356.58455818 4942024.175485778 199.53634747269462
v -8239356.58455818 4942024.175485778 199.53634747269462
v -8239348.861488718 4942041.415092922 0
v -8239348.861488718 4942041.415092922 199.53634747269462
v -8239348.861488718 4942041.415092922 0
v -8239347.130849551 4942045.278329519 0
v -8239348.861488718 4942041.415092922 199.53634747269462
v -8239348.861488718 4942041.415092922 199.53634747269462
v -8239347.130849551 4942045.278329519 0
v -8239347.130849551 4942045.278329519 199.53634747269462
v -8239347.130849551 4942045.278329519 0
v -8239348.862293295 4942046.070244516 0
v -8239347.130849551 4942045.278329519 199.53634747269462
v -8239347.130849551 4942045.278329519 199.53634747269462
v -8239348.862293295 4942046.070244516 0
v -8239348.862293295 4942046.070244516 199.53634747269462
v -8239348.862293295 4942046.070244516 0
v -8239356.616903846 4942049.616857867 0
v -8239348.862293295 4942046.070244516 199.53634747269462
v -8239348.862293295 4942046.070244516 199.53634747269462
v -8239356.616903846 4942049.616857867 0
v -8239356.616903846 4942049.616857867 199.53634747269462
v -8239356.616903846 4942049.616857867 0
v -8239363.771666442 4942052.889183653 0
v -8239356.616903846 4942049.616857867 199.53634747269462
v -8239356.616903846 4942049.616857867 199.53634747269462
v -8239363.771666442 4942052.889183653 0
v -8239363.771666442 4942052.889183653 199.53634747269462
v -8239363.771666442 4942052.889183653 0
v -8239352.9029622255 4942091.61724357 0
v -8239363.771666442 4942052.889183653 199.53634747269462
v -8239363.771666442 4942052.889183653 199.53634747269462
v -8239352.9029622255 4942091.61724357 0
v -8239352.9029622255 4942091.61724357 199.53634747269462
v -8239352.9029622255 4942091.61724357 0
v -8239358.248147495 4942093.155256137 0
v -8239352.9029622255 4942091.61724357 199.53634747269462
v -8239352.9029622255 4942091.61724357 199.53634747269462
v -8239358.248147495 4942093.155256137 0
v -8239358.248147495 4942093.155256137 199.53634747269462
v -8239358.248147495 4942093.155256137 0
v -8239358.970684056 4942090.580628459 0
v -8239358.248147495 4942093.155256137 199.53634747269462
v -8239358.248147495 4942093.155256137 199.53634747269462
v -8239358.970684056 4942090.580628459 0
v -8239358.970684056 4942090.580628459 199.53634747269462
v -8239358.970684056 4942090.580628459 0
v -8239360.561916041 4942090.326629851 0
v -8239358.970684056 4942090.580628459 199.53634747269462
v -8239358.970684056 4942090.580628459 199.53634747269462
v -8239360.561916041 4942090.326629851 0
v -8239360.561916041 4942090.326629851 199.53634747269462
v -8239360.561916041 4942090.326629851 0
v -8239362.134585543 4942090.146134234 0
v -8239360.561916041 4942090.326629851 199.53634747269462
v -8239360.561916041 4942090.326629851 199.53634747269462
v -8239362.134585543 4942090.146134234 0
v -8239362.134585543 4942090.146134234 199.53634747269462
v -8239362.134585543 4942090.146134234 0
v -8239363.714515103 4942090.048607944 0
v -8239362.134585543 4942090.146134234 199.53634747269462
v -8239362.134585543 4942090.146134234 199.53634747269462
v -8239363.714515103 4942090.048607944 0
v -8239363.714515103 4942090.048607944 199.53634747269462
v -8239363.714515103 4942090.048607944 0
v -8239365.297225645 4942090.034185179 0
v -8239363.714515103 4942090.048607944 199.53634747269462
v -8239363.714515103 4942090.048607944 199.53634747269462
v -8239365.297225645 4942090.034185179 0
v -8239365.297225645 4942090.034185179 199.53634747269462
v -8239365.297225645 4942090.034185179 0
v -8239366.878501623 4942090.103133471 0
v -8239365.297225645 4942090.034185179 199.53634747269462
v -8239365.297225645 4942090.034185179 199.53634747269462
v -8239366.878501623 4942090.103133471 0
v -8239366.878501623 4942090.103133471 199.53634747269462
v -8239366.878501623 4942090.103133471 0
v -8239368.454127365 4942090.255186796 0
v -8239366.878501623 4942090.103133471 199.53634747269462
v -8239366.878501623 4942090.103133471 199.53634747269462
v -8239368.454127365 4942090.255186796 0
v -8239368.454127365 4942090.255186796 199.53634747269462
v -8239368.454127365 4942090.255186796 0
v -8239370.019887182 4942090.48981234 0
v -8239368.454127365 4942090.255186796 199.53634747269462
v -8239368.454127365 4942090.255186796 199.53634747269462
v -8239370.019887182 4942090.48981234 0
v -8239370.019887182 4942090.48981234 199.53634747269462
v -8239370.019887182 4942090.48981234 0
v -8239371.571433614 4942090.8064773185 0
v -8239370.019887182 4942090.48981234 199.53634747269462
v -8239370.019887182 4942090.48981234 199.53634747269462
v -8239371.571433614 4942090.8064773185 0
v -8239371.571433614 4942090.8064773185 199.53634747269462
v -8239371.571433614 4942090.8064773185 0
v -8239373.104682658 4942091.204382117 0
v -8239371.571433614 4942090.8064773185 199.53634747269462
v -8239371.571433614 4942090.8064773185 199.53634747269462
v -8239373.104682658 4942091.204382117 0
v -8239373.104682658 4942091.204382117 199.53634747269462
v -8239373.104682658 4942091.204382117 0
v -8239374.615418488 4942091.682326973 0
v -8239373.104682658 4942091.204382117 199.53634747269462
v -8239373.104682658 4942091.204382117 199.53634747269462
v -8239374.615418488 4942091.682326973 0
v -8239374.615418488 4942091.682326973 199.53634747269462
v -8239374.615418488 4942091.682326973 0
v -8239376.099688753 4942092.239112076 0
v -8239374.615418488 4942091.682326973 199.53634747269462
v -8239374.615418488 4942091.682326973 199.53634747269462
v -8239376.099688753 4942092.239112076 0
v -8239376.099688753 4942092.239112076 199.53634747269462
v -8239376.099688753 4942092.239112076 0
v -8239377.553277543 4942092.873137481 0
v -8239376.099688753 4942092.239112076 199.53634747269462
v -8239376.099688753 4942092.239112076 199.53634747269462
v -8239377.553277543 4942092.873137481 0
v -8239377.553277543 4942092.873137481 199.53634747269462
v -8239377.553277543 4942092.873137481 0
v -8239378.972495925 4942093.582803165 0
v -8239377.553277543 4942092.873137481 199.53634747269462
v -8239377.553277543 4942092.873137481 199.53634747269462
v -8239378.972495925 4942093.582803165 0
v -8239378.972495925 4942093.582803165 199.53634747269462
v -8239378.972495925 4942093.582803165 0
v -8239380.353259647 4942094.366108987 0
v -8239378.972495925 4942093.582803165 199.53634747269462
v -8239378.972495925 4942093.582803165 199.53634747269462
v -8239380.353259647 4942094.366108987 0
v -8239380.353259647 4942094.366108987 199.53634747269462
v -8239380.353259647 4942094.366108987 0
v -8239381.692143163 4942095.2210546825 0
v -8239380.353259647 4942094.366108987 199.53634747269462
v -8239380.353259647 4942094.366108987 199.53634747269462
v -8239381.692143163 4942095.2210546825 0
v -8239381.692143163 4942095.2210546825 199.53634747269462
v -8239381.692143163 4942095.2210546825 0
v -8239382.985193899 4942096.145239925 0
v -8239381.692143163 4942095.2210546825 199.53634747269462
v -8239381.692143163 4942095.2210546825 199.53634747269462
v -8239382.985193899 4942096.145239925 0
v -8239382.985193899 4942096.145239925 199.53634747269462
v -8239382.985193899 4942096.145239925 0
v -8239384.229117946 4942097.136130872 0
v -8239382.985193899 4942096.145239925 199.53634747269462
v -8239382.985193899 4942096.145239925 199.53634747269462
v -8239384.229117946 4942097.136130872 0
v -8239384.229117946 4942097.136130872 199.53634747269462
v -8239384.229117946 4942097.136130872 0
v -8239385.420621377 4942098.191193657 0
v -8239384.229117946 4942097.136130872 199.53634747269462
v -8239384.229117946 4942097.136130872 199.53634747269462
v -8239385.420621377 4942098.191193657 0
v -8239385.420621377 4942098.191193657 199.53634747269462
v -8239385.420621377 4942098.191193657 0
v -8239384.698091151 4942100.765825294 0
v -8239385.420621377 4942098.191193657 199.53634747269462
v -8239385.420621377 4942098.191193657 199.53634747269462
v -8239384.698091151 4942100.765825294 0
v -8239384.698091151 4942100.765825294 199.53634747269462
v -8239384.698091151 4942100.765825294 0
v -8239419.823953403 4942110.87266557 0
v -8239384.698091151 4942100.765825294 199.53634747269462
v -8239384.698091151 4942100.765825294 199.53634747269462
v -8239419.823953403 4942110.87266557 0
v -8239419.823953403 4942110.87266557 199.53634747269462
v -8239419.823953403 4942110.87266557 0
v -8239417.266291627 4942119.986484859 0
v -8239419.823953403 4942110.87266557 199.53634747269462
v -8239419.823953403 4942110.87266557 199.53634747269462
v -8239417.266291627 4942119.986484859 0
v -8239417.266291627 4942119.986484859 199.53634747269462
v -8239417.266291627 4942119.986484859 0
v -8239418.031210506 4942120.206577511 0
v -8239417.266291627 4942119.986484859 199.53634747269462
v -8239417.266291627 4942119.986484859 199.53634747269462
v -8239418.031210506 4942120.206577511 0
v -8239418.031210506 4942120.206577511 199.53634747269462
v -8239418.031210506 4942120.206577511 0
v -8239414.254020812 4942133.666347463 0
v -8239418.031210506 4942120.206577511 199.53634747269462
v -8239418.031210506 4942120.206577511 199.53634747269462
v -8239414.254020812 4942133.666347463 0
v -8239414.254020812 4942133.666347463 199.53634747269462
v -8239414.254020812 4942133.666347463 0
v -8239410.1555805355 4942148.270450911 0
v -8239414.254020812 4942133.666347463 199.53634747269462
v -8239414.254020812 4942133.666347463 199.53634747269462
v -8239410.1555805355 4942148.270450911 0
v -8239410.1555805355 4942148.270450911 199.53634747269462
v -8239410.1555805355 4942148.270450911 0
v -8239434.586129378 4942162.362006929 0
v -8239410.1555805355 4942148.270450911 199.53634747269462
v -8239410.1555805355 4942148.270450911 199.53634747269462
v -8239434.586129378 4942162.362006929 0
v -8239434.586129378 4942162.362006929 199.53634747269462
v -8239434.586129378 4942162.362006929 0
v -8239427.949619426 4942174.15867053 0
v -8239434.586129378 4942162.362006929 199.53634747269462
v -8239434.586129378 4942162.362006929 199.53634747269462
v -8239427.949619426 4942174.15867053 0
v -8239427.949619426 4942174.15867053 199.53634747269462
v -8239427.949619426 4942174.15867053 0
v -8239427.166210613 4942173.70674069 0
v -8239427.949619426 4942174.15867053 199.53634747269462
v -8239427.949619426 4942174.15867053 199.53634747269462
v -8239427.166210613 4942173.70674069 0
v -8239427.166210613 4942173.70674069 199.53634747269462
v -8239427.166210613 4942173.70674069 0
v -8239398.670084666 4942225.912579247 0
v -8239427.166210613 4942173.70674069 199.53634747269462
v -8239427.166210613 4942173.70674069 199.53634747269462
v -8239398.670084666 4942225.912579247 0
v -8239398.670084666 4942225.912579247 199.53634747269462
v -8239398.670084666 4942225.912579247 0
v -8239393.219364223 4942235.898498492 0
v -8239398.670084666 4942225.912579247 199.53634747269462
v -8239398.670084666 4942225.912579247 199.53634747269462
v -8239393.219364223 4942235.898498492 0
v -8239393.219364223 4942235.898498492 199.53634747269462
v -8239393.219364223 4942235.898498492 0
v -8239395.29040685 4942237.057463457 0
v -8239393.219364223 4942235.898498492 199.53634747269462
v -8239393.219364223 4942235.898498492 199.53634747269462
v -8239395.29040685 4942237.057463457 0
v -8239395.29040685 4942237.057463457 199.53634747269462
v -8239395.29040685 4942237.057463457 0
v -8239394.478224034 4942238.545506703 0
v -8239395.29040685 4942237.057463457 199.53634747269462
v -8239395.29040685 4942237.057463457 199.53634747269462
v -8239394.478224034 4942238.545506703 0
v -8239394.478224034 4942238.545506703 199.53634747269462
v -8239394.478224034 4942238.545506703 0
v -8239393.653002847 4942240.057430303 0
v -8239394.478224034 4942238.545506703 199.53634747269462
v -8239394.478224034 4942238.545506703 199.53634747269462
v -8239393.653002847 4942240.057430303 0
v -8239393.653002847 4942240.057430303 199.53634747269462
v -8239393.653002847 4942240.057430303 0
v -8239392.543839812 4942242.089382254 0
v -8239393.653002847 4942240.057430303 199.53634747269462
v -8239393.653002847 4942240.057430303 199.53634747269462
v -8239392.543839812 4942242.089382254 0
v -8239392.543839812 4942242.089382254 199.53634747269462
v -8239392.543839812 4942242.089382254 0
v -8239393.614517223 4942247.387801208 0
v -8239392.543839812 4942242.089382254 199.53634747269462
v -8239392.543839812 4942242.089382254 199.53634747269462
v -8239393.614517223 4942247.387801208 0
v -8239393.614517223 4942247.387801208 199.53634747269462
v -8239393.614517223 4942247.387801208 0
v -8239392.462551354 4942249.498065785 0
v -8239393.614517223 4942247.387801208 199.53634747269462
v -8239393.614517223 4942247.387801208 199.53634747269462
v -8239392.462551354 4942249.498065785 0
v -8239392.462551354 4942249.498065785 199.53634747269462
v -8239392.462551354 4942249.498065785 0
v -8239390.585584825 4942252.936818454 0
v -8239392.462551354 4942249.498065785 199.53634747269462
v -8239392.462551354 4942249.498065785 199.53634747269462
v -8239390.585584825 4942252.936818454 0
v -8239390.585584825 4942252.936818454 199.53634747269462
v -8239390.585584825 4942252.936818454 0
v -8239388.805810553 4942256.197470756 0
v -8239390.585584825 4942252.936818454 199.53634747269462
v -8239390.585584825 4942252.936818454 199.53634747269462
v -8239388.805810553 4942256.197470756 0
v -8239388.805810553 4942256.197470756 199.53634747269462
v -8239388.805810553 4942256.197470756 0
v -8239386.866416243 4942259.7502898965 0
v -8239388.805810553 4942256.197470756 199.53634747269462
v -8239388.805810553 4942256.197470756 199.53634747269462
v -8239386.866416243 4942259.7502898965 0
v -8239386.866416243 4942259.7502898965 199.53634747269462
v -8239386.866416243 4942259.7502898965 0
v -8239385.116798558 4942262.955845724 0
v -8239386.866416243 4942259.7502898965 199.53634747269462
v -8239386.866416243 4942259.7502898965 199.53634747269462
v -8239385.116798558 4942262.955845724 0
v -8239385.116798558 4942262.955845724 199.53634747269462
v -8239385.116798558 4942262.955845724 0
v -8239383.749238086 4942265.461270676 0
v -8239385.116798558 4942262.955845724 199.53634747269462
v -8239385.116798558 4942262.955845724 199.53634747269462
v -8239383.749238086 4942265.461270676 0
v -8239383.749238086 4942265.461270676 199.53634747269462
v -8239383.749238086 4942265.461270676 0
v -8239379.022997891 4942266.859981494 0
v -8239383.749238086 4942265.461270676 199.53634747269462
v -8239383.749238086 4942265.461270676 199.53634747269462
v -8239379.022997891 4942266.859981494 0
v -8239379.022997891 4942266.859981494 199.53634747269462
v -8239379.022997891 4942266.859981494 0
v -8239377.787002649 4942269.124202701 0
v -8239379.022997891 4942266.859981494 199.53634747269462
v -8239379.022997891 4942266.859981494 199.53634747269462
v -8239377.787002649 4942269.124202701 0
v -8239377.787002649 4942269.124202701 199.53634747269462
v -8239377.787002649 4942269.124202701 0
v -8239376.732093135 4942271.056902268 0
v -8239377.787002649 4942269.124202701 199.53634747269462
v -8239377.787002649 4942269.124202701 199.53634747269462
v -8239376.732093135 4942271.056902268 0
v -8239376.732093135 4942271.056902268 199.53634747269462
v -8239376.732093135 4942271.056902268 0
v -8239375.832061396 4942272.705840605 0
v -8239376.732093135 4942271.056902268 199.53634747269462
v -8239376.732093135 4942271.056902268 199.53634747269462
v -8239375.832061396 4942272.705840605 0
v -8239375.832061396 4942272.705840605 199.53634747269462
v -8239375.832061396 4942272.705840605 0
v -8239373.761013573 4942271.5468673045 0
v -8239375.832061396 4942272.705840605 199.53634747269462
v -8239375.832061396 4942272.705840605 199.53634747269462
v -8239373.761013573 4942271.5468673045 0
v -8239373.761013573 4942271.5468673045 199.53634747269462
v -8239373.761013573 4942271.5468673045 0
v -8239368.844942379 4942280.553060257 0
v -8239373.761013573 4942271.5468673045 199.53634747269462
v -8239373.761013573 4942271.5468673045 199.53634747269462
v -8239368.844942379 4942280.553060257 0
v -8239368.844942379 4942280.553060257 199.53634747269462
vn 0.0 0.0 -1.0
vn 0.0 0.0 -1.0
vn 0.0 0.0 -1.0
vn 0.0 0.0 -1.0
vn 0.0 0.0 -1.0
vn 0.0 0.0 -1.0
vn 0.0 0.0 -1.0
vn 0.0 0.0 -1.0
vn 0.0 0.0 -1.0
vn 0.0 0.0 -1.0
vn 0.0 0.0 -1.0
vn 0.0 0.0 -1.0
vn 0.0 0.0 1.0
vn 0.0 0.0 1.0
vn 0.0 0.0 1.0
vn 0.0 0.0 -1.0
vn 0.0 0.0 -1.0
vn 0.0 0.0 -1.0
vn 0.0 0.0 1.0
vn 0.0 0.0 1.0
vn 0.0 0.0 1.0
vn 0.0 0.0 -1.0
vn 0.0 0.0 -1.0
vn 0.0 0.0 -1.0
vn 0.0 0.0 -1.0
vn 0.0 0.0 -1.0
vn 0.0 0.0 -1.0
vn 0.0 0.0 -1.0
vn 0.0 0.0 -1.0
vn 0.0 0.0 -1.0
vn 0.0 0.0 -1.0
vn 0.0 0.0 -1.0
vn 0.0 0.0 -1.0
vn 0.0 0.0 -1.0
vn 0.0 0.0 -1.0
vn 0.0 0.0 -1.0
vn 0.0 0.0 -1.0
vn 0.0 0.0 -1.0
vn 0.0 0.0 -1.0
vn 0.0 0.0 1.0
vn 0.0 0.0 1.0
vn 0.0 0.0 1.0
vn 0.0 0.0 -1.0
vn 0.0 0.0 -1.0
vn 0.0 0.0 -1.0
vn 0.0 0.0 -1.0
vn 0.0 0.0 -1.0
vn 0.0 0.0 -1.0
vn 0.0 0.0 -1.0
vn 0.0 0.0 -1.0
vn 0.0 0.0 -1.0
vn 0.0 0.0 -1.0
vn 0.0 0.0 -1.0
vn 0.0 0.0 -1.0
vn 0.0 0.0 -1.0
vn 0.0 0.0 -1.0
vn 0.0 0.0 -1.0
vn 0.0 0.0 -1.0
vn 0.0 0.0 -1.0
vn 0.0 0.0 -1.0
vn 0.0 0.0 -1.0
vn 0.0 0.0 -1.0
vn 0.0 0.0 -1.0
vn 0.0 0.0 -1.0
vn 0.0 0.0 -1.0
vn 0.0 0.0 -1.0
vn 0.0 0.0 -1.0
vn 0.0 0.0 -1.0
vn 0.0 0.0 -1.0
vn 0.0 0.0 -1.0
vn 0.0 0.0 -1.0
vn 0.0 0.0 -1.0
vn 0.0 0.0 -1.0
vn 0.0 0.0 -1.0
vn 0.0 0.0 -1.0
vn 0.0 0.0 -1.0
vn 0.0 0.0 -1.0
vn 0.0 0.0 -1.0
vn 0.0 0.0 1.0
vn 0.0 0.0 1.0
vn 0.0 0.0 1.0
vn 0.0 0.0 1.0
vn 0.0 0.0 1.0
vn 0.0 0.0 1.0
vn 0.0 0.0 1.0
vn 0.0 0.0 1.0
vn 0.0 0.0 1.0
vn 0.0 0.0 1.0
vn 0.0 0.0 1.0
vn 0.0 0.0 1.0
vn 0.0 0.0 1.0
vn 0.0 0.0 1.0
vn 0.0 0.0 1.0
vn 0.0 0.0 1.0
vn 0.0 0.0 1.0
vn 0.0 0.0 1.0
vn 0.0 0.0 1.0
vn 0.0 0.0 1.0
vn 0.0 0.0 1.0
vn 0.0 0.0 1.0
vn 0.0 0.0 1.0
vn 0.0 0.0 1.0
vn 0.0 0.0 1.0
vn 0.0 0.0 1.0
vn 0.0 0.0 1.0
vn 0.0 0.0 -1.0
vn 0.0 0.0 -1.0
vn 0.0 0.0 -1.0
vn 0.0 0.0 -1.0
vn 0.0 0.0 -1.0
vn 0.0 0.0 -1.0
vn 0.0 0.0 -1.0
vn 0.0 0.0 -1.0
vn 0.0 0.0 -1.0
vn 0.0 0.0 -1.0
vn 0.0 0.0 -1.0
vn 0.0 0.0 -1.0
vn 0.0 0.0 -1.0
vn 0.0 0.0 -1.0
vn 0.0 0.0 -1.0
vn 0.0 0.0 -1.0
vn 0.0 0.0 -1.0
vn 0.0 0.0 -1.0
vn 0.0 0.0 -1.0
vn 0.0 0.0 -1.0
vn 0.0 0.0 -1.0
vn 0.0 0.0 -1.0
vn 0.0 0.0 -1.0
vn 0.0 0.0 -1.0
vn 0.0 0.0 -1.0
vn 0.0 0.0 -1.0
vn 0.0 0.0 -1.0
vn 0.0 0.0 -1.0
vn 0.0 0.0 -1.0
vn 0.0 0.0 -1.0
vn 0.0 0.0 1.0
vn 0.0 0.0 1.0
vn 0.0 0.0 1.0
vn 0.0 0.0 1.0
vn 0.0 0.0 1.0
vn 0.0 0.0 1.0
vn 0.0 0.0 -1.0
vn 0.0 0.0 -1.0
vn 0.0 0.0 -1.0
vn 0.0 0.0 -1.0
vn 0.0 0.0 -1.0
vn 0.0 0.0 -1.0
vn 0.0 0.0 -1.0
vn 0.0 0.0 -1.0
vn 0.0 0.0 -1.0
vn 0.0 0.0 -1.0
vn 0.0 0.0 -1.0
vn 0.0 0.0 -1.0
vn 0.0 0.0 -1.0
vn 0.0 0.0 -1.0
vn 0.0 0.0 -1.0
vn 0.0 0.0 1.0
vn 0.0 0.0 1.0
vn 0.0 0.0 1.0
vn 0.0 0.0 -1.0
vn 0.0 0.0 -1.0
vn 0.0 0.0 -1.0
vn 0.0 0.0 -1.0
vn 0.0 0.0 -1.0
vn 0.0 0.0 -1.0
vn 0.0 0.0 1.0
vn 0.0 0.0 1.0
vn 0.0 0.0 1.0
vn 0.0 0.0 1.0
vn 0.0 0.0 1.0
vn 0.0 0.0 1.0
vn 0.0 0.0 1.0
vn 0.0 0.0 1.0
vn 0.0 0.0 1.0
vn 0.0 0.0 -1.0
vn 0.0 0.0 -1.0
vn 0.0 0.0 -1.0
vn 0.0 0.0 -1.0
vn 0.0 0.0 -1.0
vn 0.0 0.0 -1.0
vn 0.0 0.0 -1.0
vn 0.0 0.0 -1.0
vn 0.0 0.0 -1.0
vn 0.0 -0.0 -1.0
vn 0.0 -0.0 -1.0
vn 0.0 -0.0 -1.0
vn 0.0 0.0 -1.0
vn 0.0 0.0 -1.0
vn 0.0 0.0 -1.0
vn 0.0 0.0 -1.0
vn 0.0 0.0 -1.0
vn 0.0 0.0 -1.0
vn 0.0 0.0 -1.0
vn 0.0 0.0 -1.0
vn 0.0 0.0 -1.0
vn 0.0 0.0 -1.0
vn 0.0 0.0 -1.0
vn 0.0 0.0 -1.0
vn 0.0 0.0 1.0
vn 0.0 0.0 1.0
vn 0.0 0.0 1.0
vn 0.0 0.0 1.0
vn 0.0 0.0 1.0
vn 0.0 0.0 1.0
vn 0.0 0.0 -1.0
vn 0.0 0.0 -1.0
vn 0.0 0.0 -1.0
vn 0.0 0.0 -1.0
vn 0.0 0.0 -1.0
vn 0.0 0.0 -1.0
vn 0.0 0.0 -1.0
vn 0.0 0.0 -1.0
vn 0.0 0.0 -1.0
vn 0.0 0.0 1.0
vn 0.0 0.0 1.0
vn 0.0 0.0 1.0
vn 0.0 0.0 -1.0
vn 0.0 0.0 -1.0
vn 0.0 0.0 -1.0
vn 0.0 0.0 1.0
vn 0.0 0.0 1.0
vn 0.0 0.0 1.0
vn 0.0 0.0 -1.0
vn 0.0 0.0 -1.0
vn 0.0 0.0 -1.0
vn 0.0 0.0 -1.0
vn 0.0 0.0 -1.0
vn 0.0 0.0 -1.0
vn 0.0 0.0 -1.0
vn 0.0 0.0 -1.0
vn 0.0 0.0 -1.0
vn 0.0 0.0 -1.0
vn 0.0 0.0 -1.0
vn 0.0 0.0 -1.0
vn 0.0 0.0 -1.0
vn 0.0 0.0 -1.0
vn 0.0 0.0 -1.0
vn 0.0 0.0 -1.0
vn 0.0 0.0 -1.0
vn 0.0 0.0 -1.0
vn 0.0 0.0 -1.0
vn 0.0 0.0 -1.0
vn 0.0 0.0 -1.0
vn 0.0 0.0 -1.0
vn 0.0 0.0 -1.0
vn 0.0 0.0 -1.0
vn 0.0 0.0 -1.0
vn 0.0 0.0 -1.0
vn 0.0 0.0 -1.0
vn 0.0 0.0 -1.0
vn 0.0 0.0 -1.0
vn 0.0 0.0 -1.0
vn 0.0 0.0 -1.0
vn 0.0 0.0 -1.0
vn 0.0 0.0 -1.0
vn 0.0 0.0 -1.0
vn 0.0 0.0 -1.0
vn 0.0 0.0 -1.0
vn 0.0 0.0 -1.0
vn 0.0 0.0 -1.0
vn 0.0 0.0 -1.0
vn 0.0 0.0 -1.0
vn 0.0 0.0 -1.0
vn 0.0 0.0 -1.0
vn 0.0 0.0 -1.0
vn 0.0 0.0 -1.0
vn 0.0 0.0 -1.0
vn 0.0 0.0 -1.0
vn 0.0 0.0 -1.0
vn 0.0 0.0 -1.0
vn 0.0 0.0 -1.0
vn 0.0 0.0 -1.0
vn 0.0 0.0 -1.0
vn 0.0 0.0 -1.0
vn 0.0 0.0 -1.0
vn 0.0 0.0 -1.0
vn 0.0 0.0 -1.0
vn 0.0 0.0 -1.0
vn 0.0 0.0 -1.0
vn 0.0 0.0 -1.0
vn 0.0 0.0 -1.0
vn 0.0 0.0 -1.0
vn 0.0 0.0 -1.0
vn 0.0 0.0 -1.0
vn 0.0 0.0 -1.0
vn 0.0 0.0 -1.0
vn 0.0 0.0 -1.0
vn 0.0 0.0 -1.0
vn 0.0 0.0 -1.0
vn 0.0 0.0 -1.0
vn 0.0 0.0 -1.0
vn 0.0 0.0 -1.0
vn 0.0 0.0 -1.0
vn 0.0 0.0 -1.0
vn -0.0 0.0 -1.0
vn -0.0 0.0 -1.0
vn -0.0 0.0 -1.0
vn 0.0 0.0 -1.0
vn 0.0 0.0 -1.0
vn 0.0 0.0 -1.0
vn 0.0 0.0 1.0
vn 0.0 0.0 1.0
vn 0.0 0.0 1.0
vn 0.0 0.0 -1.0
vn 0.0 0.0 -1.0
vn 0.0 0.0 -1.0
vn 0.0 0.0 -1.0
vn 0.0 0.0 -1.0
vn 0.0 0.0 -1.0
vn 0.0 0.0 1.0
vn 0.0 0.0 1.0
vn 0.0 0.0 1.0
vn 0.0 0.0 -1.0
vn 0.0 0.0 -1.0
vn 0.0 0.0 -1.0
vn 0.0 0.0 -1.0
vn 0.0 0.0 -1.0
vn 0.0 0.0 -1.0
vn 0.0 0.0 -1.0
vn 0.0 0.0 -1.0
vn 0.0 0.0 -1.0
vn 0.0 0.0 -1.0
vn 0.0 0.0 -1.0
vn 0.0 0.0 -1.0
vn 0.0 0.0 -1.0
vn 0.0 0.0 -1.0
vn 0.0 0.0 -1.0
vn 0.0 0.0 -1.0
vn 0.0 0.0 -1.0
vn 0.0 0.0 -1.0
vn 0.0 0.0 -1.0
vn 0.0 0.0 -1.0
vn 0.0 0.0 -1.0
vn 0.0 0.0 -1.0
vn 0.0 0.0 -1.0
vn 0.0 0.0 -1.0
vn 0.0 0.0 -1.0
vn 0.0 0.0 -1.0
vn 0.0 0.0 -1.0
vn 0.0 0.0 -1.0
vn 0.0 0.0 -1.0
vn 0.0 0.0 -1.0
vn 0.0 0.0 -1.0
vn 0.0 0.0 -1.0
vn 0.0 0.0 -1.0
vn 0.0 0.0 -1.0
vn 0.0 0.0 -1.0
vn 0.0 0.0 -1.0
vn 0.0 0.0 -1.0
vn 0.0 0.0 -1.0
vn 0.0 0.0 -1.0
vn 0.0 0.0 -1.0
vn 0.0 0.0 -1.0
vn 0.0 0.0 -1.0
vn 0.0 0.0 -1.0
vn 0.0 0.0 -1.0
vn 0.0 0.0 -1.0
vn 0.0 0.0 -1.0
vn 0.0 0.0 -1.0
vn 0.0 0.0 -1.0
vn 0.0 0.0 1.0
vn 0.0 0.0 1.0
vn 0.0 0.0 1.0
vn 0.0 0.0 1.0
vn 0.0 0.0 1.0
vn 0.0 0.0 1.0
vn 0.0 0.0 1.0
vn 0.0 0.0 1.0
vn 0.0 0.0 1.0
vn 0.0 -0.0 1.0
vn 0.0 -0.0 1.0
vn 0.0 -0.0 1.0
vn 0.0 0.0 -1.0
vn 0.0 0.0 -1.0
vn 0.0 0.0 -1.0
vn 0.0 0.0 1.0
vn 0.0 0.0 1.0
vn 0.0 0.0 1.0
vn 0.0 0.0 -1.0
vn 0.0 0.0 -1.0
vn 0.0 0.0 -1.0
vn 0.0 0.0 1.0
vn 0.0 0.0 1.0
vn 0.0 0.0 1.0
vn 0.0 0.0 1.0
vn 0.0 0.0 1.0
vn 0.0 0.0 1.0
vn 0.0 0.0 1.0
vn 0.0 0.0 1.0
vn 0.0 0.0 1.0
vn 0.0 0.0 1.0
vn 0.0 0.0 1.0
vn 0.0 0.0 1.0
vn 0.0 0.0 1.0
vn 0.0 0.0 1.0
vn 0.0 0.0 1.0
vn 0.0 0.0 1.0
vn 0.0 0.0 1.0
vn 0.0 0.0 1.0
vn 0.0 0.0 -1.0
vn 0.0 0.0 -1.0
vn 0.0 0.0 -1.0
vn 0.0 0.0 1.0
vn 0.0 0.0 1.0
vn 0.0 0.0 1.0
vn 0.0 0.0 1.0
vn 0.0 0.0 1.0
vn 0.0 0.0 1.0
vn 0.0 0.0 1.0
vn 0.0 0.0 1.0
vn 0.0 0.0 1.0
vn 0.0 0.0 1.0
vn 0.0 0.0 1.0
vn 0.0 0.0 1.0
vn 0.0 0.0 1.0
vn 0.0 0.0 1.0
vn 0.0 0.0 1.0
vn 0.0 0.0 1.0
vn 0.0 0.0 1.0
vn 0.0 0.0 1.0
vn 0.0 0.0 1.0
vn 0.0 0.0 1.0
vn 0.0 0.0 1.0
vn 0.0 0.0 1.0
vn 0.0 0.0 1.0
vn 0.0 0.0 1.0
vn 0.0 0.0 1.0
vn 0.0 0.0 1.0
vn 0.0 0.0 1.0
vn 0.0 0.0 1.0
vn 0.0 0.0 1.0
vn 0.0 0.0 1.0
vn 0.0 0.0 1.0
vn 0.0 0.0 1.0
vn 0.0 0.0 1.0
vn 0.0 0.0 1.0
vn 0.0 0.0 1.0
vn 0.0 0.0 1.0
vn 0.0 0.0 -1.0
vn 0.0 0.0 -1.0
vn 0.0 0.0 -1.0
vn 0.0 0.0 -1.0
vn 0.0 0.0 -1.0
vn 0.0 0.0 -1.0
vn 0.0 0.0 -1.0
vn 0.0 0.0 -1.0
vn 0.0 0.0 -1.0
vn 0.0 0.0 -1.0
vn 0.0 0.0 -1.0
vn 0.0 0.0 -1.0
vn 0.0 0.0 -1.0
vn 0.0 0.0 -1.0
vn 0.0 0.0 -1.0
vn 0.0 0.0 -1.0
vn 0.0 0.0 -1.0
vn 0.0 0.0 -1.0
vn 0.0 0.0 -1.0
vn 0.0 0.0 -1.0
vn 0.0 0.0 -1.0
vn 0.0 0.0 -1.0
vn 0.0 0.0 -1.0
vn 0.0 0.0 -1.0
vn 0.0 0.0 -1.0
vn 0.0 0.0 -1.0
vn 0.0 0.0 -1.0
vn 0.0 0.0 1.0
vn 0.0 0.0 1.0
vn 0.0 0.0 1.0
vn 0.0 0.0 1.0
vn 0.0 0.0 1.0
vn 0.0 0.0 1.0
vn 0.0 0.0 1.0
vn 0.0 0.0 1.0
vn 0.0 0.0 1.0
vn 0.0 0.0 1.0
vn 0.0 0.0 1.0
vn 0.0 0.0 1.0
vn 0.0 0.0 1.0
vn 0.0 0.0 1.0
vn 0.0 0.0 1.0
vn -0.0 0.0 1.0
vn -0.0 0.0 1.0
vn -0.0 0.0 1.0
vn 0.0 0.0 1.0
vn 0.0 0.0 1.0
vn 0.0 0.0 1.0
vn 0.0 0.0 1.0
vn 0.0 0.0 1.0
vn 0.0 0.0 1.0
vn 0.0 0.0 1.0
vn 0.0 0.0 1.0
vn 0.0 0.0 1.0
vn 0.0 0.0 1.0
vn 0.0 0.0 1.0
vn 0.0 0.0 1.0
vn 0.0 0.0 -1.0
vn 0.0 0.0 -1.0
vn 0.0 0.0 -1.0
vn 0.0 0.0 -1.0
vn 0.0 0.0 -1.0
vn 0.0 0.0 -1.0
vn 0.0 0.0 1.0
vn 0.0 0.0 1.0
vn 0.0 0.0 1.0
vn 0.0 0.0 1.0
vn 0.0 0.0 1.0
vn 0.0 0.0 1.0
vn 0.0 0.0 1.0
vn 0.0 0.0 1.0
vn 0.0 0.0 1.0
vn 0.0 0.0 1.0
vn 0.0 0.0 1.0
vn 0.0 0.0 1.0
vn 0.0 0.0 1.0
vn 0.0 0.0 1.0
vn 0.0 0.0 1.0
vn 0.0 0.0 -1.0
vn 0.0 0.0 -1.0
vn 0.0 0.0 -1.0
vn 0.0 0.0 1.0
vn 0.0 0.0 1.0
vn 0.0 0.0 1.0
vn 0.0 0.0 1.0
vn 0.0 0.0 1.0
vn 0.0 0.0 1.0
vn 0.0 0.0 -1.0
vn 0.0 0.0 -1.0
vn 0.0 0.0 -1.0
vn 0.0 0.0 -1.0
vn 0.0 0.0 -1.0
vn 0.0 0.0 -1.0
vn 0.0 0.0 -1.0
vn 0.0 0.0 -1.0
vn 0.0 0.0 -1.0
vn 0.0 0.0 1.0
vn 0.0 0.0 1.0
vn 0.0 0.0 1.0
vn 0.0 0.0 1.0
vn 0.0 0.0 1.0
vn 0.0 0.0 1.0
vn 0.0 0.0 1.0
vn 0.0 0.0 1.0
vn 0.0 0.0 1.0
vn 0.0 0.0 1.0
vn 0.0 0.0 1.0
vn 0.0 0.0 1.0
vn 0.0 0.0 1.0
vn 0.0 0.0 1.0
vn 0.0 0.0 1.0
vn 0.0 0.0 1.0
vn 0.0 0.0 1.0
vn 0.0 0.0 1.0
vn 0.0 0.0 1.0
vn 0.0 0.0 1.0
vn 0.0 0.0 1.0
vn 0.0 0.0 1.0
vn 0.0 0.0 1.0
vn 0.0 0.0 1.0
vn 0.0 0.0 -1.0
vn 0.0 0.0 -1.0
vn 0.0 0.0 -1.0
vn 0.0 0.0 -1.0
vn 0.0 0.0 -1.0
vn 0.0 0.0 -1.0
vn 0.0 0.0 1.0
vn 0.0 0.0 1.0
vn 0.0 0.0 1.0
vn 0.0 0.0 1.0
vn 0.0 0.0 1.0
vn 0.0 0.0 1.0
vn 0.0 0.0 1.0
vn 0.0 0.0 1.0
vn 0.0 0.0 1.0
vn 0.0 0.0 -1.0
vn 0.0 0.0 -1.0
vn 0.0 0.0 -1.0
vn 0.0 0.0 1.0
vn 0.0 0.0 1.0
vn 0.0 0.0 1.0
vn 0.0 0.0 -1.0
vn 0.0 0.0 -1.0
vn 0.0 0.0 -1.0
vn 0.0 0.0 1.0
vn 0.0 0.0 1.0
vn 0.0 0.0 1.0
vn 0.0 0.0 1.0
vn 0.0 0.0 1.0
vn 0.0 0.0 1.0
vn 0.0 0.0 1.0
vn 0.0 0.0 1.0
vn 0.0 0.0 1.0
vn 0.0 0.0 1.0
vn 0.0 0.0 1.0
vn 0.0 0.0 1.0
vn 0.0 0.0 1.0
vn 0.0 0.0 1.0
vn 0.0 0.0 1.0
vn 0.0 0.0 1.0
vn 0.0 0.0 1.0
vn 0.0 0.0 1.0
vn 0.0 0.0 1.0
vn 0.0 0.0 1.0
vn 0.0 0.0 1.0
vn 0.0 0.0 1.0
vn 0.0 0.0 1.0
vn 0.0 0.0 1.0
vn 0.0 0.0 1.0
vn 0.0 0.0 1.0
vn 0.0 0.0 1.0
vn 0.0 0.0 1.0
vn 0.0 0.0 1.0
vn 0.0 0.0 1.0
vn 0.0 0.0 1.0
vn 0.0 0.0 1.0
vn 0.0 0.0 1.0
vn 0.0 0.0 1.0
vn 0.0 0.0 1.0
vn 0.0 0.0 1.0
vn 0.0 0.0 1.0
vn 0.0 0.0 1.0
vn 0.0 0.0 1.0
vn 0.0 0.0 1.0
vn 0.0 0.0 1.0
vn 0.0 0.0 1.0
vn 0.0 0.0 1.0
vn 0.0 0.0 1.0
vn 0.0 0.0 1.0
vn 0.0 0.0 1.0
vn 0.0 0.0 1.0
vn 0.0 0.0 1.0
vn 0.0 0.0 1.0
vn 0.0 0.0 1.0
vn 0.0 0.0 1.0
vn 0.0 0.0 1.0
vn 0.0 0.0 1.0
vn 0.0 0.0 1.0
vn 0.0 0.0 1.0
vn 0.0 0.0 1.0
vn 0.0 0.0 1.0
vn 0.0 0.0 1.0
vn 0.0 0.0 1.0
vn 0.0 0.0 1.0
vn 0.0 0.0 1.0
vn 0.0 0.0 1.0
vn 0.0 0.0 1.0
vn 0.0 0.0 1.0
vn 0.0 0.0 1.0
vn 0.0 0.0 1.0
vn 0.0 0.0 1.0
vn 0.0 0.0 1.0
vn 0.0 0.0 1.0
vn 0.0 0.0 1.0
vn 0.0 0.0 1.0
vn 0.0 0.0 1.0
vn 0.0 0.0 1.0
vn 0.0 0.0 1.0
vn 0.0 0.0 1.0
vn 0.0 0.0 1.0
vn 0.0 0.0 1.0
vn 0.0 0.0 1.0
vn 0.0 0.0 -1.0
vn 0.0 0.0 -1.0
vn 0.0 0.0 -1.0
vn 0.0 0.0 1.0
vn 0.0 0.0 1.0
vn 0.0 0.0 1.0
vn 0.0 0.0 1.0
vn 0.0 0.0 1.0
vn 0.0 0.0 1.0
vn 0.0 0.0 -1.0
vn 0.0 0.0 -1.0
vn 0.0 0.0 -1.0
vn 0.0 0.0 1.0
vn 0.0 0.0 1.0
vn 0.0 0.0 1.0
vn 0.0 0.0 1.0
vn 0.0 0.0 1.0
vn 0.0 0.0 1.0
vn 0.0 0.0 1.0
vn 0.0 0.0 1.0
vn 0.0 0.0 1.0
vn 0.0 0.0 1.0
vn 0.0 0.0 1.0
vn 0.0 0.0 1.0
vn 0.0 0.0 1.0
vn 0.0 0.0 1.0
vn 0.0 0.0 1.0
vn 0.0 0.0 1.0
vn 0.0 0.0 1.0
vn 0.0 0.0 1.0
vn 0.0 0.0 1.0
vn 0.0 0.0 1.0
vn 0.0 0.0 1.0
vn 0.0 0.0 1.0
vn 0.0 0.0 1.0
vn 0.0 0.0 1.0
vn 0.0 0.0 1.0
vn 0.0 0.0 1.0
vn 0.0 0.0 1.0
vn 0.0 0.0 1.0
vn 0.0 0.0 1.0
vn 0.0 0.0 1.0
vn 0.0 0.0 1.0
vn 0.0 0.0 1.0
vn 0.0 0.0 1.0
vn 0.0 0.0 1.0
vn 0.0 0.0 1.0
vn 0.0 0.0 1.0
vn 0.0 0.0 1.0
vn 0.0 0.0 1.0
vn 0.0 0.0 1.0
vn 0.0 0.0 1.0
vn 0.0 0.0 1.0
vn 0.0 0.0 1.0
vn 0.0 0.0 1.0
vn 0.0 0.0 1.0
vn 0.0 0.0 1.0
vn 0.0 0.0 1.0
vn 0.0 0.0 1.0
vn 0.0 0.0 1.0
vn -0.4883544821059092 -0.8726453459493548 0.0
vn -0.4883544821059092 -0.8726453459493548 0.0
vn -0.4883544821059092 -0.8726453459493548 0.0
vn -0.4883544821059092 -0.8726453459493548 0.0
vn -0.4883544821059092 -0.8726453459493548 0.0
vn -0.4883544821059092 -0.8726453459493548 0.0
vn 0.877763032900644 -0.47909504075189807 0.0
vn 0.877763032900644 -0.47909504075189807 0.0
vn 0.877763032900644 -0.47909504075189807 0.0
vn 0.877763032900644 -0.47909504075189807 0.0
vn 0.877763032900644 -0.47909504075189807 0.0
vn 0.877763032900644 -0.47909504075189807 0.0
vn -0.4883614566096786 -0.872641442803442 0.0
vn -0.4883614566096786 -0.872641442803442 0.0
vn -0.4883614566096786 -0.872641442803442 0.0
vn -0.4883614566096786 -0.872641442803442 0.0
vn -0.4883614566096786 -0.872641442803442 0.0
vn -0.4883614566096786 -0.872641442803442 0.0
vn -0.48836743693868345 -0.872638095969882 0.0
vn -0.48836743693868345 -0.872638095969882 0.0
vn -0.48836743693868345 -0.872638095969882 0.0
vn -0.48836743693868345 -0.872638095969882 0.0
vn -0.48836743693868345 -0.872638095969882 0.0
vn -0.48836743693868345 -0.872638095969882 0.0
vn -0.877746172478887 0.4791259298959553 0.0
vn -0.877746172478887 0.4791259298959553 0.0
vn -0.877746172478887 0.4791259298959553 0.0
vn -0.877746172478887 0.4791259298959553 0.0
vn -0.877746172478887 0.4791259298959553 0.0
vn -0.877746172478887 0.4791259298959553 0.0
vn -0.4883597400670925 -0.8726424034400355 0.0
vn -0.4883597400670925 -0.8726424034400355 0.0
vn -0.4883597400670925 -0.8726424034400355 0.0
vn -0.4883597400670925 -0.8726424034400355 0.0
vn -0.4883597400670925 -0.8726424034400355 0.0
vn -0.4883597400670925 -0.8726424034400355 0.0
vn -0.877750522787547 0.47911796015823477 0.0
vn -0.877750522787547 0.47911796015823477 0.0
vn -0.877750522787547 0.47911796015823477 0.0
vn -0.877750522787547 0.47911796015823477 0.0
vn -0.877750522787547 0.47911796015823477 0.0
vn -0.877750522787547 0.47911796015823477 0.0
vn -0.4191059577303869 -0.9079373305437415 0.0
vn -0.4191059577303869 -0.9079373305437415 0.0
vn -0.4191059577303869 -0.9079373305437415 0.0
vn -0.4191059577303869 -0.9079373305437415 0.0
vn -0.4191059577303869 -0.9079373305437415 0.0
vn -0.4191059577303869 -0.9079373305437415 0.0
vn -0.4191034056176334 -0.9079385086005007 0.0
vn -0.4191034056176334 -0.9079385086005007 0.0
vn -0.4191034056176334 -0.9079385086005007 0.0
vn -0.4191034056176334 -0.9079385086005007 0.0
vn -0.4191034056176334 -0.9079385086005007 0.0
vn -0.4191034056176334 -0.9079385086005007 0.0
vn -0.41912120813436854 -0.9079302907668559 0.0
vn -0.41912120813436854 -0.9079302907668559 0.0
vn -0.41912120813436854 -0.9079302907668559 0.0
vn -0.41912120813436854 -0.9079302907668559 0.0
vn -0.41912120813436854 -0.9079302907668559 0.0
vn -0.41912120813436854 -0.9079302907668559 0.0
vn -0.9627995458173453 0.2702166437766439 0.0
vn -0.9627995458173453 0.2702166437766439 0.0
vn -0.9627995458173453 0.2702166437766439 0.0
vn -0.9627995458173453 0.2702166437766439 0.0
vn -0.9627995458173453 0.2702166437766439 0.0
vn -0.9627995458173453 0.2702166437766439 0.0
vn -0.31543341923738666 -0.9489477109030882 0.0
vn -0.31543341923738666 -0.9489477109030882 0.0
vn -0.31543341923738666 -0.9489477109030882 0.0
vn -0.31543341923738666 -0.9489477109030882 0.0
vn -0.31543341923738666 -0.9489477109030882 0.0
vn -0.31543341923738666 -0.9489477109030882 0.0
vn -0.3150435229414695 -0.9490772248097769 0.0
vn -0.3150435229414695 -0.9490772248097769 0.0
vn -0.3150435229414695 -0.9490772248097769 0.0
vn -0.3150435229414695 -0.9490772248097769 0.0
vn -0.3150435229414695 -0.9490772248097769 0.0
vn -0.3150435229414695 -0.9490772248097769 0.0
vn 0.9513828321910228 -0.308010887165029 0.0
vn 0.9513828321910228 -0.308010887165029 0.0
vn 0.9513828321910228 -0.308010887165029 0.0
vn 0.9513828321910228 -0.308010887165029 0.0
vn 0.9513828321910228 -0.308010887165029 0.0
vn 0.9513828321910228 -0.308010887165029 0.0
vn 0.20048468346012302 -0.9796968366274815 0.0
vn 0.20048468346012302 -0.9796968366274815 0.0
vn 0.20048468346012302 -0.9796968366274815 0.0
vn 0.20048468346012302 -0.9796968366274815 0.0
vn 0.20048468346012302 -0.9796968366274815 0.0
vn 0.20048468346012302 -0.9796968366274815 0.0
vn 0.20060826651542477 -0.979671538529969 0.0
vn 0.20060826651542477 -0.979671538529969 0.0
vn 0.20060826651542477 -0.979671538529969 0.0
vn 0.20060826651542477 -0.979671538529969 0.0
vn 0.20060826651542477 -0.979671538529969 0.0
vn 0.20060826651542477 -0.979671538529969 0.0
vn -0.023575229728169667 -0.9997220656478801 0.0
vn -0.023575229728169667 -0.9997220656478801 0.0
vn -0.023575229728169667 -0.9997220656478801 0.0
vn -0.023575229728169667 -0.9997220656478801 0.0
vn -0.023575229728169667 -0.9997220656478801 0.0
vn -0.023575229728169667 -0.9997220656478801 0.0
vn -0.15497475509530306 -0.9879184304805488 0.0
vn -0.15497475509530306 -0.9879184304805488 0.0
vn -0.15497475509530306 -0.9879184304805488 0.0
vn -0.15497475509530306 -0.9879184304805488 0.0
vn -0.15497475509530306 -0.9879184304805488 0.0
vn -0.15497475509530306 -0.9879184304805488 0.0
vn -0.24585049283227137 -0.9693077608139374 0.0
vn -0.24585049283227137 -0.9693077608139374 0.0
vn -0.24585049283227137 -0.9693077608139374 0.0
vn -0.24585049283227137 -0.9693077608139374 0.0
vn -0.24585049283227137 -0.9693077608139374 0.0
vn -0.24585049283227137 -0.9693077608139374 0.0
vn -0.4161430478248946 -0.9092991607534935 0.0
vn -0.4161430478248946 -0.9092991607534935 0.0
vn -0.4161430478248946 -0.9092991607534935 0.0
vn -0.4161430478248946 -0.9092991607534935 0.0
vn -0.4161430478248946 -0.9092991607534935 0.0
vn -0.4161430478248946 -0.9092991607534935 0.0
vn -0.999970521515749 -0.007678287538314244 0.0
vn -0.999970521515749 -0.007678287538314244 0.0
vn -0.999970521515749 -0.007678287538314244 0.0
vn -0.999970521515749 -0.007678287538314244 0.0
vn -0.999970521515749 -0.007678287538314244 0.0
vn -0.999970521515749 -0.007678287538314244 0.0
vn -0.993595855122235 0.11299237445028935 0.0
vn -0.993595855122235 0.11299237445028935 0.0
vn -0.993595855122235 0.11299237445028935 0.0
vn -0.993595855122235 0.11299237445028935 0.0
vn -0.993595855122235 0.11299237445028935 0.0
vn -0.993595855122235 0.11299237445028935 0.0
vn -0.9793823821243931 0.20201522116996395 0.0
vn -0.9793823821243931 0.20201522116996395 0.0
vn -0.9793823821243931 0.20201522116996395 0.0
vn -0.9793823821243931 0.20201522116996395 0.0
vn -0.9793823821243931 0.20201522116996395 0.0
vn -0.9793823821243931 0.20201522116996395 0.0
vn -0.9228237905400042 0.3852223404910186 0.0
vn -0.9228237905400042 0.3852223404910186 0.0
vn -0.9228237905400042 0.3852223404910186 0.0
vn -0.9228237905400042 0.3852223404910186 0.0
vn -0.9228237905400042 0.3852223404910186 0.0
vn -0.9228237905400042 0.3852223404910186 0.0
vn -0.893625143091115 0.4488141081064459 0.0
vn -0.893625143091115 0.4488141081064459 0.0
vn -0.893625143091115 0.4488141081064459 0.0
vn -0.893625143091115 0.4488141081064459 0.0
vn -0.893625143091115 0.4488141081064459 0.0
vn -0.893625143091115 0.4488141081064459 0.0
vn -0.8696731497989902 0.49362801026552683 0.0
vn -0.8696731497989902 0.49362801026552683 0.0
vn -0.8696731497989902 0.49362801026552683 0.0
vn -0.8696731497989902 0.49362801026552683 0.0
vn -0.8696731497989902 0.49362801026552683 0.0
vn -0.8696731497989902 0.49362801026552683 0.0
vn 0.09706637848549254 0.9952779100169517 -0.0
vn 0.09706637848549254 0.9952779100169517 -0.0
vn 0.09706637848549254 0.9952779100169517 -0.0
vn 0.09706637848549254 0.9952779100169517 -0.0
vn 0.09706637848549254 0.9952779100169517 -0.0
vn 0.09706637848549254 0.9952779100169517 -0.0
vn 0.24463258397423399 0.9696158511792644 -0.0
vn 0.24463258397423399 0.9696158511792644 -0.0
vn 0.24463258397423399 0.9696158511792644 -0.0
vn 0.24463258397423399 0.9696158511792644 -0.0
vn 0.24463258397423399 0.9696158511792644 -0.0
vn 0.24463258397423399 0.9696158511792644 -0.0
vn 0.4382657411959986 0.8988454483913916 -0.0
vn 0.4382657411959986 0.8988454483913916 -0.0
vn 0.4382657411959986 0.8988454483913916 -0.0
vn 0.4382657411959986 0.8988454483913916 -0.0
vn 0.4382657411959986 0.8988454483913916 -0.0
vn 0.4382657411959986 0.8988454483913916 -0.0
vn 0.5363761191464484 0.8439790630160177 -0.0
vn 0.5363761191464484 0.8439790630160177 -0.0
vn 0.5363761191464484 0.8439790630160177 -0.0
vn 0.5363761191464484 0.8439790630160177 -0.0
vn 0.5363761191464484 0.8439790630160177 -0.0
vn 0.5363761191464484 0.8439790630160177 -0.0
vn 0.6329952515772137 0.7741556765151953 -0.0
vn 0.6329952515772137 0.7741556765151953 -0.0
vn 0.6329952515772137 0.7741556765151953 -0.0
vn 0.6329952515772137 0.7741556765151953 -0.0
vn 0.6329952515772137 0.7741556765151953 -0.0
vn 0.6329952515772137 0.7741556765151953 -0.0
vn 0.633016956533215 0.7741379287578061 -0.0
vn 0.633016956533215 0.7741379287578061 -0.0
vn 0.633016956533215 0.7741379287578061 -0.0
vn 0.633016956533215 0.7741379287578061 -0.0
vn 0.633016956533215 0.7741379287578061 -0.0
vn 0.633016956533215 0.7741379287578061 -0.0
vn 0.9513836707229847 -0.3080082970987301 0.0
vn 0.9513836707229847 -0.3080082970987301 0.0
vn 0.9513836707229847 -0.3080082970987301 0.0
vn 0.9513836707229847 -0.3080082970987301 0.0
vn 0.9513836707229847 -0.3080082970987301 0.0
vn 0.9513836707229847 -0.3080082970987301 0.0
vn 0.3150331448444015 0.9490806697269977 -0.0
vn 0.3150331448444015 0.9490806697269977 -0.0
vn 0.3150331448444015 0.9490806697269977 -0.0
vn 0.3150331448444015 0.9490806697269977 -0.0
vn 0.3150331448444015 0.9490806697269977 -0.0
vn 0.3150331448444015 0.9490806697269977 -0.0
vn 0.31612545952225796 0.9487173940862692 -0.0
vn 0.31612545952225796 0.9487173940862692 -0.0
vn 0.31612545952225796 0.9487173940862692 -0.0
vn 0.31612545952225796 0.9487173940862692 -0.0
vn 0.31612545952225796 0.9487173940862692 -0.0
vn 0.31612545952225796 0.9487173940862692 -0.0
vn -0.9628005817833869 0.27021295253479544 0.0
vn -0.9628005817833869 0.27021295253479544 0.0
vn -0.9628005817833869 0.27021295253479544 0.0
vn -0.9628005817833869 0.27021295253479544 0.0
vn -0.9628005817833869 0.27021295253479544 0.0
vn -0.9628005817833869 0.27021295253479544 0.0
vn -0.8818376527787202 -0.47155312971256746 0.0
vn -0.8818376527787202 -0.47155312971256746 0.0
vn -0.8818376527787202 -0.47155312971256746 0.0
vn -0.8818376527787202 -0.47155312971256746 0.0
vn -0.8818376527787202 -0.47155312971256746 0.0
vn -0.8818376527787202 -0.47155312971256746 0.0
vn -0.9627931701286682 0.2702393597416732 0.0
vn -0.9627931701286682 0.2702393597416732 0.0
vn -0.9627931701286682 0.2702393597416732 0.0
vn -0.9627931701286682 0.2702393597416732 0.0
vn -0.9627931701286682 0.2702393597416732 0.0
vn -0.9627931701286682 0.2702393597416732 0.0
vn -0.96280436222917 0.2701994819989135 0.0
vn -0.96280436222917 0.2701994819989135 0.0
vn -0.96280436222917 0.2701994819989135 0.0
vn -0.96280436222917 0.2701994819989135 0.0
vn -0.96280436222917 0.2701994819989135 0.0
vn -0.96280436222917 0.2701994819989135 0.0
vn -0.9627826318071891 0.27027690225104783 0.0
vn -0.9627826318071891 0.27027690225104783 0.0
vn -0.9627826318071891 0.27027690225104783 0.0
vn -0.9627826318071891 0.27027690225104783 0.0
vn -0.9627826318071891 0.27027690225104783 0.0
vn -0.9627826318071891 0.27027690225104783 0.0
vn -0.9628011712866749 0.27021085205632805 0.0
vn -0.9628011712866749 0.27021085205632805 0.0
vn -0.9628011712866749 0.27021085205632805 0.0
vn -0.9628011712866749 0.27021085205632805 0.0
vn -0.9628011712866749 0.27021085205632805 0.0
vn -0.9628011712866749 0.27021085205632805 0.0
vn -0.9628095316044788 0.2701810612377634 0.0
vn -0.9628095316044788 0.2701810612377634 0.0
vn -0.9628095316044788 0.2701810612377634 0.0
vn -0.9628095316044788 0.2701810612377634 0.0
vn -0.9628095316044788 0.2701810612377634 0.0
vn -0.9628095316044788 0.2701810612377634 0.0
vn -0.4629291091174239 -0.8863953068082818 0.0
vn -0.4629291091174239 -0.8863953068082818 0.0
vn -0.4629291091174239 -0.8863953068082818 0.0
vn -0.4629291091174239 -0.8863953068082818 0.0
vn -0.4629291091174239 -0.8863953068082818 0.0
vn -0.4629291091174239 -0.8863953068082818 0.0
vn -0.9628123915186655 0.2701708695216939 0.0
vn -0.9628123915186655 0.2701708695216939 0.0
vn -0.9628123915186655 0.2701708695216939 0.0
vn -0.9628123915186655 0.2701708695216939 0.0
vn -0.9628123915186655 0.2701708695216939 0.0
vn -0.9628123915186655 0.2701708695216939 0.0
vn -0.27652992915878144 -0.9610053060620629 0.0
vn -0.27652992915878144 -0.9610053060620629 0.0
vn -0.27652992915878144 -0.9610053060620629 0.0
vn -0.27652992915878144 -0.9610053060620629 0.0
vn -0.27652992915878144 -0.9610053060620629 0.0
vn -0.27652992915878144 -0.9610053060620629 0.0
vn 0.9620672542907449 -0.27281238648834705 0.0
vn 0.9620672542907449 -0.27281238648834705 0.0
vn 0.9620672542907449 -0.27281238648834705 0.0
vn 0.9620672542907449 -0.27281238648834705 0.0
vn 0.9620672542907449 -0.27281238648834705 0.0
vn 0.9620672542907449 -0.27281238648834705 0.0
vn 0.962077549281227 -0.27277607880646026 0.0
vn 0.962077549281227 -0.27277607880646026 0.0
vn 0.962077549281227 -0.27277607880646026 0.0
vn 0.962077549281227 -0.27277607880646026 0.0
vn 0.962077549281227 -0.27277607880646026 0.0
vn 0.962077549281227 -0.27277607880646026 0.0
vn -0.27913897515279534 -0.9602507133820037 0.0
vn -0.27913897515279534 -0.9602507133820037 0.0
vn -0.27913897515279534 -0.9602507133820037 0.0
vn -0.27913897515279534 -0.9602507133820037 0.0
vn -0.27913897515279534 -0.9602507133820037 0.0
vn -0.27913897515279534 -0.9602507133820037 0.0
vn -0.9620805768765931 0.2727654002926355 0.0
vn -0.9620805768765931 0.2727654002926355 0.0
vn -0.9620805768765931 0.2727654002926355 0.0
vn -0.9620805768765931 0.2727654002926355 0.0
vn -0.9620805768765931 0.2727654002926355 0.0
vn -0.9620805768765931 0.2727654002926355 0.0
vn 0.2791272821996821 0.9602541123743334 -0.0
vn 0.2791272821996821 0.9602541123743334 -0.0
vn 0.2791272821996821 0.9602541123743334 -0.0
vn 0.2791272821996821 0.9602541123743334 -0.0
vn 0.2791272821996821 0.9602541123743334 -0.0
vn 0.2791272821996821 0.9602541123743334 -0.0
vn 0.278667977397668 0.9603875042778788 -0.0
vn 0.278667977397668 0.9603875042778788 -0.0
vn 0.278667977397668 0.9603875042778788 -0.0
vn 0.278667977397668 0.9603875042778788 -0.0
vn 0.278667977397668 0.9603875042778788 -0.0
vn 0.278667977397668 0.9603875042778788 -0.0
vn -0.9628017444158529 0.27020880990410107 0.0
vn -0.9628017444158529 0.27020880990410107 0.0
vn -0.9628017444158529 0.27020880990410107 0.0
vn -0.9628017444158529 0.27020880990410107 0.0
vn -0.9628017444158529 0.27020880990410107 0.0
vn -0.9628017444158529 0.27020880990410107 0.0
vn -0.6324820062285685 -0.7745750523978195 0.0
vn -0.6324820062285685 -0.7745750523978195 0.0
vn -0.6324820062285685 -0.7745750523978195 0.0
vn -0.6324820062285685 -0.7745750523978195 0.0
vn -0.6324820062285685 -0.7745750523978195 0.0
vn -0.6324820062285685 -0.7745750523978195 0.0
vn -0.9628033480570218 0.2702030957820231 0.0
vn -0.9628033480570218 0.2702030957820231 0.0
vn -0.9628033480570218 0.2702030957820231 0.0
vn -0.9628033480570218 0.2702030957820231 0.0
vn -0.9628033480570218 0.2702030957820231 0.0
vn -0.9628033480570218 0.2702030957820231 0.0
vn -0.9628019144740305 0.27020820395602624 0.0
vn -0.9628019144740305 0.27020820395602624 0.0
vn -0.9628019144740305 0.27020820395602624 0.0
vn -0.9628019144740305 0.27020820395602624 0.0
vn -0.9628019144740305 0.27020820395602624 0.0
vn -0.9628019144740305 0.27020820395602624 0.0
vn -0.2765125958725358 -0.961010293557687 0.0
vn -0.2765125958725358 -0.961010293557687 0.0
vn -0.2765125958725358 -0.961010293557687 0.0
vn -0.2765125958725358 -0.961010293557687 0.0
vn -0.2765125958725358 -0.961010293557687 0.0
vn -0.2765125958725358 -0.961010293557687 0.0
vn -0.9484602062544379 -0.31689625613406835 0.0
vn -0.9484602062544379 -0.31689625613406835 0.0
vn -0.9484602062544379 -0.31689625613406835 0.0
vn -0.9484602062544379 -0.31689625613406835 0.0
vn -0.9484602062544379 -0.31689625613406835 0.0
vn -0.9484602062544379 -0.31689625613406835 0.0
vn -0.9484584604661654 -0.31690148117380457 0.0
vn -0.9484584604661654 -0.31690148117380457 0.0
vn -0.9484584604661654 -0.31690148117380457 0.0
vn -0.9484584604661654 -0.31690148117380457 0.0
vn -0.9484584604661654 -0.31690148117380457 0.0
vn -0.9484584604661654 -0.31690148117380457 0.0
vn -0.9061256695514801 0.4230085944515575 0.0
vn -0.9061256695514801 0.4230085944515575 0.0
vn -0.9061256695514801 0.4230085944515575 0.0
vn -0.9061256695514801 0.4230085944515575 0.0
vn -0.9061256695514801 0.4230085944515575 0.0
vn -0.9061256695514801 0.4230085944515575 0.0
vn -0.3454066624388722 0.9384531088673739 0.0
vn -0.3454066624388722 0.9384531088673739 0.0
vn -0.3454066624388722 0.9384531088673739 0.0
vn -0.3454066624388722 0.9384531088673739 0.0
vn -0.3454066624388722 0.9384531088673739 0.0
vn -0.3454066624388722 0.9384531088673739 0.0
vn 0.41593522878373373 0.9093942409409811 -0.0
vn 0.41593522878373373 0.9093942409409811 -0.0
vn 0.41593522878373373 0.9093942409409811 -0.0
vn 0.41593522878373373 0.9093942409409811 -0.0
vn 0.41593522878373373 0.9093942409409811 -0.0
vn 0.41593522878373373 0.9093942409409811 -0.0
vn 0.4159207208727497 0.9094008763733914 -0.0
vn 0.4159207208727497 0.9094008763733914 -0.0
vn 0.4159207208727497 0.9094008763733914 -0.0
vn 0.4159207208727497 0.9094008763733914 -0.0
vn 0.4159207208727497 0.9094008763733914 -0.0
vn 0.4159207208727497 0.9094008763733914 -0.0
vn 0.41595506257005893 0.909385169178791 -0.0
vn 0.41595506257005893 0.909385169178791 -0.0
vn 0.41595506257005893 0.909385169178791 -0.0
vn 0.41595506257005893 0.909385169178791 -0.0
vn 0.41595506257005893 0.909385169178791 -0.0
vn 0.41595506257005893 0.909385169178791 -0.0
vn 0.41592726659453017 0.9093978826142067 -0.0
vn 0.41592726659453017 0.9093978826142067 -0.0
vn 0.41592726659453017 0.9093978826142067 -0.0
vn 0.41592726659453017 0.9093978826142067 -0.0
vn 0.41592726659453017 0.9093978826142067 -0.0
vn 0.41592726659453017 0.9093978826142067 -0.0
vn 0.4158512153182221 0.909432662003272 -0.0
vn 0.4158512153182221 0.909432662003272 -0.0
vn 0.4158512153182221 0.909432662003272 -0.0
vn 0.4158512153182221 0.909432662003272 -0.0
vn 0.4158512153182221 0.909432662003272 -0.0
vn 0.4158512153182221 0.909432662003272 -0.0
vn 0.9461189113010896 0.32381940287518424 -0.0
vn 0.9461189113010896 0.32381940287518424 -0.0
vn 0.9461189113010896 0.32381940287518424 -0.0
vn 0.9461189113010896 0.32381940287518424 -0.0
vn 0.9461189113010896 0.32381940287518424 -0.0
vn 0.9461189113010896 0.32381940287518424 -0.0
vn 0.9126086939250705 -0.4088341616993092 0.0
vn 0.9126086939250705 -0.4088341616993092 0.0
vn 0.9126086939250705 -0.4088341616993092 0.0
vn 0.9126086939250705 -0.4088341616993092 0.0
vn 0.9126086939250705 -0.4088341616993092 0.0
vn 0.9126086939250705 -0.4088341616993092 0.0
vn 0.9126112770397102 -0.4088283955646297 0.0
vn 0.9126112770397102 -0.4088283955646297 0.0
vn 0.9126112770397102 -0.4088283955646297 0.0
vn 0.9126112770397102 -0.4088283955646297 0.0
vn 0.9126112770397102 -0.4088283955646297 0.0
vn 0.9126112770397102 -0.4088283955646297 0.0
vn 0.4159325963845448 0.9093954449329573 -0.0
vn 0.4159325963845448 0.9093954449329573 -0.0
vn 0.4159325963845448 0.9093954449329573 -0.0
vn 0.4159325963845448 0.9093954449329573 -0.0
vn 0.4159325963845448 0.9093954449329573 -0.0
vn 0.4159325963845448 0.9093954449329573 -0.0
vn 0.41591966276172543 0.9094013603069728 -0.0
vn 0.41591966276172543 0.9094013603069728 -0.0
vn 0.41591966276172543 0.9094013603069728 -0.0
vn 0.41591966276172543 0.9094013603069728 -0.0
vn 0.41591966276172543 0.9094013603069728 -0.0
vn 0.41591966276172543 0.9094013603069728 -0.0
vn 0.4159255664338277 0.9093986602072269 -0.0
vn 0.4159255664338277 0.9093986602072269 -0.0
vn 0.4159255664338277 0.9093986602072269 -0.0
vn 0.4159255664338277 0.9093986602072269 -0.0
vn 0.4159255664338277 0.9093986602072269 -0.0
vn 0.4159255664338277 0.9093986602072269 -0.0
vn 0.9628034614109797 -0.27020269187229773 0.0
vn 0.9628034614109797 -0.27020269187229773 0.0
vn 0.9628034614109797 -0.27020269187229773 0.0
vn 0.9628034614109797 -0.27020269187229773 0.0
vn 0.9628034614109797 -0.27020269187229773 0.0
vn 0.9628034614109797 -0.27020269187229773 0.0
vn 0.27651861795727767 0.9610085607958948 -0.0
vn 0.27651861795727767 0.9610085607958948 -0.0
vn 0.27651861795727767 0.9610085607958948 -0.0
vn 0.27651861795727767 0.9610085607958948 -0.0
vn 0.27651861795727767 0.9610085607958948 -0.0
vn 0.27651861795727767 0.9610085607958948 -0.0
vn -0.9628045352188224 0.2701988655824953 0.0
vn -0.9628045352188224 0.2701988655824953 0.0
vn -0.9628045352188224 0.2701988655824953 0.0
vn -0.9628045352188224 0.2701988655824953 0.0
vn -0.9628045352188224 0.2701988655824953 0.0
vn -0.9628045352188224 0.2701988655824953 0.0
vn -0.15762833436640922 0.9874985104823559 0.0
vn -0.15762833436640922 0.9874985104823559 0.0
vn -0.15762833436640922 0.9874985104823559 0.0
vn -0.15762833436640922 0.9874985104823559 0.0
vn -0.15762833436640922 0.9874985104823559 0.0
vn -0.15762833436640922 0.9874985104823559 0.0
vn -0.11402171336743562 0.9934782578802389 0.0
vn -0.11402171336743562 0.9934782578802389 0.0
vn -0.11402171336743562 0.9934782578802389 0.0
vn -0.11402171336743562 0.9934782578802389 0.0
vn -0.11402171336743562 0.9934782578802389 0.0
vn -0.11402171336743562 0.9934782578802389 0.0
vn -0.06161098331964346 0.9981002388209245 0.0
vn -0.06161098331964346 0.9981002388209245 0.0
vn -0.06161098331964346 0.9981002388209245 0.0
vn -0.06161098331964346 0.9981002388209245 0.0
vn -0.06161098331964346 0.9981002388209245 0.0
vn -0.06161098331964346 0.9981002388209245 0.0
vn -0.009112320803910572 0.9999584819429087 0.0
vn -0.009112320803910572 0.9999584819429087 0.0
vn -0.009112320803910572 0.9999584819429087 0.0
vn -0.009112320803910572 0.9999584819429087 0.0
vn -0.009112320803910572 0.9999584819429087 0.0
vn -0.009112320803910572 0.9999584819429087 0.0
vn 0.04356155636690946 0.9990507448607866 -0.0
vn 0.04356155636690946 0.9990507448607866 -0.0
vn 0.04356155636690946 0.9990507448607866 -0.0
vn 0.04356155636690946 0.9990507448607866 -0.0
vn 0.04356155636690946 0.9990507448607866 -0.0
vn 0.04356155636690946 0.9990507448607866 -0.0
vn 0.09605720365634403 0.9953758152706563 -0.0
vn 0.09605720365634403 0.9953758152706563 -0.0
vn 0.09605720365634403 0.9953758152706563 -0.0
vn 0.09605720365634403 0.9953758152706563 -0.0
vn 0.09605720365634403 0.9953758152706563 -0.0
vn 0.09605720365634403 0.9953758152706563 -0.0
vn 0.1481931695664284 0.9889584341588152 -0.0
vn 0.1481931695664284 0.9889584341588152 -0.0
vn 0.1481931695664284 0.9889584341588152 -0.0
vn 0.1481931695664284 0.9889584341588152 -0.0
vn 0.1481931695664284 0.9889584341588152 -0.0
vn 0.1481931695664284 0.9889584341588152 -0.0
vn 0.19997386470494746 0.9798012315949431 -0.0
vn 0.19997386470494746 0.9798012315949431 -0.0
vn 0.19997386470494746 0.9798012315949431 -0.0
vn 0.19997386470494746 0.9798012315949431 -0.0
vn 0.19997386470494746 0.9798012315949431 -0.0
vn 0.19997386470494746 0.9798012315949431 -0.0
vn 0.25119627412660733 0.9679361713795545 -0.0
vn 0.25119627412660733 0.9679361713795545 -0.0
vn 0.25119627412660733 0.9679361713795545 -0.0
vn 0.25119627412660733 0.9679361713795545 -0.0
vn 0.25119627412660733 0.9679361713795545 -0.0
vn 0.25119627412660733 0.9679361713795545 -0.0
vn 0.30163081502179084 0.9534248011402315 -0.0
vn 0.30163081502179084 0.9534248011402315 -0.0
vn 0.30163081502179084 0.9534248011402315 -0.0
vn 0.30163081502179084 0.9534248011402315 -0.0
vn 0.30163081502179084 0.9534248011402315 -0.0
vn 0.30163081502179084 0.9534248011402315 -0.0
vn 0.3512250623539447 0.9362910634917261 -0.0
vn 0.3512250623539447 0.9362910634917261 -0.0
vn 0.3512250623539447 0.9362910634917261 -0.0
vn 0.3512250623539447 0.9362910634917261 -0.0
vn 0.3512250623539447 0.9362910634917261 -0.0
vn 0.3512250623539447 0.9362910634917261 -0.0
vn 0.39980254831947326 0.9166012886513172 -0.0
vn 0.39980254831947326 0.9166012886513172 -0.0
vn 0.39980254831947326 0.9166012886513172 -0.0
vn 0.39980254831947326 0.9166012886513172 -0.0
vn 0.39980254831947326 0.9166012886513172 -0.0
vn 0.39980254831947326 0.9166012886513172 -0.0
vn 0.4472420775179774 0.8944129494240362 -0.0
vn 0.4472420775179774 0.8944129494240362 -0.0
vn 0.4472420775179774 0.8944129494240362 -0.0
vn 0.4472420775179774 0.8944129494240362 -0.0
vn 0.4472420775179774 0.8944129494240362 -0.0
vn 0.4472420775179774 0.8944129494240362 -0.0
vn 0.4934288006083306 0.8697861913885643 -0.0
vn 0.4934288006083306 0.8697861913885643 -0.0
vn 0.4934288006083306 0.8697861913885643 -0.0
vn 0.4934288006083306 0.8697861913885643 -0.0
vn 0.4934288006083306 0.8697861913885643 -0.0
vn 0.4934288006083306 0.8697861913885643 -0.0
vn 0.5381871567401926 0.8428253581376792 -0.0
vn 0.5381871567401926 0.8428253581376792 -0.0
vn 0.5381871567401926 0.8428253581376792 -0.0
vn 0.5381871567401926 0.8428253581376792 -0.0
vn 0.5381871567401926 0.8428253581376792 -0.0
vn 0.5381871567401926 0.8428253581376792 -0.0
vn 0.5814787966027449 0.8135615582741256 -0.0
vn 0.5814787966027449 0.8135615582741256 -0.0
vn 0.5814787966027449 0.8135615582741256 -0.0
vn 0.5814787966027449 0.8135615582741256 -0.0
vn 0.5814787966027449 0.8135615582741256 -0.0
vn 0.5814787966027449 0.8135615582741256 -0.0
vn 0.6230648511008757 0.7821701805378697 -0.0
vn 0.6230648511008757 0.7821701805378697 -0.0
vn 0.6230648511008757 0.7821701805378697 -0.0
vn 0.6230648511008757 0.7821701805378697 -0.0
vn 0.6230648511008757 0.7821701805378697 -0.0
vn 0.6230648511008757 0.7821701805378697 -0.0
vn 0.6629405828022034 0.748672013417007 -0.0
vn 0.6629405828022034 0.748672013417007 -0.0
vn 0.6629405828022034 0.748672013417007 -0.0
vn 0.6629405828022034 0.748672013417007 -0.0
vn 0.6629405828022034 0.748672013417007 -0.0
vn 0.6629405828022034 0.748672013417007 -0.0
vn 0.9628052595896243 -0.27019628440553406 0.0
vn 0.9628052595896243 -0.27019628440553406 0.0
vn 0.9628052595896243 -0.27019628440553406 0.0
vn 0.9628052595896243 -0.27019628440553406 0.0
vn 0.9628052595896243 -0.27019628440553406 0.0
vn 0.9628052595896243 -0.27019628440553406 0.0
vn 0.2765134947328127 0.9610100349271317 -0.0
vn 0.2765134947328127 0.9610100349271317 -0.0
vn 0.2765134947328127 0.9610100349271317 -0.0
vn 0.2765134947328127 0.9610100349271317 -0.0
vn 0.2765134947328127 0.9610100349271317 -0.0
vn 0.2765134947328127 0.9610100349271317 -0.0
vn 0.9628049712370452 -0.27019731190600754 0.0
vn 0.9628049712370452 -0.27019731190600754 0.0
vn 0.9628049712370452 -0.27019731190600754 0.0
vn 0.9628049712370452 -0.27019731190600754 0.0
vn 0.9628049712370452 -0.27019731190600754 0.0
vn 0.9628049712370452 -0.27019731190600754 0.0
vn 0.27651452589305503 0.9610097382285671 -0.0
vn 0.27651452589305503 0.9610097382285671 -0.0
vn 0.27651452589305503 0.9610097382285671 -0.0
vn 0.27651452589305503 0.9610097382285671 -0.0
vn 0.27651452589305503 0.9610097382285671 -0.0
vn 0.27651452589305503 0.9610097382285671 -0.0
vn 0.962806839148147 -0.2701906558146564 0.0
vn 0.962806839148147 -0.2701906558146564 0.0
vn 0.962806839148147 -0.2701906558146564 0.0
vn 0.962806839148147 -0.2701906558146564 0.0
vn 0.962806839148147 -0.2701906558146564 0.0
vn 0.962806839148147 -0.2701906558146564 0.0
vn 0.9628048077449594 -0.27019789448326925 0.0
vn 0.9628048077449594 -0.27019789448326925 0.0
vn 0.9628048077449594 -0.27019789448326925 0.0
vn 0.9628048077449594 -0.27019789448326925 0.0
vn 0.9628048077449594 -0.27019789448326925 0.0
vn 0.9628048077449594 -0.27019789448326925 0.0
vn 0.4996428728740733 0.86623149306992 -0.0
vn 0.4996428728740733 0.86623149306992 -0.0
vn 0.4996428728740733 0.86623149306992 -0.0
vn 0.4996428728740733 0.86623149306992 -0.0
vn 0.4996428728740733 0.86623149306992 -0.0
vn 0.4996428728740733 0.86623149306992 -0.0
vn 0.8715475440041963 -0.4903110018552034 0.0
vn 0.8715475440041963 -0.4903110018552034 0.0
vn 0.8715475440041963 -0.4903110018552034 0.0
vn 0.8715475440041963 -0.4903110018552034 0.0
vn 0.8715475440041963 -0.4903110018552034 0.0
vn 0.8715475440041963 -0.4903110018552034 0.0
vn -0.49969193854537597 -0.8662031901077045 0.0
vn -0.49969193854537597 -0.8662031901077045 0.0
vn -0.49969193854537597 -0.8662031901077045 0.0
vn -0.49969193854537597 -0.8662031901077045 0.0
vn -0.49969193854537597 -0.8662031901077045 0.0
vn -0.49969193854537597 -0.8662031901077045 0.0
vn 0.8777526609675851 -0.4791140429629711 0.0
vn 0.8777526609675851 -0.4791140429629711 0.0
vn 0.8777526609675851 -0.4791140429629711 0.0
vn 0.8777526609675851 -0.4791140429629711 0.0
vn 0.8777526609675851 -0.4791140429629711 0.0
vn 0.8777526609675851 -0.4791140429629711 0.0
vn 0.8777530723777526 -0.4791132892452639 0.0
vn 0.8777530723777526 -0.4791132892452639 0.0
vn 0.8777530723777526 -0.4791132892452639 0.0
vn 0.8777530723777526 -0.4791132892452639 0.0
vn 0.8777530723777526 -0.4791132892452639 0.0
vn 0.8777530723777526 -0.4791132892452639 0.0
vn 0.4883406687141433 0.872653076130385 -0.0
vn 0.4883406687141433 0.872653076130385 -0.0
vn 0.4883406687141433 0.872653076130385 -0.0
vn 0.4883406687141433 0.872653076130385 -0.0
vn 0.4883406687141433 0.872653076130385 -0.0
vn 0.4883406687141433 0.872653076130385 -0.0
vn 0.877765883807938 -0.47908981749027985 0.0
vn 0.877765883807938 -0.47908981749027985 0.0
vn 0.877765883807938 -0.47908981749027985 0.0
vn 0.877765883807938 -0.47908981749027985 0.0
vn 0.877765883807938 -0.47908981749027985 0.0
vn 0.877765883807938 -0.47908981749027985 0.0
vn 0.8777648259380479 -0.4790917556647666 0.0
vn 0.8777648259380479 -0.4790917556647666 0.0
vn 0.8777648259380479 -0.4790917556647666 0.0
vn 0.8777648259380479 -0.4790917556647666 0.0
vn 0.8777648259380479 -0.4790917556647666 0.0
vn 0.8777648259380479 -0.4790917556647666 0.0
vn 0.8777456052992308 -0.47912696895278906 0.0
vn 0.8777456052992308 -0.47912696895278906 0.0
vn 0.8777456052992308 -0.47912696895278906 0.0
vn 0.8777456052992308 -0.47912696895278906 0.0
vn 0.8777456052992308 -0.47912696895278906 0.0
vn 0.8777456052992308 -0.47912696895278906 0.0
vn 0.9801876144858248 0.19807130132502326 -0.0
vn 0.9801876144858248 0.19807130132502326 -0.0
vn 0.9801876144858248 0.19807130132502326 -0.0
vn 0.9801876144858248 0.19807130132502326 -0.0
vn 0.9801876144858248 0.19807130132502326 -0.0
vn 0.9801876144858248 0.19807130132502326 -0.0
vn 0.8777359779524522 -0.47914460552932503 0.0
vn 0.8777359779524522 -0.47914460552932503 0.0
vn 0.8777359779524522 -0.47914460552932503 0.0
vn 0.8777359779524522 -0.47914460552932503 0.0
vn 0.8777359779524522 -0.47914460552932503 0.0
vn 0.8777359779524522 -0.47914460552932503 0.0
vn 0.8777578375348317 -0.4791045591999472 0.0
vn 0.8777578375348317 -0.4791045591999472 0.0
vn 0.8777578375348317 -0.4791045591999472 0.0
vn 0.8777578375348317 -0.4791045591999472 0.0
vn 0.8777578375348317 -0.4791045591999472 0.0
vn 0.8777578375348317 -0.4791045591999472 0.0
vn 0.877755589211227 -0.4791086782854721 0.0
vn 0.877755589211227 -0.4791086782854721 0.0
vn 0.877755589211227 -0.4791086782854721 0.0
vn 0.877755589211227 -0.4791086782854721 0.0
vn 0.877755589211227 -0.4791086782854721 0.0
vn 0.877755589211227 -0.4791086782854721 0.0
vn 0.8777404719043642 -0.4791363730516648 0.0
vn 0.8777404719043642 -0.4791363730516648 0.0
vn 0.8777404719043642 -0.4791363730516648 0.0
vn 0.8777404719043642 -0.4791363730516648 0.0
vn 0.8777404719043642 -0.4791363730516648 0.0
vn 0.8777404719043642 -0.4791363730516648 0.0
vn 0.8777651547996282 -0.47909115314268175 0.0
vn 0.8777651547996282 -0.47909115314268175 0.0
vn 0.8777651547996282 -0.47909115314268175 0.0
vn 0.8777651547996282 -0.47909115314268175 0.0
vn 0.8777651547996282 -0.47909115314268175 0.0
vn 0.8777651547996282 -0.47909115314268175 0.0
vn 0.8777534053168382 -0.4791126792881757 0.0
vn 0.8777534053168382 -0.4791126792881757 0.0
vn 0.8777534053168382 -0.4791126792881757 0.0
vn 0.8777534053168382 -0.4791126792881757 0.0
vn 0.8777534053168382 -0.4791126792881757 0.0
vn 0.8777534053168382 -0.4791126792881757 0.0
vn 0.2837793300715156 -0.9588896139932697 0.0
vn 0.2837793300715156 -0.9588896139932697 0.0
vn 0.2837793300715156 -0.9588896139932697 0.0
vn 0.2837793300715156 -0.9588896139932697 0.0
vn 0.2837793300715156 -0.9588896139932697 0.0
vn 0.2837793300715156 -0.9588896139932697 0.0
vn 0.877738185534115 -0.47914056147990575 0.0
vn 0.877738185534115 -0.47914056147990575 0.0
vn 0.877738185534115 -0.47914056147990575 0.0
vn 0.877738185534115 -0.47914056147990575 0.0
vn 0.877738185534115 -0.47914056147990575 0.0
vn 0.877738185534115 -0.47914056147990575 0.0
vn 0.8777600308336988 -0.4791005408792858 0.0
vn 0.8777600308336988 -0.4791005408792858 0.0
vn 0.8777600308336988 -0.4791005408792858 0.0
vn 0.8777600308336988 -0.4791005408792858 0.0
vn 0.8777600308336988 -0.4791005408792858 0.0
vn 0.8777600308336988 -0.4791005408792858 0.0
vn 0.8777588480859388 -0.47910270778492353 0.0
vn 0.8777588480859388 -0.47910270778492353 0.0
vn 0.8777588480859388 -0.47910270778492353 0.0
vn 0.8777588480859388 -0.47910270778492353 0.0
vn 0.8777588480859388 -0.47910270778492353 0.0
vn 0.8777588480859388 -0.47910270778492353 0.0
vn -0.48834241062396316 -0.8726521013473678 0.0
vn -0.48834241062396316 -0.8726521013473678 0.0
vn -0.48834241062396316 -0.8726521013473678 0.0
vn -0.48834241062396316 -0.8726521013473678 0.0
vn -0.48834241062396316 -0.8726521013473678 0.0
vn -0.48834241062396316 -0.8726521013473678 0.0
vn 0.8777479421882378 -0.47912268782047235 0.0
vn 0.8777479421882378 -0.47912268782047235 0.0
vn 0.8777479421882378 -0.47912268782047235 0.0
vn 0.8777479421882378 -0.47912268782047235 0.0
vn 0.8777479421882378 -0.47912268782047235 0.0
vn 0.8777479421882378 -0.47912268782047235 0.0
f 1//1 2//2 3//3
f 4//4 5//5 6//6
f 7//7 8//8 9//9
f 10//10 11//11 12//12
f 13//13 14//14 15//15
f 16//16 17//17 18//18
f 19//19 20//20 21//21
f 22//22 23//23 24//24
f 25//25 26//26 27//27
f 28//28 29//29 30//30
f 31//31 32//32 33//33
f 34//34 35//35 36//36
f 37//37 38//38 39//39
f 40//40 41//41 42//42
f 43//43 44//44 45//45
f 46//46 47//47 48//48
f 49//49 50//50 51//51
f 52//52 53//53 54//54
f 55//55 56//56 57//57
f 58//58 59//59 60//60
f 61//61 62//62 63//63
f 64//64 65//65 66//66
f 67//67 68//68 69//69
f 70//70 71//71 72//72
f 73//73 74//74 75//75
f 76//76 77//77 78//78
f 79//79 80//80 81//81
f 82//82 83//83 84//84
f 85//85 86//86 87//87
f 88//88 89//89 90//90
f 91//91 92//92 93//93
f 94//94 95//95 96//96
f 97//97 98//98 99//99
f 100//100 101//101 102//102
f 103//103 104//104 105//105
f 106//106 107//107 108//108
f 109//109 110//110 111//111
f 112//112 113//113 114//114
f 115//115 116//116 117//117
f 118//118 119//119 120//120
f 121//121 122//122 123//123
f 124//124 125//125 126//126
f 127//127 128//128 129//129
f 130//130 131//131 132//132
f 133//133 134//134 135//135
f 136//136 137//137 138//138
f 139//139 140//140 141//141
f 142//142 143//143 144//144
f 145//145 146//146 147//147
f 148//148 149//149 150//150
f 151//151 152//152 153//153
f 154//154 155//155 156//156
f 157//157 158//158 159//159
f 160//160 161//161 162//162
f 163//163 164//164 165//165
f 166//166 167//167 168//168
f 169//169 170//170 171//171
f 172//172 173//173 174//174
f 175//175 176//176 177//177
f 178//178 179//179 180//180
f 181//181 182//182 183//183
f 184//184 185//185 186//186
f 187//187 188//188 189//189
f 190//190 191//191 192//192
f 193//193 194//194 195//195
f 196//196 197//197 198//198
f 199//199 200//200 201//201
f 202//202 203//203 204//204
f 205//205 206//206 207//207
f 208//208 209//209 210//210
f 211//211 212//212 213//213
f 214//214 215//215 216//216
f 217//217 218//218 219//219
f 220//220 221//221 222//222
f 223//223 224//224 225//225
f 226//226 227//227 228//228
f 229//229 230//230 231//231
f 232//232 233//233 234//234
f 235//235 236//236 237//237
f 238//238 239//239 240//240
f 241//241 242//242 243//243
f 244//244 245//245 246//246
f 247//247 248//248 249//249
f 250//250 251//251 252//252
f 253//253 254//254 255//255
f 256//256 257//257 258//258
f 259//259 260//260 261//261
f 262//262 263//263 264//264
f 265//265 266//266 267//267
f 268//268 269//269 270//270
f 271//271 272//272 273//273
f 274//274 275//275 276//276
f 277//277 278//278 279//279
f 280//280 281//281 282//282
f 283//283 284//284 285//285
f 286//286 287//287 288//288
f 289//289 290//290 291//291
f 292//292 293//293 294//294
f 295//295 296//296 297//297
f 298//298 299//299 300//300
f 301//301 302//302 303//303
f 304//304 305//305 306//306
f 307//307 308//308 309//309
f 310//310 311//311 312//312
f 313//313 314//314 315//315
f 316//316 317//317 318//318
f 319//319 320//320 321//321
f 322//322 323//323 324//324
f 325//325 326//326 327//327
f 328//328 329//329 330//330
f 331//331 332//332 333//333
f 334//334 335//335 336//336
f 337//337 338//338 339//339
f 340//340 341//341 342//342
f 343//343 344//344 345//345
f 346//346 347//347 348//348
f 349//349 350//350 351//351
f 352//352 353//353 354//354
f 355//355 356//356 357//357
f 358//358 359//359 360//360
f 361//361 362//362 363//363
f 364//364 365//365 366//366
f 367//367 368//368 369//369
f 370//370 371//371 372//372
f 373//373 374//374 375//375
f 376//376 377//377 378//378
f 379//379 380//380 381//381
f 382//382 383//383 384//384
f 385//385 386//386 387//387
f 388//388 389//389 390//390
f 391//391 392//392 393//393
f 394//394 395//395 396//396
f 397//397 398//398 399//399
f 400//400 401//401 402//402
f 403//403 404//404 405//405
f 406//406 407//407 408//408
f 409//409 410//410 411//411
f 412//412 413//413 414//414
f 415//415 416//416 417//417
f 418//418 419//419 420//420
f 421//421 422//422 423//423
f 424//424 425//425 426//426
f 427//427 428//428 429//429
f 430//430 431//431 432//432
f 433//433 434//434 435//435
f 436//436 437//437 438//438
f 439//439 440//440 441//441
f 442//442 443//443 444//444
f 445//445 446//446 447//447
f 448//448 449//449 450//450
f 451//451 452//452 453//453
f 454//454 455//455 456//456
f 457//457 458//458 459//459
f 460//460 461//461 462//462
f 463//463 464//464 465//465
f 466//466 467//467 468//468
f 469//469 470//470 471//471
f 472//472 473//473 474//474
f 475//475 476//476 477//477
f 478//478 479//479 480//480
f 481//481 482//482 483//483
f 484//484 485//485 486//486
f 487//487 488//488 489//489
f 490//490 491//491 492//492
f 493//493 494//494 495//495
f 496//496 497//497 498//498
f 499//499 500//500 501//501
f 502//502 503//503 504//504
f 505//505 506//506 507//507
f 508//508 509//509 510//510
f 511//511 512//512 513//513
f 514//514 515//515 516//516
f 517//517 518//518 519//519
f 520//520 521//521 522//522
f 523//523 524//524 525//525
f 526//526 527//527 528//528
f 529//529 530//530 531//531
f 532//532 533//533 534//534
f 535//535 536//536 537//537
f 538//538 539//539 540//540
f 541//541 542//542 543//543
f 544//544 545//545 546//546
f 547//547 548//548 549//549
f 550//550 551//551 552//552
f 553//553 554//554 555//555
f 556//556 557//557 558//558
f 559//559 560//560 561//561
f 562//562 563//563 564//564
f 565//565 566//566 567//567
f 568//568 569//569 570//570
f 571//571 572//572 573//573
f 574//574 575//575 576//576
f 577//577 578//578 579//579
f 580//580 581//581 582//582
f 583//583 584//584 585//585
f 586//586 587//587 588//588
f 589//589 590//590 591//591
f 592//592 593//593 594//594
f 595//595 596//596 597//597
f 598//598 599//599 600//600
f 601//601 602//602 603//603
f 604//604 605//605 606//606
f 607//607 608//608 609//609
f 610//610 611//611 612//612
f 613//613 614//614 615//615
f 616//616 617//617 618//618
f 619//619 620//620 621//621
f 622//622 623//623 624//624
f 625//625 626//626 627//627
f 628//628 629//629 630//630
f 631//631 632//632 633//633
f 634//634 635//635 636//636
f 637//637 638//638 639//639
f 640//640 641//641 642//642
f 643//643 644//644 645//645
f 646//646 647//647 648//648
f 649//649 650//650 651//651
f 652//652 653//653 654//654
f 655//655 656//656 657//657
f 658//658 659//659 660//660
f 661//661 662//662 663//663
f 664//664 665//665 666//666
f 667//667 668//668 669//669
f 670//670 671//671 672//672
f 673//673 674//674 675//675
f 676//676 677//677 678//678
f 679//679 680//680 681//681
f 682//682 683//683 684//684
f 685//685 686//686 687//687
f 688//688 689//689 690//690
f 691//691 692//692 693//693
f 694//694 695//695 696//696
f 697//697 698//698 699//699
f 700//700 701//701 702//702
f 703//703 704//704 705//705
f 706//706 707//707 708//708
f 709//709 710//710 711//711
f 712//712 713//713 714//714
f 715//715 716//716 717//717
f 718//718 719//719 720//720
f 721//721 722//722 723//723
f 724//724 725//725 726//726
f 727//727 728//728 729//729
f 730//730 731//731 732//732
f 733//733 734//734 735//735
f 736//736 737//737 738//738
f 739//739 740//740 741//741
f 742//742 743//743 744//744
f 745//745 746//746 747//747
f 748//748 749//749 750//750
f 751//751 752//752 753//753
f 754//754 755//755 756//756
f 757//757 758//758 759//759
f 760//760 761//761 762//762
f 763//763 764//764 765//765
f 766//766 767//767 768//768
f 769//769 770//770 771//771
f 772//772 773//773 774//774
f 775//775 776//776 777//777
f 778//778 779//779 780//780
f 781//781 782//782 783//783
f 784//784 785//785 786//786
f 787//787 788//788 789//789
f 790//790 791//791 792//792
f 793//793 794//794 795//795
f 796//796 797//797 798//798
f 799//799 800//800 801//801
f 802//802 803//803 804//804
f 805//805 806//806 807//807
f 808//808 809//809 810//810
f 811//811 812//812 813//813
f 814//814 815//815 816//816
f 817//817 818//818 819//819
f 820//820 821//821 822//822
f 823//823 824//824 825//825
f 826//826 827//827 828//828
f 829//829 830//830 831//831
f 832//832 833//833 834//834
f 835//835 836//836 837//837
f 838//838 839//839 840//840
f 841//841 842//842 843//843
f 844//844 845//845 846//846
f 847//847 848//848 849//849
f 850//850 851//851 852//852
f 853//853 854//854 855//855
f 856//856 857//857 858//858
f 859//859 860//860 861//861
f 862//862 863//863 864//864
f 865//865 866//866 867//867
f 868//868 869//869 870//870
f 871//871 872//872 873//873
f 874//874 875//875 876//876
f 877//877 878//878 879//879
f 880//880 881//881 882//882
f 883//883 884//884 885//885
f 886//886 887//887 888//888
f 889//889 890//890 891//891
f 892//892 893//893 894//894
f 895//895 896//896 897//897
f 898//898 899//899 900//900
f 901//901 902//902 903//903
f 904//904 905//905 906//906
f 907//907 908//908 909//909
f 910//910 911//911 912//912
f 913//913 914//914 915//915
f 916//916 917//917 918//918
f 919//919 920//920 921//921
f 922//922 923//923 924//924
f 925//925 926//926 927//927
f 928//928 929//929 930//930
f 931//931 932//932 933//933
f 934//934 935//935 936//936
f 937//937 938//938 939//939
f 940//940 941//941 942//942
f 943//943 944//944 945//945
f 946//946 947//947 948//948
f 949//949 950//950 951//951
f 952//952 953//953 954//954
f 955//955 956//956 957//957
f 958//958 959//959 960//960
f 961//961 962//962 963//963
f 964//964 965//965 966//966
f 967//967 968//968 969//969
f 970//970 971//971 972//972
f 973//973 974//974 975//975
f 976//976 977//977 978//978
f 979//979 980//980 981//981
f 982//982 983//983 984//984
f 985//985 986//986 987//987
f 988//988 989//989 990//990
f 991//991 992//992 993//993
f 994//994 995//995 996//996
f 997//997 998//998 999//999
f 1000//1000 1001//1001 1002//1002
f 1003//1003 1004//1004 1005//1005
f 1006//1006 1007//1007 1008//1008
f 1009//1009 1010//1010 1011//1011
f 1012//1012 1013//1013 1014//1014
f 1015//1015 1016//1016 1017//1017
f 1018//1018 1019//1019 1020//1020
f 1021//1021 1022//1022 1023//1023
f 1024//1024 1025//1025 1026//1026
f 1027//1027 1028//1028 1029//1029
f 1030//1030 1031//1031 1032//1032
f 1033//1033 1034//1034 1035//1035
f 1036//1036 1037//1037 1038//1038
f 1039//1039 1040//1040 1041//1041
f 1042//1042 1043//1043 1044//1044
f 1045//1045 1046//1046 1047//1047
f 1048//1048 1049//1049 1050//1050
f 1051//1051 1052//1052 1053//1053
f 1054//1054 1055//1055 1056//1056
f 1057//1057 1058//1058 1059//1059
f 1060//1060 1061//1061 1062//1062
f 1063//1063 1064//1064 1065//1065
f 1066//1066 1067//1067 1068//1068
f 1069//1069 1070//1070 1071//1071
f 1072//1072 1073//1073 1074//1074
f 1075//1075 1076//1076 1077//1077
f 1078//1078 1079//1079 1080//1080
f 1081//1081 1082//1082 1083//1083
f 1084//1084 1085//1085 1086//1086
f 1087//1087 1088//1088 1089//1089
f 1090//1090 1091//1091 1092//1092
f 1093//1093 1094//1094 1095//1095
f 1096//1096 1097//1097 1098//1098
f 1099//1099 1100//1100 1101//1101
f 1102//1102 1103//1103 1104//1104
f 1105//1105 1106//1106 1107//1107
f 1108//1108 1109//1109 1110//1110
f 1111//1111 1112//1112 1113//1113
f 1114//1114 1115//1115 1116//1116
f 1117//1117 1118//1118 1119//1119
f 1120//1120 1121//1121 1122//1122
f 1123//1123 1124//1124 1125//1125
f 1126//1126 1127//1127 1128//1128
f 1129//1129 1130//1130 1131//1131
f 1132//1132 1133//1133 1134//1134
f 1135//1135 1136//1136 1137//1137
f 1138//1138 1139//1139 1140//1140
f 1141//1141 1142//1142 1143//1143
f 1144//1144 1145//1145 1146//1146
f 1147//1147 1148//1148 1149//1149
f 1150//1150 1151//1151 1152//1152
f 1153//1153 1154//1154 1155//1155
f 1156//1156 1157//1157 1158//1158
f 1159//1159 1160//1160 1161//1161
f 1162//1162 1163//1163 1164//1164
f 1165//1165 1166//1166 1167//1167
f 1168//1168 1169//1169 1170//1170
f 1171//1171 1172//1172 1173//1173
f 1174//1174 1175//1175 1176//1176
f 1177//1177 1178//1178 1179//1179
f 1180//1180 1181//1181 1182//1182
f 1183//1183 1184//1184 1185//1185
f 1186//1186 1187//1187 1188//1188
f 1189//1189 1190//1190 1191//1191
f 1192//1192 1193//1193 1194//1194
f 1195//1195 1196//1196 1197//1197
f 1198//1198 1199//1199 1200//1200
f 1201//1201 1202//1202 1203//1203
f 1204//1204 1205//1205 1206//1206
f 1207//1207 1208//1208 1209//1209
f 1210//1210 1211//1211 1212//1212
f 1213//1213 1214//1214 1215//1215
f 1216//1216 1217//1217 1218//1218
f 1219//1219 1220//1220 1221//1221
f 1222//1222 1223//1223 1224//1224
f 1225//1225 1226//1226 1227//1227
f 1228//1228 1229//1229 1230//1230
f 1231//1231 1232//1232 1233//1233
f 1234//1234 1235//1235 1236//1236
f 1237//1237 1238//1238 1239//1239
f 1240//1240 1241//1241 1242//1242
f 1243//1243 1244//1244 1245//1245
f 1246//1246 1247//1247 1248//1248
f 1249//1249 1250//1250 1251//1251
f 1252//1252 1253//1253 1254//1254
f 1255//1255 1256//1256 1257//1257
f 1258//1258 1259//1259 1260//1260
f 1261//1261 1262//1262 1263//1263
f 1264//1264 1265//1265 1266//1266
f 1267//1267 1268//1268 1269//1269
f 1270//1270 1271//1271 1272//1272
f 1273//1273 1274//1274 1275//1275
f 1276//1276 1277//1277 1278//1278
f 1279//1279 1280//1280 1281//1281
f 1282//1282 1283//1283 1284//1284
f 1285//1285 1286//1286 1287//1287
f 1288//1288 1289//1289 1290//1290
f 1291//1291 1292//1292 1293//1293
f 1294//1294 1295//1295 1296//1296
f 1297//1297 1298//1298 1299//1299
f 1300//1300 1301//1301 1302//1302
f 1303//1303 1304//1304 1305//1305
f 1306//1306 1307//1307 1308//1308
f 1309//1309 1310//1310 1311//1311
f 1312//1312 1313//1313 1314//1314
f 1315//1315 1316//1316 1317//1317
f 1318//1318 1319//1319 1320//1320
f 1321//1321 1322//1322 1323//1323
f 1324//1324 1325//1325 1326//1326
f 1327//1327 1328//1328 1329//1329
f 1330//1330 1331//1331 1332//1332
f 1333//1333 1334//1334 1335//1335
f 1336//1336 1337//1337 1338//1338
f 1339//1339 1340//1340 1341//1341
f 1342//1342 1343//1343 1344//1344
f 1345//1345 1346//1346 1347//1347
f 1348//1348 1349//1349 1350//1350
f 1351//1351 1352//1352 1353//1353
f 1354//1354 1355//1355 1356//1356
f 1357//1357 1358//1358 1359//1359
f 1360//1360 1361//1361 1362//1362
f 1363//1363 1364//1364 1365//1365
f 1366//1366 1367//1367 1368//1368
f 1369//1369 1370//1370 1371//1371
f 1372//1372 1373//1373 1374//1374
f 1375//1375 1376//1376 1377//1377
f 1378//1378 1379//1379 1380//1380
f 1381//1381 1382//1382 1383//1383
f 1384//1384 1385//1385 1386//1386
f 1387//1387 1388//1388 1389//1389
f 1390//1390 1391//1391 1392//1392
f 1393//1393 1394//1394 1395//1395
f 1396//1396 1397//1397 1398//1398
f 1399//1399 1400//1400 1401//1401
f 1402//1402 1403//1403 1404//1404
f 1405//1405 1406//1406 1407//1407
f 1408//1408 1409//1409 1410//1410
f 1411//1411 1412//1412 1413//1413
f 1414//1414 1415//1415 1416//1416
f 1417//1417 1418//1418 1419//1419
f 1420//1420 1421//1421 1422//1422
f 1423//1423 1424//1424 1425//1425
f 1426//1426 1427//1427 1428//1428
f 1429//1429 1430//1430 1431//1431
f 1432//1432 1433//1433 1434//1434
f 1435//1435 1436//1436 1437//1437
f 1438//1438 1439//1439 1440//1440
o gml_IS8VBC3PLZ7IN4V6NQUJV7A9LJAVJNQ3Y02D
v -8238984.453179876 4942275.070347603 227.37924307848806
v -8238960.011383728 4942244.180424093 227.37924307848806
v -8238964.283066908 4942221.3810608415 227.37924307848806
v -8238984.453179876 4942275.070347603 227.37924307848806
v -8238964.283066908 4942221.3810608415 227.37924307848806
v -8238965.219864662 4942216.3814049605 227.37924307848806
v -8238984.453179876 4942275.070347603 227.37924307848806
v -8238965.219864662 4942216.3814049605 227.37924307848806
v -8239024.519585184 4942251.5563073475 227.37924307848806
v -8238984.453179876 4942275.070347603 227.37924307848806
v -8239024.519585184 4942251.5563073475 227.37924307848806
v -8239023.582814126 4942256.555986671 227.37924307848806
v -8238984.453179876 4942275.070347603 227.37924307848806
v -8239023.582814126 4942256.555986671 227.37924307848806
v -8239022.965934847 4942259.848287298 227.37924307848806
v -8238984.453179876 4942275.070347603 227.37924307848806
v -8239022.965934847 4942259.848287298 227.37924307848806
v -8239016.232893728 4942295.786057975 227.37924307848806
v -8238984.453179876 4942275.070347603 227.37924307848806
v -8239016.232893728 4942295.786057975 227.37924307848806
v -8239008.496141525 4942337.080118182 227.37924307848806
v -8238984.453179876 4942275.070347603 227.37924307848806
v -8239008.496141525 4942337.080118182 227.37924307848806
v -8239005.801921418 4942335.482003737 227.37924307848806
v -8238984.453179876 4942275.070347603 227.37924307848806
v -8239005.801921418 4942335.482003737 227.37924307848806
v -8238949.766451626 4942302.243297798 227.37924307848806
v -8238984.453179876 4942275.070347603 227.37924307848806
v -8238949.766451626 4942302.243297798 227.37924307848806
v -8238949.19596446 4942301.904948197 227.37924307848806
v -8238984.453179876 4942275.070347603 227.37924307848806
v -8238949.19596446 4942301.904948197 227.37924307848806
v -8238950.076036802 4942297.207537443 227.37924307848806
v -8238984.453179876 4942275.070347603 227.37924307848806
v -8238950.076036802 4942297.207537443 227.37924307848806
v -8238957.739279381 4942256.3070843 227.37924307848806
v -8238984.453179876 4942275.070347603 227.37924307848806
v -8238957.739279381 4942256.3070843 227.37924307848806
v -8238960.011383728 4942244.180424093 227.37924307848806
v -8238984.453179876 4942275.070347603 0
v -8238964.283066908 4942221.3810608415 0
v -8238960.011383728 4942244.180424093 0
v -8238984.453179876 4942275.070347603 0
v -8238965.219864662 4942216.3814049605 0
v -8238964.283066908 4942221.3810608415 0
v -8238984.453179876 4942275.070347603 0
v -8239024.519585184 4942251.5563073475 0
v -8238965.219864662 4942216.3814049605 0
v -8238984.453179876 4942275.070347603 0
v -8239023.582814126 4942256.555986671 0
v -8239024.519585184 4942251.5563073475 0
v -8238984.453179876 4942275.070347603 0
v -8239022.965934847 4942259.848287298 0
v -8239023.582814126 4942256.555986671 0
v -8238984.453179876 4942275.070347603 0
v -8239016.232893728 4942295.786057975 0
v -8239022.965934847 4942259.848287298 0
v -8238984.453179876 4942275.070347603 0
v -8239008.496141525 4942337.080118182 0
v -8239016.232893728 4942295.786057975 0
v -8238984.453179876 4942275.070347603 0
v -8239005.801921418 4942335.482003737 0
v -8239008.496141525 4942337.080118182 0
v -8238984.453179876 4942275.070347603 0
v -8238949.766451626 4942302.243297798 0
v -8239005.801921418 4942335.482003737 0
v -8238984.453179876 4942275.070347603 0
v -8238949.19596446 4942301.904948197 0
v -8238949.766451626 4942302.243297798 0
v -8238984.453179876 4942275.070347603 0
v -8238950.076036802 4942297.207537443 0
v -8238949.19596446 4942301.904948197 0
v -8238984.453179876 4942275.070347603 0
v -8238957.739279381 4942256.3070843 0
v -8238950.076036802 4942297.207537443 0
v -8238984.453179876 4942275.070347603 0
v -8238960.011383728 4942244.180424093 0
v -8238957.739279381 4942256.3070843 0
v -8238960.011383728 4942244.180424093 0
v -8238964.283066908 4942221.3810608415 0
v -8238960.011383728 4942244.180424093 227.37924307848806
v -8238960.011383728 4942244.180424093 227.37924307848806
v -8238964.283066908 4942221.3810608415 0
v -8238964.283066908 4942221.3810608415 227.37924307848806
v -8238964.283066908 4942221.3810608415 0
v -8238965.219864662 4942216.3814049605 0
v -8238964.283066908 4942221.3810608415 227.37924307848806
v -8238964.283066908 4942221.3810608415 227.37924307848806
v -8238965.219864662 4942216.3814049605 0
v -8238965.219864662 4942216.3814049605 227.37924307848806
v -8238965.219864662 4942216.3814049605 0
v -8239024.519585184 4942251.5563073475 0
v -8238965.219864662 4942216.3814049605 227.37924307848806
v -8238965.219864662 4942216.3814049605 227.37924307848806
v -8239024.519585184 4942251.5563073475 0
v -8239024.519585184 4942251.5563073475 227.37924307848806
v -8239024.519585184 4942251.5563073475 0
v -8239023.582814126 4942256.555986671 0
v -8239024.519585184 4942251.5563073475 227.37924307848806
v -8239024.519585184 4942251.5563073475 227.37924307848806
v -8239023.582814126 4942256.555986671 0
v -8239023.582814126 4942256.555986671 227.37924307848806
v -8239023.582814126 4942256.555986671 0
v -8239022.965934847 4942259.848287298 0
v -8239023.582814126 4942256.555986671 227.37924307848806
v -8239023.582814126 4942256.555986671 227.37924307848806
v -8239022.965934847 4942259.848287298 0
v -8239022.965934847 4942259.848287298 227.37924307848806
v -8239022.965934847 4942259.848287298 0
v -8239016.232893728 4942295.786057975 0
v -8239022.965934847 4942259.848287298 227.37924307848806
v -8239022.965934847 4942259.848287298 227.37924307848806
v -8239016.232893728 4942295.786057975 0
v -8239016.232893728 4942295.786057975 227.37924307848806
v -8239016.232893728 4942295.786057975 0
v -8239008.496141525 4942337.080118182 0
v -8239016.232893728 4942295.786057975 227.37924307848806
v -8239016.232893728 4942295.786057975 227.37924307848806
v -8239008.496141525 4942337.080118182 0
v -8239008.496141525 4942337.080118182 227.37924307848806
v -8239008.496141525 4942337.080118182 0
v -8239005.801921418 4942335.482003737 0
v -8239008.496141525 4942337.080118182 227.37924307848806
v -8239008.496141525 4942337.080118182 227.37924307848806
v -8239005.801921418 4942335.482003737 0
v -8239005.801921418 4942335.482003737 227.37924307848806
v -8239005.801921418 4942335.482003737 0
v -8238949.766451626 4942302.243297798 0
v -8239005.801921418 4942335.482003737 227.37924307848806
v -8239005.801921418 4942335.482003737 227.37924307848806
v -8238949.766451626 4942302.243297798 0
v -8238949.766451626 4942302.243297798 227.37924307848806
v -8238949.766451626 4942302.243297798 0
v -8238949.19596446 4942301.904948197 0
v -8238949.766451626 4942302.243297798 227.37924307848806
v -8238949.766451626 4942302.243297798 227.37924307848806
v -8238949.19596446 4942301.904948197 0
v -8238949.19596446 4942301.904948197 227.37924307848806
v -8238949.19596446 4942301.904948197 0
v -8238950.076036802 4942297.207537443 0
v -8238949.19596446 4942301.904948197 227.37924307848806
v -8238949.19596446 4942301.904948197 227.37924307848806
v -8238950.076036802 4942297.207537443 0
v -8238950.076036802 4942297.207537443 227.37924307848806
v -8238950.076036802 4942297.207537443 0
v -8238957.739279381 4942256.3070843 0
v -8238950.076036802 4942297.207537443 227.37924307848806
v -8238950.076036802 4942297.207537443 227.37924307848806
v -8238957.739279381 4942256.3070843 0
v -8238957.739279381 4942256.3070843 227.37924307848806
v -8238957.739279381 4942256.3070843 0
v -8238960.011383728 4942244.180424093 0
v -8238957.739279381 4942256.3070843 227.37924307848806
v -8238957.739279381 4942256.3070843 227.37924307848806
v -8238960.011383728 4942244.180424093 0
v -8238960.011383728 4942244.180424093 227.37924307848806
vn 0.0 0.0 -1.0
vn 0.0 0.0 -1.0
vn 0.0 0.0 -1.0
vn 0.0 0.0 -1.0
vn 0.0 0.0 -1.0
vn 0.0 0.0 -1.0
vn 0.0 -0.0 -1.0
vn 0.0 -0.0 -1.0
vn 0.0 -0.0 -1.0
vn 0.0 0.0 -1.0
vn 0.0 0.0 -1.0
vn 0.0 0.0 -1.0
vn 0.0 0.0 -1.0
vn 0.0 0.0 -1.0
vn 0.0 0.0 -1.0
vn -0.0 0.0 -1.0
vn -0.0 0.0 -1.0
vn -0.0 0.0 -1.0
vn 0.0 0.0 -1.0
vn 0.0 0.0 -1.0
vn 0.0 0.0 -1.0
vn 0.0 0.0 -1.0
vn 0.0 0.0 -1.0
vn 0.0 0.0 -1.0
vn 0.0 0.0 -1.0
vn 0.0 0.0 -1.0
vn 0.0 0.0 -1.0
vn 0.0 0.0 -1.0
vn 0.0 0.0 -1.0
vn 0.0 0.0 -1.0
vn 0.0 0.0 -1.0
vn 0.0 0.0 -1.0
vn 0.0 0.0 -1.0
vn 0.0 0.0 -1.0
vn 0.0 0.0 -1.0
vn 0.0 0.0 -1.0
vn 0.0 0.0 -1.0
vn 0.0 0.0 -1.0
vn 0.0 0.0 -1.0
vn 0.0 0.0 1.0
vn 0.0 0.0 1.0
vn 0.0 0.0 1.0
vn 0.0 0.0 1.0
vn 0.0 0.0 1.0
vn 0.0 0.0 1.0
vn 0.0 0.0 1.0
vn 0.0 0.0 1.0
vn 0.0 0.0 1.0
vn 0.0 0.0 1.0
vn 0.0 0.0 1.0
vn 0.0 0.0 1.0
vn 0.0 0.0 1.0
vn 0.0 0.0 1.0
vn 0.0 0.0 1.0
vn 0.0 0.0 1.0
vn 0.0 0.0 1.0
vn 0.0 0.0 1.0
vn 0.0 0.0 1.0
vn 0.0 0.0 1.0
vn 0.0 0.0 1.0
vn 0.0 0.0 1.0
vn 0.0 0.0 1.0
vn 0.0 0.0 1.0
vn 0.0 -0.0 1.0
vn 0.0 -0.0 1.0
vn 0.0 -0.0 1.0
vn 0.0 0.0 1.0
vn 0.0 0.0 1.0
vn 0.0 0.0 1.0
vn 0.0 0.0 1.0
vn 0.0 0.0 1.0
vn 0.0 0.0 1.0
vn -0.0 0.0 1.0
vn -0.0 0.0 1.0
vn -0.0 0.0 1.0
vn 0.0 0.0 1.0
vn 0.0 0.0 1.0
vn 0.0 0.0 1.0
vn -0.9828971457987831 0.18415537130533532 0.0
vn -0.9828971457987831 0.18415537130533532 0.0
vn -0.9828971457987831 0.18415537130533532 0.0
vn -0.9828971457987831 0.18415537130533532 0.0
vn -0.9828971457987831 0.18415537130533532 0.0
vn -0.9828971457987831 0.18415537130533532 0.0
vn -0.9828948883113482 0.18416741984244217 0.0
vn -0.9828948883113482 0.18416741984244217 0.0
vn -0.9828948883113482 0.18416741984244217 0.0
vn -0.9828948883113482 0.18416741984244217 0.0
vn -0.9828948883113482 0.18416741984244217 0.0
vn -0.9828948883113482 0.18416741984244217 0.0
vn 0.5101708229176469 0.860073096570013 -0.0
vn 0.5101708229176469 0.860073096570013 -0.0
vn 0.5101708229176469 0.860073096570013 -0.0
vn 0.5101708229176469 0.860073096570013 -0.0
vn 0.5101708229176469 0.860073096570013 -0.0
vn 0.5101708229176469 0.860073096570013 -0.0
vn 0.9828959946354766 -0.184161515332431 0.0
vn 0.9828959946354766 -0.184161515332431 0.0
vn 0.9828959946354766 -0.184161515332431 0.0
vn 0.9828959946354766 -0.184161515332431 0.0
vn 0.9828959946354766 -0.184161515332431 0.0
vn 0.9828959946354766 -0.184161515332431 0.0
vn 0.9828952743475995 -0.18416535956894076 0.0
vn 0.9828952743475995 -0.18416535956894076 0.0
vn 0.9828952743475995 -0.18416535956894076 0.0
vn 0.9828952743475995 -0.18416535956894076 0.0
vn 0.9828952743475995 -0.18416535956894076 0.0
vn 0.9828952743475995 -0.18416535956894076 0.0
vn 0.9828983878379329 -0.18414874201468948 0.0
vn 0.9828983878379329 -0.18414874201468948 0.0
vn 0.9828983878379329 -0.18414874201468948 0.0
vn 0.9828983878379329 -0.18414874201468948 0.0
vn 0.9828983878379329 -0.18414874201468948 0.0
vn 0.9828983878379329 -0.18414874201468948 0.0
vn 0.9828975461368876 -0.18415323455775912 0.0
vn 0.9828975461368876 -0.18415323455775912 0.0
vn 0.9828975461368876 -0.18415323455775912 0.0
vn 0.9828975461368876 -0.18415323455775912 0.0
vn 0.9828975461368876 -0.18415323455775912 0.0
vn 0.9828975461368876 -0.18415323455775912 0.0
vn -0.510166086769187 -0.8600759059005283 0.0
vn -0.510166086769187 -0.8600759059005283 0.0
vn -0.510166086769187 -0.8600759059005283 0.0
vn -0.510166086769187 -0.8600759059005283 0.0
vn -0.510166086769187 -0.8600759059005283 0.0
vn -0.510166086769187 -0.8600759059005283 0.0
vn -0.5101715490683153 -0.8600726658377392 0.0
vn -0.5101715490683153 -0.8600726658377392 0.0
vn -0.5101715490683153 -0.8600726658377392 0.0
vn -0.5101715490683153 -0.8600726658377392 0.0
vn -0.5101715490683153 -0.8600726658377392 0.0
vn -0.5101715490683153 -0.8600726658377392 0.0
vn -0.5101182816532475 -0.8601042603795995 0.0
vn -0.5101182816532475 -0.8601042603795995 0.0
vn -0.5101182816532475 -0.8601042603795995 0.0
vn -0.5101182816532475 -0.8601042603795995 0.0
vn -0.5101182816532475 -0.8601042603795995 0.0
vn -0.5101182816532475 -0.8601042603795995 0.0
vn -0.9828984107880998 0.18414861951757383 0.0
vn -0.9828984107880998 0.18414861951757383 0.0
vn -0.9828984107880998 0.18414861951757383 0.0
vn -0.9828984107880998 0.18414861951757383 0.0
vn -0.9828984107880998 0.18414861951757383 0.0
vn -0.9828984107880998 0.18414861951757383 0.0
vn -0.9828965212479439 0.18415870470518111 0.0
vn -0.9828965212479439 0.18415870470518111 0.0
vn -0.9828965212479439 0.18415870470518111 0.0
vn -0.9828965212479439 0.18415870470518111 0.0
vn -0.9828965212479439 0.18415870470518111 0.0
vn -0.9828965212479439 0.18415870470518111 0.0
vn -0.9828963208930921 0.1841597740409763 0.0
vn -0.9828963208930921 0.1841597740409763 0.0
vn -0.9828963208930921 0.1841597740409763 0.0
vn -0.9828963208930921 0.1841597740409763 0.0
vn -0.9828963208930921 0.1841597740409763 0.0
vn -0.9828963208930921 0.1841597740409763 0.0
f 1//1 2//2 3//3
f 4//4 5//5 6//6
f 7//7 8//8 9//9
f 10//10 11//11 12//12
f 13//13 14//14 15//15
f 16//16 17//17 18//18
f 19//19 20//20 21//21
f 22//22 23//23 24//24
f 25//25 26//26 27//27
f 28//28 29//29 30//30
f 31//31 32//32 33//33
f 34//34 35//35 36//36
f 37//37 38//38 39//39
f 40//40 41//41 42//42
f 43//43 44//44 45//45
f 46//46 47//47 48//48
f 49//49 50//50 51//51
f 52//52 53//53 54//54
f 55//55 56//56 57//57
f 58//58 59//59 60//60
f 61//61 62//62 63//63
f 64//64 65//65 66//66
f 67//67 68//68 69//69
f 70//70 71//71 72//72
f 73//73 74//74 75//75
f 76//76 77//77 78//78
f 79//79 80//80 81//81
f 82//82 83//83 84//84
f 85//85 86//86 87//87
f 88//88 89//89 90//90
f 91//91 92//92 93//93
f 94//94 95//95 96//96
f 97//97 98//98 99//99
f 100//100 101//101 102//102
f 103//103 104//104 105//105
f 106//106 107//107 108//108
f 109//109 110//110 111//111
f 112//112 113//113 114//114
f 115//115 116//116 117//117
f 118//118 119//119 120//120
f 121//121 122//122 123//123
f 124//124 125//125 126//126
f 127//127 128//128 129//129
f 130//130 131//131 132//132
f 133//133 134//134 135//135
f 136//136 137//137 138//138
f 139//139 140//140 141//141
f 142//142 143//143 144//144
f 145//145 146//146 147//147
f 148//148 149//149 150//150
f 151//151 152//152 153//153
f 154//154 155//155 156//156
o gml_IQGVQQLK4SJXMMA2BF28SDNJ2FPTNTVEB76F
v -8239288.920142195 4942306.479133808 226.71639319278287
v -8239309.026539461 4942375.325281549 226.71639319278287
v -8239301.355616733 4942371.032273864 226.71639319278287
v -8239288.920142195 4942306.479133808 226.71639319278287
v -8239301.355616733 4942371.032273864 226.71639319278287
v -8239276.976854334 4942357.388690567 226.71639319278287
v -8239288.920142195 4942306.479133808 226.71639319278287
v -8239276.976854334 4942357.388690567 226.71639319278287
v -8239277.557004572 4942356.325815963 226.71639319278287
v -8239288.920142195 4942306.479133808 226.71639319278287
v -8239277.557004572 4942356.325815963 226.71639319278287
v -8239277.591247289 4942356.263246825 226.71639319278287
v -8239288.920142195 4942306.479133808 226.71639319278287
v -8239277.591247289 4942356.263246825 226.71639319278287
v -8239267.971964628 4942350.879895872 226.71639319278287
v -8239288.920142195 4942306.479133808 226.71639319278287
v -8239267.971964628 4942350.879895872 226.71639319278287
v -8239267.865812169 4942351.074406905 226.71639319278287
v -8239288.920142195 4942306.479133808 226.71639319278287
v -8239267.865812169 4942351.074406905 226.71639319278287
v -8239267.696047243 4942351.385517834 226.71639319278287
v -8239288.920142195 4942306.479133808 226.71639319278287
v -8239267.696047243 4942351.385517834 226.71639319278287
v -8239263.945076956 4942349.000341457 226.71639319278287
v -8239288.920142195 4942306.479133808 226.71639319278287
v -8239263.945076956 4942349.000341457 226.71639319278287
v -8239256.646178049 4942344.359080413 226.71639319278287
v -8239288.920142195 4942306.479133808 226.71639319278287
v -8239256.646178049 4942344.359080413 226.71639319278287
v -8239236.531387858 4942331.568455981 226.71639319278287
v -8239288.920142195 4942306.479133808 226.71639319278287
v -8239236.531387858 4942331.568455981 226.71639319278287
v -8239237.084926494 4942329.674394774 226.71639319278287
v -8239288.920142195 4942306.479133808 226.71639319278287
v -8239237.084926494 4942329.674394774 226.71639319278287
v -8239246.694659687 4942296.788112585 226.71639319278287
v -8239288.920142195 4942306.479133808 226.71639319278287
v -8239246.694659687 4942296.788112585 226.71639319278287
v -8239245.037797416 4942296.312696662 226.71639319278287
v -8239288.920142195 4942306.479133808 226.71639319278287
v -8239245.037797416 4942296.312696662 226.71639319278287
v -8239245.601852048 4942294.297115767 226.71639319278287
v -8239288.920142195 4942306.479133808 226.71639319278287
v -8239245.601852048 4942294.297115767 226.71639319278287
v -8239243.586635924 4942293.718777313 226.71639319278287
v -8239288.920142195 4942306.479133808 226.71639319278287
v -8239243.586635924 4942293.718777313 226.71639319278287
v -8239244.229426621 4942291.421850918 226.71639319278287
v -8239288.920142195 4942306.479133808 226.71639319278287
v -8239244.229426621 4942291.421850918 226.71639319278287
v -8239242.035034082 4942290.792184499 226.71639319278287
v -8239288.920142195 4942306.479133808 226.71639319278287
v -8239242.035034082 4942290.792184499 226.71639319278287
v -8239248.748115978 4942266.806824766 226.71639319278287
v -8239288.920142195 4942306.479133808 226.71639319278287
v -8239248.748115978 4942266.806824766 226.71639319278287
v -8239250.449635927 4942267.295170607 226.71639319278287
v -8239288.920142195 4942306.479133808 226.71639319278287
v -8239250.449635927 4942267.295170607 226.71639319278287
v -8239250.942503643 4942267.436621528 226.71639319278287
v -8239288.920142195 4942306.479133808 226.71639319278287
v -8239250.942503643 4942267.436621528 226.71639319278287
v -8239251.500762235 4942265.442123683 226.71639319278287
v -8239288.920142195 4942306.479133808 226.71639319278287
v -8239251.500762235 4942265.442123683 226.71639319278287
v -8239253.523087421 4942266.022458581 226.71639319278287
v -8239288.920142195 4942306.479133808 226.71639319278287
v -8239253.523087421 4942266.022458581 226.71639319278287
v -8239254.138882837 4942263.822387949 226.71639319278287
v -8239288.920142195 4942306.479133808 226.71639319278287
v -8239254.138882837 4942263.822387949 226.71639319278287
v -8239256.442488911 4942264.483513061 226.71639319278287
v -8239288.920142195 4942306.479133808 226.71639319278287
v -8239256.442488911 4942264.483513061 226.71639319278287
v -8239256.930174018 4942262.7407455975 226.71639319278287
v -8239288.920142195 4942306.479133808 226.71639319278287
v -8239256.930174018 4942262.7407455975 226.71639319278287
v -8239267.203599007 4942263.358775595 226.71639319278287
v -8239288.920142195 4942306.479133808 226.71639319278287
v -8239267.203599007 4942263.358775595 226.71639319278287
v -8239274.842502968 4942237.935568745 226.71639319278287
v -8239288.920142195 4942306.479133808 226.71639319278287
v -8239274.842502968 4942237.935568745 226.71639319278287
v -8239285.246924324 4942231.851358233 226.71639319278287
v -8239288.920142195 4942306.479133808 226.71639319278287
v -8239285.246924324 4942231.851358233 226.71639319278287
v -8239295.4233818995 4942236.548878147 226.71639319278287
v -8239288.920142195 4942306.479133808 226.71639319278287
v -8239295.4233818995 4942236.548878147 226.71639319278287
v -8239317.099769464 4942246.554748448 226.71639319278287
v -8239288.920142195 4942306.479133808 226.71639319278287
v -8239317.099769464 4942246.554748448 226.71639319278287
v -8239315.169438611 4942250.091140435 226.71639319278287
v -8239288.920142195 4942306.479133808 226.71639319278287
v -8239315.169438611 4942250.091140435 226.71639319278287
v -8239330.668692495 4942258.765038894 226.71639319278287
v -8239288.920142195 4942306.479133808 226.71639319278287
v -8239330.668692495 4942258.765038894 226.71639319278287
v -8239328.916949491 4942261.974186261 226.71639319278287
v -8239288.920142195 4942306.479133808 226.71639319278287
v -8239328.916949491 4942261.974186261 226.71639319278287
v -8239348.901542843 4942273.158461482 226.71639319278287
v -8239288.920142195 4942306.479133808 226.71639319278287
v -8239348.901542843 4942273.158461482 226.71639319278287
v -8239361.682768111 4942280.311293657 226.71639319278287
v -8239288.920142195 4942306.479133808 226.71639319278287
v -8239361.682768111 4942280.311293657 226.71639319278287
v -8239358.017961317 4942287.025382713 226.71639319278287
v -8239288.920142195 4942306.479133808 226.71639319278287
v -8239358.017961317 4942287.025382713 226.71639319278287
v -8239351.996378054 4942298.057136658 226.71639319278287
v -8239288.920142195 4942306.479133808 226.71639319278287
v -8239351.996378054 4942298.057136658 226.71639319278287
v -8239348.906824674 4942303.717432547 226.71639319278287
v -8239288.920142195 4942306.479133808 226.71639319278287
v -8239348.906824674 4942303.717432547 226.71639319278287
v -8239346.434942345 4942308.246017738 226.71639319278287
v -8239288.920142195 4942306.479133808 226.71639319278287
v -8239346.434942345 4942308.246017738 226.71639319278287
v -8239340.6547404295 4942318.835535096 226.71639319278287
v -8239288.920142195 4942306.479133808 226.71639319278287
v -8239340.6547404295 4942318.835535096 226.71639319278287
v -8239324.39453885 4942348.62473135 226.71639319278287
v -8239288.920142195 4942306.479133808 226.71639319278287
v -8239324.39453885 4942348.62473135 226.71639319278287
v -8239329.982404921 4942351.751784408 226.71639319278287
v -8239288.920142195 4942306.479133808 226.71639319278287
v -8239329.982404921 4942351.751784408 226.71639319278287
v -8239331.275148635 4942360.725325533 226.71639319278287
v -8239288.920142195 4942306.479133808 226.71639319278287
v -8239331.275148635 4942360.725325533 226.71639319278287
v -8239328.062554514 4942366.610980172 226.71639319278287
v -8239288.920142195 4942306.479133808 226.71639319278287
v -8239328.062554514 4942366.610980172 226.71639319278287
v -8239326.041988466 4942370.31257885 226.71639319278287
v -8239288.920142195 4942306.479133808 226.71639319278287
v -8239326.041988466 4942370.31257885 226.71639319278287
v -8239315.839612138 4942373.713858605 226.71639319278287
v -8239288.920142195 4942306.479133808 226.71639319278287
v -8239315.839612138 4942373.713858605 226.71639319278287
v -8239311.294449279 4942371.170223704 226.71639319278287
v -8239288.920142195 4942306.479133808 226.71639319278287
v -8239311.294449279 4942371.170223704 226.71639319278287
v -8239309.026539461 4942375.325281549 226.71639319278287
v -8239288.920142195 4942306.479133808 0
v -8239301.355616733 4942371.032273864 0
v -8239309.026539461 4942375.325281549 0
v -8239288.920142195 4942306.479133808 0
v -8239276.976854334 4942357.388690567 0
v -8239301.355616733 4942371.032273864 0
v -8239288.920142195 4942306.479133808 0
v -8239277.557004572 4942356.325815963 0
v -8239276.976854334 4942357.388690567 0
v -8239288.920142195 4942306.479133808 0
v -8239277.591247289 4942356.263246825 0
v -8239277.557004572 4942356.325815963 0
v -8239288.920142195 4942306.479133808 0
v -8239267.971964628 4942350.879895872 0
v -8239277.591247289 4942356.263246825 0
v -8239288.920142195 4942306.479133808 0
v -8239267.865812169 4942351.074406905 0
v -8239267.971964628 4942350.879895872 0
v -8239288.920142195 4942306.479133808 0
v -8239267.696047243 4942351.385517834 0
v -8239267.865812169 4942351.074406905 0
v -8239288.920142195 4942306.479133808 0
v -8239263.945076956 4942349.000341457 0
v -8239267.696047243 4942351.385517834 0
v -8239288.920142195 4942306.479133808 0
v -8239256.646178049 4942344.359080413 0
v -8239263.945076956 4942349.000341457 0
v -8239288.920142195 4942306.479133808 0
v -8239236.531387858 4942331.568455981 0
v -8239256.646178049 4942344.359080413 0
v -8239288.920142195 4942306.479133808 0
v -8239237.084926494 4942329.674394774 0
v -8239236.531387858 4942331.568455981 0
v -8239288.920142195 4942306.479133808 0
v -8239246.694659687 4942296.788112585 0
v -8239237.084926494 4942329.674394774 0
v -8239288.920142195 4942306.479133808 0
v -8239245.037797416 4942296.312696662 0
v -8239246.694659687 4942296.788112585 0
v -8239288.920142195 4942306.479133808 0
v -8239245.601852048 4942294.297115767 0
v -8239245.037797416 4942296.312696662 0
v -8239288.920142195 4942306.479133808 0
v -8239243.586635924 4942293.718777313 0
v -8239245.601852048 4942294.297115767 0
v -8239288.920142195 4942306.479133808 0
v -8239244.229426621 4942291.421850918 0
v -8239243.586635924 4942293.718777313 0
v -8239288.920142195 4942306.479133808 0
v -8239242.035034082 4942290.792184499 0
v -8239244.229426621 4942291.421850918 0
v -8239288.920142195 4942306.479133808 0
v -8239248.748115978 4942266.806824766 0
v -8239242.035034082 4942290.792184499 0
v -8239288.920142195 4942306.479133808 0
v -8239250.449635927 4942267.295170607 0
v -8239248.748115978 4942266.806824766 0
v -8239288.920142195 4942306.479133808 0
v -8239250.942503643 4942267.436621528 0
v -8239250.449635927 4942267.295170607 0
v -8239288.920142195 4942306.479133808 0
v -8239251.500762235 4942265.442123683 0
v -8239250.942503643 4942267.436621528 0
v -8239288.920142195 4942306.479133808 0
v -8239253.523087421 4942266.022458581 0
v -8239251.500762235 4942265.442123683 0
v -8239288.920142195 4942306.479133808 0
v -8239254.138882837 4942263.822387949 0
v -8239253.523087421 4942266.022458581 0
v -8239288.920142195 4942306.479133808 0
v -8239256.442488911 4942264.483513061 0
v -8239254.138882837 4942263.822387949 0
v -8239288.920142195 4942306.479133808 0
v -8239256.930174018 4942262.7407455975 0
v -8239256.442488911 4942264.483513061 0
v -8239288.920142195 4942306.479133808 0
v -8239267.203599007 4942263.358775595 0
v -8239256.930174018 4942262.7407455975 0
v -8239288.920142195 4942306.479133808 0
v -8239274.842502968 4942237.935568745 0
v -8239267.203599007 4942263.358775595 0
v -8239288.920142195 4942306.479133808 0
v -8239285.246924324 4942231.851358233 0
v -8239274.842502968 4942237.935568745 0
v -8239288.920142195 4942306.479133808 0
v -8239295.4233818995 4942236.548878147 0
v -8239285.246924324 4942231.851358233 0
v -8239288.920142195 4942306.479133808 0
v -8239317.099769464 4942246.554748448 0
v -8239295.4233818995 4942236.548878147 0
v -8239288.920142195 4942306.479133808 0
v -8239315.169438611 4942250.091140435 0
v -8239317.099769464 4942246.554748448 0
v -8239288.920142195 4942306.479133808 0
v -8239330.668692495 4942258.765038894 0
v -8239315.169438611 4942250.091140435 0
v -8239288.920142195 4942306.479133808 0
v -8239328.916949491 4942261.974186261 0
v -8239330.668692495 4942258.765038894 0
v -8239288.920142195 4942306.479133808 0
v -8239348.901542843 4942273.158461482 0
v -8239328.916949491 4942261.974186261 0
v -8239288.920142195 4942306.479133808 0
v -8239361.682768111 4942280.311293657 0
v -8239348.901542843 4942273.158461482 0
v -8239288.920142195 4942306.479133808 0
v -8239358.017961317 4942287.025382713 0
v -8239361.682768111 4942280.311293657 0
v -8239288.920142195 4942306.479133808 0
v -8239351.996378054 4942298.057136658 0
v -8239358.017961317 4942287.025382713 0
v -8239288.920142195 4942306.479133808 0
v -8239348.906824674 4942303.717432547 0
v -8239351.996378054 4942298.057136658 0
v -8239288.920142195 4942306.479133808 0
v -8239346.434942345 4942308.246017738 0
v -8239348.906824674 4942303.717432547 0
v -8239288.920142195 4942306.479133808 0
v -8239340.6547404295 4942318.835535096 0
v -8239346.434942345 4942308.246017738 0
v -8239288.920142195 4942306.479133808 0
v -8239324.39453885 4942348.62473135 0
v -8239340.6547404295 4942318.835535096 0
v -8239288.920142195 4942306.479133808 0
v -8239329.982404921 4942351.751784408 0
v -8239324.39453885 4942348.62473135 0
v -8239288.920142195 4942306.479133808 0
v -8239331.275148635 4942360.725325533 0
v -8239329.982404921 4942351.751784408 0
v -8239288.920142195 4942306.479133808 0
v -8239328.062554514 4942366.610980172 0
v -8239331.275148635 4942360.725325533 0
v -8239288.920142195 4942306.479133808 0
v -8239326.041988466 4942370.31257885 0
v -8239328.062554514 4942366.610980172 0
v -8239288.920142195 4942306.479133808 0
v -8239315.839612138 4942373.713858605 0
v -8239326.041988466 4942370.31257885 0
v -8239288.920142195 4942306.479133808 0
v -8239311.294449279 4942371.170223704 0
v -8239315.839612138 4942373.713858605 0
v -8239288.920142195 4942306.479133808 0
v -8239309.026539461 4942375.325281549 0
v -8239311.294449279 4942371.170223704 0
v -8239309.026539461 4942375.325281549 0
v -8239301.355616733 4942371.032273864 0
v -8239309.026539461 4942375.325281549 226.71639319278287
v -8239309.026539461 4942375.325281549 226.71639319278287
v -8239301.355616733 4942371.032273864 0
v -8239301.355616733 4942371.032273864 226.71639319278287
v -8239301.355616733 4942371.032273864 0
v -8239276.976854334 4942357.388690567 0
v -8239301.355616733 4942371.032273864 226.71639319278287
v -8239301.355616733 4942371.032273864 226.71639319278287
v -8239276.976854334 4942357.388690567 0
v -8239276.976854334 4942357.388690567 226.71639319278287
v -8239276.976854334 4942357.388690567 0
v -8239277.557004572 4942356.325815963 0
v -8239276.976854334 4942357.388690567 226.71639319278287
v -8239276.976854334 4942357.388690567 226.71639319278287
v -8239277.557004572 4942356.325815963 0
v -8239277.557004572 4942356.325815963 226.71639319278287
v -8239277.557004572 4942356.325815963 0
v -8239277.591247289 4942356.263246825 0
v -8239277.557004572 4942356.325815963 226.71639319278287
v -8239277.557004572 4942356.325815963 226.71639319278287
v -8239277.591247289 4942356.263246825 0
v -8239277.591247289 4942356.263246825 226.71639319278287
v -8239277.591247289 4942356.263246825 0
v -8239267.971964628 4942350.879895872 0
v -8239277.591247289 4942356.263246825 226.71639319278287
v -8239277.591247289 4942356.263246825 226.71639319278287
v -8239267.971964628 4942350.879895872 0
v -8239267.971964628 4942350.879895872 226.71639319278287
v -8239267.971964628 4942350.879895872 0
v -8239267.865812169 4942351.074406905 0
v -8239267.971964628 4942350.879895872 226.71639319278287
v -8239267.971964628 4942350.879895872 226.71639319278287
v -8239267.865812169 4942351.074406905 0
v -8239267.865812169 4942351.074406905 226.71639319278287
v -8239267.865812169 4942351.074406905 0
v -8239267.696047243 4942351.385517834 0
v -8239267.865812169 4942351.074406905 226.71639319278287
v -8239267.865812169 4942351.074406905 226.71639319278287
v -8239267.696047243 4942351.385517834 0
v -8239267.696047243 4942351.385517834 226.71639319278287
v -8239267.696047243 4942351.385517834 0
v -8239263.945076956 4942349.000341457 0
v -8239267.696047243 4942351.385517834 226.71639319278287
v -8239267.696047243 4942351.385517834 226.71639319278287
v -8239263.945076956 4942349.000341457 0
v -8239263.945076956 4942349.000341457 226.71639319278287
v -8239263.945076956 4942349.000341457 0
v -8239256.646178049 4942344.359080413 0
v -8239263.945076956 4942349.000341457 226.71639319278287
v -8239263.945076956 4942349.000341457 226.71639319278287
v -8239256.646178049 4942344.359080413 0
v -8239256.646178049 4942344.359080413 226.71639319278287
v -8239256.646178049 4942344.359080413 0
v -8239236.531387858 4942331.568455981 0
v -8239256.646178049 4942344.359080413 226.71639319278287
v -8239256.646178049 4942344.359080413 226.71639319278287
v -8239236.531387858 4942331.568455981 0
v -8239236.531387858 4942331.568455981 226.71639319278287
v -8239236.531387858 4942331.568455981 0
v -8239237.084926494 4942329.674394774 0
v -8239236.531387858 4942331.568455981 226.71639319278287
v -8239236.531387858 4942331.568455981 226.71639319278287
v -8239237.084926494 4942329.674394774 0
v -8239237.084926494 4942329.674394774 226.71639319278287
v -8239237.084926494 4942329.674394774 0
v -8239246.694659687 4942296.788112585 0
v -8239237.084926494 4942329.674394774 226.71639319278287
v -8239237.084926494 4942329.674394774 226.71639319278287
v -8239246.694659687 4942296.788112585 0
v -8239246.694659687 4942296.788112585 226.71639319278287
v -8239246.694659687 4942296.788112585 0
v -8239245.037797416 4942296.312696662 0
v -8239246.694659687 4942296.788112585 226.71639319278287
v -8239246.694659687 4942296.788112585 226.71639319278287
v -8239245.037797416 4942296.312696662 0
v -8239245.037797416 4942296.312696662 226.71639319278287
v -8239245.037797416 4942296.312696662 0
v -8239245.601852048 4942294.297115767 0
v -8239245.037797416 4942296.312696662 226.71639319278287
v -8239245.037797416 4942296.312696662 226.71639319278287
v -8239245.601852048 4942294.297115767 0
v -8239245.601852048 4942294.297115767 226.71639319278287
v -8239245.601852048 4942294.297115767 0
v -8239243.586635924 4942293.718777313 0
v -8239245.601852048 4942294.297115767 226.71639319278287
v -8239245.601852048 4942294.297115767 226.71639319278287
v -8239243.586635924 4942293.718777313 0
v -8239243.586635924 4942293.718777313 226.71639319278287
v -8239243.586635924 4942293.718777313 0
v -8239244.229426621 4942291.421850918 0
v -8239243.586635924 4942293.718777313 226.71639319278287
v -8239243.586635924 4942293.718777313 226.71639319278287
v -8239244.229426621 4942291.421850918 0
v -8239244.229426621 4942291.421850918 226.71639319278287
v -8239244.229426621 4942291.421850918 0
v -8239242.035034082 4942290.792184499 0
v -8239244.229426621 4942291.421850918 226.71639319278287
v -8239244.229426621 4942291.421850918 226.71639319278287
v -8239242.035034082 4942290.792184499 0
v -8239242.035034082 4942290.792184499 226.71639319278287
v -8239242.035034082 4942290.792184499 0
v -8239248.748115978 4942266.806824766 0
v -8239242.035034082 4942290.792184499 226.71639319278287
v -8239242.035034082 4942290.792184499 226.71639319278287
v -8239248.748115978 4942266.806824766 0
v -8239248.748115978 4942266.806824766 226.71639319278287
v -8239248.748115978 4942266.806824766 0
v -8239250.449635927 4942267.295170607 0
v -8239248.748115978 4942266.806824766 226.71639319278287
v -8239248.748115978 4942266.806824766 226.71639319278287
v -8239250.449635927 4942267.295170607 0
v -8239250.449635927 4942267.295170607 226.71639319278287
v -8239250.449635927 4942267.295170607 0
v -8239250.942503643 4942267.436621528 0
v -8239250.449635927 4942267.295170607 226.71639319278287
v -8239250.449635927 4942267.295170607 226.71639319278287
v -8239250.942503643 4942267.436621528 0
v -8239250.942503643 4942267.436621528 226.71639319278287
v -8239250.942503643 4942267.436621528 0
v -8239251.500762235 4942265.442123683 0
v -8239250.942503643 4942267.436621528 226.71639319278287
v -8239250.942503643 4942267.436621528 226.71639319278287
v -8239251.500762235 4942265.442123683 0
v -8239251.500762235 4942265.442123683 226.71639319278287
v -8239251.500762235 4942265.442123683 0
v -8239253.523087421 4942266.022458581 0
v -8239251.500762235 4942265.442123683 226.71639319278287
v -8239251.500762235 4942265.442123683 226.71639319278287
v -8239253.523087421 4942266.022458581 0
v -8239253.523087421 4942266.022458581 226.71639319278287
v -8239253.523087421 4942266.022458581 0
v -8239254.138882837 4942263.822387949 0
v -8239253.523087421 4942266.022458581 226.71639319278287
v -8239253.523087421 4942266.022458581 226.71639319278287
v -8239254.138882837 4942263.822387949 0
v -8239254.138882837 4942263.822387949 226.71639319278287
v -8239254.138882837 4942263.822387949 0
v -8239256.442488911 4942264.483513061 0
v -8239254.138882837 4942263.822387949 226.71639319278287
v -8239254.138882837 4942263.822387949 226.71639319278287
v -8239256.442488911 4942264.483513061 0
v -8239256.442488911 4942264.483513061 226.71639319278287
v -8239256.442488911 4942264.483513061 0
v -8239256.930174018 4942262.7407455975 0
v -8239256.442488911 4942264.483513061 226.71639319278287
v -8239256.442488911 4942264.483513061 226.71639319278287
v -8239256.930174018 4942262.7407455975 0
v -8239256.930174018 4942262.7407455975 226.71639319278287
v -8239256.930174018 4942262.7407455975 0
v -8239267.203599007 4942263.358775595 0
v -8239256.930174018 4942262.7407455975 226.71639319278287
v -8239256.930174018 4942262.7407455975 226.71639319278287
v -8239267.203599007 4942263.358775595 0
v -8239267.203599007 4942263.358775595 226.71639319278287
v -8239267.203599007 4942263.358775595 0
v -8239274.842502968 4942237.935568745 0
v -8239267.203599007 4942263.358775595 226.71639319278287
v -8239267.203599007 4942263.358775595 226.71639319278287
v -8239274.842502968 4942237.935568745 0
v -8239274.842502968 4942237.935568745 226.71639319278287
v -8239274.842502968 4942237.935568745 0
v -8239285.246924324 4942231.851358233 0
v -8239274.842502968 4942237.935568745 226.71639319278287
v -8239274.842502968 4942237.935568745 226.71639319278287
v -8239285.246924324 4942231.851358233 0
v -8239285.246924324 4942231.851358233 226.71639319278287
v -8239285.246924324 4942231.851358233 0
v -8239295.4233818995 4942236.548878147 0
v -8239285.246924324 4942231.851358233 226.71639319278287
v -8239285.246924324 4942231.851358233 226.71639319278287
v -8239295.4233818995 4942236.548878147 0
v -8239295.4233818995 4942236.548878147 226.71639319278287
v -8239295.4233818995 4942236.548878147 0
v -8239317.099769464 4942246.554748448 0
v -8239295.4233818995 4942236.548878147 226.71639319278287
v -8239295.4233818995 4942236.548878147 226.71639319278287
v -8239317.099769464 4942246.554748448 0
v -8239317.099769464 4942246.554748448 226.71639319278287
v -8239317.099769464 4942246.554748448 0
v -8239315.169438611 4942250.091140435 0
v -8239317.099769464 4942246.554748448 226.71639319278287
v -8239317.099769464 4942246.554748448 226.71639319278287
v -8239315.169438611 4942250.091140435 0
v -8239315.169438611 4942250.091140435 226.71639319278287
v -8239315.169438611 4942250.091140435 0
v -8239330.668692495 4942258.765038894 0
v -8239315.169438611 4942250.091140435 226.71639319278287
v -8239315.169438611 4942250.091140435 226.71639319278287
v -8239330.668692495 4942258.765038894 0
v -8239330.668692495 4942258.765038894 226.71639319278287
v -8239330.668692495 4942258.765038894 0
v -8239328.916949491 4942261.974186261 0
v -8239330.668692495 4942258.765038894 226.71639319278287
v -8239330.668692495 4942258.765038894 226.71639319278287
v -8239328.916949491 4942261.974186261 0
v -8239328.916949491 4942261.974186261 226.71639319278287
v -8239328.916949491 4942261.974186261 0
v -8239348.901542843 4942273.158461482 0
v -8239328.916949491 4942261.974186261 226.71639319278287
v -8239328.916949491 4942261.974186261 226.71639319278287
v -8239348.901542843 4942273.158461482 0
v -8239348.901542843 4942273.158461482 226.71639319278287
v -8239348.901542843 4942273.158461482 0
v -8239361.682768111 4942280.311293657 0
v -8239348.901542843 4942273.158461482 226.71639319278287
v -8239348.901542843 4942273.158461482 226.71639319278287
v -8239361.682768111 4942280.311293657 0
v -8239361.682768111 4942280.311293657 226.71639319278287
v -8239361.682768111 4942280.311293657 0
v -8239358.017961317 4942287.025382713 0
v -8239361.682768111 4942280.311293657 226.71639319278287
v -8239361.682768111 4942280.311293657 226.71639319278287
v -8239358.017961317 4942287.025382713 0
v -8239358.017961317 4942287.025382713 226.71639319278287
v -8239358.017961317 4942287.025382713 0
v -8239351.996378054 4942298.057136658 0
v -8239358.017961317 4942287.025382713 226.71639319278287
v -8239358.017961317 4942287.025382713 226.71639319278287
v -8239351.996378054 4942298.057136658 0
v -8239351.996378054 4942298.057136658 226.71639319278287
v -8239351.996378054 4942298.057136658 0
v -8239348.906824674 4942303.717432547 0
v -8239351.996378054 4942298.057136658 226.71639319278287
v -8239351.996378054 4942298.057136658 226.71639319278287
v -8239348.906824674 4942303.717432547 0
v -8239348.906824674 4942303.717432547 226.71639319278287
v -8239348.906824674 4942303.717432547 0
v -8239346.434942345 4942308.246017738 0
v -8239348.906824674 4942303.717432547 226.71639319278287
v -8239348.906824674 4942303.717432547 226.71639319278287
v -8239346.434942345 4942308.246017738 0
v -8239346.434942345 4942308.246017738 226.71639319278287
v -8239346.434942345 4942308.246017738 0
v -8239340.6547404295 4942318.835535096 0
v -8239346.434942345 4942308.246017738 226.71639319278287
v -8239346.434942345 4942308.246017738 226.71639319278287
v -8239340.6547404295 4942318.835535096 0
v -8239340.6547404295 4942318.835535096 226.71639319278287
v -8239340.6547404295 4942318.835535096 0
v -8239324.39453885 4942348.62473135 0
v -8239340.6547404295 4942318.835535096 226.71639319278287
v -8239340.6547404295 4942318.835535096 226.71639319278287
v -8239324.39453885 4942348.62473135 0
v -8239324.39453885 4942348.62473135 226.71639319278287
v -8239324.39453885 4942348.62473135 0
v -8239329.982404921 4942351.751784408 0
v -8239324.39453885 4942348.62473135 226.71639319278287
v -8239324.39453885 4942348.62473135 226.71639319278287
v -8239329.982404921 4942351.751784408 0
v -8239329.982404921 4942351.751784408 226.71639319278287
v -8239329.982404921 4942351.751784408 0
v -8239331.275148635 4942360.725325533 0
v -8239329.982404921 4942351.751784408 226.71639319278287
v -8239329.982404921 4942351.751784408 226.71639319278287
v -8239331.275148635 4942360.725325533 0
v -8239331.275148635 4942360.725325533 226.71639319278287
v -8239331.275148635 4942360.725325533 0
v -8239328.062554514 4942366.610980172 0
v -8239331.275148635 4942360.725325533 226.71639319278287
v -8239331.275148635 4942360.725325533 226.71639319278287
v -8239328.062554514 4942366.610980172 0
v -8239328.062554514 4942366.610980172 226.71639319278287
v -8239328.062554514 4942366.610980172 0
v -8239326.041988466 4942370.31257885 0
v -8239328.062554514 4942366.610980172 226.71639319278287
v -8239328.062554514 4942366.610980172 226.71639319278287
v -8239326.041988466 4942370.31257885 0
v -8239326.041988466 4942370.31257885 226.71639319278287
v -8239326.041988466 4942370.31257885 0
v -8239315.839612138 4942373.713858605 0
v -8239326.041988466 4942370.31257885 226.71639319278287
v -8239326.041988466 4942370.31257885 226.71639319278287
v -8239315.839612138 4942373.713858605 0
v -8239315.839612138 4942373.713858605 226.71639319278287
v -8239315.839612138 4942373.713858605 0
v -8239311.294449279 4942371.170223704 0
v -8239315.839612138 4942373.713858605 226.71639319278287
v -8239315.839612138 4942373.713858605 226.71639319278287
v -8239311.294449279 4942371.170223704 0
v -8239311.294449279 4942371.170223704 226.71639319278287
v -8239311.294449279 4942371.170223704 0
v -8239309.026539461 4942375.325281549 0
v -8239311.294449279 4942371.170223704 226.71639319278287
v -8239311.294449279 4942371.170223704 226.71639319278287
v -8239309.026539461 4942375.325281549 0
v -8239309.026539461 4942375.325281549 226.71639319278287
vn 0.0 0.0 -1.0
vn 0.0 0.0 -1.0
vn 0.0 0.0 -1.0
vn 0.0 0.0 -1.0
vn 0.0 0.0 -1.0
vn 0.0 0.0 -1.0
vn 0.0 0.0 1.0
vn 0.0 0.0 1.0
vn 0.0 0.0 1.0
vn 0.0 0.0 1.0
vn 0.0 0.0 1.0
vn 0.0 0.0 1.0
vn 0.0 0.0 -1.0
vn 0.0 0.0 -1.0
vn 0.0 0.0 -1.0
vn 0.0 0.0 -1.0
vn 0.0 0.0 -1.0
vn 0.0 0.0 -1.0
vn 0.0 0.0 -1.0
vn 0.0 0.0 -1.0
vn 0.0 0.0 -1.0
vn 0.0 0.0 -1.0
vn 0.0 0.0 -1.0
vn 0.0 0.0 -1.0
vn 0.0 0.0 -1.0
vn 0.0 0.0 -1.0
vn 0.0 0.0 -1.0
vn 0.0 0.0 -1.0
vn 0.0 0.0 -1.0
vn 0.0 0.0 -1.0
vn 0.0 0.0 -1.0
vn 0.0 0.0 -1.0
vn 0.0 0.0 -1.0
vn 0.0 0.0 -1.0
vn 0.0 0.0 -1.0
vn 0.0 0.0 -1.0
vn 0.0 0.0 -1.0
vn 0.0 0.0 -1.0
vn 0.0 0.0 -1.0
vn 0.0 0.0 -1.0
vn 0.0 0.0 -1.0
vn 0.0 0.0 -1.0
vn 0.0 0.0 -1.0
vn 0.0 0.0 -1.0
vn 0.0 0.0 -1.0
vn 0.0 0.0 -1.0
vn 0.0 0.0 -1.0
vn 0.0 0.0 -1.0
vn 0.0 0.0 1.0
vn 0.0 0.0 1.0
vn 0.0 0.0 1.0
vn 0.0 0.0 -1.0
vn 0.0 0.0 -1.0
vn 0.0 0.0 -1.0
vn 0.0 0.0 -1.0
vn 0.0 0.0 -1.0
vn 0.0 0.0 -1.0
vn 0.0 0.0 -1.0
vn 0.0 0.0 -1.0
vn 0.0 0.0 -1.0
vn 0.0 0.0 -1.0
vn 0.0 0.0 -1.0
vn 0.0 0.0 -1.0
vn 0.0 0.0 -1.0
vn 0.0 0.0 -1.0
vn 0.0 0.0 -1.0
vn 0.0 0.0 -1.0
vn 0.0 0.0 -1.0
vn 0.0 0.0 -1.0
vn 0.0 0.0 -1.0
vn 0.0 0.0 -1.0
vn 0.0 0.0 -1.0
vn 0.0 0.0 -1.0
vn 0.0 0.0 -1.0
vn 0.0 0.0 -1.0
vn 0.0 0.0 -1.0
vn 0.0 0.0 -1.0
vn 0.0 0.0 -1.0
vn 0.0 0.0 -1.0
vn 0.0 0.0 -1.0
vn 0.0 0.0 -1.0
vn 0.0 0.0 -1.0
vn 0.0 0.0 -1.0
vn 0.0 0.0 -1.0
vn 0.0 -0.0 -1.0
vn 0.0 -0.0 -1.0
vn 0.0 -0.0 -1.0
vn 0.0 0.0 -1.0
vn 0.0 0.0 -1.0
vn 0.0 0.0 -1.0
vn 0.0 0.0 1.0
vn 0.0 0.0 1.0
vn 0.0 0.0 1.0
vn 0.0 0.0 -1.0
vn 0.0 0.0 -1.0
vn 0.0 0.0 -1.0
vn 0.0 0.0 -1.0
vn 0.0 0.0 -1.0
vn 0.0 0.0 -1.0
vn 0.0 0.0 -1.0
vn 0.0 0.0 -1.0
vn 0.0 0.0 -1.0
vn 0.0 0.0 -1.0
vn 0.0 0.0 -1.0
vn 0.0 0.0 -1.0
vn 0.0 0.0 -1.0
vn 0.0 0.0 -1.0
vn 0.0 0.0 -1.0
vn 0.0 0.0 -1.0
vn 0.0 0.0 -1.0
vn 0.0 0.0 -1.0
vn 0.0 0.0 -1.0
vn 0.0 0.0 -1.0
vn 0.0 0.0 -1.0
vn -0.0 0.0 -1.0
vn -0.0 0.0 -1.0
vn -0.0 0.0 -1.0
vn 0.0 0.0 -1.0
vn 0.0 0.0 -1.0
vn 0.0 0.0 -1.0
vn 0.0 0.0 -1.0
vn 0.0 0.0 -1.0
vn 0.0 0.0 -1.0
vn 0.0 0.0 1.0
vn 0.0 0.0 1.0
vn 0.0 0.0 1.0
vn 0.0 0.0 -1.0
vn 0.0 0.0 -1.0
vn 0.0 0.0 -1.0
vn 0.0 0.0 -1.0
vn 0.0 0.0 -1.0
vn 0.0 0.0 -1.0
vn 0.0 0.0 -1.0
vn 0.0 0.0 -1.0
vn 0.0 0.0 -1.0
vn 0.0 0.0 -1.0
vn 0.0 0.0 -1.0
vn 0.0 0.0 -1.0
vn 0.0 0.0 -1.0
vn 0.0 0.0 -1.0
vn 0.0 0.0 -1.0
vn 0.0 0.0 -1.0
vn 0.0 0.0 -1.0
vn 0.0 0.0 -1.0
vn 0.0 0.0 1.0
vn 0.0 0.0 1.0
vn 0.0 0.0 1.0
vn 0.0 -0.0 1.0
vn 0.0 -0.0 1.0
vn 0.0 -0.0 1.0
vn 0.0 0.0 -1.0
vn 0.0 0.0 -1.0
vn 0.0 0.0 -1.0
vn 0.0 0.0 -1.0
vn 0.0 0.0 -1.0
vn 0.0 0.0 -1.0
vn 0.0 0.0 1.0
vn 0.0 0.0 1.0
vn 0.0 0.0 1.0
vn 0.0 0.0 1.0
vn 0.0 0.0 1.0
vn 0.0 0.0 1.0
vn 0.0 0.0 1.0
vn 0.0 0.0 1.0
vn 0.0 0.0 1.0
vn 0.0 0.0 1.0
vn 0.0 0.0 1.0
vn 0.0 0.0 1.0
vn 0.0 0.0 1.0
vn 0.0 0.0 1.0
vn 0.0 0.0 1.0
vn 0.0 0.0 1.0
vn 0.0 0.0 1.0
vn 0.0 0.0 1.0
vn 0.0 0.0 1.0
vn 0.0 0.0 1.0
vn 0.0 0.0 1.0
vn -0.0 0.0 1.0
vn -0.0 0.0 1.0
vn -0.0 0.0 1.0
vn 0.0 0.0 1.0
vn 0.0 0.0 1.0
vn 0.0 0.0 1.0
vn 0.0 0.0 1.0
vn 0.0 0.0 1.0
vn 0.0 0.0 1.0
vn 0.0 0.0 1.0
vn 0.0 0.0 1.0
vn 0.0 0.0 1.0
vn 0.0 0.0 1.0
vn 0.0 0.0 1.0
vn 0.0 0.0 1.0
vn 0.0 0.0 -1.0
vn 0.0 0.0 -1.0
vn 0.0 0.0 -1.0
vn 0.0 0.0 1.0
vn 0.0 0.0 1.0
vn 0.0 0.0 1.0
vn 0.0 0.0 1.0
vn 0.0 0.0 1.0
vn 0.0 0.0 1.0
vn 0.0 0.0 1.0
vn 0.0 0.0 1.0
vn 0.0 0.0 1.0
vn 0.0 0.0 1.0
vn 0.0 0.0 1.0
vn 0.0 0.0 1.0
vn 0.0 0.0 1.0
vn 0.0 0.0 1.0
vn 0.0 0.0 1.0
vn 0.0 0.0 1.0
vn 0.0 0.0 1.0
vn 0.0 0.0 1.0
vn 0.0 0.0 1.0
vn 0.0 0.0 1.0
vn 0.0 0.0 1.0
vn 0.0 0.0 1.0
vn 0.0 0.0 1.0
vn 0.0 0.0 1.0
vn 0.0 0.0 1.0
vn 0.0 0.0 1.0
vn 0.0 0.0 1.0
vn 0.0 0.0 1.0
vn 0.0 0.0 1.0
vn 0.0 0.0 1.0
vn 0.0 0.0 1.0
vn 0.0 0.0 1.0
vn 0.0 0.0 1.0
vn 0.0 0.0 1.0
vn 0.0 0.0 1.0
vn 0.0 0.0 1.0
vn 0.0 0.0 1.0
vn 0.0 0.0 1.0
vn 0.0 0.0 1.0
vn 0.0 0.0 -1.0
vn 0.0 0.0 -1.0
vn 0.0 0.0 -1.0
vn 0.0 0.0 1.0
vn 0.0 0.0 1.0
vn 0.0 0.0 1.0
vn 0.0 0.0 1.0
vn 0.0 0.0 1.0
vn 0.0 0.0 1.0
vn 0.0 0.0 1.0
vn 0.0 0.0 1.0
vn 0.0 0.0 1.0
vn 0.0 0.0 1.0
vn 0.0 0.0 1.0
vn 0.0 0.0 1.0
vn 0.0 0.0 1.0
vn 0.0 0.0 1.0
vn 0.0 0.0 1.0
vn 0.0 0.0 1.0
vn 0.0 0.0 1.0
vn 0.0 0.0 1.0
vn 0.0 0.0 1.0
vn 0.0 0.0 1.0
vn 0.0 0.0 1.0
vn 0.0 0.0 1.0
vn 0.0 0.0 1.0
vn 0.0 0.0 1.0
vn 0.0 0.0 1.0
vn 0.0 0.0 1.0
vn 0.0 0.0 1.0
vn 0.0 0.0 1.0
vn 0.0 0.0 1.0
vn 0.0 0.0 1.0
vn 0.0 0.0 -1.0
vn 0.0 0.0 -1.0
vn 0.0 0.0 -1.0
vn 0.0 0.0 1.0
vn 0.0 0.0 1.0
vn 0.0 0.0 1.0
vn 0.0 0.0 1.0
vn 0.0 0.0 1.0
vn 0.0 0.0 1.0
vn 0.0 0.0 1.0
vn 0.0 0.0 1.0
vn 0.0 0.0 1.0
vn 0.0 0.0 1.0
vn 0.0 0.0 1.0
vn 0.0 0.0 1.0
vn 0.0 0.0 1.0
vn 0.0 0.0 1.0
vn 0.0 0.0 1.0
vn 0.0 0.0 1.0
vn 0.0 0.0 1.0
vn 0.0 0.0 1.0
vn -0.48836874540444414 -0.8726373636924385 0.0
vn -0.48836874540444414 -0.8726373636924385 0.0
vn -0.48836874540444414 -0.8726373636924385 0.0
vn -0.48836874540444414 -0.8726373636924385 0.0
vn -0.48836874540444414 -0.8726373636924385 0.0
vn -0.48836874540444414 -0.8726373636924385 0.0
vn -0.4883710866201303 -0.8726360534343474 0.0
vn -0.4883710866201303 -0.8726360534343474 0.0
vn -0.4883710866201303 -0.8726360534343474 0.0
vn -0.4883710866201303 -0.8726360534343474 0.0
vn -0.4883710866201303 -0.8726360534343474 0.0
vn -0.4883710866201303 -0.8726360534343474 0.0
vn -0.8777565121018791 0.4791069874910445 0.0
vn -0.8777565121018791 0.4791069874910445 0.0
vn -0.8777565121018791 0.4791069874910445 0.0
vn -0.8777565121018791 0.4791069874910445 0.0
vn -0.8777565121018791 0.4791069874910445 0.0
vn -0.8777565121018791 0.4791069874910445 0.0
vn -0.87722224486965 0.4800845062130747 0.0
vn -0.87722224486965 0.4800845062130747 0.0
vn -0.87722224486965 0.4800845062130747 0.0
vn -0.87722224486965 0.4800845062130747 0.0
vn -0.87722224486965 0.4800845062130747 0.0
vn -0.87722224486965 0.4800845062130747 0.0
vn -0.4883652763062783 -0.8726393051532187 0.0
vn -0.4883652763062783 -0.8726393051532187 0.0
vn -0.4883652763062783 -0.8726393051532187 0.0
vn -0.4883652763062783 -0.8726393051532187 0.0
vn -0.4883652763062783 -0.8726393051532187 0.0
vn -0.4883652763062783 -0.8726393051532187 0.0
vn 0.8777902015115253 -0.47904526104571343 0.0
vn 0.8777902015115253 -0.47904526104571343 0.0
vn 0.8777902015115253 -0.47904526104571343 0.0
vn 0.8777902015115253 -0.47904526104571343 0.0
vn 0.8777902015115253 -0.47904526104571343 0.0
vn 0.8777902015115253 -0.47904526104571343 0.0
vn 0.8778148366718648 -0.4790001174517052 0.0
vn 0.8778148366718648 -0.4790001174517052 0.0
vn 0.8778148366718648 -0.4790001174517052 0.0
vn 0.8778148366718648 -0.4790001174517052 0.0
vn 0.8778148366718648 -0.4790001174517052 0.0
vn 0.8778148366718648 -0.4790001174517052 0.0
vn -0.5365864830382078 -0.8438453331154278 0.0
vn -0.5365864830382078 -0.8438453331154278 0.0
vn -0.5365864830382078 -0.8438453331154278 0.0
vn -0.5365864830382078 -0.8438453331154278 0.0
vn -0.5365864830382078 -0.8438453331154278 0.0
vn -0.5365864830382078 -0.8438453331154278 0.0
vn -0.5365880417346852 -0.8438443419655878 0.0
vn -0.5365880417346852 -0.8438443419655878 0.0
vn -0.5365880417346852 -0.8438443419655878 0.0
vn -0.5365880417346852 -0.8438443419655878 0.0
vn -0.5365880417346852 -0.8438443419655878 0.0
vn -0.5365880417346852 -0.8438443419655878 0.0
vn -0.5365859240342628 -0.8438456885759956 0.0
vn -0.5365859240342628 -0.8438456885759956 0.0
vn -0.5365859240342628 -0.8438456885759956 0.0
vn -0.5365859240342628 -0.8438456885759956 0.0
vn -0.5365859240342628 -0.8438456885759956 0.0
vn -0.5365859240342628 -0.8438456885759956 0.0
vn -0.9598494594645887 0.2805156237458745 0.0
vn -0.9598494594645887 0.2805156237458745 0.0
vn -0.9598494594645887 0.2805156237458745 0.0
vn -0.9598494594645887 0.2805156237458745 0.0
vn -0.9598494594645887 0.2805156237458745 0.0
vn -0.9598494594645887 0.2805156237458745 0.0
vn -0.9598594373465387 0.28048147984632793 0.0
vn -0.9598594373465387 0.28048147984632793 0.0
vn -0.9598594373465387 0.28048147984632793 0.0
vn -0.9598594373465387 0.28048147984632793 0.0
vn -0.9598594373465387 0.28048147984632793 0.0
vn -0.9598594373465387 0.28048147984632793 0.0
vn -0.27580798728968653 -0.9612127517606143 0.0
vn -0.27580798728968653 -0.9612127517606143 0.0
vn -0.27580798728968653 -0.9612127517606143 0.0
vn -0.27580798728968653 -0.9612127517606143 0.0
vn -0.27580798728968653 -0.9612127517606143 0.0
vn -0.27580798728968653 -0.9612127517606143 0.0
vn -0.9630022204050899 0.26949345723944174 0.0
vn -0.9630022204050899 0.26949345723944174 0.0
vn -0.9630022204050899 0.26949345723944174 0.0
vn -0.9630022204050899 0.26949345723944174 0.0
vn -0.9630022204050899 0.26949345723944174 0.0
vn -0.9630022204050899 0.26949345723944174 0.0
vn -0.2758508971920107 -0.9612004382637176 0.0
vn -0.2758508971920107 -0.9612004382637176 0.0
vn -0.2758508971920107 -0.9612004382637176 0.0
vn -0.2758508971920107 -0.9612004382637176 0.0
vn -0.2758508971920107 -0.9612004382637176 0.0
vn -0.2758508971920107 -0.9612004382637176 0.0
vn -0.963001968021195 0.2694943591010868 0.0
vn -0.963001968021195 0.2694943591010868 0.0
vn -0.963001968021195 0.2694943591010868 0.0
vn -0.963001968021195 0.2694943591010868 0.0
vn -0.963001968021195 0.2694943591010868 0.0
vn -0.963001968021195 0.2694943591010868 0.0
vn -0.2758132087861359 -0.9612112535021088 0.0
vn -0.2758132087861359 -0.9612112535021088 0.0
vn -0.2758132087861359 -0.9612112535021088 0.0
vn -0.2758132087861359 -0.9612112535021088 0.0
vn -0.2758132087861359 -0.9612112535021088 0.0
vn -0.2758132087861359 -0.9612112535021088 0.0
vn -0.9629933988772384 0.26952497791274177 0.0
vn -0.9629933988772384 0.26952497791274177 0.0
vn -0.9629933988772384 0.26952497791274177 0.0
vn -0.9629933988772384 0.26952497791274177 0.0
vn -0.9629933988772384 0.26952497791274177 0.0
vn -0.9629933988772384 0.26952497791274177 0.0
vn 0.275868507253421 0.9611953842511778 -0.0
vn 0.275868507253421 0.9611953842511778 -0.0
vn 0.275868507253421 0.9611953842511778 -0.0
vn 0.275868507253421 0.9611953842511778 -0.0
vn 0.275868507253421 0.9611953842511778 -0.0
vn 0.275868507253421 0.9611953842511778 -0.0
vn 0.275859680392434 0.9611979175662961 -0.0
vn 0.275859680392434 0.9611979175662961 -0.0
vn 0.275859680392434 0.9611979175662961 -0.0
vn 0.275859680392434 0.9611979175662961 -0.0
vn 0.275859680392434 0.9611979175662961 -0.0
vn 0.275859680392434 0.9611979175662961 -0.0
vn -0.9629891887675254 0.2695400198799122 0.0
vn -0.9629891887675254 0.2695400198799122 0.0
vn -0.9629891887675254 0.2695400198799122 0.0
vn -0.9629891887675254 0.2695400198799122 0.0
vn -0.9629891887675254 0.2695400198799122 0.0
vn -0.9629891887675254 0.2695400198799122 0.0
vn 0.27583168240471617 0.9612059524273577 -0.0
vn 0.27583168240471617 0.9612059524273577 -0.0
vn 0.27583168240471617 0.9612059524273577 -0.0
vn 0.27583168240471617 0.9612059524273577 -0.0
vn 0.27583168240471617 0.9612059524273577 -0.0
vn 0.27583168240471617 0.9612059524273577 -0.0
vn -0.9629895136978551 0.2695388589943357 0.0
vn -0.9629895136978551 0.2695388589943357 0.0
vn -0.9629895136978551 0.2695388589943357 0.0
vn -0.9629895136978551 0.2695388589943357 0.0
vn -0.9629895136978551 0.2695388589943357 0.0
vn -0.9629895136978551 0.2695388589943357 0.0
vn 0.2758596988684247 0.9611979122637656 -0.0
vn 0.2758596988684247 0.9611979122637656 -0.0
vn 0.2758596988684247 0.9611979122637656 -0.0
vn 0.2758596988684247 0.9611979122637656 -0.0
vn 0.2758596988684247 0.9611979122637656 -0.0
vn 0.2758596988684247 0.9611979122637656 -0.0
vn -0.963005583923729 0.2694814378240505 0.0
vn -0.963005583923729 0.2694814378240505 0.0
vn -0.963005583923729 0.2694814378240505 0.0
vn -0.963005583923729 0.2694814378240505 0.0
vn -0.963005583923729 0.2694814378240505 0.0
vn -0.963005583923729 0.2694814378240505 0.0
vn 0.06004956470972705 0.9981953965923567 -0.0
vn 0.06004956470972705 0.9981953965923567 -0.0
vn 0.06004956470972705 0.9981953965923567 -0.0
vn 0.06004956470972705 0.9981953965923567 -0.0
vn 0.06004956470972705 0.9981953965923567 -0.0
vn 0.06004956470972705 0.9981953965923567 -0.0
vn -0.9577023826171585 0.287760571186217 0.0
vn -0.9577023826171585 0.287760571186217 0.0
vn -0.9577023826171585 0.287760571186217 0.0
vn -0.9577023826171585 0.287760571186217 0.0
vn -0.9577023826171585 0.287760571186217 0.0
vn -0.9577023826171585 0.287760571186217 0.0
vn -0.504797109946663 0.8632380191983534 0.0
vn -0.504797109946663 0.8632380191983534 0.0
vn -0.504797109946663 0.8632380191983534 0.0
vn -0.504797109946663 0.8632380191983534 0.0
vn -0.504797109946663 0.8632380191983534 0.0
vn -0.504797109946663 0.8632380191983534 0.0
vn 0.4191091730480202 0.9079358463388284 -0.0
vn 0.4191091730480202 0.9079358463388284 -0.0
vn 0.4191091730480202 0.9079358463388284 -0.0
vn 0.4191091730480202 0.9079358463388284 -0.0
vn 0.4191091730480202 0.9079358463388284 -0.0
vn 0.4191091730480202 0.9079358463388284 -0.0
vn 0.4191059577303869 0.9079373305437415 -0.0
vn 0.4191059577303869 0.9079373305437415 -0.0
vn 0.4191059577303869 0.9079373305437415 -0.0
vn 0.4191059577303869 0.9079373305437415 -0.0
vn 0.4191059577303869 0.9079373305437415 -0.0
vn 0.4191059577303869 0.9079373305437415 -0.0
vn 0.8777505227875471 -0.4791179601582348 0.0
vn 0.8777505227875471 -0.4791179601582348 0.0
vn 0.8777505227875471 -0.4791179601582348 0.0
vn 0.8777505227875471 -0.4791179601582348 0.0
vn 0.8777505227875471 -0.4791179601582348 0.0
vn 0.8777505227875471 -0.4791179601582348 0.0
vn 0.4883597400670925 0.8726424034400356 -0.0
vn 0.4883597400670925 0.8726424034400356 -0.0
vn 0.4883597400670925 0.8726424034400356 -0.0
vn 0.4883597400670925 0.8726424034400356 -0.0
vn 0.4883597400670925 0.8726424034400356 -0.0
vn 0.4883597400670925 0.8726424034400356 -0.0
vn 0.877746172478887 -0.4791259298959554 0.0
vn 0.877746172478887 -0.4791259298959554 0.0
vn 0.877746172478887 -0.4791259298959554 0.0
vn 0.877746172478887 -0.4791259298959554 0.0
vn 0.877746172478887 -0.4791259298959554 0.0
vn 0.877746172478887 -0.4791259298959554 0.0
vn 0.48836743693868345 0.8726380959698821 -0.0
vn 0.48836743693868345 0.8726380959698821 -0.0
vn 0.48836743693868345 0.8726380959698821 -0.0
vn 0.48836743693868345 0.8726380959698821 -0.0
vn 0.48836743693868345 0.8726380959698821 -0.0
vn 0.48836743693868345 0.8726380959698821 -0.0
vn 0.4883614566096786 0.872641442803442 -0.0
vn 0.4883614566096786 0.872641442803442 -0.0
vn 0.4883614566096786 0.872641442803442 -0.0
vn 0.4883614566096786 0.872641442803442 -0.0
vn 0.4883614566096786 0.872641442803442 -0.0
vn 0.4883614566096786 0.872641442803442 -0.0
vn 0.8777539410560267 -0.47911169779145785 0.0
vn 0.8777539410560267 -0.47911169779145785 0.0
vn 0.8777539410560267 -0.47911169779145785 0.0
vn 0.8777539410560267 -0.47911169779145785 0.0
vn 0.8777539410560267 -0.47911169779145785 0.0
vn 0.8777539410560267 -0.47911169779145785 0.0
vn 0.8777529469148395 -0.47911351909783845 0.0
vn 0.8777529469148395 -0.47911351909783845 0.0
vn 0.8777529469148395 -0.47911351909783845 0.0
vn 0.8777529469148395 -0.47911351909783845 0.0
vn 0.8777529469148395 -0.47911351909783845 0.0
vn 0.8777529469148395 -0.47911351909783845 0.0
vn 0.8777573823883149 -0.4791053930637951 0.0
vn 0.8777573823883149 -0.4791053930637951 0.0
vn 0.8777573823883149 -0.4791053930637951 0.0
vn 0.8777573823883149 -0.4791053930637951 0.0
vn 0.8777573823883149 -0.4791053930637951 0.0
vn 0.8777573823883149 -0.4791053930637951 0.0
vn 0.8777533544351627 -0.4791127725054089 0.0
vn 0.8777533544351627 -0.4791127725054089 0.0
vn 0.8777533544351627 -0.4791127725054089 0.0
vn 0.8777533544351627 -0.4791127725054089 0.0
vn 0.8777533544351627 -0.4791127725054089 0.0
vn 0.8777533544351627 -0.4791127725054089 0.0
vn 0.877752615770366 -0.4791141257657513 0.0
vn 0.877752615770366 -0.4791141257657513 0.0
vn 0.877752615770366 -0.4791141257657513 0.0
vn 0.877752615770366 -0.4791141257657513 0.0
vn 0.877752615770366 -0.4791141257657513 0.0
vn 0.877752615770366 -0.4791141257657513 0.0
vn 0.8777524781360463 -0.47911437791620237 0.0
vn 0.8777524781360463 -0.47911437791620237 0.0
vn 0.8777524781360463 -0.47911437791620237 0.0
vn 0.8777524781360463 -0.47911437791620237 0.0
vn 0.8777524781360463 -0.47911437791620237 0.0
vn 0.8777524781360463 -0.47911437791620237 0.0
vn 0.4883475122964603 0.8726492463950556 -0.0
vn 0.4883475122964603 0.8726492463950556 -0.0
vn 0.4883475122964603 0.8726492463950556 -0.0
vn 0.4883475122964603 0.8726492463950556 -0.0
vn 0.4883475122964603 0.8726492463950556 -0.0
vn 0.4883475122964603 0.8726492463950556 -0.0
vn 0.9897818873763217 0.14258967501809752 -0.0
vn 0.9897818873763217 0.14258967501809752 -0.0
vn 0.9897818873763217 0.14258967501809752 -0.0
vn 0.9897818873763217 0.14258967501809752 -0.0
vn 0.9897818873763217 0.14258967501809752 -0.0
vn 0.9897818873763217 0.14258967501809752 -0.0
vn 0.8777552869230746 -0.47910923209492734 0.0
vn 0.8777552869230746 -0.47910923209492734 0.0
vn 0.8777552869230746 -0.47910923209492734 0.0
vn 0.8777552869230746 -0.47910923209492734 0.0
vn 0.8777552869230746 -0.47910923209492734 0.0
vn 0.8777552869230746 -0.47910923209492734 0.0
vn 0.8777447857222033 -0.4791284703891886 0.0
vn 0.8777447857222033 -0.4791284703891886 0.0
vn 0.8777447857222033 -0.4791284703891886 0.0
vn 0.8777447857222033 -0.4791284703891886 0.0
vn 0.8777447857222033 -0.4791284703891886 0.0
vn 0.8777447857222033 -0.4791284703891886 0.0
vn 0.3162685751670917 -0.9486696940251532 0.0
vn 0.3162685751670917 -0.9486696940251532 0.0
vn 0.3162685751670917 -0.9486696940251532 0.0
vn 0.3162685751670917 -0.9486696940251532 0.0
vn 0.3162685751670917 -0.9486696940251532 0.0
vn 0.3162685751670917 -0.9486696940251532 0.0
vn -0.4883612683099612 -0.8726415481826921 0.0
vn -0.4883612683099612 -0.8726415481826921 0.0
vn -0.4883612683099612 -0.8726415481826921 0.0
vn -0.4883612683099612 -0.8726415481826921 0.0
vn -0.4883612683099612 -0.8726415481826921 0.0
vn -0.4883612683099612 -0.8726415481826921 0.0
vn 0.8777610296956392 -0.4790987108599345 0.0
vn 0.8777610296956392 -0.4790987108599345 0.0
vn 0.8777610296956392 -0.4790987108599345 0.0
vn 0.8777610296956392 -0.4790987108599345 0.0
vn 0.8777610296956392 -0.4790987108599345 0.0
vn 0.8777610296956392 -0.4790987108599345 0.0
f 1//1 2//2 3//3
f 4//4 5//5 6//6
f 7//7 8//8 9//9
f 10//10 11//11 12//12
f 13//13 14//14 15//15
f 16//16 17//17 18//18
f 19//19 20//20 21//21
f 22//22 23//23 24//24
f 25//25 26//26 27//27
f 28//28 29//29 30//30
f 31//31 32//32 33//33
f 34//34 35//35 36//36
f 37//37 38//38 39//39
f 40//40 41//41 42//42
f 43//43 44//44 45//45
f 46//46 47//47 48//48
f 49//49 50//50 51//51
f 52//52 53//53 54//54
f 55//55 56//56 57//57
f 58//58 59//59 60//60
f 61//61 62//62 63//63
f 64//64 65//65 66//66
f 67//67 68//68 69//69
f 70//70 71//71 72//72
f 73//73 74//74 75//75
f 76//76 77//77 78//78
f 79//79 80//80 81//81
f 82//82 83//83 84//84
f 85//85 86//86 87//87
f 88//88 89//89 90//90
f 91//91 92//92 93//93
f 94//94 95//95 96//96
f 97//97 98//98 99//99
f 100//100 101//101 102//102
f 103//103 104//104 105//105
f 106//106 107//107 108//108
f 109//109 110//110 111//111
f 112//112 113//113 114//114
f 115//115 116//116 117//117
f 118//118 119//119 120//120
f 121//121 122//122 123//123
f 124//124 125//125 126//126
f 127//127 128//128 129//129
f 130//130 131//131 132//132
f 133//133 134//134 135//135
f 136//136 137//137 138//138
f 139//139 140//140 141//141
f 142//142 143//143 144//144
f 145//145 146//146 147//147
f 148//148 149//149 150//150
f 151//151 152//152 153//153
f 154//154 155//155 156//156
f 157//157 158//158 159//159
f 160//160 161//161 162//162
f 163//163 164//164 165//165
f 166//166 167//167 168//168
f 169//169 170//170 171//171
f 172//172 173//173 174//174
f 175//175 176//176 177//177
f 178//178 179//179 180//180
f 181//181 182//182 183//183
f 184//184 185//185 186//186
f 187//187 188//188 189//189
f 190//190 191//191 192//192
f 193//193 194//194 195//195
f 196//196 197//197 198//198
f 199//199 200//200 201//201
f 202//202 203//203 204//204
f 205//205 206//206 207//207
f 208//208 209//209 210//210
f 211//211 212//212 213//213
f 214//214 215//215 216//216
f 217//217 218//218 219//219
f 220//220 221//221 222//222
f 223//223 224//224 225//225
f 226//226 227//227 228//228
f 229//229 230//230 231//231
f 232//232 233//233 234//234
f 235//235 236//236 237//237
f 238//238 239//239 240//240
f 241//241 242//242 243//243
f 244//244 245//245 246//246
f 247//247 248//248 249//249
f 250//250 251//251 252//252
f 253//253 254//254 255//255
f 256//256 257//257 258//258
f 259//259 260//260 261//261
f 262//262 263//263 264//264
f 265//265 266//266 267//267
f 268//268 269//269 270//270
f 271//271 272//272 273//273
f 274//274 275//275 276//276
f 277//277 278//278 279//279
f 280//280 281//281 282//282
f 283//283 284//284 285//285
f 286//286 287//287 288//288
f 289//289 290//290 291//291
f 292//292 293//293 294//294
f 295//295 296//296 297//297
f 298//298 299//299 300//300
f 301//301 302//302 303//303
f 304//304 305//305 306//306
f 307//307 308//308 309//309
f 310//310 311//311 312//312
f 313//313 314//314 315//315
f 316//316 317//317 318//318
f 319//319 320//320 321//321
f 322//322 323//323 324//324
f 325//325 326//326 327//327
f 328//328 329//329 330//330
f 331//331 332//332 333//333
f 334//334 335//335 336//336
f 337//337 338//338 339//339
f 340//340 341//341 342//342
f 343//343 344//344 345//345
f 346//346 347//347 348//348
f 349//349 350//350 351//351
f 352//352 353//353 354//354
f 355//355 356//356 357//357
f 358//358 359//359 360//360
f 361//361 362//362 363//363
f 364//364 365//365 366//366
f 367//367 368//368 369//369
f 370//370 371//371 372//372
f 373//373 374//374 375//375
f 376//376 377//377 378//378
f 379//379 380//380 381//381
f 382//382 383//383 384//384
f 385//385 386//386 387//387
f 388//388 389//389 390//390
f 391//391 392//392 393//393
f 394//394 395//395 396//396
f 397//397 398//398 399//399
f 400//400 401//401 402//402
f 403//403 404//404 405//405
f 406//406 407//407 408//408
f 409//409 410//410 411//411
f 412//412 413//413 414//414
f 415//415 416//416 417//417
f 418//418 419//419 420//420
f 421//421 422//422 423//423
f 424//424 425//425 426//426
f 427//427 428//428 429//429
f 430//430 431//431 432//432
f 433//433 434//434 435//435
f 436//436 437//437 438//438
f 439//439 440//440 441//441
f 442//442 443//443 444//444
f 445//445 446//446 447//447
f 448//448 449//449 450//450
f 451//451 452//452 453//453
f 454//454 455//455 456//456
f 457//457 458//458 459//459
f 460//460 461//461 462//462
f 463//463 464//464 465//465
f 466//466 467//467 468//468
f 469//469 470//470 471//471
f 472//472 473//473 474//474
f 475//475 476//476 477//477
f 478//478 479//479 480//480
f 481//481 482//482 483//483
f 484//484 485//485 486//486
f 487//487 488//488 489//489
f 490//490 491//491 492//492
f 493//493 494//494 495//495
f 496//496 497//497 498//498
f 499//499 500//500 501//501
f 502//502 503//503 504//504
f 505//505 506//506 507//507
f 508//508 509//509 510//510
f 511//511 512//512 513//513
f 514//514 515//515 516//516
f 517//517 518//518 519//519
f 520//520 521//521 522//522
f 523//523 524//524 525//525
f 526//526 527//527 528//528
f 529//529 530//530 531//531
f 532//532 533//533 534//534
f 535//535 536//536 537//537
f 538//538 539//539 540//540
f 541//541 542//542 543//543
f 544//544 545//545 546//546
f 547//547 548//548 549//549
f 550//550 551//551 552//552
f 553//553 554//554 555//555
f 556//556 557//557 558//558
f 559//559 560//560 561//561
f 562//562 563//563 564//564
f 565//565 566//566 567//567
f 568//568 569//569 570//570
f 571//571 572//572 573//573
f 574//574 575//575 576//576
o gml_VWIDR3WXTFWQLZ9JLOV306EWSYEVYPCWCSNT
v -8239083.786956705 4942335.973870006 148.60111760223464
v -8239034.661012624 4942325.281947566 148.60111760223464
v -8239036.353722587 4942316.561420741 148.60111760223464
v -8239083.786956705 4942335.973870006 148.60111760223464
v -8239036.353722587 4942316.561420741 148.60111760223464
v -8239040.171326692 4942296.893005223 148.60111760223464
v -8239083.786956705 4942335.973870006 148.60111760223464
v -8239040.171326692 4942296.893005223 148.60111760223464
v -8239044.691637855 4942273.604552466 148.60111760223464
v -8239083.786956705 4942335.973870006 148.60111760223464
v -8239044.691637855 4942273.604552466 148.60111760223464
v -8239046.31811268 4942265.225172516 148.60111760223464
v -8239083.786956705 4942335.973870006 148.60111760223464
v -8239046.31811268 4942265.225172516 148.60111760223464
v -8239116.973452378 4942307.95039642 148.60111760223464
v -8239083.786956705 4942335.973870006 148.60111760223464
v -8239116.973452378 4942307.95039642 148.60111760223464
v -8239133.9962013075 4942318.243998361 148.60111760223464
v -8239083.786956705 4942335.973870006 148.60111760223464
v -8239133.9962013075 4942318.243998361 148.60111760223464
v -8239133.4215088915 4942321.512575319 148.60111760223464
v -8239083.786956705 4942335.973870006 148.60111760223464
v -8239133.4215088915 4942321.512575319 148.60111760223464
v -8239132.496550778 4942326.773222845 148.60111760223464
v -8239083.786956705 4942335.973870006 148.60111760223464
v -8239132.496550778 4942326.773222845 148.60111760223464
v -8239128.376677463 4942350.20331391 148.60111760223464
v -8239083.786956705 4942335.973870006 148.60111760223464
v -8239128.376677463 4942350.20331391 148.60111760223464
v -8239124.817267084 4942370.446239493 148.60111760223464
v -8239083.786956705 4942335.973870006 148.60111760223464
v -8239124.817267084 4942370.446239493 148.60111760223464
v -8239120.749614837 4942393.579211848 148.60111760223464
v -8239083.786956705 4942335.973870006 148.60111760223464
v -8239120.749614837 4942393.579211848 148.60111760223464
v -8239119.145162825 4942402.703602894 148.60111760223464
v -8239083.786956705 4942335.973870006 148.60111760223464
v -8239119.145162825 4942402.703602894 148.60111760223464
v -8239102.360127129 4942392.728271718 148.60111760223464
v -8239083.786956705 4942335.973870006 148.60111760223464
v -8239102.360127129 4942392.728271718 148.60111760223464
v -8239048.083551284 4942360.337953256 148.60111760223464
v -8239083.786956705 4942335.973870006 148.60111760223464
v -8239048.083551284 4942360.337953256 148.60111760223464
v -8239029.956348097 4942349.520197586 148.60111760223464
v -8239083.786956705 4942335.973870006 148.60111760223464
v -8239029.956348097 4942349.520197586 148.60111760223464
v -8239031.805989476 4942339.990707951 148.60111760223464
v -8239083.786956705 4942335.973870006 148.60111760223464
v -8239031.805989476 4942339.990707951 148.60111760223464
v -8239034.661012624 4942325.281947566 148.60111760223464
v -8239083.786956705 4942335.973870006 0
v -8239036.353722587 4942316.561420741 0
v -8239034.661012624 4942325.281947566 0
v -8239083.786956705 4942335.973870006 0
v -8239040.171326692 4942296.893005223 0
v -8239036.353722587 4942316.561420741 0
v -8239083.786956705 4942335.973870006 0
v -8239044.691637855 4942273.604552466 0
v -8239040.171326692 4942296.893005223 0
v -8239083.786956705 4942335.973870006 0
v -8239046.31811268 4942265.225172516 0
v -8239044.691637855 4942273.604552466 0
v -8239083.786956705 4942335.973870006 0
v -8239116.973452378 4942307.95039642 0
v -8239046.31811268 4942265.225172516 0
v -8239083.786956705 4942335.973870006 0
v -8239133.9962013075 4942318.243998361 0
v -8239116.973452378 4942307.95039642 0
v -8239083.786956705 4942335.973870006 0
v -8239133.4215088915 4942321.512575319 0
v -8239133.9962013075 4942318.243998361 0
v -8239083.786956705 4942335.973870006 0
v -8239132.496550778 4942326.773222845 0
v -8239133.4215088915 4942321.512575319 0
v -8239083.786956705 4942335.973870006 0
v -8239128.376677463 4942350.20331391 0
v -8239132.496550778 4942326.773222845 0
v -8239083.786956705 4942335.973870006 0
v -8239124.817267084 4942370.446239493 0
v -8239128.376677463 4942350.20331391 0
v -8239083.786956705 4942335.973870006 0
v -8239120.749614837 4942393.579211848 0
v -8239124.817267084 4942370.446239493 0
v -8239083.786956705 4942335.973870006 0
v -8239119.145162825 4942402.703602894 0
v -8239120.749614837 4942393.579211848 0
v -8239083.786956705 4942335.973870006 0
v -8239102.360127129 4942392.728271718 0
v -8239119.145162825 4942402.703602894 0
v -8239083.786956705 4942335.973870006 0
v -8239048.083551284 4942360.337953256 0
v -8239102.360127129 4942392.728271718 0
v -8239083.786956705 4942335.973870006 0
v -8239029.956348097 4942349.520197586 0
v -8239048.083551284 4942360.337953256 0
v -8239083.786956705 4942335.973870006 0
v -8239031.805989476 4942339.990707951 0
v -8239029.956348097 4942349.520197586 0
v -8239083.786956705 4942335.973870006 0
v -8239034.661012624 4942325.281947566 0
v -8239031.805989476 4942339.990707951 0
v -8239034.661012624 4942325.281947566 0
v -8239036.353722587 4942316.561420741 0
v -8239034.661012624 4942325.281947566 148.60111760223464
v -8239034.661012624 4942325.281947566 148.60111760223464
v -8239036.353722587 4942316.561420741 0
v -8239036.353722587 4942316.561420741 148.60111760223464
v -8239036.353722587 4942316.561420741 0
v -8239040.171326692 4942296.893005223 0
v -8239036.353722587 4942316.561420741 148.60111760223464
v -8239036.353722587 4942316.561420741 148.60111760223464
v -8239040.171326692 4942296.893005223 0
v -8239040.171326692 4942296.893005223 148.60111760223464
v -8239040.171326692 4942296.893005223 0
v -8239044.691637855 4942273.604552466 0
v -8239040.171326692 4942296.893005223 148.60111760223464
v -8239040.171326692 4942296.893005223 148.60111760223464
v -8239044.691637855 4942273.604552466 0
v -8239044.691637855 4942273.604552466 148.60111760223464
v -8239044.691637855 4942273.604552466 0
v -8239046.31811268 4942265.225172516 0
v -8239044.691637855 4942273.604552466 148.60111760223464
v -8239044.691637855 4942273.604552466 148.60111760223464
v -8239046.31811268 4942265.225172516 0
v -8239046.31811268 4942265.225172516 148.60111760223464
v -8239046.31811268 4942265.225172516 0
v -8239116.973452378 4942307.95039642 0
v -8239046.31811268 4942265.225172516 148.60111760223464
v -8239046.31811268 4942265.225172516 148.60111760223464
v -8239116.973452378 4942307.95039642 0
v -8239116.973452378 4942307.95039642 148.60111760223464
v -8239116.973452378 4942307.95039642 0
v -8239133.9962013075 4942318.243998361 0
v -8239116.973452378 4942307.95039642 148.60111760223464
v -8239116.973452378 4942307.95039642 148.60111760223464
v -8239133.9962013075 4942318.243998361 0
v -8239133.9962013075 4942318.243998361 148.60111760223464
v -8239133.9962013075 4942318.243998361 0
v -8239133.4215088915 4942321.512575319 0
v -8239133.9962013075 4942318.243998361 148.60111760223464
v -8239133.9962013075 4942318.243998361 148.60111760223464
v -8239133.4215088915 4942321.512575319 0
v -8239133.4215088915 4942321.512575319 148.60111760223464
v -8239133.4215088915 4942321.512575319 0
v -8239132.496550778 4942326.773222845 0
v -8239133.4215088915 4942321.512575319 148.60111760223464
v -8239133.4215088915 4942321.512575319 148.60111760223464
v -8239132.496550778 4942326.773222845 0
v -8239132.496550778 4942326.773222845 148.60111760223464
v -8239132.496550778 4942326.773222845 0
v -8239128.376677463 4942350.20331391 0
v -8239132.496550778 4942326.773222845 148.60111760223464
v -8239132.496550778 4942326.773222845 148.60111760223464
v -8239128.376677463 4942350.20331391 0
v -8239128.376677463 4942350.20331391 148.60111760223464
v -8239128.376677463 4942350.20331391 0
v -8239124.817267084 4942370.446239493 0
v -8239128.376677463 4942350.20331391 148.60111760223464
v -8239128.376677463 4942350.20331391 148.60111760223464
v -8239124.817267084 4942370.446239493 0
v -8239124.817267084 4942370.446239493 148.60111760223464
v -8239124.817267084 4942370.446239493 0
v -8239120.749614837 4942393.579211848 0
v -8239124.817267084 4942370.446239493 148.60111760223464
v -8239124.817267084 4942370.446239493 148.60111760223464
v -8239120.749614837 4942393.579211848 0
v -8239120.749614837 4942393.579211848 148.60111760223464
v -8239120.749614837 4942393.579211848 0
v -8239119.145162825 4942402.703602894 0
v -8239120.749614837 4942393.579211848 148.60111760223464
v -8239120.749614837 4942393.579211848 148.60111760223464
v -8239119.145162825 4942402.703602894 0
v -8239119.145162825 4942402.703602894 148.60111760223464
v -8239119.145162825 4942402.703602894 0
v -8239102.360127129 4942392.728271718 0
v -8239119.145162825 4942402.703602894 148.60111760223464
v -8239119.145162825 4942402.703602894 148.60111760223464
v -8239102.360127129 4942392.728271718 0
v -8239102.360127129 4942392.728271718 148.60111760223464
v -8239102.360127129 4942392.728271718 0
v -8239048.083551284 4942360.337953256 0
v -8239102.360127129 4942392.728271718 148.60111760223464
v -8239102.360127129 4942392.728271718 148.60111760223464
v -8239048.083551284 4942360.337953256 0
v -8239048.083551284 4942360.337953256 148.60111760223464
v -8239048.083551284 4942360.337953256 0
v -8239029.956348097 4942349.520197586 0
v -8239048.083551284 4942360.337953256 148.60111760223464
v -8239048.083551284 4942360.337953256 148.60111760223464
v -8239029.956348097 4942349.520197586 0
v -8239029.956348097 4942349.520197586 148.60111760223464
v -8239029.956348097 4942349.520197586 0
v -8239031.805989476 4942339.990707951 0
v -8239029.956348097 4942349.520197586 148.60111760223464
v -8239029.956348097 4942349.520197586 148.60111760223464
v -8239031.805989476 4942339.990707951 0
v -8239031.805989476 4942339.990707951 148.60111760223464
v -8239031.805989476 4942339.990707951 0
v -8239034.661012624 4942325.281947566 0
v -8239031.805989476 4942339.990707951 148.60111760223464
v -8239031.805989476 4942339.990707951 148.60111760223464
v -8239034.661012624 4942325.281947566 0
v -8239034.661012624 4942325.281947566 148.60111760223464
vn 0.0 0.0 -1.0
vn 0.0 0.0 -1.0
vn 0.0 0.0 -1.0
vn 0.0 0.0 -1.0
vn 0.0 0.0 -1.0
vn 0.0 0.0 -1.0
vn 0.0 0.0 -1.0
vn 0.0 0.0 -1.0
vn 0.0 0.0 -1.0
vn 0.0 0.0 -1.0
vn 0.0 0.0 -1.0
vn 0.0 0.0 -1.0
vn 0.0 -0.0 -1.0
vn 0.0 -0.0 -1.0
vn 0.0 -0.0 -1.0
vn 0.0 0.0 -1.0
vn 0.0 0.0 -1.0
vn 0.0 0.0 -1.0
vn 0.0 0.0 -1.0
vn 0.0 0.0 -1.0
vn 0.0 0.0 -1.0
vn 0.0 0.0 -1.0
vn 0.0 0.0 -1.0
vn 0.0 0.0 -1.0
vn -0.0 0.0 -1.0
vn -0.0 0.0 -1.0
vn -0.0 0.0 -1.0
vn 0.0 0.0 -1.0
vn 0.0 0.0 -1.0
vn 0.0 0.0 -1.0
vn 0.0 0.0 -1.0
vn 0.0 0.0 -1.0
vn 0.0 0.0 -1.0
vn 0.0 0.0 -1.0
vn 0.0 0.0 -1.0
vn 0.0 0.0 -1.0
vn 0.0 0.0 -1.0
vn 0.0 0.0 -1.0
vn 0.0 0.0 -1.0
vn 0.0 0.0 -1.0
vn 0.0 0.0 -1.0
vn 0.0 0.0 -1.0
vn 0.0 0.0 -1.0
vn 0.0 0.0 -1.0
vn 0.0 0.0 -1.0
vn 0.0 0.0 -1.0
vn 0.0 0.0 -1.0
vn 0.0 0.0 -1.0
vn 0.0 0.0 -1.0
vn 0.0 0.0 -1.0
vn 0.0 0.0 -1.0
vn 0.0 0.0 1.0
vn 0.0 0.0 1.0
vn 0.0 0.0 1.0
vn 0.0 0.0 1.0
vn 0.0 0.0 1.0
vn 0.0 0.0 1.0
vn 0.0 0.0 1.0
vn 0.0 0.0 1.0
vn 0.0 0.0 1.0
vn 0.0 0.0 1.0
vn 0.0 0.0 1.0
vn 0.0 0.0 1.0
vn 0.0 0.0 1.0
vn 0.0 0.0 1.0
vn 0.0 0.0 1.0
vn 0.0 0.0 1.0
vn 0.0 0.0 1.0
vn 0.0 0.0 1.0
vn 0.0 0.0 1.0
vn 0.0 0.0 1.0
vn 0.0 0.0 1.0
vn 0.0 0.0 1.0
vn 0.0 0.0 1.0
vn 0.0 0.0 1.0
vn 0.0 0.0 1.0
vn 0.0 0.0 1.0
vn 0.0 0.0 1.0
vn 0.0 0.0 1.0
vn 0.0 0.0 1.0
vn 0.0 0.0 1.0
vn 0.0 0.0 1.0
vn 0.0 0.0 1.0
vn 0.0 0.0 1.0
vn 0.0 0.0 1.0
vn 0.0 0.0 1.0
vn 0.0 0.0 1.0
vn 0.0 0.0 1.0
vn 0.0 0.0 1.0
vn 0.0 0.0 1.0
vn 0.0 -0.0 1.0
vn 0.0 -0.0 1.0
vn 0.0 -0.0 1.0
vn 0.0 0.0 1.0
vn 0.0 0.0 1.0
vn 0.0 0.0 1.0
vn 0.0 0.0 1.0
vn 0.0 0.0 1.0
vn 0.0 0.0 1.0
vn -0.0 0.0 1.0
vn -0.0 0.0 1.0
vn -0.0 0.0 1.0
vn -0.981677515538162 0.19054987663817002 0.0
vn -0.981677515538162 0.19054987663817002 0.0
vn -0.981677515538162 0.19054987663817002 0.0
vn -0.981677515538162 0.19054987663817002 0.0
vn -0.981677515538162 0.19054987663817002 0.0
vn -0.981677515538162 0.19054987663817002 0.0
vn -0.9816790185416125 0.19054213328074268 0.0
vn -0.9816790185416125 0.19054213328074268 0.0
vn -0.9816790185416125 0.19054213328074268 0.0
vn -0.9816790185416125 0.19054213328074268 0.0
vn -0.9816790185416125 0.19054213328074268 0.0
vn -0.9816790185416125 0.19054213328074268 0.0
vn -0.9816785112677546 0.1905447467528957 0.0
vn -0.9816785112677546 0.1905447467528957 0.0
vn -0.9816785112677546 0.1905447467528957 0.0
vn -0.9816785112677546 0.1905447467528957 0.0
vn -0.9816785112677546 0.1905447467528957 0.0
vn -0.9816785112677546 0.1905447467528957 0.0
vn -0.9816778738501318 0.19054803067228138 0.0
vn -0.9816778738501318 0.19054803067228138 0.0
vn -0.9816778738501318 0.19054803067228138 0.0
vn -0.9816778738501318 0.19054803067228138 0.0
vn -0.9816778738501318 0.19054803067228138 0.0
vn -0.9816778738501318 0.19054803067228138 0.0
vn 0.5174494087293746 0.8557138011073682 -0.0
vn 0.5174494087293746 0.8557138011073682 -0.0
vn 0.5174494087293746 0.8557138011073682 -0.0
vn 0.5174494087293746 0.8557138011073682 -0.0
vn 0.5174494087293746 0.8557138011073682 -0.0
vn 0.5174494087293746 0.8557138011073682 -0.0
vn 0.5174479408151231 0.85571468875215 -0.0
vn 0.5174479408151231 0.85571468875215 -0.0
vn 0.5174479408151231 0.85571468875215 -0.0
vn 0.5174479408151231 0.85571468875215 -0.0
vn 0.5174479408151231 0.85571468875215 -0.0
vn 0.5174479408151231 0.85571468875215 -0.0
vn 0.9848924466449224 -0.17316716935313936 0.0
vn 0.9848924466449224 -0.17316716935313936 0.0
vn 0.9848924466449224 -0.17316716935313936 0.0
vn 0.9848924466449224 -0.17316716935313936 0.0
vn 0.9848924466449224 -0.17316716935313936 0.0
vn 0.9848924466449224 -0.17316716935313936 0.0
vn 0.9848920310649234 -0.17316953295776308 0.0
vn 0.9848920310649234 -0.17316953295776308 0.0
vn 0.9848920310649234 -0.17316953295776308 0.0
vn 0.9848920310649234 -0.17316953295776308 0.0
vn 0.9848920310649234 -0.17316953295776308 0.0
vn 0.9848920310649234 -0.17316953295776308 0.0
vn 0.9848901932221159 -0.17317998526071984 0.0
vn 0.9848901932221159 -0.17317998526071984 0.0
vn 0.9848901932221159 -0.17317998526071984 0.0
vn 0.9848901932221159 -0.17317998526071984 0.0
vn 0.9848901932221159 -0.17317998526071984 0.0
vn 0.9848901932221159 -0.17317998526071984 0.0
vn 0.9848905401771118 -0.1731780120847825 0.0
vn 0.9848905401771118 -0.1731780120847825 0.0
vn 0.9848905401771118 -0.1731780120847825 0.0
vn 0.9848905401771118 -0.1731780120847825 0.0
vn 0.9848905401771118 -0.1731780120847825 0.0
vn 0.9848905401771118 -0.1731780120847825 0.0
vn 0.9848900236687028 -0.1731809495235035 0.0
vn 0.9848900236687028 -0.1731809495235035 0.0
vn 0.9848900236687028 -0.1731809495235035 0.0
vn 0.9848900236687028 -0.1731809495235035 0.0
vn 0.9848900236687028 -0.1731809495235035 0.0
vn 0.9848900236687028 -0.1731809495235035 0.0
vn 0.9848893119177684 -0.1731849972432497 0.0
vn 0.9848893119177684 -0.1731849972432497 0.0
vn 0.9848893119177684 -0.1731849972432497 0.0
vn 0.9848893119177684 -0.1731849972432497 0.0
vn 0.9848893119177684 -0.1731849972432497 0.0
vn 0.9848893119177684 -0.1731849972432497 0.0
vn -0.5108876930266931 -0.859647465600791 0.0
vn -0.5108876930266931 -0.859647465600791 0.0
vn -0.5108876930266931 -0.859647465600791 0.0
vn -0.5108876930266931 -0.859647465600791 0.0
vn -0.5108876930266931 -0.859647465600791 0.0
vn -0.5108876930266931 -0.859647465600791 0.0
vn -0.5124511943061869 -0.8587163521525385 0.0
vn -0.5124511943061869 -0.8587163521525385 0.0
vn -0.5124511943061869 -0.8587163521525385 0.0
vn -0.5124511943061869 -0.8587163521525385 0.0
vn -0.5124511943061869 -0.8587163521525385 0.0
vn -0.5124511943061869 -0.8587163521525385 0.0
vn -0.5124543170107785 -0.8587144886264682 0.0
vn -0.5124543170107785 -0.8587144886264682 0.0
vn -0.5124543170107785 -0.8587144886264682 0.0
vn -0.5124543170107785 -0.8587144886264682 0.0
vn -0.5124543170107785 -0.8587144886264682 0.0
vn -0.5124543170107785 -0.8587144886264682 0.0
vn -0.981679315927878 0.1905406011310277 0.0
vn -0.981679315927878 0.1905406011310277 0.0
vn -0.981679315927878 0.1905406011310277 0.0
vn -0.981679315927878 0.1905406011310277 0.0
vn -0.981679315927878 0.1905406011310277 0.0
vn -0.981679315927878 0.1905406011310277 0.0
vn -0.9816780299010015 0.19054722671739038 0.0
vn -0.9816780299010015 0.19054722671739038 0.0
vn -0.9816780299010015 0.19054722671739038 0.0
vn -0.9816780299010015 0.19054722671739038 0.0
vn -0.9816780299010015 0.19054722671739038 0.0
vn -0.9816780299010015 0.19054722671739038 0.0
f 1//1 2//2 3//3
f 4//4 5//5 6//6
f 7//7 8//8 9//9
f 10//10 11//11 12//12
f 13//13 14//14 15//15
f 16//16 17//17 18//18
f 19//19 20//20 21//21
f 22//22 23//23 24//24
f 25//25 26//26 27//27
f 28//28 29//29 30//30
f 31//31 32//32 33//33
f 34//34 35//35 36//36
f 37//37 38//38 39//39
f 40//40 41//41 42//42
f 43//43 44//44 45//45
f 46//46 47//47 48//48
f 49//49 50//50 51//51
f 52//52 53//53 54//54
f 55//55 56//56 57//57
f 58//58 59//59 60//60
f 61//61 62//62 63//63
f 64//64 65//65 66//66
f 67//67 68//68 69//69
f 70//70 71//71 72//72
f 73//73 74//74 75//75
f 76//76 77//77 78//78
f 79//79 80//80 81//81
f 82//82 83//83 84//84
f 85//85 86//86 87//87
f 88//88 89//89 90//90
f 91//91 92//92 93//93
f 94//94 95//95 96//96
f 97//97 98//98 99//99
f 100//100 101//101 102//102
f 103//103 104//104 105//105
f 106//106 107//107 108//108
f 109//109 110//110 111//111
f 112//112 113//113 114//114
f 115//115 116//116 117//117
f 118//118 119//119 120//120
f 121//121 122//122 123//123
f 124//124 125//125 126//126
f 127//127 128//128 129//129
f 130//130 131//131 132//132
f 133//133 134//134 135//135
f 136//136 137//137 138//138
f 139//139 140//140 141//141
f 142//142 143//143 144//144
f 145//145 146//146 147//147
f 148//148 149//149 150//150
f 151//151 152//152 153//153
f 154//154 155//155 156//156
f 157//157 158//158 159//159
f 160//160 161//161 162//162
f 163//163 164//164 165//165
f 166//166 167//167 168//168
f 169//169 170//170 171//171
f 172//172 173//173 174//174
f 175//175 176//176 177//177
f 178//178 179//179 180//180
f 181//181 182//182 183//183
f 184//184 185//185 186//186
f 187//187 188//188 189//189
f 190//190 191//191 192//192
f 193//193 194//194 195//195
f 196//196 197//197 198//198
f 199//199 200//200 201//201
f 202//202 203//203 204//204
o gml_JYH0SMXYHPV4HEBUVLYC9X1030L37X47FB0O
v -8239074.364511137 4942198.263102432 547.6909728219435
v -8239057.050375128 4942218.900731027 547.6909728219435
v -8239054.261457488 4942217.300395307 547.6909728219435
v -8239074.364511137 4942198.263102432 547.6909728219435
v -8239054.261457488 4942217.300395307 547.6909728219435
v -8239050.288378142 4942224.39961611 547.6909728219435
v -8239074.364511137 4942198.263102432 547.6909728219435
v -8239050.288378142 4942224.39961611 547.6909728219435
v -8239042.965230293 4942220.197525992 547.6909728219435
v -8239074.364511137 4942198.263102432 547.6909728219435
v -8239042.965230293 4942220.197525992 547.6909728219435
v -8239046.724947489 4942213.479452856 547.6909728219435
v -8239074.364511137 4942198.263102432 547.6909728219435
v -8239046.724947489 4942213.479452856 547.6909728219435
v -8239042.184793404 4942210.874235958 547.6909728219435
v -8239074.364511137 4942198.263102432 547.6909728219435
v -8239042.184793404 4942210.874235958 547.6909728219435
v -8239059.50095723 4942179.9336414635 547.6909728219435
v -8239074.364511137 4942198.263102432 547.6909728219435
v -8239059.50095723 4942179.9336414635 547.6909728219435
v -8239056.700384514 4942164.031792367 547.6909728219435
v -8239074.364511137 4942198.263102432 547.6909728219435
v -8239056.700384514 4942164.031792367 547.6909728219435
v -8239046.169938728 4942157.989354891 547.6909728219435
v -8239074.364511137 4942198.263102432 547.6909728219435
v -8239046.169938728 4942157.989354891 547.6909728219435
v -8239046.751291197 4942156.950659736 547.6909728219435
v -8239074.364511137 4942198.263102432 547.6909728219435
v -8239046.751291197 4942156.950659736 547.6909728219435
v -8239055.656242762 4942157.797880045 547.6909728219435
v -8239074.364511137 4942198.263102432 547.6909728219435
v -8239055.656242762 4942157.797880045 547.6909728219435
v -8239062.007902381 4942146.448672673 547.6909728219435
v -8239074.364511137 4942198.263102432 547.6909728219435
v -8239062.007902381 4942146.448672673 547.6909728219435
v -8239087.359142364 4942160.995179889 547.6909728219435
v -8239074.364511137 4942198.263102432 547.6909728219435
v -8239087.359142364 4942160.995179889 547.6909728219435
v -8239071.135076499 4942189.98456757 547.6909728219435
v -8239074.364511137 4942198.263102432 547.6909728219435
v -8239071.135076499 4942189.98456757 547.6909728219435
v -8239072.7233389625 4942190.895953545 547.6909728219435
v -8239074.364511137 4942198.263102432 547.6909728219435
v -8239072.7233389625 4942190.895953545 547.6909728219435
v -8239089.645967739 4942160.658281771 547.6909728219435
v -8239074.364511137 4942198.263102432 547.6909728219435
v -8239089.645967739 4942160.658281771 547.6909728219435
v -8239091.519995357 4942161.733694444 547.6909728219435
v -8239074.364511137 4942198.263102432 547.6909728219435
v -8239091.519995357 4942161.733694444 547.6909728219435
v -8239128.449515893 4942182.923700365 547.6909728219435
v -8239074.364511137 4942198.263102432 547.6909728219435
v -8239128.449515893 4942182.923700365 547.6909728219435
v -8239164.415032074 4942203.560305439 547.6909728219435
v -8239074.364511137 4942198.263102432 547.6909728219435
v -8239164.415032074 4942203.560305439 547.6909728219435
v -8239144.290937543 4942239.518878409 547.6909728219435
v -8239074.364511137 4942198.263102432 547.6909728219435
v -8239144.290937543 4942239.518878409 547.6909728219435
v -8239123.973483453 4942275.823065131 547.6909728219435
v -8239074.364511137 4942198.263102432 547.6909728219435
v -8239123.973483453 4942275.823065131 547.6909728219435
v -8239088.515602315 4942255.752215188 547.6909728219435
v -8239074.364511137 4942198.263102432 547.6909728219435
v -8239088.515602315 4942255.752215188 547.6909728219435
v -8239053.2540969765 4942235.244242281 547.6909728219435
v -8239074.364511137 4942198.263102432 547.6909728219435
v -8239053.2540969765 4942235.244242281 547.6909728219435
v -8239049.20417937 4942232.920415896 547.6909728219435
v -8239074.364511137 4942198.263102432 547.6909728219435
v -8239049.20417937 4942232.920415896 547.6909728219435
v -8239057.050375128 4942218.900731027 547.6909728219435
v -8239074.364511137 4942198.263102432 0
v -8239054.261457488 4942217.300395307 0
v -8239057.050375128 4942218.900731027 0
v -8239074.364511137 4942198.263102432 0
v -8239050.288378142 4942224.39961611 0
v -8239054.261457488 4942217.300395307 0
v -8239074.364511137 4942198.263102432 0
v -8239042.965230293 4942220.197525992 0
v -8239050.288378142 4942224.39961611 0
v -8239074.364511137 4942198.263102432 0
v -8239046.724947489 4942213.479452856 0
v -8239042.965230293 4942220.197525992 0
v -8239074.364511137 4942198.263102432 0
v -8239042.184793404 4942210.874235958 0
v -8239046.724947489 4942213.479452856 0
v -8239074.364511137 4942198.263102432 0
v -8239059.50095723 4942179.9336414635 0
v -8239042.184793404 4942210.874235958 0
v -8239074.364511137 4942198.263102432 0
v -8239056.700384514 4942164.031792367 0
v -8239059.50095723 4942179.9336414635 0
v -8239074.364511137 4942198.263102432 0
v -8239046.169938728 4942157.989354891 0
v -8239056.700384514 4942164.031792367 0
v -8239074.364511137 4942198.263102432 0
v -8239046.751291197 4942156.950659736 0
v -8239046.169938728 4942157.989354891 0
v -8239074.364511137 4942198.263102432 0
v -8239055.656242762 4942157.797880045 0
v -8239046.751291197 4942156.950659736 0
v -8239074.364511137 4942198.263102432 0
v -8239062.007902381 4942146.448672673 0
v -8239055.656242762 4942157.797880045 0
v -8239074.364511137 4942198.263102432 0
v -8239087.359142364 4942160.995179889 0
v -8239062.007902381 4942146.448672673 0
v -8239074.364511137 4942198.263102432 0
v -8239071.135076499 4942189.98456757 0
v -8239087.359142364 4942160.995179889 0
v -8239074.364511137 4942198.263102432 0
v -8239072.7233389625 4942190.895953545 0
v -8239071.135076499 4942189.98456757 0
v -8239074.364511137 4942198.263102432 0
v -8239089.645967739 4942160.658281771 0
v -8239072.7233389625 4942190.895953545 0
v -8239074.364511137 4942198.263102432 0
v -8239091.519995357 4942161.733694444 0
v -8239089.645967739 4942160.658281771 0
v -8239074.364511137 4942198.263102432 0
v -8239128.449515893 4942182.923700365 0
v -8239091.519995357 4942161.733694444 0
v -8239074.364511137 4942198.263102432 0
v -8239164.415032074 4942203.560305439 0
v -8239128.449515893 4942182.923700365 0
v -8239074.364511137 4942198.263102432 0
v -8239144.290937543 4942239.518878409 0
v -8239164.415032074 4942203.560305439 0
v -8239074.364511137 4942198.263102432 0
v -8239123.973483453 4942275.823065131 0
v -8239144.290937543 4942239.518878409 0
v -8239074.364511137 4942198.263102432 0
v -8239088.515602315 4942255.752215188 0
v -8239123.973483453 4942275.823065131 0
v -8239074.364511137 4942198.263102432 0
v -8239053.2540969765 4942235.244242281 0
v -8239088.515602315 4942255.752215188 0
v -8239074.364511137 4942198.263102432 0
v -8239049.20417937 4942232.920415896 0
v -8239053.2540969765 4942235.244242281 0
v -8239074.364511137 4942198.263102432 0
v -8239057.050375128 4942218.900731027 0
v -8239049.20417937 4942232.920415896 0
v -8239057.050375128 4942218.900731027 0
v -8239054.261457488 4942217.300395307 0
v -8239057.050375128 4942218.900731027 547.6909728219435
v -8239057.050375128 4942218.900731027 547.6909728219435
v -8239054.261457488 4942217.300395307 0
v -8239054.261457488 4942217.300395307 547.6909728219435
v -8239054.261457488 4942217.300395307 0
v -8239050.288378142 4942224.39961611 0
v -8239054.261457488 4942217.300395307 547.6909728219435
v -8239054.261457488 4942217.300395307 547.6909728219435
v -8239050.288378142 4942224.39961611 0
v -8239050.288378142 4942224.39961611 547.6909728219435
v -8239050.288378142 4942224.39961611 0
v -8239042.965230293 4942220.197525992 0
v -8239050.288378142 4942224.39961611 547.6909728219435
v -8239050.288378142 4942224.39961611 547.6909728219435
v -8239042.965230293 4942220.197525992 0
v -8239042.965230293 4942220.197525992 547.6909728219435
v -8239042.965230293 4942220.197525992 0
v -8239046.724947489 4942213.479452856 0
v -8239042.965230293 4942220.197525992 547.6909728219435
v -8239042.965230293 4942220.197525992 547.6909728219435
v -8239046.724947489 4942213.479452856 0
v -8239046.724947489 4942213.479452856 547.6909728219435
v -8239046.724947489 4942213.479452856 0
v -8239042.184793404 4942210.874235958 0
v -8239046.724947489 4942213.479452856 547.6909728219435
v -8239046.724947489 4942213.479452856 547.6909728219435
v -8239042.184793404 4942210.874235958 0
v -8239042.184793404 4942210.874235958 547.6909728219435
v -8239042.184793404 4942210.874235958 0
v -8239059.50095723 4942179.9336414635 0
v -8239042.184793404 4942210.874235958 547.6909728219435
v -8239042.184793404 4942210.874235958 547.6909728219435
v -8239059.50095723 4942179.9336414635 0
v -8239059.50095723 4942179.9336414635 547.6909728219435
v -8239059.50095723 4942179.9336414635 0
v -8239056.700384514 4942164.031792367 0
v -8239059.50095723 4942179.9336414635 547.6909728219435
v -8239059.50095723 4942179.9336414635 547.6909728219435
v -8239056.700384514 4942164.031792367 0
v -8239056.700384514 4942164.031792367 547.6909728219435
v -8239056.700384514 4942164.031792367 0
v -8239046.169938728 4942157.989354891 0
v -8239056.700384514 4942164.031792367 547.6909728219435
v -8239056.700384514 4942164.031792367 547.6909728219435
v -8239046.169938728 4942157.989354891 0
v -8239046.169938728 4942157.989354891 547.6909728219435
v -8239046.169938728 4942157.989354891 0
v -8239046.751291197 4942156.950659736 0
v -8239046.169938728 4942157.989354891 547.6909728219435
v -8239046.169938728 4942157.989354891 547.6909728219435
v -8239046.751291197 4942156.950659736 0
v -8239046.751291197 4942156.950659736 547.6909728219435
v -8239046.751291197 4942156.950659736 0
v -8239055.656242762 4942157.797880045 0
v -8239046.751291197 4942156.950659736 547.6909728219435
v -8239046.751291197 4942156.950659736 547.6909728219435
v -8239055.656242762 4942157.797880045 0
v -8239055.656242762 4942157.797880045 547.6909728219435
v -8239055.656242762 4942157.797880045 0
v -8239062.007902381 4942146.448672673 0
v -8239055.656242762 4942157.797880045 547.6909728219435
v -8239055.656242762 4942157.797880045 547.6909728219435
v -8239062.007902381 4942146.448672673 0
v -8239062.007902381 4942146.448672673 547.6909728219435
v -8239062.007902381 4942146.448672673 0
v -8239087.359142364 4942160.995179889 0
v -8239062.007902381 4942146.448672673 547.6909728219435
v -8239062.007902381 4942146.448672673 547.6909728219435
v -8239087.359142364 4942160.995179889 0
v -8239087.359142364 4942160.995179889 547.6909728219435
v -8239087.359142364 4942160.995179889 0
v -8239071.135076499 4942189.98456757 0
v -8239087.359142364 4942160.995179889 547.6909728219435
v -8239087.359142364 4942160.995179889 547.6909728219435
v -8239071.135076499 4942189.98456757 0
v -8239071.135076499 4942189.98456757 547.6909728219435
v -8239071.135076499 4942189.98456757 0
v -8239072.7233389625 4942190.895953545 0
v -8239071.135076499 4942189.98456757 547.6909728219435
v -8239071.135076499 4942189.98456757 547.6909728219435
v -8239072.7233389625 4942190.895953545 0
v -8239072.7233389625 4942190.895953545 547.6909728219435
v -8239072.7233389625 4942190.895953545 0
v -8239089.645967739 4942160.658281771 0
v -8239072.7233389625 4942190.895953545 547.6909728219435
v -8239072.7233389625 4942190.895953545 547.6909728219435
v -8239089.645967739 4942160.658281771 0
v -8239089.645967739 4942160.658281771 547.6909728219435
v -8239089.645967739 4942160.658281771 0
v -8239091.519995357 4942161.733694444 0
v -8239089.645967739 4942160.658281771 547.6909728219435
v -8239089.645967739 4942160.658281771 547.6909728219435
v -8239091.519995357 4942161.733694444 0
v -8239091.519995357 4942161.733694444 547.6909728219435
v -8239091.519995357 4942161.733694444 0
v -8239128.449515893 4942182.923700365 0
v -8239091.519995357 4942161.733694444 547.6909728219435
v -8239091.519995357 4942161.733694444 547.6909728219435
v -8239128.449515893 4942182.923700365 0
v -8239128.449515893 4942182.923700365 547.6909728219435
v -8239128.449515893 4942182.923700365 0
v -8239164.415032074 4942203.560305439 0
v -8239128.449515893 4942182.923700365 547.6909728219435
v -8239128.449515893 4942182.923700365 547.6909728219435
v -8239164.415032074 4942203.560305439 0
v -8239164.415032074 4942203.560305439 547.6909728219435
v -8239164.415032074 4942203.560305439 0
v -8239144.290937543 4942239.518878409 0
v -8239164.415032074 4942203.560305439 547.6909728219435
v -8239164.415032074 4942203.560305439 547.6909728219435
v -8239144.290937543 4942239.518878409 0
v -8239144.290937543 4942239.518878409 547.6909728219435
v -8239144.290937543 4942239.518878409 0
v -8239123.973483453 4942275.823065131 0
v -8239144.290937543 4942239.518878409 547.6909728219435
v -8239144.290937543 4942239.518878409 547.6909728219435
v -8239123.973483453 4942275.823065131 0
v -8239123.973483453 4942275.823065131 547.6909728219435
v -8239123.973483453 4942275.823065131 0
v -8239088.515602315 4942255.752215188 0
v -8239123.973483453 4942275.823065131 547.6909728219435
v -8239123.973483453 4942275.823065131 547.6909728219435
v -8239088.515602315 4942255.752215188 0
v -8239088.515602315 4942255.752215188 547.6909728219435
v -8239088.515602315 4942255.752215188 0
v -8239053.2540969765 4942235.244242281 0
v -8239088.515602315 4942255.752215188 547.6909728219435
v -8239088.515602315 4942255.752215188 547.6909728219435
v -8239053.2540969765 4942235.244242281 0
v -8239053.2540969765 4942235.244242281 547.6909728219435
v -8239053.2540969765 4942235.244242281 0
v -8239049.20417937 4942232.920415896 0
v -8239053.2540969765 4942235.244242281 547.6909728219435
v -8239053.2540969765 4942235.244242281 547.6909728219435
v -8239049.20417937 4942232.920415896 0
v -8239049.20417937 4942232.920415896 547.6909728219435
v -8239049.20417937 4942232.920415896 0
v -8239057.050375128 4942218.900731027 0
v -8239049.20417937 4942232.920415896 547.6909728219435
v -8239049.20417937 4942232.920415896 547.6909728219435
v -8239057.050375128 4942218.900731027 0
v -8239057.050375128 4942218.900731027 547.6909728219435
vn 0.0 0.0 -1.0
vn 0.0 0.0 -1.0
vn 0.0 0.0 -1.0
vn 0.0 0.0 1.0
vn 0.0 0.0 1.0
vn 0.0 0.0 1.0
vn 0.0 0.0 -1.0
vn 0.0 0.0 -1.0
vn 0.0 0.0 -1.0
vn 0.0 0.0 -1.0
vn 0.0 0.0 -1.0
vn 0.0 0.0 -1.0
vn 0.0 0.0 -1.0
vn 0.0 0.0 -1.0
vn 0.0 0.0 -1.0
vn 0.0 0.0 -1.0
vn 0.0 0.0 -1.0
vn 0.0 0.0 -1.0
vn 0.0 0.0 -1.0
vn 0.0 0.0 -1.0
vn 0.0 0.0 -1.0
vn 0.0 0.0 1.0
vn 0.0 0.0 1.0
vn 0.0 0.0 1.0
vn 0.0 0.0 -1.0
vn 0.0 0.0 -1.0
vn 0.0 0.0 -1.0
vn 0.0 0.0 -1.0
vn 0.0 0.0 -1.0
vn 0.0 0.0 -1.0
vn 0.0 0.0 -1.0
vn 0.0 0.0 -1.0
vn 0.0 0.0 -1.0
vn 0.0 -0.0 -1.0
vn 0.0 -0.0 -1.0
vn 0.0 -0.0 -1.0
vn 0.0 0.0 1.0
vn 0.0 0.0 1.0
vn 0.0 0.0 1.0
vn 0.0 0.0 -1.0
vn 0.0 0.0 -1.0
vn 0.0 0.0 -1.0
vn 0.0 -0.0 -1.0
vn 0.0 -0.0 -1.0
vn 0.0 -0.0 -1.0
vn 0.0 0.0 -1.0
vn 0.0 0.0 -1.0
vn 0.0 0.0 -1.0
vn 0.0 0.0 -1.0
vn 0.0 0.0 -1.0
vn 0.0 0.0 -1.0
vn -0.0 0.0 -1.0
vn -0.0 0.0 -1.0
vn -0.0 0.0 -1.0
vn 0.0 0.0 -1.0
vn 0.0 0.0 -1.0
vn 0.0 0.0 -1.0
vn 0.0 0.0 -1.0
vn 0.0 0.0 -1.0
vn 0.0 0.0 -1.0
vn 0.0 0.0 -1.0
vn 0.0 0.0 -1.0
vn 0.0 0.0 -1.0
vn 0.0 0.0 -1.0
vn 0.0 0.0 -1.0
vn 0.0 0.0 -1.0
vn 0.0 0.0 -1.0
vn 0.0 0.0 -1.0
vn 0.0 0.0 -1.0
vn 0.0 0.0 -1.0
vn 0.0 0.0 -1.0
vn 0.0 0.0 -1.0
vn 0.0 0.0 1.0
vn 0.0 0.0 1.0
vn 0.0 0.0 1.0
vn 0.0 0.0 -1.0
vn 0.0 0.0 -1.0
vn 0.0 0.0 -1.0
vn 0.0 0.0 1.0
vn 0.0 0.0 1.0
vn 0.0 0.0 1.0
vn 0.0 0.0 1.0
vn 0.0 0.0 1.0
vn 0.0 0.0 1.0
vn 0.0 0.0 1.0
vn 0.0 0.0 1.0
vn 0.0 0.0 1.0
vn -0.0 0.0 1.0
vn -0.0 0.0 1.0
vn -0.0 0.0 1.0
vn 0.0 0.0 1.0
vn 0.0 0.0 1.0
vn 0.0 0.0 1.0
vn 0.0 0.0 -1.0
vn 0.0 0.0 -1.0
vn 0.0 0.0 -1.0
vn 0.0 0.0 1.0
vn 0.0 0.0 1.0
vn 0.0 0.0 1.0
vn 0.0 0.0 1.0
vn 0.0 0.0 1.0
vn 0.0 0.0 1.0
vn 0.0 0.0 1.0
vn 0.0 0.0 1.0
vn 0.0 0.0 1.0
vn 0.0 0.0 1.0
vn 0.0 0.0 1.0
vn 0.0 0.0 1.0
vn 0.0 -0.0 -1.0
vn 0.0 -0.0 -1.0
vn 0.0 -0.0 -1.0
vn 0.0 0.0 1.0
vn 0.0 0.0 1.0
vn 0.0 0.0 1.0
vn 0.0 0.0 1.0
vn 0.0 0.0 1.0
vn 0.0 0.0 1.0
vn 0.0 0.0 1.0
vn 0.0 0.0 1.0
vn 0.0 0.0 1.0
vn 0.0 0.0 1.0
vn 0.0 0.0 1.0
vn 0.0 0.0 1.0
vn 0.0 0.0 1.0
vn 0.0 0.0 1.0
vn 0.0 0.0 1.0
vn 0.0 0.0 1.0
vn 0.0 0.0 1.0
vn 0.0 0.0 1.0
vn 0.0 0.0 1.0
vn 0.0 0.0 1.0
vn 0.0 0.0 1.0
vn 0.0 0.0 1.0
vn 0.0 0.0 1.0
vn 0.0 0.0 1.0
vn 0.0 -0.0 1.0
vn 0.0 -0.0 1.0
vn 0.0 -0.0 1.0
vn 0.0 0.0 1.0
vn 0.0 0.0 1.0
vn 0.0 0.0 1.0
vn 0.0 0.0 1.0
vn 0.0 0.0 1.0
vn 0.0 0.0 1.0
vn -0.49770152846608895 -0.8673483663226206 0.0
vn -0.49770152846608895 -0.8673483663226206 0.0
vn -0.49770152846608895 -0.8673483663226206 0.0
vn -0.49770152846608895 -0.8673483663226206 0.0
vn -0.49770152846608895 -0.8673483663226206 0.0
vn -0.49770152846608895 -0.8673483663226206 0.0
vn 0.8726361673207804 -0.4883708831243922 0.0
vn 0.8726361673207804 -0.4883708831243922 0.0
vn 0.8726361673207804 -0.4883708831243922 0.0
vn 0.8726361673207804 -0.4883708831243922 0.0
vn 0.8726361673207804 -0.4883708831243922 0.0
vn 0.8726361673207804 -0.4883708831243922 0.0
vn -0.4976947608296937 -0.8673522496902132 0.0
vn -0.4976947608296937 -0.8673522496902132 0.0
vn -0.4976947608296937 -0.8673522496902132 0.0
vn -0.4976947608296937 -0.8673522496902132 0.0
vn -0.4976947608296937 -0.8673522496902132 0.0
vn -0.4976947608296937 -0.8673522496902132 0.0
vn -0.8726390921169024 0.48836565697168793 0.0
vn -0.8726390921169024 0.48836565697168793 0.0
vn -0.8726390921169024 0.48836565697168793 0.0
vn -0.8726390921169024 0.48836565697168793 0.0
vn -0.8726390921169024 0.48836565697168793 0.0
vn -0.8726390921169024 0.48836565697168793 0.0
vn -0.49769970463767105 -0.8673494128686403 0.0
vn -0.49769970463767105 -0.8673494128686403 0.0
vn -0.49769970463767105 -0.8673494128686403 0.0
vn -0.49769970463767105 -0.8673494128686403 0.0
vn -0.49769970463767105 -0.8673494128686403 0.0
vn -0.49769970463767105 -0.8673494128686403 0.0
vn -0.8726330630256429 0.4883764299333911 0.0
vn -0.8726330630256429 0.4883764299333911 0.0
vn -0.8726330630256429 0.4883764299333911 0.0
vn -0.8726330630256429 0.4883764299333911 0.0
vn -0.8726330630256429 0.4883764299333911 0.0
vn -0.8726330630256429 0.4883764299333911 0.0
vn -0.984843237225312 -0.17344681632006975 0.0
vn -0.984843237225312 -0.17344681632006975 0.0
vn -0.984843237225312 -0.17344681632006975 0.0
vn -0.984843237225312 -0.17344681632006975 0.0
vn -0.984843237225312 -0.17344681632006975 0.0
vn -0.984843237225312 -0.17344681632006975 0.0
vn -0.4976929063407017 -0.8673533138105518 0.0
vn -0.4976929063407017 -0.8673533138105518 0.0
vn -0.4976929063407017 -0.8673533138105518 0.0
vn -0.4976929063407017 -0.8673533138105518 0.0
vn -0.4976929063407017 -0.8673533138105518 0.0
vn -0.4976929063407017 -0.8673533138105518 0.0
vn -0.8726194599532324 0.4884007351662456 0.0
vn -0.8726194599532324 0.4884007351662456 0.0
vn -0.8726194599532324 0.4884007351662456 0.0
vn -0.8726194599532324 0.4884007351662456 0.0
vn -0.8726194599532324 0.4884007351662456 0.0
vn -0.8726194599532324 0.4884007351662456 0.0
vn 0.0947126721325034 0.9955046507864848 -0.0
vn 0.0947126721325034 0.9955046507864848 -0.0
vn 0.0947126721325034 0.9955046507864848 -0.0
vn 0.0947126721325034 0.9955046507864848 -0.0
vn 0.0947126721325034 0.9955046507864848 -0.0
vn 0.0947126721325034 0.9955046507864848 -0.0
vn -0.8726337085360578 0.4883752765308726 0.0
vn -0.8726337085360578 0.4883752765308726 0.0
vn -0.8726337085360578 0.4883752765308726 0.0
vn -0.8726337085360578 0.4883752765308726 0.0
vn -0.8726337085360578 0.4883752765308726 0.0
vn -0.8726337085360578 0.4883752765308726 0.0
vn 0.4976878298394249 0.867356226719866 -0.0
vn 0.4976878298394249 0.867356226719866 -0.0
vn 0.4976878298394249 0.867356226719866 -0.0
vn 0.4976878298394249 0.867356226719866 -0.0
vn 0.4976878298394249 0.867356226719866 -0.0
vn 0.4976878298394249 0.867356226719866 -0.0
vn 0.8726342004518006 -0.488374397569986 0.0
vn 0.8726342004518006 -0.488374397569986 0.0
vn 0.8726342004518006 -0.488374397569986 0.0
vn 0.8726342004518006 -0.488374397569986 0.0
vn 0.8726342004518006 -0.488374397569986 0.0
vn 0.8726342004518006 -0.488374397569986 0.0
vn 0.4977055456770945 0.8673460611556759 -0.0
vn 0.4977055456770945 0.8673460611556759 -0.0
vn 0.4977055456770945 0.8673460611556759 -0.0
vn 0.4977055456770945 0.8673460611556759 -0.0
vn 0.4977055456770945 0.8673460611556759 -0.0
vn 0.4977055456770945 0.8673460611556759 -0.0
vn -0.8726347656990335 0.4883733875769573 0.0
vn -0.8726347656990335 0.4883733875769573 0.0
vn -0.8726347656990335 0.4883733875769573 0.0
vn -0.8726347656990335 0.4883733875769573 0.0
vn -0.8726347656990335 0.4883733875769573 0.0
vn -0.8726347656990335 0.4883733875769573 0.0
vn 0.49772200740041944 0.867336614786495 -0.0
vn 0.49772200740041944 0.867336614786495 -0.0
vn 0.49772200740041944 0.867336614786495 -0.0
vn 0.49772200740041944 0.867336614786495 -0.0
vn 0.49772200740041944 0.867336614786495 -0.0
vn 0.49772200740041944 0.867336614786495 -0.0
vn 0.49768600958814785 0.8673572711750482 -0.0
vn 0.49768600958814785 0.8673572711750482 -0.0
vn 0.49768600958814785 0.8673572711750482 -0.0
vn 0.49768600958814785 0.8673572711750482 -0.0
vn 0.49768600958814785 0.8673572711750482 -0.0
vn 0.49768600958814785 0.8673572711750482 -0.0
vn 0.49768130798760074 0.8673599689170297 -0.0
vn 0.49768130798760074 0.8673599689170297 -0.0
vn 0.49768130798760074 0.8673599689170297 -0.0
vn 0.49768130798760074 0.8673599689170297 -0.0
vn 0.49768130798760074 0.8673599689170297 -0.0
vn 0.49768130798760074 0.8673599689170297 -0.0
vn 0.87263743918283 -0.48836861051508274 0.0
vn 0.87263743918283 -0.48836861051508274 0.0
vn 0.87263743918283 -0.48836861051508274 0.0
vn 0.87263743918283 -0.48836861051508274 0.0
vn 0.87263743918283 -0.48836861051508274 0.0
vn 0.87263743918283 -0.48836861051508274 0.0
vn 0.8726380744566751 -0.48836747537949976 0.0
vn 0.8726380744566751 -0.48836747537949976 0.0
vn 0.8726380744566751 -0.48836747537949976 0.0
vn 0.8726380744566751 -0.48836747537949976 0.0
vn 0.8726380744566751 -0.48836747537949976 0.0
vn 0.8726380744566751 -0.48836747537949976 0.0
vn -0.49260474760491757 -0.8702531600845214 0.0
vn -0.49260474760491757 -0.8702531600845214 0.0
vn -0.49260474760491757 -0.8702531600845214 0.0
vn -0.49260474760491757 -0.8702531600845214 0.0
vn -0.49260474760491757 -0.8702531600845214 0.0
vn -0.49260474760491757 -0.8702531600845214 0.0
vn -0.5027504941765659 -0.8644315708054737 0.0
vn -0.5027504941765659 -0.8644315708054737 0.0
vn -0.5027504941765659 -0.8644315708054737 0.0
vn -0.5027504941765659 -0.8644315708054737 0.0
vn -0.5027504941765659 -0.8644315708054737 0.0
vn -0.5027504941765659 -0.8644315708054737 0.0
vn -0.4976860799790354 -0.8673572307850446 0.0
vn -0.4976860799790354 -0.8673572307850446 0.0
vn -0.4976860799790354 -0.8673572307850446 0.0
vn -0.4976860799790354 -0.8673572307850446 0.0
vn -0.4976860799790354 -0.8673572307850446 0.0
vn -0.4976860799790354 -0.8673572307850446 0.0
vn -0.8726340907085436 0.4883745936607198 0.0
vn -0.8726340907085436 0.4883745936607198 0.0
vn -0.8726340907085436 0.4883745936607198 0.0
vn -0.8726340907085436 0.4883745936607198 0.0
vn -0.8726340907085436 0.4883745936607198 0.0
vn -0.8726340907085436 0.4883745936607198 0.0
f 1//1 2//2 3//3
f 4//4 5//5 6//6
f 7//7 8//8 9//9
f 10//10 11//11 12//12
f 13//13 14//14 15//15
f 16//16 17//17 18//18
f 19//19 20//20 21//21
f 22//22 23//23 24//24
f 25//25 26//26 27//27
f 28//28 29//29 30//30
f 31//31 32//32 33//33
f 34//34 35//35 36//36
f 37//37 38//38 39//39
f 40//40 41//41 42//42
f 43//43 44//44 45//45
f 46//46 47//47 48//48
f 49//49 50//50 51//51
f 52//52 53//53 54//54
f 55//55 56//56 57//57
f 58//58 59//59 60//60
f 61//61 62//62 63//63
f 64//64 65//65 66//66
f 67//67 68//68 69//69
f 70//70 71//71 72//72
f 73//73 74//74 75//75
f 76//76 77//77 78//78
f 79//79 80//80 81//81
f 82//82 83//83 84//84
f 85//85 86//86 87//87
f 88//88 89//89 90//90
f 91//91 92//92 93//93
f 94//94 95//95 96//96
f 97//97 98//98 99//99
f 100//100 101//101 102//102
f 103//103 104//104 105//105
f 106//106 107//107 108//108
f 109//109 110//110 111//111
f 112//112 113//113 114//114
f 115//115 116//116 117//117
f 118//118 119//119 120//120
f 121//121 122//122 123//123
f 124//124 125//125 126//126
f 127//127 128//128 129//129
f 130//130 131//131 132//132
f 133//133 134//134 135//135
f 136//136 137//137 138//138
f 139//139 140//140 141//141
f 142//142 143//143 144//144
f 145//145 146//146 147//147
f 148//148 149//149 150//150
f 151//151 152//152 153//153
f 154//154 155//155 156//156
f 157//157 158//158 159//159
f 160//160 161//161 162//162
f 163//163 164//164 165//165
f 166//166 167//167 168//168
f 169//169 170//170 171//171
f 172//172 173//173 174//174
f 175//175 176//176 177//177
f 178//178 179//179 180//180
f 181//181 182//182 183//183
f 184//184 185//185 186//186
f 187//187 188//188 189//189
f 190//190 191//191 192//192
f 193//193 194//194 195//195
f 196//196 197//197 198//198
f 199//199 200//200 201//201
f 202//202 203//203 204//204
f 205//205 206//206 207//207
f 208//208 209//209 210//210
f 211//211 212//212 213//213
f 214//214 215//215 216//216
f 217//217 218//218 219//219
f 220//220 221//221 222//222
f 223//223 224//224 225//225
f 226//226 227//227 228//228
f 229//229 230//230 231//231
f 232//232 233//233 234//234
f 235//235 236//236 237//237
f 238//238 239//239 240//240
f 241//241 242//242 243//243
f 244//244 245//245 246//246
f 247//247 248//248 249//249
f 250//250 251//251 252//252
f 253//253 254//254 255//255
f 256//256 257//257 258//258
f 259//259 260//260 261//261
f 262//262 263//263 264//264
f 265//265 266//266 267//267
f 268//268 269//269 270//270
f 271//271 272//272 273//273
f 274//274 275//275 276//276
f 277//277 278//278 279//279
f 280//280 281//281 282//282
f 283//283 284//284 285//285
f 286//286 287//287 288//288