{"type": "FeatureCollection", "features": [{"type": "Feature", "geometry": {"type": "Point", "coordinates": [-73.99745500833791, 40.57504818064165]}, "properties": {"noise_id": 1, "unique_key": "59932657"}}, {"type": "Feature", "geometry": {"type": "Point", "coordinates": [-73.90966138007676, 40.671157266206365]}, "properties": {"noise_id": 2, "unique_key": "60145805"}}, {"type": "Feature", "geometry": {"type": "Point", "coordinates": [-73.94179736055607, 40.6606517867871]}, "properties": {"noise_id": 3, "unique_key": "59963998"}}, {"type": "Feature", "geometry": {"type": "Point", "coordinates": [-73.96322938619966, 40.68552281292638]}, "properties": {"noise_id": 4, "unique_key": "60001291"}}, {"type": "Feature", "geometry": {"type": "Point", "coordinates": [-73.98063969156779, 40.74026584140691]}, "properties": {"noise_id": 5, "unique_key": "60099975"}}, {"type": "Feature", "geometry": {"type": "Point", "coordinates": [-73.77718007929606, 40.59384816567829]}, "properties": {"noise_id": 6, "unique_key": "59978846"}}, {"type": "Feature", "geometry": {"type": "Point", "coordinates": [-73.9992419682311, 40.75952736086398]}, "properties": {"noise_id": 7, "unique_key": "59966490"}}, {"type": "Feature", "geometry": {"type": "Point", "coordinates": [-73.9598555143181, 40.77364206279381]}, "properties": {"noise_id": 8, "unique_key": "60137626"}}, {"type": "Feature", "geometry": {"type": "Point", "coordinates": [-73.92433267444532, 40.65899750041437]}, "properties": {"noise_id": 9, "unique_key": "59943648"}}, {"type": "Feature", "geometry": {"type": "Point", "coordinates": [-73.86920068822464, 40.83258373587881]}, "properties": {"noise_id": 10, "unique_key": "59995335"}}, {"type": "Feature", "geometry": {"type": "Point", "coordinates": [-74.00410947162719, 40.61093364004723]}, "properties": {"noise_id": 11, "unique_key": "60023323"}}, {"type": "Feature", "geometry": {"type": "Point", "coordinates": [-73.92718359841146, 40.76468368198577]}, "properties": {"noise_id": 12, "unique_key": "60067393"}}, {"type": "Feature", "geometry": {"type": "Point", "coordinates": [-73.81090754397326, 40.73009934988612]}, "properties": {"noise_id": 13, "unique_key": "59962385"}}, {"type": "Feature", "geometry": {"type": "Point", "coordinates": [-73.82862024765575, 40.76914922813307]}, "properties": {"noise_id": 14, "unique_key": "59988807"}}, {"type": "Feature", "geometry": {"type": "Point", "coordinates": [-73.7861719586252, 40.59133179210731]}, "properties": {"noise_id": 15, "unique_key": "60044737"}}, {"type": "Feature", "geometry": {"type": "Point", "coordinates": [-73.93687944562053, 40.81091344774894]}, "properties": {"noise_id": 16, "unique_key": "60195583"}}, {"type": "Feature", "geometry": {"type": "Point", "coordinates": [-74.10025857643946, 40.629914152017896]}, "properties": {"noise_id": 17, "unique_key": "60144478"}}, {"type": "Feature", "geometry": {"type": "Point", "coordinates": [-73.93169187852727, 40.76522441269007]}, "properties": {"noise_id": 18, "unique_key": "60150898"}}, {"type": "Feature", "geometry": {"type": "Point", "coordinates": [-73.87330926747835, 40.70929727486948]}, "properties": {"noise_id": 19, "unique_key": "59954316"}}, {"type": "Feature", "geometry": {"type": "Point", "coordinates": [-73.93922853821798, 40.80191475732544]}, "properties": {"noise_id": 20, "unique_key": "60046553"}}, {"type": "Feature", "geometry": {"type": "Point", "coordinates": [-73.94577690688102, 40.64245856553098]}, "properties": {"noise_id": 21, "unique_key": "60005026"}}, {"type": "Feature", "geometry": {"type": "Point", "coordinates": [-73.9396422906956, 40.84752392884855]}, "properties": {"noise_id": 22, "unique_key": "60107337"}}, {"type": "Feature", "geometry": {"type": "Point", "coordinates": [-73.89185106567358, 40.82364844586924]}, "properties": {"noise_id": 23, "unique_key": "60001449"}}, {"type": "Feature", "geometry": {"type": "Point", "coordinates": [-73.91727188224486, 40.839262205783406]}, "properties": {"noise_id": 24, "unique_key": "59940819"}}, {"type": "Feature", "geometry": {"type": "Point", "coordinates": [-73.99920244427376, 40.744288525703205]}, "properties": {"noise_id": 25, "unique_key": "60142087"}}, {"type": "Feature", "geometry": {"type": "Point", "coordinates": [-73.82829495089065, 40.58025854233732]}, "properties": {"noise_id": 26, "unique_key": "59976606"}}, {"type": "Feature", "geometry": {"type": "Point", "coordinates": [-73.91388741468377, 40.76523718345384]}, "properties": {"noise_id": 27, "unique_key": "60087358"}}, {"type": "Feature", "geometry": {"type": "Point", "coordinates": [-73.78063822802594, 40.71068681903918]}, "properties": {"noise_id": 28, "unique_key": "59917922"}}, {"type": "Feature", "geometry": {"type": "Point", "coordinates": [-73.96607129839435, 40.68425560139652]}, "properties": {"noise_id": 29, "unique_key": "60134070"}}, {"type": "Feature", "geometry": {"type": "Point", "coordinates": [-73.96806030298414, 40.75469218441827]}, "properties": {"noise_id": 30, "unique_key": "60091046"}}, {"type": "Feature", "geometry": {"type": "Point", "coordinates": [-73.95779397931246, 40.773600155039325]}, "properties": {"noise_id": 31, "unique_key": "60017491"}}, {"type": "Feature", "geometry": {"type": "Point", "coordinates": [-73.95299699539169, 40.822926549929285]}, "properties": {"noise_id": 32, "unique_key": "60170203"}}, {"type": "Feature", "geometry": {"type": "Point", "coordinates": [-73.95588203677079, 40.65675497321625]}, "properties": {"noise_id": 33, "unique_key": "60163214"}}, {"type": "Feature", "geometry": {"type": "Point", "coordinates": [-73.92417116218715, 40.66474221896361]}, "properties": {"noise_id": 34, "unique_key": "59973498"}}, {"type": "Feature", "geometry": {"type": "Point", "coordinates": [-73.90439784145028, 40.72424507314936]}, "properties": {"noise_id": 35, "unique_key": "60171666"}}, {"type": "Feature", "geometry": {"type": "Point", "coordinates": [-73.8500661977799, 40.84071224922153]}, "properties": {"noise_id": 36, "unique_key": "60003818"}}, {"type": "Feature", "geometry": {"type": "Point", "coordinates": [-73.97817168442607, 40.76138897624749]}, "properties": {"noise_id": 37, "unique_key": "60165616"}}, {"type": "Feature", "geometry": {"type": "Point", "coordinates": [-74.06292307439475, 40.59438732080405]}, "properties": {"noise_id": 38, "unique_key": "60152170"}}, {"type": "Feature", "geometry": {"type": "Point", "coordinates": [-73.88667923142692, 40.866908321072046]}, "properties": {"noise_id": 39, "unique_key": "59972905"}}, {"type": "Feature", "geometry": {"type": "Point", "coordinates": [-73.88000681945161, 40.845866166792334]}, "properties": {"noise_id": 40, "unique_key": "60119120"}}, {"type": "Feature", "geometry": {"type": "Point", "coordinates": [-73.9397692472213, 40.7073118741198]}, "properties": {"noise_id": 41, "unique_key": "60070467"}}, {"type": "Feature", "geometry": {"type": "Point", "coordinates": [-73.95694343787544, 40.76566205193594]}, "properties": {"noise_id": 42, "unique_key": "60007206"}}, {"type": "Feature", "geometry": {"type": "Point", "coordinates": [-73.94870332030196, 40.79179680318756]}, "properties": {"noise_id": 43, "unique_key": "60015892"}}, {"type": "Feature", "geometry": {"type": "Point", "coordinates": [-73.9550946924735, 40.653847944816754]}, "properties": {"noise_id": 44, "unique_key": "60170038"}}, {"type": "Feature", "geometry": {"type": "Point", "coordinates": [-73.94982812815758, 40.698549916110174]}, "properties": {"noise_id": 45, "unique_key": "59929825"}}, {"type": "Feature", "geometry": {"type": "Point", "coordinates": [-73.85662085969034, 40.73901993102782]}, "properties": {"noise_id": 46, "unique_key": "60102589"}}, {"type": "Feature", "geometry": {"type": "Point", "coordinates": [-73.8344193579415, 40.70916281656078]}, "properties": {"noise_id": 47, "unique_key": "59942719"}}, {"type": "Feature", "geometry": {"type": "Point", "coordinates": [-73.9034961506383, 40.69168317223365]}, "properties": {"noise_id": 48, "unique_key": "59947338"}}, {"type": "Feature", "geometry": {"type": "Point", "coordinates": [-73.91806223182732, 40.74627128454544]}, "properties": {"noise_id": 49, "unique_key": "60067579"}}, {"type": "Feature", "geometry": {"type": "Point", "coordinates": [-73.95865684544391, 40.65733515284328]}, "properties": {"noise_id": 50, "unique_key": "60137179"}}, {"type": "Feature", "geometry": {"type": "Point", "coordinates": [-73.98211943675079, 40.76639057686906]}, "properties": {"noise_id": 51, "unique_key": "60176336"}}, {"type": "Feature", "geometry": {"type": "Point", "coordinates": [-73.9202521148052, 40.774035914744]}, "properties": {"noise_id": 52, "unique_key": "59955704"}}, {"type": "Feature", "geometry": {"type": "Point", "coordinates": [-74.10579646645634, 40.582561430877725]}, "properties": {"noise_id": 53, "unique_key": "60042621"}}, {"type": "Feature", "geometry": {"type": "Point", "coordinates": [-73.89870517750592, 40.871149082428936]}, "properties": {"noise_id": 54, "unique_key": "60112553"}}, {"type": "Feature", "geometry": {"type": "Point", "coordinates": [-73.84687384879807, 40.6684777987759]}, "properties": {"noise_id": 55, "unique_key": "59919968"}}, {"type": "Feature", "geometry": {"type": "Point", "coordinates": [-73.806218921215, 40.71207765955131]}, "properties": {"noise_id": 56, "unique_key": "60073212"}}, {"type": "Feature", "geometry": {"type": "Point", "coordinates": [-73.75715157621721, 40.740716830012566]}, "properties": {"noise_id": 57, "unique_key": "60159569"}}, {"type": "Feature", "geometry": {"type": "Point", "coordinates": [-73.98891486387227, 40.69340015431026]}, "properties": {"noise_id": 58, "unique_key": "60054488"}}, {"type": "Feature", "geometry": {"type": "Point", "coordinates": [-73.95885570642864, 40.63877774097132]}, "properties": {"noise_id": 59, "unique_key": "59908851"}}, {"type": "Feature", "geometry": {"type": "Point", "coordinates": [-73.85237741323664, 40.83175099280666]}, "properties": {"noise_id": 60, "unique_key": "60118881"}}, {"type": "Feature", "geometry": {"type": "Point", "coordinates": [-73.89108523210395, 40.66461134989027]}, "properties": {"noise_id": 61, "unique_key": "60057095"}}, {"type": "Feature", "geometry": {"type": "Point", "coordinates": [-74.02669814120229, 40.617891409290365]}, "properties": {"noise_id": 62, "unique_key": "59895645"}}, {"type": "Feature", "geometry": {"type": "Point", "coordinates": [-73.85877702007126, 40.893075640018345]}, "properties": {"noise_id": 63, "unique_key": "59919612"}}, {"type": "Feature", "geometry": {"type": "Point", "coordinates": [-74.01158080256667, 40.619746660995]}, "properties": {"noise_id": 64, "unique_key": "60127091"}}, {"type": "Feature", "geometry": {"type": "Point", "coordinates": [-73.97243424015944, 40.791203825835375]}, "properties": {"noise_id": 65, "unique_key": "59953537"}}, {"type": "Feature", "geometry": {"type": "Point", "coordinates": [-73.94454974935876, 40.835674740260885]}, "properties": {"noise_id": 66, "unique_key": "60156645"}}, {"type": "Feature", "geometry": {"type": "Point", "coordinates": [-73.86102988280103, 40.88465767018836]}, "properties": {"noise_id": 67, "unique_key": "59940833"}}, {"type": "Feature", "geometry": {"type": "Point", "coordinates": [-73.84314296641367, 40.87845644364247]}, "properties": {"noise_id": 68, "unique_key": "59994400"}}, {"type": "Feature", "geometry": {"type": "Point", "coordinates": [-73.86653703997725, 40.850794587937656]}, "properties": {"noise_id": 69, "unique_key": "60154680"}}, {"type": "Feature", "geometry": {"type": "Point", "coordinates": [-73.86114444976704, 40.738034617226845]}, "properties": {"noise_id": 70, "unique_key": "59930148"}}, {"type": "Feature", "geometry": {"type": "Point", "coordinates": [-73.91737534164423, 40.68030042363502]}, "properties": {"noise_id": 71, "unique_key": "60153017"}}, {"type": "Feature", "geometry": {"type": "Point", "coordinates": [-73.97117824440998, 40.78942767746302]}, "properties": {"noise_id": 72, "unique_key": "60101230"}}, {"type": "Feature", "geometry": {"type": "Point", "coordinates": [-74.00627731196427, 40.6072417929515]}, "properties": {"noise_id": 73, "unique_key": "60173918"}}, {"type": "Feature", "geometry": {"type": "Point", "coordinates": [-73.97809756011902, 40.61356937387672]}, "properties": {"noise_id": 74, "unique_key": "59951630"}}, {"type": "Feature", "geometry": {"type": "Point", "coordinates": [-73.92284247094732, 40.86297482540808]}, "properties": {"noise_id": 75, "unique_key": "59946459"}}, {"type": "Feature", "geometry": {"type": "Point", "coordinates": [-73.89148570049225, 40.85493506628082]}, "properties": {"noise_id": 76, "unique_key": "60033219"}}, {"type": "Feature", "geometry": {"type": "Point", "coordinates": [-74.0848012940515, 40.64831117838168]}, "properties": {"noise_id": 77, "unique_key": "60040993"}}, {"type": "Feature", "geometry": {"type": "Point", "coordinates": [-73.96102114013206, 40.712892901164274]}, "properties": {"noise_id": 78, "unique_key": "60028555"}}, {"type": "Feature", "geometry": {"type": "Point", "coordinates": [-73.92886303221528, 40.8315271048226]}, "properties": {"noise_id": 79, "unique_key": "60168124"}}, {"type": "Feature", "geometry": {"type": "Point", "coordinates": [-74.00579117884209, 40.64946765802828]}, "properties": {"noise_id": 80, "unique_key": "59972671"}}, {"type": "Feature", "geometry": {"type": "Point", "coordinates": [-73.82671334939981, 40.5807227850377]}, "properties": {"noise_id": 81, "unique_key": "59946038"}}, {"type": "Feature", "geometry": {"type": "Point", "coordinates": [-73.91949552830094, 40.80854215714517]}, "properties": {"noise_id": 82, "unique_key": "60143387"}}, {"type": "Feature", "geometry": {"type": "Point", "coordinates": [-73.98248990338554, 40.73040149379362]}, "properties": {"noise_id": 83, "unique_key": "60120849"}}, {"type": "Feature", "geometry": {"type": "Point", "coordinates": [-73.97361497602098, 40.60031930394805]}, "properties": {"noise_id": 84, "unique_key": "60183541"}}, {"type": "Feature", "geometry": {"type": "Point", "coordinates": [-73.9081891153393, 40.774356303269954]}, "properties": {"noise_id": 85, "unique_key": "60019767"}}, {"type": "Feature", "geometry": {"type": "Point", "coordinates": [-73.91998949684613, 40.878422771620194]}, "properties": {"noise_id": 86, "unique_key": "59966656"}}, {"type": "Feature", "geometry": {"type": "Point", "coordinates": [-73.88954876442712, 40.82408267386471]}, "properties": {"noise_id": 87, "unique_key": "60075432"}}, {"type": "Feature", "geometry": {"type": "Point", "coordinates": [-73.95814784339578, 40.73332112821589]}, "properties": {"noise_id": 88, "unique_key": "60065081"}}, {"type": "Feature", "geometry": {"type": "Point", "coordinates": [-73.93252591706805, 40.66888380381998]}, "properties": {"noise_id": 89, "unique_key": "60087072"}}, {"type": "Feature", "geometry": {"type": "Point", "coordinates": [-73.95353360149174, 40.73746668165087]}, "properties": {"noise_id": 90, "unique_key": "60122671"}}, {"type": "Feature", "geometry": {"type": "Point", "coordinates": [-74.07537441378278, 40.62624141492057]}, "properties": {"noise_id": 91, "unique_key": "60141444"}}, {"type": "Feature", "geometry": {"type": "Point", "coordinates": [-73.92478616035895, 40.82260144676584]}, "properties": {"noise_id": 92, "unique_key": "60021204"}}, {"type": "Feature", "geometry": {"type": "Point", "coordinates": [-73.80135480658049, 40.79254005502292]}, "properties": {"noise_id": 93, "unique_key": "59904678"}}, {"type": "Feature", "geometry": {"type": "Point", "coordinates": [-73.89983560670379, 40.85760772449226]}, "properties": {"noise_id": 94, "unique_key": "60104129"}}, {"type": "Feature", "geometry": {"type": "Point", "coordinates": [-73.87606732740225, 40.75653754446254]}, "properties": {"noise_id": 95, "unique_key": "59982123"}}, {"type": "Feature", "geometry": {"type": "Point", "coordinates": [-73.91880396407264, 40.8187438042054]}, "properties": {"noise_id": 96, "unique_key": "60185597"}}, {"type": "Feature", "geometry": {"type": "Point", "coordinates": [-73.99732675171406, 40.72163055108211]}, "properties": {"noise_id": 97, "unique_key": "59998528"}}, {"type": "Feature", "geometry": {"type": "Point", "coordinates": [-73.93070988513453, 40.85898628017349]}, "properties": {"noise_id": 98, "unique_key": "60086000"}}, {"type": "Feature", "geometry": {"type": "Point", "coordinates": [-73.98722213039113, 40.60701343606638]}, "properties": {"noise_id": 99, "unique_key": "60082686"}}, {"type": "Feature", "geometry": {"type": "Point", "coordinates": [-73.82362841987063, 40.75510779637202]}, "properties": {"noise_id": 100, "unique_key": "59988711"}}, {"type": "Feature", "geometry": {"type": "Point", "coordinates": [-73.9355827752648, 40.79950565176774]}, "properties": {"noise_id": 101, "unique_key": "60053231"}}, {"type": "Feature", "geometry": {"type": "Point", "coordinates": [-74.01170886510467, 40.71322004182904]}, "properties": {"noise_id": 102, "unique_key": "59973126"}}, {"type": "Feature", "geometry": {"type": "Point", "coordinates": [-73.97653805528616, 40.77734382867276]}, "properties": {"noise_id": 103, "unique_key": "60160044"}}, {"type": "Feature", "geometry": {"type": "Point", "coordinates": [-73.89499228560491, 40.86169302311893]}, "properties": {"noise_id": 104, "unique_key": "59978130"}}, {"type": "Feature", "geometry": {"type": "Point", "coordinates": [-73.94687134438423, 40.75682526233117]}, "properties": {"noise_id": 105, "unique_key": "60108334"}}, {"type": "Feature", "geometry": {"type": "Point", "coordinates": [-73.98177562067558, 40.74315350478688]}, "properties": {"noise_id": 106, "unique_key": "60154996"}}, {"type": "Feature", "geometry": {"type": "Point", "coordinates": [-73.96457082955617, 40.80742301620198]}, "properties": {"noise_id": 107, "unique_key": "60179104"}}, {"type": "Feature", "geometry": {"type": "Point", "coordinates": [-73.7864905760169, 40.707895411006966]}, "properties": {"noise_id": 108, "unique_key": "60003776"}}, {"type": "Feature", "geometry": {"type": "Point", "coordinates": [-73.91960179072986, 40.83421083943958]}, "properties": {"noise_id": 109, "unique_key": "60074487"}}, {"type": "Feature", "geometry": {"type": "Point", "coordinates": [-73.83422356578937, 40.7559826381428]}, "properties": {"noise_id": 110, "unique_key": "59997501"}}, {"type": "Feature", "geometry": {"type": "Point", "coordinates": [-73.81415593825768, 40.58609396137463]}, "properties": {"noise_id": 111, "unique_key": "59952740"}}, {"type": "Feature", "geometry": {"type": "Point", "coordinates": [-74.00062075179495, 40.74747518072245]}, "properties": {"noise_id": 112, "unique_key": "59941977"}}, {"type": "Feature", "geometry": {"type": "Point", "coordinates": [-73.97711306543236, 40.78517741815365]}, "properties": {"noise_id": 113, "unique_key": "59917050"}}, {"type": "Feature", "geometry": {"type": "Point", "coordinates": [-73.76655834366564, 40.60299748085235]}, "properties": {"noise_id": 114, "unique_key": "60176752"}}, {"type": "Feature", "geometry": {"type": "Point", "coordinates": [-74.07591526174214, 40.60449131013345]}, "properties": {"noise_id": 115, "unique_key": "59942824"}}, {"type": "Feature", "geometry": {"type": "Point", "coordinates": [-73.95187879065577, 40.825349673470456]}, "properties": {"noise_id": 116, "unique_key": "59997739"}}, {"type": "Feature", "geometry": {"type": "Point", "coordinates": [-73.98342407217982, 40.73172185922995]}, "properties": {"noise_id": 117, "unique_key": "59984954"}}, {"type": "Feature", "geometry": {"type": "Point", "coordinates": [-74.01520507939733, 40.637966150139405]}, "properties": {"noise_id": 118, "unique_key": "60190865"}}, {"type": "Feature", "geometry": {"type": "Point", "coordinates": [-73.85065772002305, 40.73498579451062]}, "properties": {"noise_id": 119, "unique_key": "60025310"}}, {"type": "Feature", "geometry": {"type": "Point", "coordinates": [-73.92781806343082, 40.70554560595861]}, "properties": {"noise_id": 120, "unique_key": "59938956"}}, {"type": "Feature", "geometry": {"type": "Point", "coordinates": [-73.88686564291473, 40.84871935954449]}, "properties": {"noise_id": 121, "unique_key": "60024055"}}, {"type": "Feature", "geometry": {"type": "Point", "coordinates": [-73.93768722706025, 40.83942874568846]}, "properties": {"noise_id": 122, "unique_key": "59920665"}}, {"type": "Feature", "geometry": {"type": "Point", "coordinates": [-73.82298487788441, 40.71611751034009]}, "properties": {"noise_id": 123, "unique_key": "60104004"}}, {"type": "Feature", "geometry": {"type": "Point", "coordinates": [-73.99418192948342, 40.751218871645]}, "properties": {"noise_id": 124, "unique_key": "60176428"}}, {"type": "Feature", "geometry": {"type": "Point", "coordinates": [-73.93600316082807, 40.84687696137512]}, "properties": {"noise_id": 125, "unique_key": "60188606"}}, {"type": "Feature", "geometry": {"type": "Point", "coordinates": [-73.81056639107834, 40.70160810737411]}, "properties": {"noise_id": 126, "unique_key": "60024600"}}, {"type": "Feature", "geometry": {"type": "Point", "coordinates": [-73.8917185438781, 40.84291621428847]}, "properties": {"noise_id": 127, "unique_key": "59930011"}}, {"type": "Feature", "geometry": {"type": "Point", "coordinates": [-74.02962016507018, 40.61966931894927]}, "properties": {"noise_id": 128, "unique_key": "60105270"}}, {"type": "Feature", "geometry": {"type": "Point", "coordinates": [-73.90155761230223, 40.856752859501285]}, "properties": {"noise_id": 129, "unique_key": "60060103"}}, {"type": "Feature", "geometry": {"type": "Point", "coordinates": [-74.0294994795663, 40.63186170859829]}, "properties": {"noise_id": 130, "unique_key": "60014663"}}, {"type": "Feature", "geometry": {"type": "Point", "coordinates": [-73.90922483480284, 40.854173636706776]}, "properties": {"noise_id": 131, "unique_key": "60115540"}}, {"type": "Feature", "geometry": {"type": "Point", "coordinates": [-73.88413383055294, 40.71547616453631]}, "properties": {"noise_id": 132, "unique_key": "60187295"}}, {"type": "Feature", "geometry": {"type": "Point", "coordinates": [-73.97124697045079, 40.68046373538717]}, "properties": {"noise_id": 133, "unique_key": "59917319"}}, {"type": "Feature", "geometry": {"type": "Point", "coordinates": [-73.99867958351169, 40.72297550609605]}, "properties": {"noise_id": 134, "unique_key": "60188436"}}, {"type": "Feature", "geometry": {"type": "Point", "coordinates": [-73.8344302662537, 40.68298868089878]}, "properties": {"noise_id": 135, "unique_key": "60085161"}}, {"type": "Feature", "geometry": {"type": "Point", "coordinates": [-73.83268051560047, 40.70640455460387]}, "properties": {"noise_id": 136, "unique_key": "60186558"}}, {"type": "Feature", "geometry": {"type": "Point", "coordinates": [-73.89029208051868, 40.74579255229436]}, "properties": {"noise_id": 137, "unique_key": "59944556"}}, {"type": "Feature", "geometry": {"type": "Point", "coordinates": [-73.9544431117716, 40.64221529454029]}, "properties": {"noise_id": 138, "unique_key": "60126842"}}, {"type": "Feature", "geometry": {"type": "Point", "coordinates": [-73.96342723146404, 40.646928553451495]}, "properties": {"noise_id": 139, "unique_key": "60071969"}}, {"type": "Feature", "geometry": {"type": "Point", "coordinates": [-73.8183178129464, 40.690671701990816]}, "properties": {"noise_id": 140, "unique_key": "59952715"}}, {"type": "Feature", "geometry": {"type": "Point", "coordinates": [-73.71481505807022, 40.72965717227608]}, "properties": {"noise_id": 141, "unique_key": "59919012"}}, {"type": "Feature", "geometry": {"type": "Point", "coordinates": [-73.91257855968743, 40.87680077226638]}, "properties": {"noise_id": 142, "unique_key": "60174018"}}, {"type": "Feature", "geometry": {"type": "Point", "coordinates": [-73.86541017794718, 40.84856183153434]}, "properties": {"noise_id": 143, "unique_key": "59954817"}}, {"type": "Feature", "geometry": {"type": "Point", "coordinates": [-73.93367703574926, 40.671305366759526]}, "properties": {"noise_id": 144, "unique_key": "60042020"}}, {"type": "Feature", "geometry": {"type": "Point", "coordinates": [-73.92076878882119, 40.76764926023644]}, "properties": {"noise_id": 145, "unique_key": "60122829"}}, {"type": "Feature", "geometry": {"type": "Point", "coordinates": [-73.94221203522523, 40.61884066204244]}, "properties": {"noise_id": 146, "unique_key": "60099307"}}, {"type": "Feature", "geometry": {"type": "Point", "coordinates": [-73.93109407751078, 40.66611621871263]}, "properties": {"noise_id": 147, "unique_key": "59919544"}}, {"type": "Feature", "geometry": {"type": "Point", "coordinates": [-73.80394880749206, 40.70514052646012]}, "properties": {"noise_id": 148, "unique_key": "60179675"}}, {"type": "Feature", "geometry": {"type": "Point", "coordinates": [-74.15469030954324, 40.5610992401352]}, "properties": {"noise_id": 149, "unique_key": "60179097"}}, {"type": "Feature", "geometry": {"type": "Point", "coordinates": [-73.87601599872089, 40.735633458384704]}, "properties": {"noise_id": 150, "unique_key": "60053309"}}, {"type": "Feature", "geometry": {"type": "Point", "coordinates": [-73.96284582423895, 40.76562019069692]}, "properties": {"noise_id": 151, "unique_key": "60118872"}}, {"type": "Feature", "geometry": {"type": "Point", "coordinates": [-73.89251472852877, 40.819891545624266]}, "properties": {"noise_id": 152, "unique_key": "60166075"}}, {"type": "Feature", "geometry": {"type": "Point", "coordinates": [-74.02757803735444, 40.62904054248751]}, "properties": {"noise_id": 153, "unique_key": "59945465"}}, {"type": "Feature", "geometry": {"type": "Point", "coordinates": [-73.79367980321378, 40.6948516339008]}, "properties": {"noise_id": 154, "unique_key": "60083915"}}, {"type": "Feature", "geometry": {"type": "Point", "coordinates": [-73.92656982016031, 40.64361169433224]}, "properties": {"noise_id": 155, "unique_key": "60168396"}}, {"type": "Feature", "geometry": {"type": "Point", "coordinates": [-73.94190054726282, 40.633220463474885]}, "properties": {"noise_id": 156, "unique_key": "59900777"}}, {"type": "Feature", "geometry": {"type": "Point", "coordinates": [-73.95440702204013, 40.768861444271984]}, "properties": {"noise_id": 157, "unique_key": "60082150"}}, {"type": "Feature", "geometry": {"type": "Point", "coordinates": [-73.90654342164052, 40.84590169752644]}, "properties": {"noise_id": 158, "unique_key": "60137522"}}, {"type": "Feature", "geometry": {"type": "Point", "coordinates": [-73.98483450522959, 40.76501585078629]}, "properties": {"noise_id": 159, "unique_key": "59936693"}}, {"type": "Feature", "geometry": {"type": "Point", "coordinates": [-73.86676912232124, 40.76380074482565]}, "properties": {"noise_id": 160, "unique_key": "60014579"}}, {"type": "Feature", "geometry": {"type": "Point", "coordinates": [-73.92513531524392, 40.86873196644229]}, "properties": {"noise_id": 161, "unique_key": "60007595"}}, {"type": "Feature", "geometry": {"type": "Point", "coordinates": [-73.8774098108969, 40.727257950593135]}, "properties": {"noise_id": 162, "unique_key": "60034618"}}, {"type": "Feature", "geometry": {"type": "Point", "coordinates": [-73.94650045962982, 40.77817917687063]}, "properties": {"noise_id": 163, "unique_key": "60065627"}}, {"type": "Feature", "geometry": {"type": "Point", "coordinates": [-73.95538501347518, 40.67779624770602]}, "properties": {"noise_id": 164, "unique_key": "59941022"}}, {"type": "Feature", "geometry": {"type": "Point", "coordinates": [-73.8462630006734, 40.83183906917382]}, "properties": {"noise_id": 165, "unique_key": "60027912"}}, {"type": "Feature", "geometry": {"type": "Point", "coordinates": [-73.9668892838691, 40.60535700995135]}, "properties": {"noise_id": 166, "unique_key": "60098211"}}, {"type": "Feature", "geometry": {"type": "Point", "coordinates": [-73.9226161644439, 40.84308106119238]}, "properties": {"noise_id": 167, "unique_key": "60148911"}}, {"type": "Feature", "geometry": {"type": "Point", "coordinates": [-73.99591399776028, 40.69823964126218]}, "properties": {"noise_id": 168, "unique_key": "60117225"}}, {"type": "Feature", "geometry": {"type": "Point", "coordinates": [-73.91985085673808, 40.83444431337093]}, "properties": {"noise_id": 169, "unique_key": "59934119"}}, {"type": "Feature", "geometry": {"type": "Point", "coordinates": [-73.98417839003005, 40.76122801792308]}, "properties": {"noise_id": 170, "unique_key": "60087025"}}, {"type": "Feature", "geometry": {"type": "Point", "coordinates": [-73.81170942014238, 40.70680308998936]}, "properties": {"noise_id": 171, "unique_key": "59916791"}}, {"type": "Feature", "geometry": {"type": "Point", "coordinates": [-73.94163297908115, 40.67550918543143]}, "properties": {"noise_id": 172, "unique_key": "59968485"}}, {"type": "Feature", "geometry": {"type": "Point", "coordinates": [-73.94620400115934, 40.8009987401566]}, "properties": {"noise_id": 173, "unique_key": "59989992"}}, {"type": "Feature", "geometry": {"type": "Point", "coordinates": [-73.91857631462601, 40.75676482172639]}, "properties": {"noise_id": 174, "unique_key": "60120268"}}, {"type": "Feature", "geometry": {"type": "Point", "coordinates": [-73.96638609210261, 40.78935227169139]}, "properties": {"noise_id": 175, "unique_key": "60004468"}}, {"type": "Feature", "geometry": {"type": "Point", "coordinates": [-73.78924450866437, 40.70730212589995]}, "properties": {"noise_id": 176, "unique_key": "59922945"}}, {"type": "Feature", "geometry": {"type": "Point", "coordinates": [-73.81994027618423, 40.78822841437031]}, "properties": {"noise_id": 177, "unique_key": "60013897"}}, {"type": "Feature", "geometry": {"type": "Point", "coordinates": [-73.90550351507513, 40.62890620440477]}, "properties": {"noise_id": 178, "unique_key": "59927290"}}, {"type": "Feature", "geometry": {"type": "Point", "coordinates": [-73.80343340538089, 40.71724956934783]}, "properties": {"noise_id": 179, "unique_key": "60170682"}}, {"type": "Feature", "geometry": {"type": "Point", "coordinates": [-73.94964498838702, 40.71183449842225]}, "properties": {"noise_id": 180, "unique_key": "60153322"}}, {"type": "Feature", "geometry": {"type": "Point", "coordinates": [-73.89029213423187, 40.83123062586011]}, "properties": {"noise_id": 181, "unique_key": "60028392"}}, {"type": "Feature", "geometry": {"type": "Point", "coordinates": [-73.9152983886053, 40.81674861534728]}, "properties": {"noise_id": 182, "unique_key": "59946430"}}, {"type": "Feature", "geometry": {"type": "Point", "coordinates": [-74.0299572360185, 40.61626568881644]}, "properties": {"noise_id": 183, "unique_key": "59905889"}}, {"type": "Feature", "geometry": {"type": "Point", "coordinates": [-73.82255168027476, 40.846310841692485]}, "properties": {"noise_id": 184, "unique_key": "60085577"}}, {"type": "Feature", "geometry": {"type": "Point", "coordinates": [-73.9363150279704, 40.75897179036336]}, "properties": {"noise_id": 185, "unique_key": "60032352"}}, {"type": "Feature", "geometry": {"type": "Point", "coordinates": [-73.98252473449243, 40.59758169601617]}, "properties": {"noise_id": 186, "unique_key": "60140251"}}, {"type": "Feature", "geometry": {"type": "Point", "coordinates": [-73.92220248436887, 40.86922407167794]}, "properties": {"noise_id": 187, "unique_key": "60059936"}}, {"type": "Feature", "geometry": {"type": "Point", "coordinates": [-73.95090491298406, 40.651642172395626]}, "properties": {"noise_id": 188, "unique_key": "59934452"}}, {"type": "Feature", "geometry": {"type": "Point", "coordinates": [-73.92720459513139, 40.75538175569837]}, "properties": {"noise_id": 189, "unique_key": "59921995"}}, {"type": "Feature", "geometry": {"type": "Point", "coordinates": [-73.81838914441123, 40.72538216755756]}, "properties": {"noise_id": 190, "unique_key": "60055778"}}, {"type": "Feature", "geometry": {"type": "Point", "coordinates": [-73.98317797138695, 40.60603851285432]}, "properties": {"noise_id": 191, "unique_key": "60141849"}}, {"type": "Feature", "geometry": {"type": "Point", "coordinates": [-73.9079833985855, 40.847459104178526]}, "properties": {"noise_id": 192, "unique_key": "60200378"}}, {"type": "Feature", "geometry": {"type": "Point", "coordinates": [-73.92493699912025, 40.698489713007824]}, "properties": {"noise_id": 193, "unique_key": "59955074"}}, {"type": "Feature", "geometry": {"type": "Point", "coordinates": [-73.93025165854823, 40.80988035738284]}, "properties": {"noise_id": 194, "unique_key": "60186943"}}, {"type": "Feature", "geometry": {"type": "Point", "coordinates": [-73.98915628354837, 40.73890556132368]}, "properties": {"noise_id": 195, "unique_key": "60146302"}}, {"type": "Feature", "geometry": {"type": "Point", "coordinates": [-73.94277791407647, 40.79910322837124]}, "properties": {"noise_id": 196, "unique_key": "59903934"}}, {"type": "Feature", "geometry": {"type": "Point", "coordinates": [-73.86033852779497, 40.87806134026308]}, "properties": {"noise_id": 197, "unique_key": "60064228"}}, {"type": "Feature", "geometry": {"type": "Point", "coordinates": [-74.00055204095386, 40.7306498517564]}, "properties": {"noise_id": 198, "unique_key": "60116575"}}, {"type": "Feature", "geometry": {"type": "Point", "coordinates": [-73.86238133948564, 40.73494276157093]}, "properties": {"noise_id": 199, "unique_key": "59914589"}}, {"type": "Feature", "geometry": {"type": "Point", "coordinates": [-74.15409827924107, 40.55251700741682]}, "properties": {"noise_id": 200, "unique_key": "60001355"}}, {"type": "Feature", "geometry": {"type": "Point", "coordinates": [-73.90418658215627, 40.866166649878096]}, "properties": {"noise_id": 201, "unique_key": "59931465"}}, {"type": "Feature", "geometry": {"type": "Point", "coordinates": [-73.94606344856298, 40.82735897671556]}, "properties": {"noise_id": 202, "unique_key": "60086353"}}, {"type": "Feature", "geometry": {"type": "Point", "coordinates": [-73.9589402511761, 40.81173036348992]}, "properties": {"noise_id": 203, "unique_key": "60127883"}}, {"type": "Feature", "geometry": {"type": "Point", "coordinates": [-73.9391677889259, 40.83676991167256]}, "properties": {"noise_id": 204, "unique_key": "60064290"}}, {"type": "Feature", "geometry": {"type": "Point", "coordinates": [-73.80615676217587, 40.68879913614232]}, "properties": {"noise_id": 205, "unique_key": "59903266"}}, {"type": "Feature", "geometry": {"type": "Point", "coordinates": [-73.98871591951574, 40.760921140478935]}, "properties": {"noise_id": 206, "unique_key": "60170916"}}, {"type": "Feature", "geometry": {"type": "Point", "coordinates": [-73.89613504324691, 40.86378551881625]}, "properties": {"noise_id": 207, "unique_key": "59997694"}}, {"type": "Feature", "geometry": {"type": "Point", "coordinates": [-73.90078280161762, 40.66854790201459]}, "properties": {"noise_id": 208, "unique_key": "59988025"}}, {"type": "Feature", "geometry": {"type": "Point", "coordinates": [-73.90668645121289, 40.64087445079202]}, "properties": {"noise_id": 209, "unique_key": "59971784"}}, {"type": "Feature", "geometry": {"type": "Point", "coordinates": [-73.93486629312156, 40.80087212350311]}, "properties": {"noise_id": 210, "unique_key": "60049140"}}, {"type": "Feature", "geometry": {"type": "Point", "coordinates": [-73.85692377920367, 40.85170254254405]}, "properties": {"noise_id": 211, "unique_key": "60114875"}}, {"type": "Feature", "geometry": {"type": "Point", "coordinates": [-73.7846443881223, 40.73229020892306]}, "properties": {"noise_id": 212, "unique_key": "60119619"}}, {"type": "Feature", "geometry": {"type": "Point", "coordinates": [-73.80343340538089, 40.71724956934783]}, "properties": {"noise_id": 213, "unique_key": "59975723"}}, {"type": "Feature", "geometry": {"type": "Point", "coordinates": [-73.94391486415442, 40.812882306045815]}, "properties": {"noise_id": 214, "unique_key": "60161802"}}, {"type": "Feature", "geometry": {"type": "Point", "coordinates": [-73.90129772670329, 40.87110466921486]}, "properties": {"noise_id": 215, "unique_key": "59904927"}}, {"type": "Feature", "geometry": {"type": "Point", "coordinates": [-74.1923729776601, 40.5878838093473]}, "properties": {"noise_id": 216, "unique_key": "60032400"}}, {"type": "Feature", "geometry": {"type": "Point", "coordinates": [-73.92651053490272, 40.6941677179731]}, "properties": {"noise_id": 217, "unique_key": "60032802"}}, {"type": "Feature", "geometry": {"type": "Point", "coordinates": [-74.009681845099, 40.640151597690846]}, "properties": {"noise_id": 218, "unique_key": "59894965"}}, {"type": "Feature", "geometry": {"type": "Point", "coordinates": [-73.9325790313985, 40.66983078321133]}, "properties": {"noise_id": 219, "unique_key": "60021618"}}, {"type": "Feature", "geometry": {"type": "Point", "coordinates": [-73.86269534874548, 40.74891119050484]}, "properties": {"noise_id": 220, "unique_key": "60093807"}}, {"type": "Feature", "geometry": {"type": "Point", "coordinates": [-73.98626353920513, 40.75001051062901]}, "properties": {"noise_id": 221, "unique_key": "60130952"}}, {"type": "Feature", "geometry": {"type": "Point", "coordinates": [-73.98640189093365, 40.69106957588202]}, "properties": {"noise_id": 222, "unique_key": "60150500"}}, {"type": "Feature", "geometry": {"type": "Point", "coordinates": [-73.96675831143389, 40.78883911479442]}, "properties": {"noise_id": 223, "unique_key": "59950331"}}, {"type": "Feature", "geometry": {"type": "Point", "coordinates": [-73.90959186018591, 40.7596757857884]}, "properties": {"noise_id": 224, "unique_key": "60153165"}}, {"type": "Feature", "geometry": {"type": "Point", "coordinates": [-73.73996145227909, 40.65894529228498]}, "properties": {"noise_id": 225, "unique_key": "60021929"}}, {"type": "Feature", "geometry": {"type": "Point", "coordinates": [-73.85939858922141, 40.57526684177074]}, "properties": {"noise_id": 226, "unique_key": "60015533"}}, {"type": "Feature", "geometry": {"type": "Point", "coordinates": [-73.94100638382733, 40.674721115298816]}, "properties": {"noise_id": 227, "unique_key": "59917092"}}, {"type": "Feature", "geometry": {"type": "Point", "coordinates": [-73.9882377434201, 40.72960350054764]}, "properties": {"noise_id": 228, "unique_key": "60014827"}}, {"type": "Feature", "geometry": {"type": "Point", "coordinates": [-73.98983836538007, 40.66750056107234]}, "properties": {"noise_id": 229, "unique_key": "60112083"}}, {"type": "Feature", "geometry": {"type": "Point", "coordinates": [-73.87370153790772, 40.65455865201727]}, "properties": {"noise_id": 230, "unique_key": "60102347"}}, {"type": "Feature", "geometry": {"type": "Point", "coordinates": [-73.8979691013358, 40.90549544759693]}, "properties": {"noise_id": 231, "unique_key": "60143950"}}, {"type": "Feature", "geometry": {"type": "Point", "coordinates": [-73.93563231275274, 40.815510167325854]}, "properties": {"noise_id": 232, "unique_key": "59992731"}}, {"type": "Feature", "geometry": {"type": "Point", "coordinates": [-73.84335281021538, 40.6850185840717]}, "properties": {"noise_id": 233, "unique_key": "60184668"}}, {"type": "Feature", "geometry": {"type": "Point", "coordinates": [-73.97172734946191, 40.60189436867734]}, "properties": {"noise_id": 234, "unique_key": "59986159"}}, {"type": "Feature", "geometry": {"type": "Point", "coordinates": [-73.95681752797238, 40.603514653442325]}, "properties": {"noise_id": 235, "unique_key": "60019354"}}, {"type": "Feature", "geometry": {"type": "Point", "coordinates": [-74.15245898044938, 40.58634348067121]}, "properties": {"noise_id": 236, "unique_key": "60117608"}}, {"type": "Feature", "geometry": {"type": "Point", "coordinates": [-73.90026435184974, 40.860978589282496]}, "properties": {"noise_id": 237, "unique_key": "59975651"}}, {"type": "Feature", "geometry": {"type": "Point", "coordinates": [-73.80969682426189, 40.72195913199264]}, "properties": {"noise_id": 238, "unique_key": "59984217"}}, {"type": "Feature", "geometry": {"type": "Point", "coordinates": [-73.96457082955617, 40.80742301620198]}, "properties": {"noise_id": 239, "unique_key": "59927101"}}, {"type": "Feature", "geometry": {"type": "Point", "coordinates": [-73.98783490927008, 40.76218637738536]}, "properties": {"noise_id": 240, "unique_key": "59968685"}}, {"type": "Feature", "geometry": {"type": "Point", "coordinates": [-73.80510051155417, 40.70351208798128]}, "properties": {"noise_id": 241, "unique_key": "59980770"}}, {"type": "Feature", "geometry": {"type": "Point", "coordinates": [-73.87571137644817, 40.705495647185394]}, "properties": {"noise_id": 242, "unique_key": "59919221"}}, {"type": "Feature", "geometry": {"type": "Point", "coordinates": [-74.00062057854652, 40.72887673936824]}, "properties": {"noise_id": 243, "unique_key": "60149691"}}, {"type": "Feature", "geometry": {"type": "Point", "coordinates": [-73.82829495089065, 40.58025854233732]}, "properties": {"noise_id": 244, "unique_key": "60125447"}}, {"type": "Feature", "geometry": {"type": "Point", "coordinates": [-73.90052950862469, 40.87222933467289]}, "properties": {"noise_id": 245, "unique_key": "60189957"}}, {"type": "Feature", "geometry": {"type": "Point", "coordinates": [-73.97892447645002, 40.663933612732464]}, "properties": {"noise_id": 246, "unique_key": "59947362"}}, {"type": "Feature", "geometry": {"type": "Point", "coordinates": [-73.83353967656967, 40.5804446734892]}, "properties": {"noise_id": 247, "unique_key": "59939218"}}, {"type": "Feature", "geometry": {"type": "Point", "coordinates": [-73.86285400606839, 40.75073389426432]}, "properties": {"noise_id": 248, "unique_key": "60006151"}}, {"type": "Feature", "geometry": {"type": "Point", "coordinates": [-73.95284328256895, 40.81039958525172]}, "properties": {"noise_id": 249, "unique_key": "60129542"}}, {"type": "Feature", "geometry": {"type": "Point", "coordinates": [-73.84970466421375, 40.84396700689029]}, "properties": {"noise_id": 250, "unique_key": "60017366"}}, {"type": "Feature", "geometry": {"type": "Point", "coordinates": [-73.93922862879624, 40.61586651249957]}, "properties": {"noise_id": 251, "unique_key": "60180765"}}, {"type": "Feature", "geometry": {"type": "Point", "coordinates": [-73.91678270964402, 40.80561709866251]}, "properties": {"noise_id": 252, "unique_key": "60126584"}}, {"type": "Feature", "geometry": {"type": "Point", "coordinates": [-73.94506426530351, 40.68085220583943]}, "properties": {"noise_id": 253, "unique_key": "59959244"}}, {"type": "Feature", "geometry": {"type": "Point", "coordinates": [-73.83961050923286, 40.68336930773637]}, "properties": {"noise_id": 254, "unique_key": "60191554"}}, {"type": "Feature", "geometry": {"type": "Point", "coordinates": [-73.9022080549903, 40.82250216783843]}, "properties": {"noise_id": 255, "unique_key": "60066266"}}, {"type": "Feature", "geometry": {"type": "Point", "coordinates": [-73.83247800739863, 40.75684745393927]}, "properties": {"noise_id": 256, "unique_key": "60179461"}}, {"type": "Feature", "geometry": {"type": "Point", "coordinates": [-73.93014442097454, 40.688334599490894]}, "properties": {"noise_id": 257, "unique_key": "59933991"}}, {"type": "Feature", "geometry": {"type": "Point", "coordinates": [-73.94928730627187, 40.59880973926913]}, "properties": {"noise_id": 258, "unique_key": "59994115"}}, {"type": "Feature", "geometry": {"type": "Point", "coordinates": [-73.94498664576122, 40.718126104632574]}, "properties": {"noise_id": 259, "unique_key": "59908684"}}, {"type": "Feature", "geometry": {"type": "Point", "coordinates": [-73.93684869791007, 40.82808988238997]}, "properties": {"noise_id": 260, "unique_key": "60081979"}}, {"type": "Feature", "geometry": {"type": "Point", "coordinates": [-73.74293032286553, 40.689141877636224]}, "properties": {"noise_id": 261, "unique_key": "60079715"}}, {"type": "Feature", "geometry": {"type": "Point", "coordinates": [-73.96480786866645, 40.65287967407573]}, "properties": {"noise_id": 262, "unique_key": "60184013"}}, {"type": "Feature", "geometry": {"type": "Point", "coordinates": [-73.95284328256895, 40.81039958525172]}, "properties": {"noise_id": 263, "unique_key": "60123320"}}, {"type": "Feature", "geometry": {"type": "Point", "coordinates": [-73.99759593141842, 40.660208108240816]}, "properties": {"noise_id": 264, "unique_key": "59992285"}}, {"type": "Feature", "geometry": {"type": "Point", "coordinates": [-73.8144727144112, 40.67553360454752]}, "properties": {"noise_id": 265, "unique_key": "60078868"}}, {"type": "Feature", "geometry": {"type": "Point", "coordinates": [-73.71169885626051, 40.73855893150024]}, "properties": {"noise_id": 266, "unique_key": "59991640"}}, {"type": "Feature", "geometry": {"type": "Point", "coordinates": [-73.82735246076676, 40.67746950865753]}, "properties": {"noise_id": 267, "unique_key": "60027627"}}, {"type": "Feature", "geometry": {"type": "Point", "coordinates": [-74.13526826878407, 40.63829107778808]}, "properties": {"noise_id": 268, "unique_key": "59938984"}}, {"type": "Feature", "geometry": {"type": "Point", "coordinates": [-73.77993561984331, 40.66675254787023]}, "properties": {"noise_id": 269, "unique_key": "60129030"}}, {"type": "Feature", "geometry": {"type": "Point", "coordinates": [-74.00109470309667, 40.5990075695689]}, "properties": {"noise_id": 270, "unique_key": "59949472"}}, {"type": "Feature", "geometry": {"type": "Point", "coordinates": [-73.95729009244036, 40.66418562391964]}, "properties": {"noise_id": 271, "unique_key": "59962876"}}, {"type": "Feature", "geometry": {"type": "Point", "coordinates": [-73.89187502108375, 40.82891832554981]}, "properties": {"noise_id": 272, "unique_key": "60028142"}}, {"type": "Feature", "geometry": {"type": "Point", "coordinates": [-73.88624023059418, 40.66278961571546]}, "properties": {"noise_id": 273, "unique_key": "59910306"}}, {"type": "Feature", "geometry": {"type": "Point", "coordinates": [-73.94817298779269, 40.81428959615758]}, "properties": {"noise_id": 274, "unique_key": "59922799"}}, {"type": "Feature", "geometry": {"type": "Point", "coordinates": [-73.95626035371505, 40.79985020922927]}, "properties": {"noise_id": 275, "unique_key": "60130526"}}, {"type": "Feature", "geometry": {"type": "Point", "coordinates": [-73.96291133141843, 40.654468306915255]}, "properties": {"noise_id": 276, "unique_key": "60078009"}}, {"type": "Feature", "geometry": {"type": "Point", "coordinates": [-73.9169152603162, 40.760197312350456]}, "properties": {"noise_id": 277, "unique_key": "60159976"}}, {"type": "Feature", "geometry": {"type": "Point", "coordinates": [-73.99440890889069, 40.75600572035751]}, "properties": {"noise_id": 278, "unique_key": "60048211"}}, {"type": "Feature", "geometry": {"type": "Point", "coordinates": [-73.90379356917987, 40.77795655911321]}, "properties": {"noise_id": 279, "unique_key": "60168477"}}, {"type": "Feature", "geometry": {"type": "Point", "coordinates": [-73.89648927057047, 40.89402959677806]}, "properties": {"noise_id": 280, "unique_key": "59908248"}}, {"type": "Feature", "geometry": {"type": "Point", "coordinates": [-74.01468347157059, 40.60904161209038]}, "properties": {"noise_id": 281, "unique_key": "59915664"}}, {"type": "Feature", "geometry": {"type": "Point", "coordinates": [-73.9810012927035, 40.69971208547143]}, "properties": {"noise_id": 282, "unique_key": "60140585"}}, {"type": "Feature", "geometry": {"type": "Point", "coordinates": [-73.96153202215665, 40.646450342692106]}, "properties": {"noise_id": 283, "unique_key": "60093720"}}, {"type": "Feature", "geometry": {"type": "Point", "coordinates": [-74.01103839517805, 40.71601701964443]}, "properties": {"noise_id": 284, "unique_key": "59993696"}}, {"type": "Feature", "geometry": {"type": "Point", "coordinates": [-73.79102385656348, 40.70577927683978]}, "properties": {"noise_id": 285, "unique_key": "59924406"}}, {"type": "Feature", "geometry": {"type": "Point", "coordinates": [-73.91322527935299, 40.80795572650117]}, "properties": {"noise_id": 286, "unique_key": "60195304"}}, {"type": "Feature", "geometry": {"type": "Point", "coordinates": [-73.90503219662456, 40.85379149245876]}, "properties": {"noise_id": 287, "unique_key": "60044697"}}, {"type": "Feature", "geometry": {"type": "Point", "coordinates": [-73.83433082505856, 40.70559997951733]}, "properties": {"noise_id": 288, "unique_key": "60079310"}}, {"type": "Feature", "geometry": {"type": "Point", "coordinates": [-74.0059537785769, 40.6543121905041]}, "properties": {"noise_id": 289, "unique_key": "60161399"}}, {"type": "Feature", "geometry": {"type": "Point", "coordinates": [-73.90114437860605, 40.70915162390566]}, "properties": {"noise_id": 290, "unique_key": "59933810"}}, {"type": "Feature", "geometry": {"type": "Point", "coordinates": [-73.86979125902945, 40.82994673212772]}, "properties": {"noise_id": 291, "unique_key": "60133679"}}, {"type": "Feature", "geometry": {"type": "Point", "coordinates": [-73.84891976235888, 40.68668387203231]}, "properties": {"noise_id": 292, "unique_key": "60026991"}}, {"type": "Feature", "geometry": {"type": "Point", "coordinates": [-73.98175694864635, 40.69272951866776]}, "properties": {"noise_id": 293, "unique_key": "60024517"}}, {"type": "Feature", "geometry": {"type": "Point", "coordinates": [-74.07377390929437, 40.58947865326558]}, "properties": {"noise_id": 294, "unique_key": "60018257"}}, {"type": "Feature", "geometry": {"type": "Point", "coordinates": [-73.92075441623977, 40.82827207596835]}, "properties": {"noise_id": 295, "unique_key": "60020929"}}, {"type": "Feature", "geometry": {"type": "Point", "coordinates": [-73.99218451046113, 40.76415473489274]}, "properties": {"noise_id": 296, "unique_key": "59973381"}}, {"type": "Feature", "geometry": {"type": "Point", "coordinates": [-73.88347942166085, 40.8401332832067]}, "properties": {"noise_id": 297, "unique_key": "60046451"}}, {"type": "Feature", "geometry": {"type": "Point", "coordinates": [-73.97164012726257, 40.69702303262604]}, "properties": {"noise_id": 298, "unique_key": "60134978"}}, {"type": "Feature", "geometry": {"type": "Point", "coordinates": [-73.86209084698883, 40.88749969665525]}, "properties": {"noise_id": 299, "unique_key": "60125683"}}, {"type": "Feature", "geometry": {"type": "Point", "coordinates": [-73.92998344582986, 40.85193744589935]}, "properties": {"noise_id": 300, "unique_key": "59982389"}}, {"type": "Feature", "geometry": {"type": "Point", "coordinates": [-73.73960844008522, 40.690287217483984]}, "properties": {"noise_id": 301, "unique_key": "60113256"}}, {"type": "Feature", "geometry": {"type": "Point", "coordinates": [-73.88908051585186, 40.823203914454325]}, "properties": {"noise_id": 302, "unique_key": "60086103"}}, {"type": "Feature", "geometry": {"type": "Point", "coordinates": [-73.86311063017097, 40.81378357049123]}, "properties": {"noise_id": 303, "unique_key": "59931117"}}, {"type": "Feature", "geometry": {"type": "Point", "coordinates": [-74.00030286766025, 40.68364302931577]}, "properties": {"noise_id": 304, "unique_key": "59917754"}}, {"type": "Feature", "geometry": {"type": "Point", "coordinates": [-73.95703182505424, 40.80212313320964]}, "properties": {"noise_id": 305, "unique_key": "60100437"}}, {"type": "Feature", "geometry": {"type": "Point", "coordinates": [-73.95348451546407, 40.64237410835712]}, "properties": {"noise_id": 306, "unique_key": "59908689"}}, {"type": "Feature", "geometry": {"type": "Point", "coordinates": [-73.87908876335437, 40.758376991396965]}, "properties": {"noise_id": 307, "unique_key": "60173178"}}, {"type": "Feature", "geometry": {"type": "Point", "coordinates": [-74.00274480703598, 40.70721506380074]}, "properties": {"noise_id": 308, "unique_key": "60114631"}}, {"type": "Feature", "geometry": {"type": "Point", "coordinates": [-73.99920244427376, 40.744288525703205]}, "properties": {"noise_id": 309, "unique_key": "59989933"}}, {"type": "Feature", "geometry": {"type": "Point", "coordinates": [-73.80213925495761, 40.72059047807856]}, "properties": {"noise_id": 310, "unique_key": "60008480"}}, {"type": "Feature", "geometry": {"type": "Point", "coordinates": [-73.86618273710124, 40.831065190447816]}, "properties": {"noise_id": 311, "unique_key": "60075798"}}, {"type": "Feature", "geometry": {"type": "Point", "coordinates": [-73.89472823271022, 40.86863412569598]}, "properties": {"noise_id": 312, "unique_key": "60013138"}}, {"type": "Feature", "geometry": {"type": "Point", "coordinates": [-73.808031680512, 40.69761026299205]}, "properties": {"noise_id": 313, "unique_key": "60136657"}}, {"type": "Feature", "geometry": {"type": "Point", "coordinates": [-73.84210447809329, 40.68077894273135]}, "properties": {"noise_id": 314, "unique_key": "59901258"}}, {"type": "Feature", "geometry": {"type": "Point", "coordinates": [-73.86433944374308, 40.863151426965146]}, "properties": {"noise_id": 315, "unique_key": "60188019"}}, {"type": "Feature", "geometry": {"type": "Point", "coordinates": [-73.94716501864238, 40.65961959535732]}, "properties": {"noise_id": 316, "unique_key": "59945233"}}, {"type": "Feature", "geometry": {"type": "Point", "coordinates": [-73.84897366438592, 40.869843129582335]}, "properties": {"noise_id": 317, "unique_key": "60113962"}}, {"type": "Feature", "geometry": {"type": "Point", "coordinates": [-73.94892579925813, 40.80307499148652]}, "properties": {"noise_id": 318, "unique_key": "59918198"}}, {"type": "Feature", "geometry": {"type": "Point", "coordinates": [-74.00551395197832, 40.60900399060712]}, "properties": {"noise_id": 319, "unique_key": "60027724"}}, {"type": "Feature", "geometry": {"type": "Point", "coordinates": [-73.95287980338107, 40.82004454841862]}, "properties": {"noise_id": 320, "unique_key": "60092186"}}, {"type": "Feature", "geometry": {"type": "Point", "coordinates": [-73.86603873092076, 40.67106259123944]}, "properties": {"noise_id": 321, "unique_key": "60058314"}}, {"type": "Feature", "geometry": {"type": "Point", "coordinates": [-73.91886812401324, 40.653504211649526]}, "properties": {"noise_id": 322, "unique_key": "60088252"}}, {"type": "Feature", "geometry": {"type": "Point", "coordinates": [-74.12938087121704, 40.610468390999046]}, "properties": {"noise_id": 323, "unique_key": "59953997"}}, {"type": "Feature", "geometry": {"type": "Point", "coordinates": [-73.80673623191613, 40.681704859361886]}, "properties": {"noise_id": 324, "unique_key": "60174099"}}, {"type": "Feature", "geometry": {"type": "Point", "coordinates": [-73.94416311539126, 40.66338401525194]}, "properties": {"noise_id": 325, "unique_key": "59982024"}}, {"type": "Feature", "geometry": {"type": "Point", "coordinates": [-73.98971284096268, 40.73346825657525]}, "properties": {"noise_id": 326, "unique_key": "60095183"}}, {"type": "Feature", "geometry": {"type": "Point", "coordinates": [-73.92051499056612, 40.72621434011151]}, "properties": {"noise_id": 327, "unique_key": "60198832"}}, {"type": "Feature", "geometry": {"type": "Point", "coordinates": [-73.9145266364985, 40.83254938306124]}, "properties": {"noise_id": 328, "unique_key": "59944522"}}, {"type": "Feature", "geometry": {"type": "Point", "coordinates": [-73.91836725935097, 40.862551807019045]}, "properties": {"noise_id": 329, "unique_key": "59911881"}}, {"type": "Feature", "geometry": {"type": "Point", "coordinates": [-73.98437786615641, 40.664881431126965]}, "properties": {"noise_id": 330, "unique_key": "60071497"}}, {"type": "Feature", "geometry": {"type": "Point", "coordinates": [-74.01356208170496, 40.60258599008444]}, "properties": {"noise_id": 331, "unique_key": "59920562"}}, {"type": "Feature", "geometry": {"type": "Point", "coordinates": [-73.78791751392218, 40.69926299268378]}, "properties": {"noise_id": 332, "unique_key": "59930733"}}, {"type": "Feature", "geometry": {"type": "Point", "coordinates": [-73.95094635281875, 40.65409877035123]}, "properties": {"noise_id": 333, "unique_key": "59950408"}}, {"type": "Feature", "geometry": {"type": "Point", "coordinates": [-73.91287007863208, 40.6212238613252]}, "properties": {"noise_id": 334, "unique_key": "59955755"}}, {"type": "Feature", "geometry": {"type": "Point", "coordinates": [-73.89745541503387, 40.8163910368848]}, "properties": {"noise_id": 335, "unique_key": "59995968"}}, {"type": "Feature", "geometry": {"type": "Point", "coordinates": [-73.88372349670446, 40.74597824093309]}, "properties": {"noise_id": 336, "unique_key": "59938087"}}, {"type": "Feature", "geometry": {"type": "Point", "coordinates": [-73.73849046642708, 40.666416023635946]}, "properties": {"noise_id": 337, "unique_key": "60149213"}}, {"type": "Feature", "geometry": {"type": "Point", "coordinates": [-73.94142796067328, 40.72422869382112]}, "properties": {"noise_id": 338, "unique_key": "60090324"}}, {"type": "Feature", "geometry": {"type": "Point", "coordinates": [-74.00025260208153, 40.73970479434452]}, "properties": {"noise_id": 339, "unique_key": "60116465"}}, {"type": "Feature", "geometry": {"type": "Point", "coordinates": [-73.89569840676106, 40.83099136239534]}, "properties": {"noise_id": 340, "unique_key": "60021992"}}, {"type": "Feature", "geometry": {"type": "Point", "coordinates": [-73.85526146172553, 40.695354527499525]}, "properties": {"noise_id": 341, "unique_key": "60099759"}}, {"type": "Feature", "geometry": {"type": "Point", "coordinates": [-74.11114969780962, 40.56301060912402]}, "properties": {"noise_id": 342, "unique_key": "60099698"}}, {"type": "Feature", "geometry": {"type": "Point", "coordinates": [-73.95417964487403, 40.76876803289469]}, "properties": {"noise_id": 343, "unique_key": "60003575"}}, {"type": "Feature", "geometry": {"type": "Point", "coordinates": [-73.94045394475171, 40.70394989326451]}, "properties": {"noise_id": 344, "unique_key": "60058181"}}, {"type": "Feature", "geometry": {"type": "Point", "coordinates": [-73.93082470352549, 40.67212986489693]}, "properties": {"noise_id": 345, "unique_key": "60139716"}}, {"type": "Feature", "geometry": {"type": "Point", "coordinates": [-73.92082584005514, 40.76217353750001]}, "properties": {"noise_id": 346, "unique_key": "60143345"}}, {"type": "Feature", "geometry": {"type": "Point", "coordinates": [-73.94950868460155, 40.74415669200958]}, "properties": {"noise_id": 347, "unique_key": "60020175"}}, {"type": "Feature", "geometry": {"type": "Point", "coordinates": [-73.95681752797238, 40.603514653442325]}, "properties": {"noise_id": 348, "unique_key": "60075962"}}, {"type": "Feature", "geometry": {"type": "Point", "coordinates": [-73.90358714579217, 40.70855533702424]}, "properties": {"noise_id": 349, "unique_key": "59919159"}}, {"type": "Feature", "geometry": {"type": "Point", "coordinates": [-73.91461791886047, 40.767049257202494]}, "properties": {"noise_id": 350, "unique_key": "60054573"}}, {"type": "Feature", "geometry": {"type": "Point", "coordinates": [-74.01816010111662, 40.63973061905817]}, "properties": {"noise_id": 351, "unique_key": "60005049"}}, {"type": "Feature", "geometry": {"type": "Point", "coordinates": [-73.94390581339756, 40.65217145963728]}, "properties": {"noise_id": 352, "unique_key": "60190928"}}, {"type": "Feature", "geometry": {"type": "Point", "coordinates": [-73.97515585869253, 40.78520171544904]}, "properties": {"noise_id": 353, "unique_key": "59951092"}}, {"type": "Feature", "geometry": {"type": "Point", "coordinates": [-73.85571903487914, 40.84219062436854]}, "properties": {"noise_id": 354, "unique_key": "60064433"}}, {"type": "Feature", "geometry": {"type": "Point", "coordinates": [-73.938991079402, 40.816662031382485]}, "properties": {"noise_id": 355, "unique_key": "59958980"}}, {"type": "Feature", "geometry": {"type": "Point", "coordinates": [-73.98444996153621, 40.71124884794379]}, "properties": {"noise_id": 356, "unique_key": "59905453"}}, {"type": "Feature", "geometry": {"type": "Point", "coordinates": [-73.97251681220403, 40.6349199021377]}, "properties": {"noise_id": 357, "unique_key": "59903649"}}, {"type": "Feature", "geometry": {"type": "Point", "coordinates": [-73.96523773584458, 40.7823693296991]}, "properties": {"noise_id": 358, "unique_key": "60190331"}}, {"type": "Feature", "geometry": {"type": "Point", "coordinates": [-74.12714541490105, 40.56757784743258]}, "properties": {"noise_id": 359, "unique_key": "60117755"}}, {"type": "Feature", "geometry": {"type": "Point", "coordinates": [-73.95170794016985, 40.776979282112855]}, "properties": {"noise_id": 360, "unique_key": "60072391"}}, {"type": "Feature", "geometry": {"type": "Point", "coordinates": [-73.96151406453338, 40.646346034881695]}, "properties": {"noise_id": 361, "unique_key": "59954688"}}, {"type": "Feature", "geometry": {"type": "Point", "coordinates": [-73.99990619210965, 40.72852541224985]}, "properties": {"noise_id": 362, "unique_key": "59963126"}}, {"type": "Feature", "geometry": {"type": "Point", "coordinates": [-73.92493298159279, 40.7404927765426]}, "properties": {"noise_id": 363, "unique_key": "60144825"}}, {"type": "Feature", "geometry": {"type": "Point", "coordinates": [-73.88155949257536, 40.881219508126]}, "properties": {"noise_id": 364, "unique_key": "60187970"}}, {"type": "Feature", "geometry": {"type": "Point", "coordinates": [-73.9071896108453, 40.618491091029895]}, "properties": {"noise_id": 365, "unique_key": "60011753"}}, {"type": "Feature", "geometry": {"type": "Point", "coordinates": [-73.8860180851176, 40.83498125013082]}, "properties": {"noise_id": 366, "unique_key": "60050873"}}, {"type": "Feature", "geometry": {"type": "Point", "coordinates": [-73.99347703757655, 40.76238171174098]}, "properties": {"noise_id": 367, "unique_key": "60027595"}}, {"type": "Feature", "geometry": {"type": "Point", "coordinates": [-73.95070194339141, 40.66783628908468]}, "properties": {"noise_id": 368, "unique_key": "59908840"}}, {"type": "Feature", "geometry": {"type": "Point", "coordinates": [-74.14489383469581, 40.625765844758526]}, "properties": {"noise_id": 369, "unique_key": "60172614"}}, {"type": "Feature", "geometry": {"type": "Point", "coordinates": [-73.95211879066503, 40.64747884767439]}, "properties": {"noise_id": 370, "unique_key": "60134727"}}, {"type": "Feature", "geometry": {"type": "Point", "coordinates": [-73.95836382115831, 40.768797068314726]}, "properties": {"noise_id": 371, "unique_key": "59956158"}}, {"type": "Feature", "geometry": {"type": "Point", "coordinates": [-73.88033618918335, 40.75921269693367]}, "properties": {"noise_id": 372, "unique_key": "59906866"}}, {"type": "Feature", "geometry": {"type": "Point", "coordinates": [-73.83126108586276, 40.84966422293801]}, "properties": {"noise_id": 373, "unique_key": "60018979"}}, {"type": "Feature", "geometry": {"type": "Point", "coordinates": [-74.00212144507339, 40.72675228018975]}, "properties": {"noise_id": 374, "unique_key": "60023948"}}, {"type": "Feature", "geometry": {"type": "Point", "coordinates": [-73.94970640092893, 40.68780958126308]}, "properties": {"noise_id": 375, "unique_key": "60004677"}}, {"type": "Feature", "geometry": {"type": "Point", "coordinates": [-73.74784223871087, 40.752839643300746]}, "properties": {"noise_id": 376, "unique_key": "60098302"}}, {"type": "Feature", "geometry": {"type": "Point", "coordinates": [-73.92146096934016, 40.68580930010937]}, "properties": {"noise_id": 377, "unique_key": "59941252"}}, {"type": "Feature", "geometry": {"type": "Point", "coordinates": [-73.96786015571703, 40.76555033534767]}, "properties": {"noise_id": 378, "unique_key": "60030235"}}, {"type": "Feature", "geometry": {"type": "Point", "coordinates": [-73.88671400879743, 40.84437159315965]}, "properties": {"noise_id": 379, "unique_key": "59901019"}}, {"type": "Feature", "geometry": {"type": "Point", "coordinates": [-73.82926741576314, 40.8363768803083]}, "properties": {"noise_id": 380, "unique_key": "60144995"}}, {"type": "Feature", "geometry": {"type": "Point", "coordinates": [-73.79427114148083, 40.67033357380832]}, "properties": {"noise_id": 381, "unique_key": "60136202"}}, {"type": "Feature", "geometry": {"type": "Point", "coordinates": [-73.98931273820256, 40.59589996642298]}, "properties": {"noise_id": 382, "unique_key": "60007586"}}, {"type": "Feature", "geometry": {"type": "Point", "coordinates": [-73.99632947923503, 40.75011282688794]}, "properties": {"noise_id": 383, "unique_key": "59914133"}}, {"type": "Feature", "geometry": {"type": "Point", "coordinates": [-73.82170585360062, 40.78699877190808]}, "properties": {"noise_id": 384, "unique_key": "60108912"}}, {"type": "Feature", "geometry": {"type": "Point", "coordinates": [-73.89505194890602, 40.6360253593468]}, "properties": {"noise_id": 385, "unique_key": "60170674"}}, {"type": "Feature", "geometry": {"type": "Point", "coordinates": [-73.9098659650191, 40.799858950021]}, "properties": {"noise_id": 386, "unique_key": "60065115"}}, {"type": "Feature", "geometry": {"type": "Point", "coordinates": [-73.94079691863257, 40.82946158953197]}, "properties": {"noise_id": 387, "unique_key": "60127399"}}, {"type": "Feature", "geometry": {"type": "Point", "coordinates": [-74.0052950104958, 40.709303739686376]}, "properties": {"noise_id": 388, "unique_key": "59976235"}}, {"type": "Feature", "geometry": {"type": "Point", "coordinates": [-73.91256177791357, 40.65308512803427]}, "properties": {"noise_id": 389, "unique_key": "60084132"}}, {"type": "Feature", "geometry": {"type": "Point", "coordinates": [-74.21479301316201, 40.55439579444784]}, "properties": {"noise_id": 390, "unique_key": "60086741"}}, {"type": "Feature", "geometry": {"type": "Point", "coordinates": [-73.72723993134949, 40.729102638445774]}, "properties": {"noise_id": 391, "unique_key": "59925318"}}, {"type": "Feature", "geometry": {"type": "Point", "coordinates": [-73.94546010128431, 40.66414768607463]}, "properties": {"noise_id": 392, "unique_key": "60101675"}}, {"type": "Feature", "geometry": {"type": "Point", "coordinates": [-73.84952538092021, 40.69633528859712]}, "properties": {"noise_id": 393, "unique_key": "60138610"}}, {"type": "Feature", "geometry": {"type": "Point", "coordinates": [-73.8890086155664, 40.833817663544345]}, "properties": {"noise_id": 394, "unique_key": "60050748"}}, {"type": "Feature", "geometry": {"type": "Point", "coordinates": [-73.9444339258983, 40.68012179339006]}, "properties": {"noise_id": 395, "unique_key": "60044092"}}, {"type": "Feature", "geometry": {"type": "Point", "coordinates": [-73.95245340404252, 40.71900775364511]}, "properties": {"noise_id": 396, "unique_key": "60047147"}}, {"type": "Feature", "geometry": {"type": "Point", "coordinates": [-73.95276841145517, 40.81918540590982]}, "properties": {"noise_id": 397, "unique_key": "60030641"}}, {"type": "Feature", "geometry": {"type": "Point", "coordinates": [-73.90591636437239, 40.72449060754792]}, "properties": {"noise_id": 398, "unique_key": "60142804"}}, {"type": "Feature", "geometry": {"type": "Point", "coordinates": [-73.87033727286774, 40.7314771318217]}, "properties": {"noise_id": 399, "unique_key": "60149337"}}, {"type": "Feature", "geometry": {"type": "Point", "coordinates": [-73.79452975436566, 40.71159352336372]}, "properties": {"noise_id": 400, "unique_key": "60049220"}}, {"type": "Feature", "geometry": {"type": "Point", "coordinates": [-73.8478351171216, 40.680064787457326]}, "properties": {"noise_id": 401, "unique_key": "60141138"}}, {"type": "Feature", "geometry": {"type": "Point", "coordinates": [-73.99202608565997, 40.67025648951579]}, "properties": {"noise_id": 402, "unique_key": "59983654"}}, {"type": "Feature", "geometry": {"type": "Point", "coordinates": [-74.11398488568908, 40.5625000408276]}, "properties": {"noise_id": 403, "unique_key": "60032122"}}, {"type": "Feature", "geometry": {"type": "Point", "coordinates": [-73.95785660995966, 40.71456883559697]}, "properties": {"noise_id": 404, "unique_key": "60085687"}}, {"type": "Feature", "geometry": {"type": "Point", "coordinates": [-73.9473887346282, 40.60903050909287]}, "properties": {"noise_id": 405, "unique_key": "60106400"}}, {"type": "Feature", "geometry": {"type": "Point", "coordinates": [-73.92565531101373, 40.61706075500637]}, "properties": {"noise_id": 406, "unique_key": "60050595"}}, {"type": "Feature", "geometry": {"type": "Point", "coordinates": [-73.97840434740542, 40.61160415941289]}, "properties": {"noise_id": 407, "unique_key": "60013261"}}, {"type": "Feature", "geometry": {"type": "Point", "coordinates": [-73.98254299376349, 40.61038068416144]}, "properties": {"noise_id": 408, "unique_key": "59952149"}}, {"type": "Feature", "geometry": {"type": "Point", "coordinates": [-73.8984233658015, 40.85443910241399]}, "properties": {"noise_id": 409, "unique_key": "60130537"}}, {"type": "Feature", "geometry": {"type": "Point", "coordinates": [-73.97114182360603, 40.75681194118477]}, "properties": {"noise_id": 410, "unique_key": "60195357"}}, {"type": "Feature", "geometry": {"type": "Point", "coordinates": [-73.95807633124964, 40.720813245461805]}, "properties": {"noise_id": 411, "unique_key": "60144315"}}, {"type": "Feature", "geometry": {"type": "Point", "coordinates": [-73.9635562623705, 40.64160920128461]}, "properties": {"noise_id": 412, "unique_key": "59914911"}}, {"type": "Feature", "geometry": {"type": "Point", "coordinates": [-73.89296757512533, 40.74499909172425]}, "properties": {"noise_id": 413, "unique_key": "59996382"}}, {"type": "Feature", "geometry": {"type": "Point", "coordinates": [-73.88645178719071, 40.87094829182761]}, "properties": {"noise_id": 414, "unique_key": "60046265"}}, {"type": "Feature", "geometry": {"type": "Point", "coordinates": [-73.92051439289615, 40.69344185849268]}, "properties": {"noise_id": 415, "unique_key": "60176780"}}, {"type": "Feature", "geometry": {"type": "Point", "coordinates": [-73.98891486387227, 40.69340015431026]}, "properties": {"noise_id": 416, "unique_key": "60193717"}}, {"type": "Feature", "geometry": {"type": "Point", "coordinates": [-73.86114444976704, 40.738034617226845]}, "properties": {"noise_id": 417, "unique_key": "60160887"}}, {"type": "Feature", "geometry": {"type": "Point", "coordinates": [-73.91925266778347, 40.66034996828825]}, "properties": {"noise_id": 418, "unique_key": "60072554"}}, {"type": "Feature", "geometry": {"type": "Point", "coordinates": [-73.93454876235188, 40.76748773842242]}, "properties": {"noise_id": 419, "unique_key": "59945011"}}, {"type": "Feature", "geometry": {"type": "Point", "coordinates": [-73.87892378794328, 40.874950639067656]}, "properties": {"noise_id": 420, "unique_key": "60127726"}}, {"type": "Feature", "geometry": {"type": "Point", "coordinates": [-73.9480198062771, 40.82539740344565]}, "properties": {"noise_id": 421, "unique_key": "60156484"}}, {"type": "Feature", "geometry": {"type": "Point", "coordinates": [-73.95193402033873, 40.663854137175335]}, "properties": {"noise_id": 422, "unique_key": "59946176"}}, {"type": "Feature", "geometry": {"type": "Point", "coordinates": [-73.95401793748624, 40.77290978063351]}, "properties": {"noise_id": 423, "unique_key": "59981515"}}, {"type": "Feature", "geometry": {"type": "Point", "coordinates": [-73.95687438918226, 40.6604415898083]}, "properties": {"noise_id": 424, "unique_key": "60141781"}}, {"type": "Feature", "geometry": {"type": "Point", "coordinates": [-73.99541761660461, 40.73185196455777]}, "properties": {"noise_id": 425, "unique_key": "60183043"}}, {"type": "Feature", "geometry": {"type": "Point", "coordinates": [-73.97842228324052, 40.77896908082277]}, "properties": {"noise_id": 426, "unique_key": "59901877"}}, {"type": "Feature", "geometry": {"type": "Point", "coordinates": [-73.87496113087815, 40.74589769808691]}, "properties": {"noise_id": 427, "unique_key": "59968006"}}, {"type": "Feature", "geometry": {"type": "Point", "coordinates": [-73.9350930728006, 40.616448892810446]}, "properties": {"noise_id": 428, "unique_key": "59974955"}}, {"type": "Feature", "geometry": {"type": "Point", "coordinates": [-73.9453836800344, 40.83672087313633]}, "properties": {"noise_id": 429, "unique_key": "60142148"}}, {"type": "Feature", "geometry": {"type": "Point", "coordinates": [-73.97499046559945, 40.68715910892982]}, "properties": {"noise_id": 430, "unique_key": "59901903"}}, {"type": "Feature", "geometry": {"type": "Point", "coordinates": [-73.99558601729906, 40.64077773172394]}, "properties": {"noise_id": 431, "unique_key": "59963692"}}, {"type": "Feature", "geometry": {"type": "Point", "coordinates": [-73.80499709959182, 40.7326997607252]}, "properties": {"noise_id": 432, "unique_key": "60067905"}}, {"type": "Feature", "geometry": {"type": "Point", "coordinates": [-73.84954739998659, 40.7361179340229]}, "properties": {"noise_id": 433, "unique_key": "59986710"}}, {"type": "Feature", "geometry": {"type": "Point", "coordinates": [-73.99790841346679, 40.695039295872704]}, "properties": {"noise_id": 434, "unique_key": "60198217"}}, {"type": "Feature", "geometry": {"type": "Point", "coordinates": [-74.0106032866691, 40.67932226891183]}, "properties": {"noise_id": 435, "unique_key": "60004508"}}, {"type": "Feature", "geometry": {"type": "Point", "coordinates": [-73.8626640386164, 40.82012060437274]}, "properties": {"noise_id": 436, "unique_key": "60053744"}}, {"type": "Feature", "geometry": {"type": "Point", "coordinates": [-73.85987034899676, 40.8925939076062]}, "properties": {"noise_id": 437, "unique_key": "59908008"}}, {"type": "Feature", "geometry": {"type": "Point", "coordinates": [-73.93788205085885, 40.84365570236248]}, "properties": {"noise_id": 438, "unique_key": "60032911"}}, {"type": "Feature", "geometry": {"type": "Point", "coordinates": [-73.9331481139055, 40.85013330769284]}, "properties": {"noise_id": 439, "unique_key": "60042322"}}, {"type": "Feature", "geometry": {"type": "Point", "coordinates": [-73.9524893160472, 40.80020553118457]}, "properties": {"noise_id": 440, "unique_key": "60183784"}}, {"type": "Feature", "geometry": {"type": "Point", "coordinates": [-73.95467082139078, 40.74726864079879]}, "properties": {"noise_id": 441, "unique_key": "60057729"}}, {"type": "Feature", "geometry": {"type": "Point", "coordinates": [-73.99587698566577, 40.713577382449664]}, "properties": {"noise_id": 442, "unique_key": "60076336"}}, {"type": "Feature", "geometry": {"type": "Point", "coordinates": [-73.85696988825889, 40.83530295234375]}, "properties": {"noise_id": 443, "unique_key": "60171189"}}, {"type": "Feature", "geometry": {"type": "Point", "coordinates": [-73.98564632768209, 40.7167193127203]}, "properties": {"noise_id": 444, "unique_key": "60124732"}}, {"type": "Feature", "geometry": {"type": "Point", "coordinates": [-73.97232583677796, 40.79135201532358]}, "properties": {"noise_id": 445, "unique_key": "60033825"}}, {"type": "Feature", "geometry": {"type": "Point", "coordinates": [-73.9061644501481, 40.84808343203669]}, "properties": {"noise_id": 446, "unique_key": "59949341"}}, {"type": "Feature", "geometry": {"type": "Point", "coordinates": [-73.9961267998414, 40.57362084545696]}, "properties": {"noise_id": 447, "unique_key": "60130379"}}, {"type": "Feature", "geometry": {"type": "Point", "coordinates": [-73.94576969605409, 40.802071724836175]}, "properties": {"noise_id": 448, "unique_key": "60008576"}}, {"type": "Feature", "geometry": {"type": "Point", "coordinates": [-73.93373067912859, 40.620944086386686]}, "properties": {"noise_id": 449, "unique_key": "60163787"}}, {"type": "Feature", "geometry": {"type": "Point", "coordinates": [-73.95672688381416, 40.765590607516856]}, "properties": {"noise_id": 450, "unique_key": "60067991"}}, {"type": "Feature", "geometry": {"type": "Point", "coordinates": [-73.93389911255557, 40.69820700842793]}, "properties": {"noise_id": 451, "unique_key": "60035741"}}, {"type": "Feature", "geometry": {"type": "Point", "coordinates": [-73.91198325971698, 40.649055343940894]}, "properties": {"noise_id": 452, "unique_key": "60066781"}}, {"type": "Feature", "geometry": {"type": "Point", "coordinates": [-73.94276662983081, 40.69460238947012]}, "properties": {"noise_id": 453, "unique_key": "60107281"}}, {"type": "Feature", "geometry": {"type": "Point", "coordinates": [-73.95384615732954, 40.72383360667769]}, "properties": {"noise_id": 454, "unique_key": "60141647"}}, {"type": "Feature", "geometry": {"type": "Point", "coordinates": [-73.85635543843172, 40.68805754694449]}, "properties": {"noise_id": 455, "unique_key": "59895265"}}, {"type": "Feature", "geometry": {"type": "Point", "coordinates": [-73.9183565483951, 40.629794382742105]}, "properties": {"noise_id": 456, "unique_key": "59988068"}}, {"type": "Feature", "geometry": {"type": "Point", "coordinates": [-73.96152783159302, 40.64121878097451]}, "properties": {"noise_id": 457, "unique_key": "60011365"}}, {"type": "Feature", "geometry": {"type": "Point", "coordinates": [-73.89296757512533, 40.74499909172425]}, "properties": {"noise_id": 458, "unique_key": "60162740"}}, {"type": "Feature", "geometry": {"type": "Point", "coordinates": [-73.94325813752509, 40.67215862710219]}, "properties": {"noise_id": 459, "unique_key": "59926403"}}, {"type": "Feature", "geometry": {"type": "Point", "coordinates": [-73.90164523765534, 40.88550087549394]}, "properties": {"noise_id": 460, "unique_key": "59949162"}}, {"type": "Feature", "geometry": {"type": "Point", "coordinates": [-73.94196893521416, 40.69544463399356]}, "properties": {"noise_id": 461, "unique_key": "59957624"}}, {"type": "Feature", "geometry": {"type": "Point", "coordinates": [-73.96259714246095, 40.71346707923122]}, "properties": {"noise_id": 462, "unique_key": "59911046"}}, {"type": "Feature", "geometry": {"type": "Point", "coordinates": [-73.8860180851176, 40.83498125013082]}, "properties": {"noise_id": 463, "unique_key": "59972864"}}, {"type": "Feature", "geometry": {"type": "Point", "coordinates": [-73.77521287014362, 40.59206844338867]}, "properties": {"noise_id": 464, "unique_key": "60140276"}}, {"type": "Feature", "geometry": {"type": "Point", "coordinates": [-73.92718359841146, 40.76468368198577]}, "properties": {"noise_id": 465, "unique_key": "59962072"}}, {"type": "Feature", "geometry": {"type": "Point", "coordinates": [-73.93112406816216, 40.682453143110784]}, "properties": {"noise_id": 466, "unique_key": "59984681"}}, {"type": "Feature", "geometry": {"type": "Point", "coordinates": [-73.90360306574952, 40.812279257101686]}, "properties": {"noise_id": 467, "unique_key": "60122567"}}, {"type": "Feature", "geometry": {"type": "Point", "coordinates": [-73.85330591516451, 40.84986727884993]}, "properties": {"noise_id": 468, "unique_key": "60040488"}}, {"type": "Feature", "geometry": {"type": "Point", "coordinates": [-74.00094897930612, 40.7338914042701]}, "properties": {"noise_id": 469, "unique_key": "60173894"}}, {"type": "Feature", "geometry": {"type": "Point", "coordinates": [-73.95980153797257, 40.61185168003769]}, "properties": {"noise_id": 470, "unique_key": "59922322"}}, {"type": "Feature", "geometry": {"type": "Point", "coordinates": [-73.90522011597753, 40.869046690815686]}, "properties": {"noise_id": 471, "unique_key": "60003449"}}, {"type": "Feature", "geometry": {"type": "Point", "coordinates": [-73.96483547787423, 40.58682351957566]}, "properties": {"noise_id": 472, "unique_key": "59932705"}}, {"type": "Feature", "geometry": {"type": "Point", "coordinates": [-73.82056886414269, 40.75196307494059]}, "properties": {"noise_id": 473, "unique_key": "60052262"}}, {"type": "Feature", "geometry": {"type": "Point", "coordinates": [-73.95537957907185, 40.74519114216852]}, "properties": {"noise_id": 474, "unique_key": "59965827"}}, {"type": "Feature", "geometry": {"type": "Point", "coordinates": [-73.98280655167409, 40.76171913037864]}, "properties": {"noise_id": 475, "unique_key": "60026344"}}, {"type": "Feature", "geometry": {"type": "Point", "coordinates": [-73.99917878774644, 40.61404356212453]}, "properties": {"noise_id": 476, "unique_key": "60059332"}}, {"type": "Feature", "geometry": {"type": "Point", "coordinates": [-73.86678427219233, 40.85188177753733]}, "properties": {"noise_id": 477, "unique_key": "60181266"}}, {"type": "Feature", "geometry": {"type": "Point", "coordinates": [-73.90069076398439, 40.87320384022322]}, "properties": {"noise_id": 478, "unique_key": "59976773"}}, {"type": "Feature", "geometry": {"type": "Point", "coordinates": [-73.91818871739642, 40.81960246656219]}, "properties": {"noise_id": 479, "unique_key": "60034004"}}, {"type": "Feature", "geometry": {"type": "Point", "coordinates": [-73.909795742436, 40.70774791923316]}, "properties": {"noise_id": 480, "unique_key": "60018721"}}, {"type": "Feature", "geometry": {"type": "Point", "coordinates": [-73.94135579635707, 40.81853515725049]}, "properties": {"noise_id": 481, "unique_key": "60016953"}}, {"type": "Feature", "geometry": {"type": "Point", "coordinates": [-73.87005819791149, 40.878289523978026]}, "properties": {"noise_id": 482, "unique_key": "59901142"}}, {"type": "Feature", "geometry": {"type": "Point", "coordinates": [-73.92718359841146, 40.76468368198577]}, "properties": {"noise_id": 483, "unique_key": "59916938"}}, {"type": "Feature", "geometry": {"type": "Point", "coordinates": [-73.9381227756769, 40.69365304105581]}, "properties": {"noise_id": 484, "unique_key": "59941597"}}, {"type": "Feature", "geometry": {"type": "Point", "coordinates": [-73.7450585773319, 40.70402605993576]}, "properties": {"noise_id": 485, "unique_key": "60100227"}}, {"type": "Feature", "geometry": {"type": "Point", "coordinates": [-73.95575669560667, 40.601200386013765]}, "properties": {"noise_id": 486, "unique_key": "60192018"}}, {"type": "Feature", "geometry": {"type": "Point", "coordinates": [-73.91784558881021, 40.82537436485863]}, "properties": {"noise_id": 487, "unique_key": "60179683"}}, {"type": "Feature", "geometry": {"type": "Point", "coordinates": [-73.93546897929161, 40.857279091458864]}, "properties": {"noise_id": 488, "unique_key": "60025202"}}, {"type": "Feature", "geometry": {"type": "Point", "coordinates": [-73.95366549646634, 40.66195820519669]}, "properties": {"noise_id": 489, "unique_key": "59922406"}}, {"type": "Feature", "geometry": {"type": "Point", "coordinates": [-73.73404169422281, 40.72533625767468]}, "properties": {"noise_id": 490, "unique_key": "60064836"}}, {"type": "Feature", "geometry": {"type": "Point", "coordinates": [-73.98207797178418, 40.74607945556746]}, "properties": {"noise_id": 491, "unique_key": "60154975"}}, {"type": "Feature", "geometry": {"type": "Point", "coordinates": [-73.91368377410855, 40.70509945699176]}, "properties": {"noise_id": 492, "unique_key": "60115137"}}, {"type": "Feature", "geometry": {"type": "Point", "coordinates": [-73.88866540835161, 40.83807987197616]}, "properties": {"noise_id": 493, "unique_key": "59901598"}}, {"type": "Feature", "geometry": {"type": "Point", "coordinates": [-73.99228664081915, 40.69272521657341]}, "properties": {"noise_id": 494, "unique_key": "60160412"}}, {"type": "Feature", "geometry": {"type": "Point", "coordinates": [-73.85956611953316, 40.85512294839281]}, "properties": {"noise_id": 495, "unique_key": "60074139"}}, {"type": "Feature", "geometry": {"type": "Point", "coordinates": [-73.90374441298103, 40.83694066292417]}, "properties": {"noise_id": 496, "unique_key": "60150253"}}, {"type": "Feature", "geometry": {"type": "Point", "coordinates": [-73.92343013871663, 40.86752592583967]}, "properties": {"noise_id": 497, "unique_key": "60157574"}}, {"type": "Feature", "geometry": {"type": "Point", "coordinates": [-73.84026726830717, 40.689161697912894]}, "properties": {"noise_id": 498, "unique_key": "60082647"}}, {"type": "Feature", "geometry": {"type": "Point", "coordinates": [-73.9152122116635, 40.70006943563279]}, "properties": {"noise_id": 499, "unique_key": "60169624"}}, {"type": "Feature", "geometry": {"type": "Point", "coordinates": [-73.98892210296869, 40.69323821365493]}, "properties": {"noise_id": 500, "unique_key": "60111616"}}, {"type": "Feature", "geometry": {"type": "Point", "coordinates": [-73.969733677616, 40.79747760008062]}, "properties": {"noise_id": 501, "unique_key": "60171886"}}, {"type": "Feature", "geometry": {"type": "Point", "coordinates": [-73.939838895191, 40.821970763459]}, "properties": {"noise_id": 502, "unique_key": "60094801"}}, {"type": "Feature", "geometry": {"type": "Point", "coordinates": [-73.89658560127295, 40.66704006664458]}, "properties": {"noise_id": 503, "unique_key": "60023807"}}, {"type": "Feature", "geometry": {"type": "Point", "coordinates": [-73.91377872659088, 40.65678326902591]}, "properties": {"noise_id": 504, "unique_key": "59925224"}}, {"type": "Feature", "geometry": {"type": "Point", "coordinates": [-73.91495372025639, 40.65391584607999]}, "properties": {"noise_id": 505, "unique_key": "60040254"}}, {"type": "Feature", "geometry": {"type": "Point", "coordinates": [-73.88324692536663, 40.70284111289718]}, "properties": {"noise_id": 506, "unique_key": "59993054"}}, {"type": "Feature", "geometry": {"type": "Point", "coordinates": [-73.8224176668776, 40.8640167421152]}, "properties": {"noise_id": 507, "unique_key": "60066620"}}, {"type": "Feature", "geometry": {"type": "Point", "coordinates": [-73.9062730360959, 40.87875827837968]}, "properties": {"noise_id": 508, "unique_key": "59992908"}}, {"type": "Feature", "geometry": {"type": "Point", "coordinates": [-73.96487949022067, 40.76328230828933]}, "properties": {"noise_id": 509, "unique_key": "60028930"}}, {"type": "Feature", "geometry": {"type": "Point", "coordinates": [-73.9876508243539, 40.66475282446376]}, "properties": {"noise_id": 510, "unique_key": "59942233"}}, {"type": "Feature", "geometry": {"type": "Point", "coordinates": [-74.13800242942472, 40.63799688122396]}, "properties": {"noise_id": 511, "unique_key": "60088927"}}, {"type": "Feature", "geometry": {"type": "Point", "coordinates": [-74.0110584556802, 40.706473479081474]}, "properties": {"noise_id": 512, "unique_key": "60147743"}}, {"type": "Feature", "geometry": {"type": "Point", "coordinates": [-73.925918857235, 40.824232542218056]}, "properties": {"noise_id": 513, "unique_key": "60028366"}}, {"type": "Feature", "geometry": {"type": "Point", "coordinates": [-73.92742396401245, 40.75943588348738]}, "properties": {"noise_id": 514, "unique_key": "60048623"}}, {"type": "Feature", "geometry": {"type": "Point", "coordinates": [-73.80768720909016, 40.76577034290016]}, "properties": {"noise_id": 515, "unique_key": "60106325"}}, {"type": "Feature", "geometry": {"type": "Point", "coordinates": [-73.83317704412153, 40.88271870172737]}, "properties": {"noise_id": 516, "unique_key": "60083821"}}, {"type": "Feature", "geometry": {"type": "Point", "coordinates": [-73.95531257353215, 40.65139419418045]}, "properties": {"noise_id": 517, "unique_key": "59969552"}}, {"type": "Feature", "geometry": {"type": "Point", "coordinates": [-73.8074320750407, 40.76286597273963]}, "properties": {"noise_id": 518, "unique_key": "60185568"}}, {"type": "Feature", "geometry": {"type": "Point", "coordinates": [-73.91574735164289, 40.68755916806326]}, "properties": {"noise_id": 519, "unique_key": "59910276"}}, {"type": "Feature", "geometry": {"type": "Point", "coordinates": [-73.9612579493439, 40.64059287917061]}, "properties": {"noise_id": 520, "unique_key": "60029518"}}, {"type": "Feature", "geometry": {"type": "Point", "coordinates": [-73.9075136305893, 40.7095988245015]}, "properties": {"noise_id": 521, "unique_key": "60066545"}}, {"type": "Feature", "geometry": {"type": "Point", "coordinates": [-74.01361359465812, 40.67860831099112]}, "properties": {"noise_id": 522, "unique_key": "60100186"}}, {"type": "Feature", "geometry": {"type": "Point", "coordinates": [-73.85420045118094, 40.74188790615976]}, "properties": {"noise_id": 523, "unique_key": "60055595"}}, {"type": "Feature", "geometry": {"type": "Point", "coordinates": [-73.94311319756532, 40.6730286495964]}, "properties": {"noise_id": 524, "unique_key": "60092548"}}, {"type": "Feature", "geometry": {"type": "Point", "coordinates": [-73.91811694792587, 40.8485673696439]}, "properties": {"noise_id": 525, "unique_key": "60190887"}}, {"type": "Feature", "geometry": {"type": "Point", "coordinates": [-73.9152603976522, 40.829560930663376]}, "properties": {"noise_id": 526, "unique_key": "60101834"}}, {"type": "Feature", "geometry": {"type": "Point", "coordinates": [-73.94827033661673, 40.82383302772619]}, "properties": {"noise_id": 527, "unique_key": "60020596"}}, {"type": "Feature", "geometry": {"type": "Point", "coordinates": [-74.01160230695945, 40.61912359103859]}, "properties": {"noise_id": 528, "unique_key": "60099576"}}, {"type": "Feature", "geometry": {"type": "Point", "coordinates": [-73.93537106331871, 40.80179738064805]}, "properties": {"noise_id": 529, "unique_key": "59977151"}}, {"type": "Feature", "geometry": {"type": "Point", "coordinates": [-73.91845801334341, 40.74430632391316]}, "properties": {"noise_id": 530, "unique_key": "59969040"}}, {"type": "Feature", "geometry": {"type": "Point", "coordinates": [-73.96813694195265, 40.61710782778481]}, "properties": {"noise_id": 531, "unique_key": "60004505"}}, {"type": "Feature", "geometry": {"type": "Point", "coordinates": [-73.98695693148424, 40.766229286340646]}, "properties": {"noise_id": 532, "unique_key": "60173905"}}, {"type": "Feature", "geometry": {"type": "Point", "coordinates": [-73.81082369268779, 40.727862230987725]}, "properties": {"noise_id": 533, "unique_key": "60041645"}}, {"type": "Feature", "geometry": {"type": "Point", "coordinates": [-73.96920537142618, 40.768394254482885]}, "properties": {"noise_id": 534, "unique_key": "60112447"}}, {"type": "Feature", "geometry": {"type": "Point", "coordinates": [-73.90532125638265, 40.87165423489472]}, "properties": {"noise_id": 535, "unique_key": "60156824"}}, {"type": "Feature", "geometry": {"type": "Point", "coordinates": [-73.94694480021482, 40.81414905675453]}, "properties": {"noise_id": 536, "unique_key": "60082956"}}, {"type": "Feature", "geometry": {"type": "Point", "coordinates": [-73.95599027277093, 40.82047944304966]}, "properties": {"noise_id": 537, "unique_key": "59972721"}}, {"type": "Feature", "geometry": {"type": "Point", "coordinates": [-73.94135579635707, 40.81853515725049]}, "properties": {"noise_id": 538, "unique_key": "60081535"}}, {"type": "Feature", "geometry": {"type": "Point", "coordinates": [-73.86520287043295, 40.74930939651574]}, "properties": {"noise_id": 539, "unique_key": "60100776"}}, {"type": "Feature", "geometry": {"type": "Point", "coordinates": [-73.93437142003314, 40.68734348057047]}, "properties": {"noise_id": 540, "unique_key": "60008383"}}, {"type": "Feature", "geometry": {"type": "Point", "coordinates": [-73.9930390598906, 40.63558995924809]}, "properties": {"noise_id": 541, "unique_key": "59951488"}}, {"type": "Feature", "geometry": {"type": "Point", "coordinates": [-73.91896195428521, 40.63559729565515]}, "properties": {"noise_id": 542, "unique_key": "60040231"}}, {"type": "Feature", "geometry": {"type": "Point", "coordinates": [-73.84886346643586, 40.90560080098662]}, "properties": {"noise_id": 543, "unique_key": "59968923"}}, {"type": "Feature", "geometry": {"type": "Point", "coordinates": [-73.99013494705024, 40.75825063493327]}, "properties": {"noise_id": 544, "unique_key": "59994592"}}, {"type": "Feature", "geometry": {"type": "Point", "coordinates": [-73.94808456893468, 40.67755164513687]}, "properties": {"noise_id": 545, "unique_key": "60175850"}}, {"type": "Feature", "geometry": {"type": "Point", "coordinates": [-73.86706322837988, 40.82082291922941]}, "properties": {"noise_id": 546, "unique_key": "60143618"}}, {"type": "Feature", "geometry": {"type": "Point", "coordinates": [-73.88037550103127, 40.75943231748441]}, "properties": {"noise_id": 547, "unique_key": "60186471"}}, {"type": "Feature", "geometry": {"type": "Point", "coordinates": [-73.97872606208618, 40.73226729331666]}, "properties": {"noise_id": 548, "unique_key": "60099195"}}, {"type": "Feature", "geometry": {"type": "Point", "coordinates": [-74.00336622559443, 40.65641754253394]}, "properties": {"noise_id": 549, "unique_key": "60057608"}}, {"type": "Feature", "geometry": {"type": "Point", "coordinates": [-73.96493632865035, 40.6347449187686]}, "properties": {"noise_id": 550, "unique_key": "60005241"}}, {"type": "Feature", "geometry": {"type": "Point", "coordinates": [-73.96976576524544, 40.79044561095283]}, "properties": {"noise_id": 551, "unique_key": "59977492"}}, {"type": "Feature", "geometry": {"type": "Point", "coordinates": [-73.91670530414012, 40.78376349875084]}, "properties": {"noise_id": 552, "unique_key": "60178830"}}, {"type": "Feature", "geometry": {"type": "Point", "coordinates": [-73.94673044541983, 40.81114623218292]}, "properties": {"noise_id": 553, "unique_key": "60060432"}}, {"type": "Feature", "geometry": {"type": "Point", "coordinates": [-73.8203725321277, 40.71903115001738]}, "properties": {"noise_id": 554, "unique_key": "59964846"}}, {"type": "Feature", "geometry": {"type": "Point", "coordinates": [-73.98891486387227, 40.69340015431026]}, "properties": {"noise_id": 555, "unique_key": "60196630"}}, {"type": "Feature", "geometry": {"type": "Point", "coordinates": [-73.9051799992423, 40.68164968346655]}, "properties": {"noise_id": 556, "unique_key": "60070095"}}, {"type": "Feature", "geometry": {"type": "Point", "coordinates": [-74.01202319749474, 40.63605066561342]}, "properties": {"noise_id": 557, "unique_key": "59990774"}}, {"type": "Feature", "geometry": {"type": "Point", "coordinates": [-73.8866720963765, 40.843515202688536]}, "properties": {"noise_id": 558, "unique_key": "59982612"}}, {"type": "Feature", "geometry": {"type": "Point", "coordinates": [-73.91301051664381, 40.6793035981304]}, "properties": {"noise_id": 559, "unique_key": "60084181"}}, {"type": "Feature", "geometry": {"type": "Point", "coordinates": [-73.9774514098438, 40.7777502320349]}, "properties": {"noise_id": 560, "unique_key": "59923960"}}, {"type": "Feature", "geometry": {"type": "Point", "coordinates": [-73.93634524512613, 40.84066587688868]}, "properties": {"noise_id": 561, "unique_key": "60063939"}}, {"type": "Feature", "geometry": {"type": "Point", "coordinates": [-73.95845272352302, 40.63786358208107]}, "properties": {"noise_id": 562, "unique_key": "59992549"}}, {"type": "Feature", "geometry": {"type": "Point", "coordinates": [-73.93629725433088, 40.70207024792023]}, "properties": {"noise_id": 563, "unique_key": "60108387"}}, {"type": "Feature", "geometry": {"type": "Point", "coordinates": [-73.99458382349756, 40.602421974855176]}, "properties": {"noise_id": 564, "unique_key": "60164933"}}, {"type": "Feature", "geometry": {"type": "Point", "coordinates": [-73.81902834725449, 40.69194090769194]}, "properties": {"noise_id": 565, "unique_key": "60173284"}}, {"type": "Feature", "geometry": {"type": "Point", "coordinates": [-73.99537825867849, 40.72706510922448]}, "properties": {"noise_id": 566, "unique_key": "60175046"}}, {"type": "Feature", "geometry": {"type": "Point", "coordinates": [-73.85986098185941, 40.85414619181338]}, "properties": {"noise_id": 567, "unique_key": "60020071"}}, {"type": "Feature", "geometry": {"type": "Point", "coordinates": [-73.9876508243539, 40.66475282446376]}, "properties": {"noise_id": 568, "unique_key": "60193308"}}, {"type": "Feature", "geometry": {"type": "Point", "coordinates": [-73.99283736488036, 40.60135689809273]}, "properties": {"noise_id": 569, "unique_key": "60142626"}}, {"type": "Feature", "geometry": {"type": "Point", "coordinates": [-73.92718359841146, 40.76468368198577]}, "properties": {"noise_id": 570, "unique_key": "60100328"}}, {"type": "Feature", "geometry": {"type": "Point", "coordinates": [-73.80346583055693, 40.70502991197246]}, "properties": {"noise_id": 571, "unique_key": "60094109"}}, {"type": "Feature", "geometry": {"type": "Point", "coordinates": [-73.99107245278583, 40.765650538330746]}, "properties": {"noise_id": 572, "unique_key": "60096630"}}, {"type": "Feature", "geometry": {"type": "Point", "coordinates": [-73.98993570187903, 40.715215638783626]}, "properties": {"noise_id": 573, "unique_key": "60168548"}}, {"type": "Feature", "geometry": {"type": "Point", "coordinates": [-73.95426913418719, 40.70679155314548]}, "properties": {"noise_id": 574, "unique_key": "60181153"}}, {"type": "Feature", "geometry": {"type": "Point", "coordinates": [-73.80969682426189, 40.72195913199264]}, "properties": {"noise_id": 575, "unique_key": "60180012"}}, {"type": "Feature", "geometry": {"type": "Point", "coordinates": [-73.99396242117854, 40.66435259123932]}, "properties": {"noise_id": 576, "unique_key": "60032645"}}, {"type": "Feature", "geometry": {"type": "Point", "coordinates": [-73.95651098626831, 40.62629906949887]}, "properties": {"noise_id": 577, "unique_key": "59915479"}}, {"type": "Feature", "geometry": {"type": "Point", "coordinates": [-74.00343149571009, 40.73419053522424]}, "properties": {"noise_id": 578, "unique_key": "60090029"}}, {"type": "Feature", "geometry": {"type": "Point", "coordinates": [-73.93902388879225, 40.84394176122344]}, "properties": {"noise_id": 579, "unique_key": "60137994"}}, {"type": "Feature", "geometry": {"type": "Point", "coordinates": [-73.94025557668047, 40.752243783959486]}, "properties": {"noise_id": 580, "unique_key": "60077561"}}, {"type": "Feature", "geometry": {"type": "Point", "coordinates": [-73.9530684029459, 40.639708752049785]}, "properties": {"noise_id": 581, "unique_key": "60133276"}}, {"type": "Feature", "geometry": {"type": "Point", "coordinates": [-73.82219299320208, 40.75603606028866]}, "properties": {"noise_id": 582, "unique_key": "60143943"}}, {"type": "Feature", "geometry": {"type": "Point", "coordinates": [-73.96025361597272, 40.77809416502118]}, "properties": {"noise_id": 583, "unique_key": "59939040"}}, {"type": "Feature", "geometry": {"type": "Point", "coordinates": [-73.98918327775135, 40.59485418603189]}, "properties": {"noise_id": 584, "unique_key": "59952451"}}, {"type": "Feature", "geometry": {"type": "Point", "coordinates": [-73.82919384762255, 40.88473845896254]}, "properties": {"noise_id": 585, "unique_key": "60049929"}}, {"type": "Feature", "geometry": {"type": "Point", "coordinates": [-73.90669786017015, 40.85175353625021]}, "properties": {"noise_id": 586, "unique_key": "60087206"}}, {"type": "Feature", "geometry": {"type": "Point", "coordinates": [-73.91521961775551, 40.83037059155871]}, "properties": {"noise_id": 587, "unique_key": "60079446"}}, {"type": "Feature", "geometry": {"type": "Point", "coordinates": [-73.8979691013358, 40.90549544759693]}, "properties": {"noise_id": 588, "unique_key": "59997984"}}, {"type": "Feature", "geometry": {"type": "Point", "coordinates": [-73.86707119339337, 40.75533903865944]}, "properties": {"noise_id": 589, "unique_key": "60183518"}}, {"type": "Feature", "geometry": {"type": "Point", "coordinates": [-73.88632423810675, 40.850382119531766]}, "properties": {"noise_id": 590, "unique_key": "60094547"}}, {"type": "Feature", "geometry": {"type": "Point", "coordinates": [-73.75200025977425, 40.747002334430334]}, "properties": {"noise_id": 591, "unique_key": "60091795"}}, {"type": "Feature", "geometry": {"type": "Point", "coordinates": [-73.93075946196511, 40.83220071380918]}, "properties": {"noise_id": 592, "unique_key": "60143177"}}, {"type": "Feature", "geometry": {"type": "Point", "coordinates": [-73.93800541829, 40.85477182472517]}, "properties": {"noise_id": 593, "unique_key": "59988458"}}, {"type": "Feature", "geometry": {"type": "Point", "coordinates": [-73.92084071426977, 40.69194892852884]}, "properties": {"noise_id": 594, "unique_key": "60050603"}}, {"type": "Feature", "geometry": {"type": "Point", "coordinates": [-73.95298167828521, 40.72699247279165]}, "properties": {"noise_id": 595, "unique_key": "59944865"}}, {"type": "Feature", "geometry": {"type": "Point", "coordinates": [-73.77376478746216, 40.76973527305633]}, "properties": {"noise_id": 596, "unique_key": "60136254"}}, {"type": "Feature", "geometry": {"type": "Point", "coordinates": [-73.8812364493635, 40.74625017847329]}, "properties": {"noise_id": 597, "unique_key": "60080518"}}, {"type": "Feature", "geometry": {"type": "Point", "coordinates": [-73.89355138736937, 40.85619132024811]}, "properties": {"noise_id": 598, "unique_key": "60154690"}}, {"type": "Feature", "geometry": {"type": "Point", "coordinates": [-73.95319344572462, 40.77992499738879]}, "properties": {"noise_id": 599, "unique_key": "60113232"}}, {"type": "Feature", "geometry": {"type": "Point", "coordinates": [-73.94801737956669, 40.65274430620472]}, "properties": {"noise_id": 600, "unique_key": "60072434"}}, {"type": "Feature", "geometry": {"type": "Point", "coordinates": [-73.89050248209647, 40.67706385619164]}, "properties": {"noise_id": 601, "unique_key": "60154813"}}, {"type": "Feature", "geometry": {"type": "Point", "coordinates": [-73.95192931940302, 40.77541212957036]}, "properties": {"noise_id": 602, "unique_key": "60178807"}}, {"type": "Feature", "geometry": {"type": "Point", "coordinates": [-73.8665108630301, 40.73415713250608]}, "properties": {"noise_id": 603, "unique_key": "60007212"}}, {"type": "Feature", "geometry": {"type": "Point", "coordinates": [-73.91155529636806, 40.816937935331815]}, "properties": {"noise_id": 604, "unique_key": "60135734"}}, {"type": "Feature", "geometry": {"type": "Point", "coordinates": [-74.0053614691402, 40.728368836377015]}, "properties": {"noise_id": 605, "unique_key": "60102537"}}, {"type": "Feature", "geometry": {"type": "Point", "coordinates": [-73.92915310753094, 40.66770152165978]}, "properties": {"noise_id": 606, "unique_key": "59930056"}}, {"type": "Feature", "geometry": {"type": "Point", "coordinates": [-73.9364609100088, 40.70064305976192]}, "properties": {"noise_id": 607, "unique_key": "59908857"}}, {"type": "Feature", "geometry": {"type": "Point", "coordinates": [-74.14007820232825, 40.55064104334257]}, "properties": {"noise_id": 608, "unique_key": "59930905"}}, {"type": "Feature", "geometry": {"type": "Point", "coordinates": [-73.95639022546678, 40.80560045960426]}, "properties": {"noise_id": 609, "unique_key": "60058489"}}, {"type": "Feature", "geometry": {"type": "Point", "coordinates": [-73.95871647820573, 40.66580556394607]}, "properties": {"noise_id": 610, "unique_key": "59926714"}}, {"type": "Feature", "geometry": {"type": "Point", "coordinates": [-73.94882000788307, 40.677590401466695]}, "properties": {"noise_id": 611, "unique_key": "59955560"}}, {"type": "Feature", "geometry": {"type": "Point", "coordinates": [-73.92627736523238, 40.80720177842463]}, "properties": {"noise_id": 612, "unique_key": "59924730"}}, {"type": "Feature", "geometry": {"type": "Point", "coordinates": [-73.88267863965126, 40.722449130914256]}, "properties": {"noise_id": 613, "unique_key": "60087765"}}, {"type": "Feature", "geometry": {"type": "Point", "coordinates": [-73.98361593748928, 40.69980031989199]}, "properties": {"noise_id": 614, "unique_key": "60152258"}}, {"type": "Feature", "geometry": {"type": "Point", "coordinates": [-73.95644459333987, 40.74459593908806]}, "properties": {"noise_id": 615, "unique_key": "59991515"}}, {"type": "Feature", "geometry": {"type": "Point", "coordinates": [-73.88810283405479, 40.82662288859531]}, "properties": {"noise_id": 616, "unique_key": "60144830"}}, {"type": "Feature", "geometry": {"type": "Point", "coordinates": [-73.95117114409372, 40.71134933289554]}, "properties": {"noise_id": 617, "unique_key": "60160989"}}, {"type": "Feature", "geometry": {"type": "Point", "coordinates": [-73.93002502392218, 40.76431215780196]}, "properties": {"noise_id": 618, "unique_key": "60125309"}}, {"type": "Feature", "geometry": {"type": "Point", "coordinates": [-73.94523849972839, 40.8374810891736]}, "properties": {"noise_id": 619, "unique_key": "59942024"}}, {"type": "Feature", "geometry": {"type": "Point", "coordinates": [-73.99824274826899, 40.59768456879865]}, "properties": {"noise_id": 620, "unique_key": "60050755"}}, {"type": "Feature", "geometry": {"type": "Point", "coordinates": [-73.94725491293381, 40.69635569622582]}, "properties": {"noise_id": 621, "unique_key": "60095181"}}, {"type": "Feature", "geometry": {"type": "Point", "coordinates": [-73.77267111752437, 40.71890018266779]}, "properties": {"noise_id": 622, "unique_key": "60077203"}}, {"type": "Feature", "geometry": {"type": "Point", "coordinates": [-73.92718359841146, 40.76468368198577]}, "properties": {"noise_id": 623, "unique_key": "60032979"}}, {"type": "Feature", "geometry": {"type": "Point", "coordinates": [-73.80247573823495, 40.8164211493788]}, "properties": {"noise_id": 624, "unique_key": "59987669"}}, {"type": "Feature", "geometry": {"type": "Point", "coordinates": [-73.85499157554007, 40.8128102465494]}, "properties": {"noise_id": 625, "unique_key": "60039933"}}, {"type": "Feature", "geometry": {"type": "Point", "coordinates": [-73.91944038682938, 40.70188950855202]}, "properties": {"noise_id": 626, "unique_key": "59921411"}}, {"type": "Feature", "geometry": {"type": "Point", "coordinates": [-73.86840148254917, 40.86394111578621]}, "properties": {"noise_id": 627, "unique_key": "60022264"}}, {"type": "Feature", "geometry": {"type": "Point", "coordinates": [-73.90518578573082, 40.63954200133019]}, "properties": {"noise_id": 628, "unique_key": "60103400"}}, {"type": "Feature", "geometry": {"type": "Point", "coordinates": [-73.94722464211642, 40.79382174674858]}, "properties": {"noise_id": 629, "unique_key": "60006553"}}, {"type": "Feature", "geometry": {"type": "Point", "coordinates": [-73.87355105173786, 40.876558757466825]}, "properties": {"noise_id": 630, "unique_key": "60128165"}}, {"type": "Feature", "geometry": {"type": "Point", "coordinates": [-73.94963612069185, 40.64241365910133]}, "properties": {"noise_id": 631, "unique_key": "60128921"}}, {"type": "Feature", "geometry": {"type": "Point", "coordinates": [-73.91824029042738, 40.871727239238126]}, "properties": {"noise_id": 632, "unique_key": "59899393"}}, {"type": "Feature", "geometry": {"type": "Point", "coordinates": [-73.91181386455017, 40.86173180856398]}, "properties": {"noise_id": 633, "unique_key": "60130949"}}, {"type": "Feature", "geometry": {"type": "Point", "coordinates": [-73.88232069368046, 40.68203205744383]}, "properties": {"noise_id": 634, "unique_key": "60025605"}}, {"type": "Feature", "geometry": {"type": "Point", "coordinates": [-73.98660800066811, 40.76004808628082]}, "properties": {"noise_id": 635, "unique_key": "60015394"}}, {"type": "Feature", "geometry": {"type": "Point", "coordinates": [-73.99216325838445, 40.66865080456807]}, "properties": {"noise_id": 636, "unique_key": "59962888"}}, {"type": "Feature", "geometry": {"type": "Point", "coordinates": [-73.93932577703342, 40.84185319750974]}, "properties": {"noise_id": 637, "unique_key": "59943856"}}, {"type": "Feature", "geometry": {"type": "Point", "coordinates": [-73.93724315839978, 40.82745332379308]}, "properties": {"noise_id": 638, "unique_key": "59942433"}}, {"type": "Feature", "geometry": {"type": "Point", "coordinates": [-73.97703428017383, 40.75186174473024]}, "properties": {"noise_id": 639, "unique_key": "59978990"}}, {"type": "Feature", "geometry": {"type": "Point", "coordinates": [-74.07472097863922, 40.62500119583125]}, "properties": {"noise_id": 640, "unique_key": "60080565"}}, {"type": "Feature", "geometry": {"type": "Point", "coordinates": [-73.9880505577305, 40.72718809597836]}, "properties": {"noise_id": 641, "unique_key": "60081782"}}, {"type": "Feature", "geometry": {"type": "Point", "coordinates": [-73.94200273730205, 40.7146250697876]}, "properties": {"noise_id": 642, "unique_key": "60020533"}}, {"type": "Feature", "geometry": {"type": "Point", "coordinates": [-73.99023619484785, 40.65853065841928]}, "properties": {"noise_id": 643, "unique_key": "59927888"}}, {"type": "Feature", "geometry": {"type": "Point", "coordinates": [-73.98416680449647, 40.64292589342707]}, "properties": {"noise_id": 644, "unique_key": "59924619"}}, {"type": "Feature", "geometry": {"type": "Point", "coordinates": [-74.03081420276816, 40.63123829674709]}, "properties": {"noise_id": 645, "unique_key": "59900200"}}, {"type": "Feature", "geometry": {"type": "Point", "coordinates": [-73.78933303801526, 40.75689740062305]}, "properties": {"noise_id": 646, "unique_key": "60012260"}}, {"type": "Feature", "geometry": {"type": "Point", "coordinates": [-73.9372306461143, 40.84454737970541]}, "properties": {"noise_id": 647, "unique_key": "59979725"}}, {"type": "Feature", "geometry": {"type": "Point", "coordinates": [-73.99746456226916, 40.60785128096797]}, "properties": {"noise_id": 648, "unique_key": "59951883"}}, {"type": "Feature", "geometry": {"type": "Point", "coordinates": [-73.96227492447909, 40.65181664036495]}, "properties": {"noise_id": 649, "unique_key": "60034231"}}, {"type": "Feature", "geometry": {"type": "Point", "coordinates": [-73.83446171889048, 40.68920015433953]}, "properties": {"noise_id": 650, "unique_key": "59947247"}}, {"type": "Feature", "geometry": {"type": "Point", "coordinates": [-73.95963821484835, 40.76283868770374]}, "properties": {"noise_id": 651, "unique_key": "59955921"}}, {"type": "Feature", "geometry": {"type": "Point", "coordinates": [-74.02749877185693, 40.62902134794758]}, "properties": {"noise_id": 652, "unique_key": "60031029"}}, {"type": "Feature", "geometry": {"type": "Point", "coordinates": [-73.82982217446327, 40.70426493351593]}, "properties": {"noise_id": 653, "unique_key": "60108925"}}, {"type": "Feature", "geometry": {"type": "Point", "coordinates": [-73.86481349454017, 40.854039568540806]}, "properties": {"noise_id": 654, "unique_key": "60037420"}}, {"type": "Feature", "geometry": {"type": "Point", "coordinates": [-73.91510284182463, 40.76613012686766]}, "properties": {"noise_id": 655, "unique_key": "60016288"}}, {"type": "Feature", "geometry": {"type": "Point", "coordinates": [-73.89248181464502, 40.86486083926658]}, "properties": {"noise_id": 656, "unique_key": "60075783"}}, {"type": "Feature", "geometry": {"type": "Point", "coordinates": [-74.15804534152304, 40.61468424413846]}, "properties": {"noise_id": 657, "unique_key": "60180950"}}, {"type": "Feature", "geometry": {"type": "Point", "coordinates": [-73.90825561396986, 40.6789156365431]}, "properties": {"noise_id": 658, "unique_key": "59991503"}}, {"type": "Feature", "geometry": {"type": "Point", "coordinates": [-73.95559602207177, 40.637033588731605]}, "properties": {"noise_id": 659, "unique_key": "59951122"}}, {"type": "Feature", "geometry": {"type": "Point", "coordinates": [-73.88689893909496, 40.87377851204376]}, "properties": {"noise_id": 660, "unique_key": "60170344"}}, {"type": "Feature", "geometry": {"type": "Point", "coordinates": [-73.99803462876274, 40.69507772485012]}, "properties": {"noise_id": 661, "unique_key": "60126661"}}, {"type": "Feature", "geometry": {"type": "Point", "coordinates": [-73.95287185886781, 40.67821245145097]}, "properties": {"noise_id": 662, "unique_key": "60102802"}}, {"type": "Feature", "geometry": {"type": "Point", "coordinates": [-73.84340066819883, 40.58019503615226]}, "properties": {"noise_id": 663, "unique_key": "60045755"}}, {"type": "Feature", "geometry": {"type": "Point", "coordinates": [-73.89198533020792, 40.84777734304132]}, "properties": {"noise_id": 664, "unique_key": "59935298"}}, {"type": "Feature", "geometry": {"type": "Point", "coordinates": [-73.84435704010819, 40.68576652575032]}, "properties": {"noise_id": 665, "unique_key": "60118549"}}, {"type": "Feature", "geometry": {"type": "Point", "coordinates": [-73.92671655048755, 40.84138201972981]}, "properties": {"noise_id": 666, "unique_key": "59948509"}}, {"type": "Feature", "geometry": {"type": "Point", "coordinates": [-73.86468555130322, 40.83874864410833]}, "properties": {"noise_id": 667, "unique_key": "60186980"}}, {"type": "Feature", "geometry": {"type": "Point", "coordinates": [-73.95343550610471, 40.65064137900896]}, "properties": {"noise_id": 668, "unique_key": "60028155"}}, {"type": "Feature", "geometry": {"type": "Point", "coordinates": [-73.89039210329346, 40.85828805965668]}, "properties": {"noise_id": 669, "unique_key": "60038535"}}, {"type": "Feature", "geometry": {"type": "Point", "coordinates": [-73.98411490634402, 40.77010724777638]}, "properties": {"noise_id": 670, "unique_key": "60081128"}}, {"type": "Feature", "geometry": {"type": "Point", "coordinates": [-73.74828833608122, 40.69113819874354]}, "properties": {"noise_id": 671, "unique_key": "60151937"}}, {"type": "Feature", "geometry": {"type": "Point", "coordinates": [-74.04066736891629, 40.62480419136853]}, "properties": {"noise_id": 672, "unique_key": "59948322"}}, {"type": "Feature", "geometry": {"type": "Point", "coordinates": [-74.0007036089664, 40.73324089932343]}, "properties": {"noise_id": 673, "unique_key": "59908530"}}, {"type": "Feature", "geometry": {"type": "Point", "coordinates": [-73.85264208111862, 40.87867207066825]}, "properties": {"noise_id": 674, "unique_key": "60000069"}}, {"type": "Feature", "geometry": {"type": "Point", "coordinates": [-73.91893507627726, 40.76449702034193]}, "properties": {"noise_id": 675, "unique_key": "59991681"}}, {"type": "Feature", "geometry": {"type": "Point", "coordinates": [-73.84402807540144, 40.78016106335266]}, "properties": {"noise_id": 676, "unique_key": "60041794"}}, {"type": "Feature", "geometry": {"type": "Point", "coordinates": [-74.17216108977752, 40.56165353685862]}, "properties": {"noise_id": 677, "unique_key": "60081092"}}, {"type": "Feature", "geometry": {"type": "Point", "coordinates": [-73.97254912006372, 40.63520811255041]}, "properties": {"noise_id": 678, "unique_key": "60044986"}}, {"type": "Feature", "geometry": {"type": "Point", "coordinates": [-73.91306569327689, 40.66739954301079]}, "properties": {"noise_id": 679, "unique_key": "59947094"}}, {"type": "Feature", "geometry": {"type": "Point", "coordinates": [-73.92164649823773, 40.77954007090074]}, "properties": {"noise_id": 680, "unique_key": "60174179"}}, {"type": "Feature", "geometry": {"type": "Point", "coordinates": [-73.94295831346162, 40.62650998262897]}, "properties": {"noise_id": 681, "unique_key": "59961771"}}, {"type": "Feature", "geometry": {"type": "Point", "coordinates": [-73.99621003451307, 40.69268973066009]}, "properties": {"noise_id": 682, "unique_key": "60014725"}}, {"type": "Feature", "geometry": {"type": "Point", "coordinates": [-73.92632217610873, 40.77324672633083]}, "properties": {"noise_id": 683, "unique_key": "60082504"}}, {"type": "Feature", "geometry": {"type": "Point", "coordinates": [-73.97907601452906, 40.76687588351982]}, "properties": {"noise_id": 684, "unique_key": "60150332"}}, {"type": "Feature", "geometry": {"type": "Point", "coordinates": [-73.87539929655513, 40.68142640964559]}, "properties": {"noise_id": 685, "unique_key": "60055177"}}, {"type": "Feature", "geometry": {"type": "Point", "coordinates": [-73.91574915728282, 40.64903071650113]}, "properties": {"noise_id": 686, "unique_key": "60026195"}}, {"type": "Feature", "geometry": {"type": "Point", "coordinates": [-73.82295827718805, 40.754651139647]}, "properties": {"noise_id": 687, "unique_key": "59932904"}}, {"type": "Feature", "geometry": {"type": "Point", "coordinates": [-73.88684973900581, 40.71357674486672]}, "properties": {"noise_id": 688, "unique_key": "59995708"}}, {"type": "Feature", "geometry": {"type": "Point", "coordinates": [-74.08195447451448, 40.59849526798771]}, "properties": {"noise_id": 689, "unique_key": "59937319"}}, {"type": "Feature", "geometry": {"type": "Point", "coordinates": [-73.80103754986486, 40.712598561439584]}, "properties": {"noise_id": 690, "unique_key": "60089621"}}, {"type": "Feature", "geometry": {"type": "Point", "coordinates": [-73.98342407217982, 40.73172185922995]}, "properties": {"noise_id": 691, "unique_key": "60023693"}}, {"type": "Feature", "geometry": {"type": "Point", "coordinates": [-73.87540537204346, 40.668525961269815]}, "properties": {"noise_id": 692, "unique_key": "60158361"}}, {"type": "Feature", "geometry": {"type": "Point", "coordinates": [-73.9729661683084, 40.63741502026353]}, "properties": {"noise_id": 693, "unique_key": "59954427"}}, {"type": "Feature", "geometry": {"type": "Point", "coordinates": [-73.78414119761082, 40.69715621916454]}, "properties": {"noise_id": 694, "unique_key": "60056836"}}, {"type": "Feature", "geometry": {"type": "Point", "coordinates": [-73.83328621594453, 40.76274709149144]}, "properties": {"noise_id": 695, "unique_key": "59969907"}}, {"type": "Feature", "geometry": {"type": "Point", "coordinates": [-73.90522857511729, 40.85042664595782]}, "properties": {"noise_id": 696, "unique_key": "60017938"}}, {"type": "Feature", "geometry": {"type": "Point", "coordinates": [-73.9221456283383, 40.74484684683396]}, "properties": {"noise_id": 697, "unique_key": "60097076"}}, {"type": "Feature", "geometry": {"type": "Point", "coordinates": [-73.78056421447309, 40.69810738158218]}, "properties": {"noise_id": 698, "unique_key": "59987451"}}, {"type": "Feature", "geometry": {"type": "Point", "coordinates": [-73.85820495907939, 40.723788482937245]}, "properties": {"noise_id": 699, "unique_key": "60096960"}}, {"type": "Feature", "geometry": {"type": "Point", "coordinates": [-73.9236368751394, 40.68749330986512]}, "properties": {"noise_id": 700, "unique_key": "60109924"}}, {"type": "Feature", "geometry": {"type": "Point", "coordinates": [-73.86501550682634, 40.75449949969666]}, "properties": {"noise_id": 701, "unique_key": "59977408"}}, {"type": "Feature", "geometry": {"type": "Point", "coordinates": [-73.98183582796739, 40.64144885434917]}, "properties": {"noise_id": 702, "unique_key": "59930332"}}, {"type": "Feature", "geometry": {"type": "Point", "coordinates": [-74.00473478724814, 40.74396180589385]}, "properties": {"noise_id": 703, "unique_key": "60044889"}}, {"type": "Feature", "geometry": {"type": "Point", "coordinates": [-73.84754600654807, 40.70875002124895]}, "properties": {"noise_id": 704, "unique_key": "59996151"}}, {"type": "Feature", "geometry": {"type": "Point", "coordinates": [-73.95497831316953, 40.80493843812181]}, "properties": {"noise_id": 705, "unique_key": "60101287"}}, {"type": "Feature", "geometry": {"type": "Point", "coordinates": [-73.97772298681917, 40.62432614259388]}, "properties": {"noise_id": 706, "unique_key": "60076183"}}, {"type": "Feature", "geometry": {"type": "Point", "coordinates": [-73.94560736546991, 40.80181638877863]}, "properties": {"noise_id": 707, "unique_key": "60059431"}}, {"type": "Feature", "geometry": {"type": "Point", "coordinates": [-73.85371405168857, 40.85329593641424]}, "properties": {"noise_id": 708, "unique_key": "60015139"}}, {"type": "Feature", "geometry": {"type": "Point", "coordinates": [-73.95416290429146, 40.82456287045771]}, "properties": {"noise_id": 709, "unique_key": "59903679"}}, {"type": "Feature", "geometry": {"type": "Point", "coordinates": [-73.95475404088286, 40.715072694115264]}, "properties": {"noise_id": 710, "unique_key": "60082724"}}, {"type": "Feature", "geometry": {"type": "Point", "coordinates": [-73.98698575829097, 40.7295539602529]}, "properties": {"noise_id": 711, "unique_key": "59955696"}}, {"type": "Feature", "geometry": {"type": "Point", "coordinates": [-73.93643919542686, 40.81798635263026]}, "properties": {"noise_id": 712, "unique_key": "59924588"}}, {"type": "Feature", "geometry": {"type": "Point", "coordinates": [-73.93625133328511, 40.8255232445412]}, "properties": {"noise_id": 713, "unique_key": "60069497"}}, {"type": "Feature", "geometry": {"type": "Point", "coordinates": [-73.97727968080572, 40.75194688055357]}, "properties": {"noise_id": 714, "unique_key": "60109115"}}, {"type": "Feature", "geometry": {"type": "Point", "coordinates": [-73.92180255374356, 40.6589518917044]}, "properties": {"noise_id": 715, "unique_key": "60019526"}}, {"type": "Feature", "geometry": {"type": "Point", "coordinates": [-73.98692001277828, 40.73363265846228]}, "properties": {"noise_id": 716, "unique_key": "60133726"}}, {"type": "Feature", "geometry": {"type": "Point", "coordinates": [-73.95272882166813, 40.82405726366155]}, "properties": {"noise_id": 717, "unique_key": "60008782"}}, {"type": "Feature", "geometry": {"type": "Point", "coordinates": [-73.95276841145517, 40.81918540590982]}, "properties": {"noise_id": 718, "unique_key": "59910537"}}, {"type": "Feature", "geometry": {"type": "Point", "coordinates": [-73.99250549909435, 40.70261188232208]}, "properties": {"noise_id": 719, "unique_key": "60161260"}}, {"type": "Feature", "geometry": {"type": "Point", "coordinates": [-73.7176261930003, 40.744027466141794]}, "properties": {"noise_id": 720, "unique_key": "59972555"}}, {"type": "Feature", "geometry": {"type": "Point", "coordinates": [-73.89352047009739, 40.75357145840776]}, "properties": {"noise_id": 721, "unique_key": "60161042"}}, {"type": "Feature", "geometry": {"type": "Point", "coordinates": [-73.91747533553969, 40.8325734884355]}, "properties": {"noise_id": 722, "unique_key": "60016414"}}, {"type": "Feature", "geometry": {"type": "Point", "coordinates": [-73.92040605764453, 40.81137808895097]}, "properties": {"noise_id": 723, "unique_key": "59986210"}}, {"type": "Feature", "geometry": {"type": "Point", "coordinates": [-73.93334881410216, 40.84823957716344]}, "properties": {"noise_id": 724, "unique_key": "60011429"}}, {"type": "Feature", "geometry": {"type": "Point", "coordinates": [-73.92476442058863, 40.86739505807879]}, "properties": {"noise_id": 725, "unique_key": "60043683"}}, {"type": "Feature", "geometry": {"type": "Point", "coordinates": [-73.98352148730712, 40.73174383124967]}, "properties": {"noise_id": 726, "unique_key": "59915322"}}, {"type": "Feature", "geometry": {"type": "Point", "coordinates": [-73.98755336543107, 40.76206832336848]}, "properties": {"noise_id": 727, "unique_key": "60032992"}}, {"type": "Feature", "geometry": {"type": "Point", "coordinates": [-73.85702343638143, 40.84906225738948]}, "properties": {"noise_id": 728, "unique_key": "59906159"}}, {"type": "Feature", "geometry": {"type": "Point", "coordinates": [-73.79958591220985, 40.68792602008227]}, "properties": {"noise_id": 729, "unique_key": "60158001"}}, {"type": "Feature", "geometry": {"type": "Point", "coordinates": [-74.20358587121693, 40.51506371665395]}, "properties": {"noise_id": 730, "unique_key": "60105215"}}, {"type": "Feature", "geometry": {"type": "Point", "coordinates": [-73.94971251720928, 40.832696349602095]}, "properties": {"noise_id": 731, "unique_key": "60088970"}}, {"type": "Feature", "geometry": {"type": "Point", "coordinates": [-73.98839211802895, 40.67189481163357]}, "properties": {"noise_id": 732, "unique_key": "59920379"}}, {"type": "Feature", "geometry": {"type": "Point", "coordinates": [-73.95968125112846, 40.7275247516526]}, "properties": {"noise_id": 733, "unique_key": "60103195"}}, {"type": "Feature", "geometry": {"type": "Point", "coordinates": [-73.92511160702915, 40.6297303612936]}, "properties": {"noise_id": 734, "unique_key": "60130119"}}, {"type": "Feature", "geometry": {"type": "Point", "coordinates": [-73.99831953265728, 40.6944738803682]}, "properties": {"noise_id": 735, "unique_key": "60161389"}}, {"type": "Feature", "geometry": {"type": "Point", "coordinates": [-73.97442811493946, 40.7243834794696]}, "properties": {"noise_id": 736, "unique_key": "60022898"}}, {"type": "Feature", "geometry": {"type": "Point", "coordinates": [-73.98342407217982, 40.73172185922995]}, "properties": {"noise_id": 737, "unique_key": "60032662"}}, {"type": "Feature", "geometry": {"type": "Point", "coordinates": [-73.95370702150926, 40.576153272020576]}, "properties": {"noise_id": 738, "unique_key": "59972382"}}, {"type": "Feature", "geometry": {"type": "Point", "coordinates": [-73.86461405948627, 40.83836155570683]}, "properties": {"noise_id": 739, "unique_key": "60048178"}}, {"type": "Feature", "geometry": {"type": "Point", "coordinates": [-73.7313654929865, 40.665167195187294]}, "properties": {"noise_id": 740, "unique_key": "60126213"}}, {"type": "Feature", "geometry": {"type": "Point", "coordinates": [-73.92476442058863, 40.86739505807879]}, "properties": {"noise_id": 741, "unique_key": "59967398"}}, {"type": "Feature", "geometry": {"type": "Point", "coordinates": [-73.95453505153264, 40.644778960362935]}, "properties": {"noise_id": 742, "unique_key": "60142818"}}, {"type": "Feature", "geometry": {"type": "Point", "coordinates": [-73.9502368396467, 40.80807919847091]}, "properties": {"noise_id": 743, "unique_key": "59950409"}}, {"type": "Feature", "geometry": {"type": "Point", "coordinates": [-73.96057653120009, 40.65957556772453]}, "properties": {"noise_id": 744, "unique_key": "60155682"}}, {"type": "Feature", "geometry": {"type": "Point", "coordinates": [-73.98588897060516, 40.78038652065422]}, "properties": {"noise_id": 745, "unique_key": "59989295"}}, {"type": "Feature", "geometry": {"type": "Point", "coordinates": [-74.00288416293736, 40.67691555467492]}, "properties": {"noise_id": 746, "unique_key": "60183426"}}, {"type": "Feature", "geometry": {"type": "Point", "coordinates": [-73.91451728168121, 40.69919883022561]}, "properties": {"noise_id": 747, "unique_key": "60162396"}}, {"type": "Feature", "geometry": {"type": "Point", "coordinates": [-73.93332636925645, 40.79851077713076]}, "properties": {"noise_id": 748, "unique_key": "60100251"}}, {"type": "Feature", "geometry": {"type": "Point", "coordinates": [-73.87972075332848, 40.72422468368541]}, "properties": {"noise_id": 749, "unique_key": "59916024"}}, {"type": "Feature", "geometry": {"type": "Point", "coordinates": [-73.98241059984582, 40.60709514430268]}, "properties": {"noise_id": 750, "unique_key": "60112359"}}, {"type": "Feature", "geometry": {"type": "Point", "coordinates": [-73.767033444213, 40.76613721548734]}, "properties": {"noise_id": 751, "unique_key": "60180485"}}, {"type": "Feature", "geometry": {"type": "Point", "coordinates": [-73.84227900219491, 40.72131944016655]}, "properties": {"noise_id": 752, "unique_key": "60081732"}}, {"type": "Feature", "geometry": {"type": "Point", "coordinates": [-73.9327325333818, 40.77140343728553]}, "properties": {"noise_id": 753, "unique_key": "60119637"}}, {"type": "Feature", "geometry": {"type": "Point", "coordinates": [-73.89938613893433, 40.85840604170503]}, "properties": {"noise_id": 754, "unique_key": "59904169"}}, {"type": "Feature", "geometry": {"type": "Point", "coordinates": [-73.99464179203123, 40.64293783771266]}, "properties": {"noise_id": 755, "unique_key": "60026490"}}, {"type": "Feature", "geometry": {"type": "Point", "coordinates": [-73.85724917253154, 40.83145795182173]}, "properties": {"noise_id": 756, "unique_key": "59983682"}}, {"type": "Feature", "geometry": {"type": "Point", "coordinates": [-73.99880016478421, 40.63814007071724]}, "properties": {"noise_id": 757, "unique_key": "59911202"}}, {"type": "Feature", "geometry": {"type": "Point", "coordinates": [-73.81837184539623, 40.688045036717504]}, "properties": {"noise_id": 758, "unique_key": "60155323"}}, {"type": "Feature", "geometry": {"type": "Point", "coordinates": [-73.73926889095212, 40.69873762755093]}, "properties": {"noise_id": 759, "unique_key": "60147157"}}, {"type": "Feature", "geometry": {"type": "Point", "coordinates": [-73.8287147735989, 40.6958999720417]}, "properties": {"noise_id": 760, "unique_key": "60160760"}}, {"type": "Feature", "geometry": {"type": "Point", "coordinates": [-73.99426189160461, 40.70282607498251]}, "properties": {"noise_id": 761, "unique_key": "59940346"}}, {"type": "Feature", "geometry": {"type": "Point", "coordinates": [-73.95849300145349, 40.73530296557689]}, "properties": {"noise_id": 762, "unique_key": "60084687"}}, {"type": "Feature", "geometry": {"type": "Point", "coordinates": [-73.89875001014423, 40.83220724576252]}, "properties": {"noise_id": 763, "unique_key": "59957482"}}, {"type": "Feature", "geometry": {"type": "Point", "coordinates": [-73.9463878484424, 40.71623837031838]}, "properties": {"noise_id": 764, "unique_key": "60109183"}}, {"type": "Feature", "geometry": {"type": "Point", "coordinates": [-73.80691522841968, 40.70331477811936]}, "properties": {"noise_id": 765, "unique_key": "59958583"}}, {"type": "Feature", "geometry": {"type": "Point", "coordinates": [-74.00358240442132, 40.72228652364041]}, "properties": {"noise_id": 766, "unique_key": "60020830"}}, {"type": "Feature", "geometry": {"type": "Point", "coordinates": [-73.84687384879807, 40.6684777987759]}, "properties": {"noise_id": 767, "unique_key": "60107648"}}, {"type": "Feature", "geometry": {"type": "Point", "coordinates": [-73.98213955379445, 40.73176009372943]}, "properties": {"noise_id": 768, "unique_key": "59901967"}}, {"type": "Feature", "geometry": {"type": "Point", "coordinates": [-73.90983454278451, 40.833723292269774]}, "properties": {"noise_id": 769, "unique_key": "60084417"}}, {"type": "Feature", "geometry": {"type": "Point", "coordinates": [-73.9172530932258, 40.83693467740207]}, "properties": {"noise_id": 770, "unique_key": "60013770"}}, {"type": "Feature", "geometry": {"type": "Point", "coordinates": [-73.85526146172553, 40.695354527499525]}, "properties": {"noise_id": 771, "unique_key": "60090785"}}, {"type": "Feature", "geometry": {"type": "Point", "coordinates": [-73.90467576630016, 40.83261302416413]}, "properties": {"noise_id": 772, "unique_key": "60181130"}}, {"type": "Feature", "geometry": {"type": "Point", "coordinates": [-73.91047404621315, 40.8230715489424]}, "properties": {"noise_id": 773, "unique_key": "60140119"}}, {"type": "Feature", "geometry": {"type": "Point", "coordinates": [-73.9453836800344, 40.83672087313633]}, "properties": {"noise_id": 774, "unique_key": "60160914"}}, {"type": "Feature", "geometry": {"type": "Point", "coordinates": [-73.85893939704395, 40.89666588709302]}, "properties": {"noise_id": 775, "unique_key": "60046264"}}, {"type": "Feature", "geometry": {"type": "Point", "coordinates": [-74.02680435874255, 40.63124204625797]}, "properties": {"noise_id": 776, "unique_key": "60082552"}}, {"type": "Feature", "geometry": {"type": "Point", "coordinates": [-73.88887006240707, 40.85402682399926]}, "properties": {"noise_id": 777, "unique_key": "60182280"}}, {"type": "Feature", "geometry": {"type": "Point", "coordinates": [-73.86406847937133, 40.861292945123054]}, "properties": {"noise_id": 778, "unique_key": "60012903"}}, {"type": "Feature", "geometry": {"type": "Point", "coordinates": [-73.96724234640739, 40.7885839933098]}, "properties": {"noise_id": 779, "unique_key": "59974434"}}, {"type": "Feature", "geometry": {"type": "Point", "coordinates": [-73.86433320101949, 40.87684471644309]}, "properties": {"noise_id": 780, "unique_key": "60191551"}}, {"type": "Feature", "geometry": {"type": "Point", "coordinates": [-73.74912290124946, 40.772179231095386]}, "properties": {"noise_id": 781, "unique_key": "59971208"}}, {"type": "Feature", "geometry": {"type": "Point", "coordinates": [-73.80710216474208, 40.67485724622047]}, "properties": {"noise_id": 782, "unique_key": "60129601"}}, {"type": "Feature", "geometry": {"type": "Point", "coordinates": [-73.79556680341045, 40.73805215742069]}, "properties": {"noise_id": 783, "unique_key": "59937774"}}, {"type": "Feature", "geometry": {"type": "Point", "coordinates": [-73.8984233658015, 40.85443910241399]}, "properties": {"noise_id": 784, "unique_key": "59962122"}}, {"type": "Feature", "geometry": {"type": "Point", "coordinates": [-73.93459225474528, 40.80407231958777]}, "properties": {"noise_id": 785, "unique_key": "59901999"}}, {"type": "Feature", "geometry": {"type": "Point", "coordinates": [-73.76801587523723, 40.681007499309466]}, "properties": {"noise_id": 786, "unique_key": "60094182"}}, {"type": "Feature", "geometry": {"type": "Point", "coordinates": [-73.93326569739818, 40.8482230608753]}, "properties": {"noise_id": 787, "unique_key": "60137914"}}, {"type": "Feature", "geometry": {"type": "Point", "coordinates": [-73.92366057609894, 40.836864989190026]}, "properties": {"noise_id": 788, "unique_key": "59942126"}}, {"type": "Feature", "geometry": {"type": "Point", "coordinates": [-73.93119927228314, 40.68993818122179]}, "properties": {"noise_id": 789, "unique_key": "60173710"}}, {"type": "Feature", "geometry": {"type": "Point", "coordinates": [-73.96618236920955, 40.763848115046535]}, "properties": {"noise_id": 790, "unique_key": "60115693"}}, {"type": "Feature", "geometry": {"type": "Point", "coordinates": [-73.85978908679643, 40.89339525734416]}, "properties": {"noise_id": 791, "unique_key": "60136653"}}, {"type": "Feature", "geometry": {"type": "Point", "coordinates": [-73.89501155329435, 40.73040436902504]}, "properties": {"noise_id": 792, "unique_key": "60142350"}}, {"type": "Feature", "geometry": {"type": "Point", "coordinates": [-73.93434755375743, 40.66397444916069]}, "properties": {"noise_id": 793, "unique_key": "60112916"}}, {"type": "Feature", "geometry": {"type": "Point", "coordinates": [-73.91078913475253, 40.852160244195126]}, "properties": {"noise_id": 794, "unique_key": "60079157"}}, {"type": "Feature", "geometry": {"type": "Point", "coordinates": [-74.11282415046465, 40.57632403733569]}, "properties": {"noise_id": 795, "unique_key": "59983017"}}, {"type": "Feature", "geometry": {"type": "Point", "coordinates": [-73.86113241646741, 40.8927052202338]}, "properties": {"noise_id": 796, "unique_key": "60014030"}}, {"type": "Feature", "geometry": {"type": "Point", "coordinates": [-73.87046280541475, 40.86735785461471]}, "properties": {"noise_id": 797, "unique_key": "60167301"}}, {"type": "Feature", "geometry": {"type": "Point", "coordinates": [-73.79033112297238, 40.70814675509626]}, "properties": {"noise_id": 798, "unique_key": "60147203"}}, {"type": "Feature", "geometry": {"type": "Point", "coordinates": [-73.92418008393541, 40.86301413791757]}, "properties": {"noise_id": 799, "unique_key": "60074270"}}, {"type": "Feature", "geometry": {"type": "Point", "coordinates": [-73.72950910388138, 40.7282845605797]}, "properties": {"noise_id": 800, "unique_key": "59914960"}}, {"type": "Feature", "geometry": {"type": "Point", "coordinates": [-73.93472616634301, 40.63804744139949]}, "properties": {"noise_id": 801, "unique_key": "59995135"}}, {"type": "Feature", "geometry": {"type": "Point", "coordinates": [-73.91209959402624, 40.72760804984889]}, "properties": {"noise_id": 802, "unique_key": "60148232"}}, {"type": "Feature", "geometry": {"type": "Point", "coordinates": [-73.91350777065715, 40.693420337366376]}, "properties": {"noise_id": 803, "unique_key": "60145563"}}, {"type": "Feature", "geometry": {"type": "Point", "coordinates": [-73.87707616446399, 40.8709716218336]}, "properties": {"noise_id": 804, "unique_key": "60025764"}}, {"type": "Feature", "geometry": {"type": "Point", "coordinates": [-74.00679819822177, 40.7357219581508]}, "properties": {"noise_id": 805, "unique_key": "60155429"}}, {"type": "Feature", "geometry": {"type": "Point", "coordinates": [-73.92343013871663, 40.86752592583967]}, "properties": {"noise_id": 806, "unique_key": "60156821"}}, {"type": "Feature", "geometry": {"type": "Point", "coordinates": [-74.00933795876206, 40.60310792228232]}, "properties": {"noise_id": 807, "unique_key": "60141368"}}, {"type": "Feature", "geometry": {"type": "Point", "coordinates": [-74.01565316816183, 40.64352702599234]}, "properties": {"noise_id": 808, "unique_key": "60112797"}}, {"type": "Feature", "geometry": {"type": "Point", "coordinates": [-73.90072139114507, 40.82847340238256]}, "properties": {"noise_id": 809, "unique_key": "59992589"}}, {"type": "Feature", "geometry": {"type": "Point", "coordinates": [-73.98768199909767, 40.67160928109323]}, "properties": {"noise_id": 810, "unique_key": "59938490"}}, {"type": "Feature", "geometry": {"type": "Point", "coordinates": [-73.94974643035262, 40.677755496292434]}, "properties": {"noise_id": 811, "unique_key": "60060634"}}, {"type": "Feature", "geometry": {"type": "Point", "coordinates": [-73.92631181598017, 40.691249900563705]}, "properties": {"noise_id": 812, "unique_key": "60163155"}}, {"type": "Feature", "geometry": {"type": "Point", "coordinates": [-73.80053717205264, 40.758064651744895]}, "properties": {"noise_id": 813, "unique_key": "59945049"}}, {"type": "Feature", "geometry": {"type": "Point", "coordinates": [-73.84687384879807, 40.6684777987759]}, "properties": {"noise_id": 814, "unique_key": "60099543"}}, {"type": "Feature", "geometry": {"type": "Point", "coordinates": [-73.9657262778305, 40.801338309648365]}, "properties": {"noise_id": 815, "unique_key": "60103023"}}, {"type": "Feature", "geometry": {"type": "Point", "coordinates": [-73.97873110876766, 40.62601986921098]}, "properties": {"noise_id": 816, "unique_key": "60109212"}}, {"type": "Feature", "geometry": {"type": "Point", "coordinates": [-73.8279291635516, 40.68031670825879]}, "properties": {"noise_id": 817, "unique_key": "60035013"}}, {"type": "Feature", "geometry": {"type": "Point", "coordinates": [-74.08212909043566, 40.61457141818296]}, "properties": {"noise_id": 818, "unique_key": "59930434"}}, {"type": "Feature", "geometry": {"type": "Point", "coordinates": [-73.96782420285443, 40.68304840514443]}, "properties": {"noise_id": 819, "unique_key": "60071400"}}, {"type": "Feature", "geometry": {"type": "Point", "coordinates": [-73.90867166332256, 40.83582208255312]}, "properties": {"noise_id": 820, "unique_key": "60021886"}}, {"type": "Feature", "geometry": {"type": "Point", "coordinates": [-73.96759702920683, 40.60889799802224]}, "properties": {"noise_id": 821, "unique_key": "60185337"}}, {"type": "Feature", "geometry": {"type": "Point", "coordinates": [-74.14739890265366, 40.61007340467624]}, "properties": {"noise_id": 822, "unique_key": "60163858"}}, {"type": "Feature", "geometry": {"type": "Point", "coordinates": [-73.99251564214038, 40.61226469503375]}, "properties": {"noise_id": 823, "unique_key": "60146513"}}, {"type": "Feature", "geometry": {"type": "Point", "coordinates": [-73.91882200171526, 40.81876577466432]}, "properties": {"noise_id": 824, "unique_key": "60007572"}}, {"type": "Feature", "geometry": {"type": "Point", "coordinates": [-73.82486415055432, 40.79579774923144]}, "properties": {"noise_id": 825, "unique_key": "60161056"}}, {"type": "Feature", "geometry": {"type": "Point", "coordinates": [-73.91273002629752, 40.84405112139325]}, "properties": {"noise_id": 826, "unique_key": "60031481"}}, {"type": "Feature", "geometry": {"type": "Point", "coordinates": [-73.79367980321378, 40.6948516339008]}, "properties": {"noise_id": 827, "unique_key": "60183689"}}, {"type": "Feature", "geometry": {"type": "Point", "coordinates": [-73.84687384879807, 40.6684777987759]}, "properties": {"noise_id": 828, "unique_key": "60196211"}}, {"type": "Feature", "geometry": {"type": "Point", "coordinates": [-73.8894705517809, 40.836365201146585]}, "properties": {"noise_id": 829, "unique_key": "60052296"}}, {"type": "Feature", "geometry": {"type": "Point", "coordinates": [-73.97925887354599, 40.67816808310793]}, "properties": {"noise_id": 830, "unique_key": "60072149"}}, {"type": "Feature", "geometry": {"type": "Point", "coordinates": [-74.00428247597385, 40.7251794743872]}, "properties": {"noise_id": 831, "unique_key": "60117098"}}, {"type": "Feature", "geometry": {"type": "Point", "coordinates": [-73.95186304705048, 40.58738424620448]}, "properties": {"noise_id": 832, "unique_key": "59972078"}}, {"type": "Feature", "geometry": {"type": "Point", "coordinates": [-73.98352148730712, 40.73174383124967]}, "properties": {"noise_id": 833, "unique_key": "60144265"}}, {"type": "Feature", "geometry": {"type": "Point", "coordinates": [-73.94206376413948, 40.83531396104625]}, "properties": {"noise_id": 834, "unique_key": "59910517"}}, {"type": "Feature", "geometry": {"type": "Point", "coordinates": [-73.96493632865035, 40.6347449187686]}, "properties": {"noise_id": 835, "unique_key": "60143331"}}, {"type": "Feature", "geometry": {"type": "Point", "coordinates": [-73.80021755923507, 40.68530860010023]}, "properties": {"noise_id": 836, "unique_key": "60151719"}}, {"type": "Feature", "geometry": {"type": "Point", "coordinates": [-73.99361760421357, 40.76464338726041]}, "properties": {"noise_id": 837, "unique_key": "59924057"}}, {"type": "Feature", "geometry": {"type": "Point", "coordinates": [-73.9156250323289, 40.7443317308709]}, "properties": {"noise_id": 838, "unique_key": "59959480"}}, {"type": "Feature", "geometry": {"type": "Point", "coordinates": [-73.87908479361818, 40.8719151748452]}, "properties": {"noise_id": 839, "unique_key": "60183817"}}, {"type": "Feature", "geometry": {"type": "Point", "coordinates": [-73.87888114123217, 40.67801837089299]}, "properties": {"noise_id": 840, "unique_key": "60169706"}}, {"type": "Feature", "geometry": {"type": "Point", "coordinates": [-73.99231855825026, 40.75998822422401]}, "properties": {"noise_id": 841, "unique_key": "60154491"}}, {"type": "Feature", "geometry": {"type": "Point", "coordinates": [-73.73055025635828, 40.71350091614436]}, "properties": {"noise_id": 842, "unique_key": "60077057"}}, {"type": "Feature", "geometry": {"type": "Point", "coordinates": [-73.9142540284491, 40.88985851515449]}, "properties": {"noise_id": 843, "unique_key": "60191215"}}, {"type": "Feature", "geometry": {"type": "Point", "coordinates": [-73.93453392217677, 40.75687655129948]}, "properties": {"noise_id": 844, "unique_key": "60125223"}}, {"type": "Feature", "geometry": {"type": "Point", "coordinates": [-73.92293126394107, 40.63660736185511]}, "properties": {"noise_id": 845, "unique_key": "60057888"}}, {"type": "Feature", "geometry": {"type": "Point", "coordinates": [-73.88447094081427, 40.74367065657385]}, "properties": {"noise_id": 846, "unique_key": "59915590"}}, {"type": "Feature", "geometry": {"type": "Point", "coordinates": [-73.83573258345683, 40.58023922444503]}, "properties": {"noise_id": 847, "unique_key": "60131159"}}, {"type": "Feature", "geometry": {"type": "Point", "coordinates": [-73.79857698163748, 40.59697556954424]}, "properties": {"noise_id": 848, "unique_key": "59932304"}}, {"type": "Feature", "geometry": {"type": "Point", "coordinates": [-73.76291443908221, 40.59473363996519]}, "properties": {"noise_id": 849, "unique_key": "60046581"}}, {"type": "Feature", "geometry": {"type": "Point", "coordinates": [-73.9415188581885, 40.65764611074324]}, "properties": {"noise_id": 850, "unique_key": "59956930"}}, {"type": "Feature", "geometry": {"type": "Point", "coordinates": [-73.86921337706241, 40.74707979245236]}, "properties": {"noise_id": 851, "unique_key": "59903541"}}, {"type": "Feature", "geometry": {"type": "Point", "coordinates": [-74.0848012940515, 40.64831117838168]}, "properties": {"noise_id": 852, "unique_key": "60046593"}}, {"type": "Feature", "geometry": {"type": "Point", "coordinates": [-73.9446618303583, 40.81823212746886]}, "properties": {"noise_id": 853, "unique_key": "60005685"}}, {"type": "Feature", "geometry": {"type": "Point", "coordinates": [-73.90834813014669, 40.76637472307163]}, "properties": {"noise_id": 854, "unique_key": "59958385"}}, {"type": "Feature", "geometry": {"type": "Point", "coordinates": [-73.98342407217982, 40.73172185922995]}, "properties": {"noise_id": 855, "unique_key": "59901066"}}, {"type": "Feature", "geometry": {"type": "Point", "coordinates": [-73.86920068822464, 40.83258373587881]}, "properties": {"noise_id": 856, "unique_key": "60086459"}}, {"type": "Feature", "geometry": {"type": "Point", "coordinates": [-73.90605591701345, 40.86862743571379]}, "properties": {"noise_id": 857, "unique_key": "59914032"}}, {"type": "Feature", "geometry": {"type": "Point", "coordinates": [-73.79547615065287, 40.71350831289381]}, "properties": {"noise_id": 858, "unique_key": "60076625"}}, {"type": "Feature", "geometry": {"type": "Point", "coordinates": [-73.94861163637752, 40.70939120268948]}, "properties": {"noise_id": 859, "unique_key": "60081569"}}, {"type": "Feature", "geometry": {"type": "Point", "coordinates": [-73.8572109454896, 40.7431899466996]}, "properties": {"noise_id": 860, "unique_key": "59966644"}}, {"type": "Feature", "geometry": {"type": "Point", "coordinates": [-73.99260544364424, 40.67947348240383]}, "properties": {"noise_id": 861, "unique_key": "60052676"}}, {"type": "Feature", "geometry": {"type": "Point", "coordinates": [-73.85526878639156, 40.721882709617525]}, "properties": {"noise_id": 862, "unique_key": "59916666"}}, {"type": "Feature", "geometry": {"type": "Point", "coordinates": [-73.9934165192067, 40.717274460839214]}, "properties": {"noise_id": 863, "unique_key": "60148505"}}, {"type": "Feature", "geometry": {"type": "Point", "coordinates": [-73.88108848468907, 40.87362994697448]}, "properties": {"noise_id": 864, "unique_key": "60108788"}}, {"type": "Feature", "geometry": {"type": "Point", "coordinates": [-73.9103881542057, 40.84124148846542]}, "properties": {"noise_id": 865, "unique_key": "60097027"}}, {"type": "Feature", "geometry": {"type": "Point", "coordinates": [-73.95896208201836, 40.61813696062869]}, "properties": {"noise_id": 866, "unique_key": "60163727"}}, {"type": "Feature", "geometry": {"type": "Point", "coordinates": [-73.83039403454212, 40.69497198091613]}, "properties": {"noise_id": 867, "unique_key": "60071771"}}, {"type": "Feature", "geometry": {"type": "Point", "coordinates": [-74.00453937117564, 40.73604869496858]}, "properties": {"noise_id": 868, "unique_key": "60155306"}}, {"type": "Feature", "geometry": {"type": "Point", "coordinates": [-73.83446171889048, 40.68920015433953]}, "properties": {"noise_id": 869, "unique_key": "59950212"}}, {"type": "Feature", "geometry": {"type": "Point", "coordinates": [-73.86699727967387, 40.73631781874827]}, "properties": {"noise_id": 870, "unique_key": "60052431"}}, {"type": "Feature", "geometry": {"type": "Point", "coordinates": [-73.92718359841146, 40.76468368198577]}, "properties": {"noise_id": 871, "unique_key": "60060129"}}, {"type": "Feature", "geometry": {"type": "Point", "coordinates": [-73.90718991850827, 40.85660382453727]}, "properties": {"noise_id": 872, "unique_key": "60001471"}}, {"type": "Feature", "geometry": {"type": "Point", "coordinates": [-73.87639111311755, 40.83297318206956]}, "properties": {"noise_id": 873, "unique_key": "60185422"}}, {"type": "Feature", "geometry": {"type": "Point", "coordinates": [-73.93547064607122, 40.69907250204072]}, "properties": {"noise_id": 874, "unique_key": "60145688"}}, {"type": "Feature", "geometry": {"type": "Point", "coordinates": [-73.9104916802543, 40.80727568944826]}, "properties": {"noise_id": 875, "unique_key": "59947745"}}, {"type": "Feature", "geometry": {"type": "Point", "coordinates": [-73.97618745052324, 40.63702871751549]}, "properties": {"noise_id": 876, "unique_key": "59987822"}}, {"type": "Feature", "geometry": {"type": "Point", "coordinates": [-73.9220705662831, 40.830614214642814]}, "properties": {"noise_id": 877, "unique_key": "60069611"}}, {"type": "Feature", "geometry": {"type": "Point", "coordinates": [-73.974623290995, 40.64765070229657]}, "properties": {"noise_id": 878, "unique_key": "60107162"}}, {"type": "Feature", "geometry": {"type": "Point", "coordinates": [-73.94919275426471, 40.79405044369122]}, "properties": {"noise_id": 879, "unique_key": "59986911"}}, {"type": "Feature", "geometry": {"type": "Point", "coordinates": [-73.96625920322005, 40.676312282686695]}, "properties": {"noise_id": 880, "unique_key": "60071763"}}, {"type": "Feature", "geometry": {"type": "Point", "coordinates": [-73.74054812488193, 40.69437082928359]}, "properties": {"noise_id": 881, "unique_key": "60002471"}}, {"type": "Feature", "geometry": {"type": "Point", "coordinates": [-73.97726475451302, 40.64762655176071]}, "properties": {"noise_id": 882, "unique_key": "59971097"}}, {"type": "Feature", "geometry": {"type": "Point", "coordinates": [-73.9708276159393, 40.68304371623181]}, "properties": {"noise_id": 883, "unique_key": "60157910"}}, {"type": "Feature", "geometry": {"type": "Point", "coordinates": [-73.94505498651843, 40.805886555178425]}, "properties": {"noise_id": 884, "unique_key": "59999649"}}, {"type": "Feature", "geometry": {"type": "Point", "coordinates": [-73.85869590564305, 40.75257608551617]}, "properties": {"noise_id": 885, "unique_key": "60107289"}}, {"type": "Feature", "geometry": {"type": "Point", "coordinates": [-73.79794458859313, 40.79167502426363]}, "properties": {"noise_id": 886, "unique_key": "60030029"}}, {"type": "Feature", "geometry": {"type": "Point", "coordinates": [-73.86135311144443, 40.74354084657344]}, "properties": {"noise_id": 887, "unique_key": "60053591"}}, {"type": "Feature", "geometry": {"type": "Point", "coordinates": [-73.7989882902525, 40.70675138586382]}, "properties": {"noise_id": 888, "unique_key": "60199666"}}, {"type": "Feature", "geometry": {"type": "Point", "coordinates": [-73.95055013833444, 40.82397400846211]}, "properties": {"noise_id": 889, "unique_key": "59999075"}}, {"type": "Feature", "geometry": {"type": "Point", "coordinates": [-74.0349678237751, 40.61684891473562]}, "properties": {"noise_id": 890, "unique_key": "60112045"}}, {"type": "Feature", "geometry": {"type": "Point", "coordinates": [-73.90993953695556, 40.83357790450306]}, "properties": {"noise_id": 891, "unique_key": "60198290"}}, {"type": "Feature", "geometry": {"type": "Point", "coordinates": [-73.85451730344538, 40.869468738787305]}, "properties": {"noise_id": 892, "unique_key": "59915147"}}, {"type": "Feature", "geometry": {"type": "Point", "coordinates": [-73.94543940720696, 40.75554828624253]}, "properties": {"noise_id": 893, "unique_key": "60100997"}}, {"type": "Feature", "geometry": {"type": "Point", "coordinates": [-73.85178224604928, 40.722583677952464]}, "properties": {"noise_id": 894, "unique_key": "60054919"}}, {"type": "Feature", "geometry": {"type": "Point", "coordinates": [-73.85845152804302, 40.8896635951038]}, "properties": {"noise_id": 895, "unique_key": "60110103"}}, {"type": "Feature", "geometry": {"type": "Point", "coordinates": [-73.98049079096016, 40.75582305082301]}, "properties": {"noise_id": 896, "unique_key": "59940189"}}, {"type": "Feature", "geometry": {"type": "Point", "coordinates": [-73.91448734071129, 40.837819201762]}, "properties": {"noise_id": 897, "unique_key": "60159410"}}, {"type": "Feature", "geometry": {"type": "Point", "coordinates": [-73.91783113415265, 40.84878399818367]}, "properties": {"noise_id": 898, "unique_key": "60171680"}}, {"type": "Feature", "geometry": {"type": "Point", "coordinates": [-73.90659823100756, 40.8609235071515]}, "properties": {"noise_id": 899, "unique_key": "60007662"}}, {"type": "Feature", "geometry": {"type": "Point", "coordinates": [-73.83328447490193, 40.88314153966802]}, "properties": {"noise_id": 900, "unique_key": "59955341"}}, {"type": "Feature", "geometry": {"type": "Point", "coordinates": [-73.95186180281858, 40.65404151671438]}, "properties": {"noise_id": 901, "unique_key": "60049408"}}, {"type": "Feature", "geometry": {"type": "Point", "coordinates": [-73.98713414306832, 40.5776962237875]}, "properties": {"noise_id": 902, "unique_key": "60088850"}}, {"type": "Feature", "geometry": {"type": "Point", "coordinates": [-73.89824166785544, 40.66604244369873]}, "properties": {"noise_id": 903, "unique_key": "60135142"}}, {"type": "Feature", "geometry": {"type": "Point", "coordinates": [-74.03826694457253, 40.61637026983262]}, "properties": {"noise_id": 904, "unique_key": "59979462"}}, {"type": "Feature", "geometry": {"type": "Point", "coordinates": [-73.97117824440998, 40.78942767746302]}, "properties": {"noise_id": 905, "unique_key": "59932005"}}, {"type": "Feature", "geometry": {"type": "Point", "coordinates": [-74.02729133200188, 40.632718627905774]}, "properties": {"noise_id": 906, "unique_key": "60056001"}}, {"type": "Feature", "geometry": {"type": "Point", "coordinates": [-73.75021763111761, 40.68341309658989]}, "properties": {"noise_id": 907, "unique_key": "60176059"}}, {"type": "Feature", "geometry": {"type": "Point", "coordinates": [-73.91155529636806, 40.816937935331815]}, "properties": {"noise_id": 908, "unique_key": "60135771"}}, {"type": "Feature", "geometry": {"type": "Point", "coordinates": [-73.97905794498479, 40.64064690458578]}, "properties": {"noise_id": 909, "unique_key": "60150466"}}, {"type": "Feature", "geometry": {"type": "Point", "coordinates": [-74.06818529296766, 40.59588023463071]}, "properties": {"noise_id": 910, "unique_key": "59945127"}}, {"type": "Feature", "geometry": {"type": "Point", "coordinates": [-73.93703278577436, 40.82447793690331]}, "properties": {"noise_id": 911, "unique_key": "60158985"}}, {"type": "Feature", "geometry": {"type": "Point", "coordinates": [-73.94636462525135, 40.650959438504806]}, "properties": {"noise_id": 912, "unique_key": "60087876"}}, {"type": "Feature", "geometry": {"type": "Point", "coordinates": [-73.88730299384527, 40.82525524032657]}, "properties": {"noise_id": 913, "unique_key": "60072419"}}, {"type": "Feature", "geometry": {"type": "Point", "coordinates": [-73.934851422699, 40.61308638336996]}, "properties": {"noise_id": 914, "unique_key": "60088870"}}, {"type": "Feature", "geometry": {"type": "Point", "coordinates": [-73.95168108713354, 40.71446759784763]}, "properties": {"noise_id": 915, "unique_key": "60057725"}}, {"type": "Feature", "geometry": {"type": "Point", "coordinates": [-73.91286052276651, 40.653376301784576]}, "properties": {"noise_id": 916, "unique_key": "60152373"}}, {"type": "Feature", "geometry": {"type": "Point", "coordinates": [-73.80951881866362, 40.72238976571024]}, "properties": {"noise_id": 917, "unique_key": "60031247"}}, {"type": "Feature", "geometry": {"type": "Point", "coordinates": [-73.82727819099645, 40.81472356029345]}, "properties": {"noise_id": 918, "unique_key": "60152702"}}, {"type": "Feature", "geometry": {"type": "Point", "coordinates": [-73.92100029761188, 40.70030411441369]}, "properties": {"noise_id": 919, "unique_key": "59935264"}}, {"type": "Feature", "geometry": {"type": "Point", "coordinates": [-73.93264983116497, 40.84960877920314]}, "properties": {"noise_id": 920, "unique_key": "59968978"}}, {"type": "Feature", "geometry": {"type": "Point", "coordinates": [-73.87521706055172, 40.87515528739087]}, "properties": {"noise_id": 921, "unique_key": "59936273"}}, {"type": "Feature", "geometry": {"type": "Point", "coordinates": [-73.94315567864055, 40.82621028895064]}, "properties": {"noise_id": 922, "unique_key": "60144518"}}, {"type": "Feature", "geometry": {"type": "Point", "coordinates": [-73.9328449296912, 40.674263753024015]}, "properties": {"noise_id": 923, "unique_key": "60011009"}}, {"type": "Feature", "geometry": {"type": "Point", "coordinates": [-73.88960104340956, 40.8709733052473]}, "properties": {"noise_id": 924, "unique_key": "59915675"}}, {"type": "Feature", "geometry": {"type": "Point", "coordinates": [-74.16640096081188, 40.630309555333504]}, "properties": {"noise_id": 925, "unique_key": "60101141"}}, {"type": "Feature", "geometry": {"type": "Point", "coordinates": [-73.87640926401075, 40.747332021515504]}, "properties": {"noise_id": 926, "unique_key": "60004308"}}, {"type": "Feature", "geometry": {"type": "Point", "coordinates": [-73.8910267964155, 40.7511262998224]}, "properties": {"noise_id": 927, "unique_key": "60093508"}}, {"type": "Feature", "geometry": {"type": "Point", "coordinates": [-73.92695392230377, 40.68444602137421]}, "properties": {"noise_id": 928, "unique_key": "60032881"}}, {"type": "Feature", "geometry": {"type": "Point", "coordinates": [-73.91653656075259, 40.814674509013855]}, "properties": {"noise_id": 929, "unique_key": "59900433"}}, {"type": "Feature", "geometry": {"type": "Point", "coordinates": [-73.93455012232168, 40.66324445328309]}, "properties": {"noise_id": 930, "unique_key": "59943418"}}, {"type": "Feature", "geometry": {"type": "Point", "coordinates": [-73.92282955485882, 40.86475887078959]}, "properties": {"noise_id": 931, "unique_key": "60053692"}}, {"type": "Feature", "geometry": {"type": "Point", "coordinates": [-73.89271634780746, 40.84498116786694]}, "properties": {"noise_id": 932, "unique_key": "60038301"}}, {"type": "Feature", "geometry": {"type": "Point", "coordinates": [-73.76222397366303, 40.7077380521146]}, "properties": {"noise_id": 933, "unique_key": "60079309"}}, {"type": "Feature", "geometry": {"type": "Point", "coordinates": [-73.91599783678292, 40.74632743718906]}, "properties": {"noise_id": 934, "unique_key": "59995071"}}, {"type": "Feature", "geometry": {"type": "Point", "coordinates": [-73.8986892337738, 40.85313560172487]}, "properties": {"noise_id": 935, "unique_key": "59907912"}}, {"type": "Feature", "geometry": {"type": "Point", "coordinates": [-73.97435979452284, 40.611265718656185]}, "properties": {"noise_id": 936, "unique_key": "60160881"}}, {"type": "Feature", "geometry": {"type": "Point", "coordinates": [-73.91359014036648, 40.80515912536226]}, "properties": {"noise_id": 937, "unique_key": "60086068"}}, {"type": "Feature", "geometry": {"type": "Point", "coordinates": [-73.93836568185213, 40.84048582340629]}, "properties": {"noise_id": 938, "unique_key": "60161354"}}, {"type": "Feature", "geometry": {"type": "Point", "coordinates": [-73.91766699324594, 40.75069828361698]}, "properties": {"noise_id": 939, "unique_key": "60112197"}}, {"type": "Feature", "geometry": {"type": "Point", "coordinates": [-73.98993911862941, 40.62088589264388]}, "properties": {"noise_id": 940, "unique_key": "60077595"}}, {"type": "Feature", "geometry": {"type": "Point", "coordinates": [-73.9738519655176, 40.69400980110522]}, "properties": {"noise_id": 941, "unique_key": "60013887"}}, {"type": "Feature", "geometry": {"type": "Point", "coordinates": [-73.91918420111472, 40.67521289525023]}, "properties": {"noise_id": 942, "unique_key": "60105571"}}, {"type": "Feature", "geometry": {"type": "Point", "coordinates": [-73.86825916680381, 40.87190606854095]}, "properties": {"noise_id": 943, "unique_key": "59940770"}}, {"type": "Feature", "geometry": {"type": "Point", "coordinates": [-73.89318700944438, 40.772452247187]}, "properties": {"noise_id": 944, "unique_key": "60039740"}}, {"type": "Feature", "geometry": {"type": "Point", "coordinates": [-73.94076707227399, 40.83457497489625]}, "properties": {"noise_id": 945, "unique_key": "59901471"}}, {"type": "Feature", "geometry": {"type": "Point", "coordinates": [-73.86421813675742, 40.88715089852607]}, "properties": {"noise_id": 946, "unique_key": "60178590"}}, {"type": "Feature", "geometry": {"type": "Point", "coordinates": [-74.01341791177784, 40.63781540930453]}, "properties": {"noise_id": 947, "unique_key": "60036142"}}, {"type": "Feature", "geometry": {"type": "Point", "coordinates": [-73.85910874196055, 40.82189214963199]}, "properties": {"noise_id": 948, "unique_key": "60091048"}}, {"type": "Feature", "geometry": {"type": "Point", "coordinates": [-73.76468890380664, 40.661353565255446]}, "properties": {"noise_id": 949, "unique_key": "59929242"}}, {"type": "Feature", "geometry": {"type": "Point", "coordinates": [-73.98561486998322, 40.61176174123642]}, "properties": {"noise_id": 950, "unique_key": "60170719"}}, {"type": "Feature", "geometry": {"type": "Point", "coordinates": [-73.89360002428833, 40.74443974835936]}, "properties": {"noise_id": 951, "unique_key": "60006318"}}, {"type": "Feature", "geometry": {"type": "Point", "coordinates": [-73.89993608937225, 40.872514269918]}, "properties": {"noise_id": 952, "unique_key": "60019960"}}, {"type": "Feature", "geometry": {"type": "Point", "coordinates": [-73.85963921274318, 40.74340427767335]}, "properties": {"noise_id": 953, "unique_key": "60131223"}}, {"type": "Feature", "geometry": {"type": "Point", "coordinates": [-73.9801016313048, 40.71735252752486]}, "properties": {"noise_id": 954, "unique_key": "60032817"}}, {"type": "Feature", "geometry": {"type": "Point", "coordinates": [-73.89029213423187, 40.83123062586011]}, "properties": {"noise_id": 955, "unique_key": "59950459"}}, {"type": "Feature", "geometry": {"type": "Point", "coordinates": [-73.91779538246868, 40.81921792607878]}, "properties": {"noise_id": 956, "unique_key": "60035103"}}, {"type": "Feature", "geometry": {"type": "Point", "coordinates": [-73.95582495770822, 40.67763996532104]}, "properties": {"noise_id": 957, "unique_key": "59947264"}}, {"type": "Feature", "geometry": {"type": "Point", "coordinates": [-73.98842738626371, 40.61406768565192]}, "properties": {"noise_id": 958, "unique_key": "59924959"}}, {"type": "Feature", "geometry": {"type": "Point", "coordinates": [-73.87248959993701, 40.655078823851085]}, "properties": {"noise_id": 959, "unique_key": "59926549"}}, {"type": "Feature", "geometry": {"type": "Point", "coordinates": [-73.9509231147365, 40.82286255743792]}, "properties": {"noise_id": 960, "unique_key": "59912898"}}, {"type": "Feature", "geometry": {"type": "Point", "coordinates": [-73.98342407217982, 40.73172185922995]}, "properties": {"noise_id": 961, "unique_key": "60114990"}}, {"type": "Feature", "geometry": {"type": "Point", "coordinates": [-73.93608137597808, 40.67520156509693]}, "properties": {"noise_id": 962, "unique_key": "60069933"}}, {"type": "Feature", "geometry": {"type": "Point", "coordinates": [-73.92414229791235, 40.69012313500325]}, "properties": {"noise_id": 963, "unique_key": "60168442"}}, {"type": "Feature", "geometry": {"type": "Point", "coordinates": [-73.81934408194225, 40.58206462414331]}, "properties": {"noise_id": 964, "unique_key": "59929423"}}, {"type": "Feature", "geometry": {"type": "Point", "coordinates": [-73.94950868460155, 40.74415669200958]}, "properties": {"noise_id": 965, "unique_key": "60026055"}}, {"type": "Feature", "geometry": {"type": "Point", "coordinates": [-73.98445392812496, 40.67877549731218]}, "properties": {"noise_id": 966, "unique_key": "60077576"}}, {"type": "Feature", "geometry": {"type": "Point", "coordinates": [-73.95475611540273, 40.733273184747794]}, "properties": {"noise_id": 967, "unique_key": "59986036"}}, {"type": "Feature", "geometry": {"type": "Point", "coordinates": [-73.90488482023169, 40.82540557366384]}, "properties": {"noise_id": 968, "unique_key": "60049699"}}, {"type": "Feature", "geometry": {"type": "Point", "coordinates": [-73.9119574591041, 40.77511130270756]}, "properties": {"noise_id": 969, "unique_key": "59905856"}}, {"type": "Feature", "geometry": {"type": "Point", "coordinates": [-73.93977475980743, 40.701210263369]}, "properties": {"noise_id": 970, "unique_key": "60060686"}}, {"type": "Feature", "geometry": {"type": "Point", "coordinates": [-73.81908925496658, 40.76518222194227]}, "properties": {"noise_id": 971, "unique_key": "59919660"}}, {"type": "Feature", "geometry": {"type": "Point", "coordinates": [-73.99790847735548, 40.6930026777065]}, "properties": {"noise_id": 972, "unique_key": "60150729"}}, {"type": "Feature", "geometry": {"type": "Point", "coordinates": [-73.97370220786807, 40.680557645015696]}, "properties": {"noise_id": 973, "unique_key": "59936477"}}, {"type": "Feature", "geometry": {"type": "Point", "coordinates": [-73.98891486387227, 40.69340015431026]}, "properties": {"noise_id": 974, "unique_key": "59915930"}}, {"type": "Feature", "geometry": {"type": "Point", "coordinates": [-73.9519179051405, 40.77621907767673]}, "properties": {"noise_id": 975, "unique_key": "59918438"}}, {"type": "Feature", "geometry": {"type": "Point", "coordinates": [-73.93629836912237, 40.79903670095796]}, "properties": {"noise_id": 976, "unique_key": "60055621"}}, {"type": "Feature", "geometry": {"type": "Point", "coordinates": [-73.94681499332788, 40.82740049650211]}, "properties": {"noise_id": 977, "unique_key": "60119276"}}, {"type": "Feature", "geometry": {"type": "Point", "coordinates": [-73.95197745000581, 40.6586033916211]}, "properties": {"noise_id": 978, "unique_key": "60027205"}}, {"type": "Feature", "geometry": {"type": "Point", "coordinates": [-73.95196249997623, 40.729415672077366]}, "properties": {"noise_id": 979, "unique_key": "60004750"}}, {"type": "Feature", "geometry": {"type": "Point", "coordinates": [-73.92842678507292, 40.763416389754624]}, "properties": {"noise_id": 980, "unique_key": "59928191"}}, {"type": "Feature", "geometry": {"type": "Point", "coordinates": [-73.95762457540624, 40.71073706249216]}, "properties": {"noise_id": 981, "unique_key": "59988189"}}, {"type": "Feature", "geometry": {"type": "Point", "coordinates": [-73.91596061284801, 40.81875000105622]}, "properties": {"noise_id": 982, "unique_key": "60152093"}}, {"type": "Feature", "geometry": {"type": "Point", "coordinates": [-73.94961272214161, 40.7736051020991]}, "properties": {"noise_id": 983, "unique_key": "60121162"}}, {"type": "Feature", "geometry": {"type": "Point", "coordinates": [-73.86163929778628, 40.8785569519225]}, "properties": {"noise_id": 984, "unique_key": "60002939"}}, {"type": "Feature", "geometry": {"type": "Point", "coordinates": [-73.90401174180533, 40.90714194662146]}, "properties": {"noise_id": 985, "unique_key": "60084656"}}, {"type": "Feature", "geometry": {"type": "Point", "coordinates": [-73.97641014225353, 40.67977048212795]}, "properties": {"noise_id": 986, "unique_key": "60034436"}}, {"type": "Feature", "geometry": {"type": "Point", "coordinates": [-73.94927110122205, 40.78128472637389]}, "properties": {"noise_id": 987, "unique_key": "59990827"}}, {"type": "Feature", "geometry": {"type": "Point", "coordinates": [-73.93691433327626, 40.59878988925375]}, "properties": {"noise_id": 988, "unique_key": "59977880"}}, {"type": "Feature", "geometry": {"type": "Point", "coordinates": [-73.89441961846626, 40.85350505305637]}, "properties": {"noise_id": 989, "unique_key": "59939480"}}, {"type": "Feature", "geometry": {"type": "Point", "coordinates": [-73.94101839076684, 40.59592100943067]}, "properties": {"noise_id": 990, "unique_key": "59975142"}}, {"type": "Feature", "geometry": {"type": "Point", "coordinates": [-73.98056967235831, 40.745255786161344]}, "properties": {"noise_id": 991, "unique_key": "60056066"}}, {"type": "Feature", "geometry": {"type": "Point", "coordinates": [-73.88444125928724, 40.85232898984268]}, "properties": {"noise_id": 992, "unique_key": "60024349"}}, {"type": "Feature", "geometry": {"type": "Point", "coordinates": [-74.01032905442618, 40.631302347263606]}, "properties": {"noise_id": 993, "unique_key": "59911653"}}, {"type": "Feature", "geometry": {"type": "Point", "coordinates": [-73.89968027854793, 40.85992686247838]}, "properties": {"noise_id": 994, "unique_key": "60032117"}}, {"type": "Feature", "geometry": {"type": "Point", "coordinates": [-73.8909130551251, 40.85805250899664]}, "properties": {"noise_id": 995, "unique_key": "60090306"}}, {"type": "Feature", "geometry": {"type": "Point", "coordinates": [-73.97611363456569, 40.67212896831313]}, "properties": {"noise_id": 996, "unique_key": "60137525"}}, {"type": "Feature", "geometry": {"type": "Point", "coordinates": [-73.84678028806486, 40.78295889990868]}, "properties": {"noise_id": 997, "unique_key": "60198370"}}, {"type": "Feature", "geometry": {"type": "Point", "coordinates": [-73.86581881336807, 40.843089357173504]}, "properties": {"noise_id": 998, "unique_key": "60059663"}}, {"type": "Feature", "geometry": {"type": "Point", "coordinates": [-73.9070740835058, 40.8334301614922]}, "properties": {"noise_id": 999, "unique_key": "60079837"}}, {"type": "Feature", "geometry": {"type": "Point", "coordinates": [-73.94096631353185, 40.66297070221315]}, "properties": {"noise_id": 1000, "unique_key": "60093125"}}, {"type": "Feature", "geometry": {"type": "Point", "coordinates": [-73.9915146099028, 40.66701761609748]}, "properties": {"noise_id": 1001, "unique_key": "60136529"}}, {"type": "Feature", "geometry": {"type": "Point", "coordinates": [-73.9789132104318, 40.61975628950391]}, "properties": {"noise_id": 1002, "unique_key": "59997532"}}, {"type": "Feature", "geometry": {"type": "Point", "coordinates": [-73.83943070993136, 40.69514962985936]}, "properties": {"noise_id": 1003, "unique_key": "60154358"}}, {"type": "Feature", "geometry": {"type": "Point", "coordinates": [-73.94946174171031, 40.68710406789344]}, "properties": {"noise_id": 1004, "unique_key": "60010033"}}, {"type": "Feature", "geometry": {"type": "Point", "coordinates": [-73.99263227355422, 40.73032573625844]}, "properties": {"noise_id": 1005, "unique_key": "60006884"}}, {"type": "Feature", "geometry": {"type": "Point", "coordinates": [-74.12490173662043, 40.61500226004888]}, "properties": {"noise_id": 1006, "unique_key": "59985819"}}, {"type": "Feature", "geometry": {"type": "Point", "coordinates": [-73.95333454471142, 40.73315733775428]}, "properties": {"noise_id": 1007, "unique_key": "60137729"}}, {"type": "Feature", "geometry": {"type": "Point", "coordinates": [-73.96153384567161, 40.79955016961408]}, "properties": {"noise_id": 1008, "unique_key": "59988348"}}, {"type": "Feature", "geometry": {"type": "Point", "coordinates": [-73.94979075566805, 40.79605984776229]}, "properties": {"noise_id": 1009, "unique_key": "60169759"}}, {"type": "Feature", "geometry": {"type": "Point", "coordinates": [-73.89340198829628, 40.70130291669639]}, "properties": {"noise_id": 1010, "unique_key": "59985110"}}, {"type": "Feature", "geometry": {"type": "Point", "coordinates": [-73.92343013871663, 40.86752592583967]}, "properties": {"noise_id": 1011, "unique_key": "60069480"}}, {"type": "Feature", "geometry": {"type": "Point", "coordinates": [-73.94408101557178, 40.65382664881084]}, "properties": {"noise_id": 1012, "unique_key": "60072601"}}, {"type": "Feature", "geometry": {"type": "Point", "coordinates": [-74.08317460128792, 40.61246540873713]}, "properties": {"noise_id": 1013, "unique_key": "60006514"}}, {"type": "Feature", "geometry": {"type": "Point", "coordinates": [-73.88413698810855, 40.85476872724638]}, "properties": {"noise_id": 1014, "unique_key": "59960604"}}, {"type": "Feature", "geometry": {"type": "Point", "coordinates": [-73.84815204503685, 40.88288758842248]}, "properties": {"noise_id": 1015, "unique_key": "60123221"}}, {"type": "Feature", "geometry": {"type": "Point", "coordinates": [-73.9031094461374, 40.71460988503414]}, "properties": {"noise_id": 1016, "unique_key": "60078319"}}, {"type": "Feature", "geometry": {"type": "Point", "coordinates": [-73.8684345690263, 40.86366393876161]}, "properties": {"noise_id": 1017, "unique_key": "60007767"}}, {"type": "Feature", "geometry": {"type": "Point", "coordinates": [-73.86918979505828, 40.75725180873404]}, "properties": {"noise_id": 1018, "unique_key": "60115191"}}, {"type": "Feature", "geometry": {"type": "Point", "coordinates": [-74.12055343774918, 40.56068176002828]}, "properties": {"noise_id": 1019, "unique_key": "60020543"}}, {"type": "Feature", "geometry": {"type": "Point", "coordinates": [-73.92225765299706, 40.84059136898749]}, "properties": {"noise_id": 1020, "unique_key": "60117836"}}, {"type": "Feature", "geometry": {"type": "Point", "coordinates": [-74.01308908163355, 40.65134723522271]}, "properties": {"noise_id": 1021, "unique_key": "60090752"}}, {"type": "Feature", "geometry": {"type": "Point", "coordinates": [-73.98667003831805, 40.70257567248955]}, "properties": {"noise_id": 1022, "unique_key": "60016299"}}, {"type": "Feature", "geometry": {"type": "Point", "coordinates": [-73.85397451976677, 40.78569650948354]}, "properties": {"noise_id": 1023, "unique_key": "60147629"}}, {"type": "Feature", "geometry": {"type": "Point", "coordinates": [-74.02087469762144, 40.64417671073219]}, "properties": {"noise_id": 1024, "unique_key": "59977769"}}, {"type": "Feature", "geometry": {"type": "Point", "coordinates": [-73.99419902081866, 40.59639438067936]}, "properties": {"noise_id": 1025, "unique_key": "60112218"}}, {"type": "Feature", "geometry": {"type": "Point", "coordinates": [-73.9347996312252, 40.67348810575128]}, "properties": {"noise_id": 1026, "unique_key": "59908385"}}, {"type": "Feature", "geometry": {"type": "Point", "coordinates": [-73.95744448853068, 40.63122357140459]}, "properties": {"noise_id": 1027, "unique_key": "59972686"}}, {"type": "Feature", "geometry": {"type": "Point", "coordinates": [-73.98150574406186, 40.597329015118405]}, "properties": {"noise_id": 1028, "unique_key": "59993803"}}, {"type": "Feature", "geometry": {"type": "Point", "coordinates": [-73.96101271574332, 40.73962957664458]}, "properties": {"noise_id": 1029, "unique_key": "59949026"}}, {"type": "Feature", "geometry": {"type": "Point", "coordinates": [-73.99861746470174, 40.76096011122231]}, "properties": {"noise_id": 1030, "unique_key": "59905472"}}, {"type": "Feature", "geometry": {"type": "Point", "coordinates": [-73.99196892128032, 40.72587095272783]}, "properties": {"noise_id": 1031, "unique_key": "60073597"}}, {"type": "Feature", "geometry": {"type": "Point", "coordinates": [-74.0340742075336, 40.623258272469]}, "properties": {"noise_id": 1032, "unique_key": "59982670"}}, {"type": "Feature", "geometry": {"type": "Point", "coordinates": [-73.82536934167467, 40.75603817454304]}, "properties": {"noise_id": 1033, "unique_key": "60072640"}}, {"type": "Feature", "geometry": {"type": "Point", "coordinates": [-73.93140420457807, 40.665990144237625]}, "properties": {"noise_id": 1034, "unique_key": "59987953"}}, {"type": "Feature", "geometry": {"type": "Point", "coordinates": [-73.92046936793506, 40.84304391976751]}, "properties": {"noise_id": 1035, "unique_key": "60064318"}}, {"type": "Feature", "geometry": {"type": "Point", "coordinates": [-73.9273507359039, 40.83650232600852]}, "properties": {"noise_id": 1036, "unique_key": "60126914"}}, {"type": "Feature", "geometry": {"type": "Point", "coordinates": [-74.0095078470476, 40.70869138663373]}, "properties": {"noise_id": 1037, "unique_key": "59938827"}}, {"type": "Feature", "geometry": {"type": "Point", "coordinates": [-73.75020252554098, 40.59985597241547]}, "properties": {"noise_id": 1038, "unique_key": "60184806"}}, {"type": "Feature", "geometry": {"type": "Point", "coordinates": [-73.9929860354258, 40.66016400304586]}, "properties": {"noise_id": 1039, "unique_key": "60009384"}}, {"type": "Feature", "geometry": {"type": "Point", "coordinates": [-73.92729324356388, 40.77337085642903]}, "properties": {"noise_id": 1040, "unique_key": "60102330"}}, {"type": "Feature", "geometry": {"type": "Point", "coordinates": [-73.99236271577318, 40.689689506687856]}, "properties": {"noise_id": 1041, "unique_key": "60149555"}}, {"type": "Feature", "geometry": {"type": "Point", "coordinates": [-73.80771029332841, 40.70525940726069]}, "properties": {"noise_id": 1042, "unique_key": "60087227"}}, {"type": "Feature", "geometry": {"type": "Point", "coordinates": [-73.90157573579084, 40.856719938532535]}, "properties": {"noise_id": 1043, "unique_key": "60021865"}}, {"type": "Feature", "geometry": {"type": "Point", "coordinates": [-73.945304714947, 40.63825058438901]}, "properties": {"noise_id": 1044, "unique_key": "60033500"}}, {"type": "Feature", "geometry": {"type": "Point", "coordinates": [-73.97728535025229, 40.77765962311511]}, "properties": {"noise_id": 1045, "unique_key": "60160035"}}, {"type": "Feature", "geometry": {"type": "Point", "coordinates": [-73.96633081126946, 40.71299887749037]}, "properties": {"noise_id": 1046, "unique_key": "59930037"}}, {"type": "Feature", "geometry": {"type": "Point", "coordinates": [-73.85211186209189, 40.8357936187716]}, "properties": {"noise_id": 1047, "unique_key": "60143438"}}, {"type": "Feature", "geometry": {"type": "Point", "coordinates": [-73.98342407217982, 40.73172185922995]}, "properties": {"noise_id": 1048, "unique_key": "60113660"}}, {"type": "Feature", "geometry": {"type": "Point", "coordinates": [-73.93804634349134, 40.694410556207984]}, "properties": {"noise_id": 1049, "unique_key": "60162314"}}, {"type": "Feature", "geometry": {"type": "Point", "coordinates": [-73.82434356712457, 40.86168943689135]}, "properties": {"noise_id": 1050, "unique_key": "60118888"}}, {"type": "Feature", "geometry": {"type": "Point", "coordinates": [-73.96918247334075, 40.63063444231353]}, "properties": {"noise_id": 1051, "unique_key": "59912474"}}, {"type": "Feature", "geometry": {"type": "Point", "coordinates": [-74.01747799295917, 40.6217578479513]}, "properties": {"noise_id": 1052, "unique_key": "60019432"}}, {"type": "Feature", "geometry": {"type": "Point", "coordinates": [-74.0042678996973, 40.722915049889664]}, "properties": {"noise_id": 1053, "unique_key": "60083457"}}, {"type": "Feature", "geometry": {"type": "Point", "coordinates": [-73.96310526840087, 40.60356076067863]}, "properties": {"noise_id": 1054, "unique_key": "60197669"}}, {"type": "Feature", "geometry": {"type": "Point", "coordinates": [-73.94734210733341, 40.60878620094617]}, "properties": {"noise_id": 1055, "unique_key": "59977747"}}, {"type": "Feature", "geometry": {"type": "Point", "coordinates": [-73.99281995349715, 40.66280447046813]}, "properties": {"noise_id": 1056, "unique_key": "59990843"}}, {"type": "Feature", "geometry": {"type": "Point", "coordinates": [-73.94128556682087, 40.84490083750661]}, "properties": {"noise_id": 1057, "unique_key": "59904139"}}, {"type": "Feature", "geometry": {"type": "Point", "coordinates": [-73.89993608937225, 40.872514269918]}, "properties": {"noise_id": 1058, "unique_key": "60007440"}}, {"type": "Feature", "geometry": {"type": "Point", "coordinates": [-74.0268817599881, 40.6176827622614]}, "properties": {"noise_id": 1059, "unique_key": "60177463"}}, {"type": "Feature", "geometry": {"type": "Point", "coordinates": [-73.89674773674932, 40.75557531753701]}, "properties": {"noise_id": 1060, "unique_key": "59977283"}}, {"type": "Feature", "geometry": {"type": "Point", "coordinates": [-73.90176102661209, 40.86343363509739]}, "properties": {"noise_id": 1061, "unique_key": "59928900"}}, {"type": "Feature", "geometry": {"type": "Point", "coordinates": [-73.97911707753713, 40.64742927859498]}, "properties": {"noise_id": 1062, "unique_key": "60137930"}}, {"type": "Feature", "geometry": {"type": "Point", "coordinates": [-73.74788052912088, 40.66070860954039]}, "properties": {"noise_id": 1063, "unique_key": "60174968"}}, {"type": "Feature", "geometry": {"type": "Point", "coordinates": [-73.92961137673909, 40.8585382289902]}, "properties": {"noise_id": 1064, "unique_key": "60156361"}}, {"type": "Feature", "geometry": {"type": "Point", "coordinates": [-74.00084795591616, 40.73456935924359]}, "properties": {"noise_id": 1065, "unique_key": "60033326"}}, {"type": "Feature", "geometry": {"type": "Point", "coordinates": [-73.9621670897145, 40.75935921114467]}, "properties": {"noise_id": 1066, "unique_key": "59934929"}}, {"type": "Feature", "geometry": {"type": "Point", "coordinates": [-73.87524691889628, 40.672297116124696]}, "properties": {"noise_id": 1067, "unique_key": "60024196"}}, {"type": "Feature", "geometry": {"type": "Point", "coordinates": [-73.79277114063844, 40.5973604987236]}, "properties": {"noise_id": 1068, "unique_key": "60113683"}}, {"type": "Feature", "geometry": {"type": "Point", "coordinates": [-73.94393863644204, 40.7117522627943]}, "properties": {"noise_id": 1069, "unique_key": "60184698"}}, {"type": "Feature", "geometry": {"type": "Point", "coordinates": [-73.92347377129009, 40.77305822750334]}, "properties": {"noise_id": 1070, "unique_key": "59943910"}}, {"type": "Feature", "geometry": {"type": "Point", "coordinates": [-73.92400451754766, 40.86479258700593]}, "properties": {"noise_id": 1071, "unique_key": "59904276"}}, {"type": "Feature", "geometry": {"type": "Point", "coordinates": [-73.73909339949616, 40.66064235284106]}, "properties": {"noise_id": 1072, "unique_key": "60139095"}}, {"type": "Feature", "geometry": {"type": "Point", "coordinates": [-73.9594699997005, 40.71893358427464]}, "properties": {"noise_id": 1073, "unique_key": "60077532"}}, {"type": "Feature", "geometry": {"type": "Point", "coordinates": [-73.7404675901964, 40.67985623605768]}, "properties": {"noise_id": 1074, "unique_key": "60141609"}}, {"type": "Feature", "geometry": {"type": "Point", "coordinates": [-73.93845335974768, 40.72618140980319]}, "properties": {"noise_id": 1075, "unique_key": "59906765"}}, {"type": "Feature", "geometry": {"type": "Point", "coordinates": [-73.8658788353259, 40.85096399640031]}, "properties": {"noise_id": 1076, "unique_key": "60020042"}}, {"type": "Feature", "geometry": {"type": "Point", "coordinates": [-73.90708312440803, 40.67687532751465]}, "properties": {"noise_id": 1077, "unique_key": "60132745"}}, {"type": "Feature", "geometry": {"type": "Point", "coordinates": [-73.96335142777613, 40.64060179977588]}, "properties": {"noise_id": 1078, "unique_key": "60063508"}}, {"type": "Feature", "geometry": {"type": "Point", "coordinates": [-74.10953379993424, 40.58062009681212]}, "properties": {"noise_id": 1079, "unique_key": "60029807"}}, {"type": "Feature", "geometry": {"type": "Point", "coordinates": [-73.86661348367225, 40.68830045536213]}, "properties": {"noise_id": 1080, "unique_key": "60066524"}}, {"type": "Feature", "geometry": {"type": "Point", "coordinates": [-73.88223645239954, 40.83998380642961]}, "properties": {"noise_id": 1081, "unique_key": "60136204"}}, {"type": "Feature", "geometry": {"type": "Point", "coordinates": [-73.86545584447887, 40.81883662134239]}, "properties": {"noise_id": 1082, "unique_key": "60170497"}}, {"type": "Feature", "geometry": {"type": "Point", "coordinates": [-73.75386629508971, 40.60335801790573]}, "properties": {"noise_id": 1083, "unique_key": "60105614"}}, {"type": "Feature", "geometry": {"type": "Point", "coordinates": [-73.95190866824002, 40.654022322845066]}, "properties": {"noise_id": 1084, "unique_key": "60074233"}}, {"type": "Feature", "geometry": {"type": "Point", "coordinates": [-73.97852541296314, 40.727892115899856]}, "properties": {"noise_id": 1085, "unique_key": "59995025"}}, {"type": "Feature", "geometry": {"type": "Point", "coordinates": [-73.98133176556141, 40.60138854265289]}, "properties": {"noise_id": 1086, "unique_key": "60113833"}}, {"type": "Feature", "geometry": {"type": "Point", "coordinates": [-73.96239610696777, 40.66060272466966]}, "properties": {"noise_id": 1087, "unique_key": "59976220"}}, {"type": "Feature", "geometry": {"type": "Point", "coordinates": [-73.85995631950479, 40.75392804174263]}, "properties": {"noise_id": 1088, "unique_key": "60140260"}}, {"type": "Feature", "geometry": {"type": "Point", "coordinates": [-73.74896175935838, 40.67892538638078]}, "properties": {"noise_id": 1089, "unique_key": "59993425"}}, {"type": "Feature", "geometry": {"type": "Point", "coordinates": [-74.02077206000561, 40.638582856234]}, "properties": {"noise_id": 1090, "unique_key": "60011580"}}, {"type": "Feature", "geometry": {"type": "Point", "coordinates": [-73.8835082736363, 40.6606047801465]}, "properties": {"noise_id": 1091, "unique_key": "59905492"}}, {"type": "Feature", "geometry": {"type": "Point", "coordinates": [-73.88154969668643, 40.71621462079685]}, "properties": {"noise_id": 1092, "unique_key": "59948827"}}, {"type": "Feature", "geometry": {"type": "Point", "coordinates": [-73.98361429542385, 40.7358280384498]}, "properties": {"noise_id": 1093, "unique_key": "60089773"}}, {"type": "Feature", "geometry": {"type": "Point", "coordinates": [-73.97750993775612, 40.78619853703055]}, "properties": {"noise_id": 1094, "unique_key": "59943384"}}, {"type": "Feature", "geometry": {"type": "Point", "coordinates": [-73.99435740404304, 40.63964957099719]}, "properties": {"noise_id": 1095, "unique_key": "59913896"}}, {"type": "Feature", "geometry": {"type": "Point", "coordinates": [-73.95481369481523, 40.73349827722282]}, "properties": {"noise_id": 1096, "unique_key": "60097389"}}, {"type": "Feature", "geometry": {"type": "Point", "coordinates": [-73.91451196088087, 40.82147169768157]}, "properties": {"noise_id": 1097, "unique_key": "59976860"}}, {"type": "Feature", "geometry": {"type": "Point", "coordinates": [-73.97292661917737, 40.63720640715453]}, "properties": {"noise_id": 1098, "unique_key": "60182539"}}, {"type": "Feature", "geometry": {"type": "Point", "coordinates": [-73.9210097430229, 40.741033613506325]}, "properties": {"noise_id": 1099, "unique_key": "60032103"}}, {"type": "Feature", "geometry": {"type": "Point", "coordinates": [-73.87040109640674, 40.86377320764814]}, "properties": {"noise_id": 1100, "unique_key": "59969082"}}, {"type": "Feature", "geometry": {"type": "Point", "coordinates": [-73.85406911029867, 40.895762321244455]}, "properties": {"noise_id": 1101, "unique_key": "59956411"}}, {"type": "Feature", "geometry": {"type": "Point", "coordinates": [-73.89600335532148, 40.67056658257712]}, "properties": {"noise_id": 1102, "unique_key": "60158681"}}, {"type": "Feature", "geometry": {"type": "Point", "coordinates": [-73.95686349862498, 40.7664634865747]}, "properties": {"noise_id": 1103, "unique_key": "60173961"}}, {"type": "Feature", "geometry": {"type": "Point", "coordinates": [-73.93647059988068, 40.79644302743503]}, "properties": {"noise_id": 1104, "unique_key": "59916891"}}, {"type": "Feature", "geometry": {"type": "Point", "coordinates": [-73.95626035371505, 40.79985020922927]}, "properties": {"noise_id": 1105, "unique_key": "60177108"}}, {"type": "Feature", "geometry": {"type": "Point", "coordinates": [-73.82748144004533, 40.84780869783529]}, "properties": {"noise_id": 1106, "unique_key": "59945685"}}, {"type": "Feature", "geometry": {"type": "Point", "coordinates": [-73.90290766312782, 40.83084395312983]}, "properties": {"noise_id": 1107, "unique_key": "60079387"}}, {"type": "Feature", "geometry": {"type": "Point", "coordinates": [-73.96254609596876, 40.77863290127972]}, "properties": {"noise_id": 1108, "unique_key": "60008678"}}, {"type": "Feature", "geometry": {"type": "Point", "coordinates": [-73.92041400422981, 40.70503843274797]}, "properties": {"noise_id": 1109, "unique_key": "60114899"}}, {"type": "Feature", "geometry": {"type": "Point", "coordinates": [-73.88372839111564, 40.88171850260691]}, "properties": {"noise_id": 1110, "unique_key": "60072412"}}, {"type": "Feature", "geometry": {"type": "Point", "coordinates": [-73.90617925291212, 40.67101449556818]}, "properties": {"noise_id": 1111, "unique_key": "60135529"}}, {"type": "Feature", "geometry": {"type": "Point", "coordinates": [-73.90743042304574, 40.73834736496918]}, "properties": {"noise_id": 1112, "unique_key": "60089788"}}, {"type": "Feature", "geometry": {"type": "Point", "coordinates": [-73.96404215822471, 40.62925506546538]}, "properties": {"noise_id": 1113, "unique_key": "60170331"}}, {"type": "Feature", "geometry": {"type": "Point", "coordinates": [-73.98594365471409, 40.65817888207676]}, "properties": {"noise_id": 1114, "unique_key": "60059313"}}, {"type": "Feature", "geometry": {"type": "Point", "coordinates": [-73.86900108895085, 40.72289275650631]}, "properties": {"noise_id": 1115, "unique_key": "59982759"}}, {"type": "Feature", "geometry": {"type": "Point", "coordinates": [-73.91487970301519, 40.67238267132065]}, "properties": {"noise_id": 1116, "unique_key": "59934089"}}, {"type": "Feature", "geometry": {"type": "Point", "coordinates": [-74.00229490877199, 40.735013989577496]}, "properties": {"noise_id": 1117, "unique_key": "60073494"}}, {"type": "Feature", "geometry": {"type": "Point", "coordinates": [-73.96035412212572, 40.65779961833434]}, "properties": {"noise_id": 1118, "unique_key": "60097093"}}, {"type": "Feature", "geometry": {"type": "Point", "coordinates": [-73.90015830400407, 40.85455863917999]}, "properties": {"noise_id": 1119, "unique_key": "60096928"}}, {"type": "Feature", "geometry": {"type": "Point", "coordinates": [-73.98621671044974, 40.69724253799429]}, "properties": {"noise_id": 1120, "unique_key": "60017507"}}, {"type": "Feature", "geometry": {"type": "Point", "coordinates": [-73.9102611640401, 40.82017570516344]}, "properties": {"noise_id": 1121, "unique_key": "59960849"}}, {"type": "Feature", "geometry": {"type": "Point", "coordinates": [-73.98342407217982, 40.73172185922995]}, "properties": {"noise_id": 1122, "unique_key": "59945187"}}, {"type": "Feature", "geometry": {"type": "Point", "coordinates": [-73.90931844953323, 40.84649127981577]}, "properties": {"noise_id": 1123, "unique_key": "60002816"}}, {"type": "Feature", "geometry": {"type": "Point", "coordinates": [-73.9758895137952, 40.67382793768617]}, "properties": {"noise_id": 1124, "unique_key": "59932560"}}, {"type": "Feature", "geometry": {"type": "Point", "coordinates": [-73.91777193038251, 40.65983564527928]}, "properties": {"noise_id": 1125, "unique_key": "59928898"}}, {"type": "Feature", "geometry": {"type": "Point", "coordinates": [-73.89307205185295, 40.68215234167935]}, "properties": {"noise_id": 1126, "unique_key": "60062091"}}, {"type": "Feature", "geometry": {"type": "Point", "coordinates": [-73.95230620215838, 40.82388691720712]}, "properties": {"noise_id": 1127, "unique_key": "59918062"}}, {"type": "Feature", "geometry": {"type": "Point", "coordinates": [-73.87848591158738, 40.88107633375972]}, "properties": {"noise_id": 1128, "unique_key": "60169984"}}, {"type": "Feature", "geometry": {"type": "Point", "coordinates": [-73.98664832455788, 40.7029462132998]}, "properties": {"noise_id": 1129, "unique_key": "59977481"}}, {"type": "Feature", "geometry": {"type": "Point", "coordinates": [-73.9079653377545, 40.84745085564976]}, "properties": {"noise_id": 1130, "unique_key": "60173198"}}, {"type": "Feature", "geometry": {"type": "Point", "coordinates": [-73.87441374633785, 40.668695059381214]}, "properties": {"noise_id": 1131, "unique_key": "59911905"}}, {"type": "Feature", "geometry": {"type": "Point", "coordinates": [-73.84538921814523, 40.83930901583743]}, "properties": {"noise_id": 1132, "unique_key": "60092393"}}, {"type": "Feature", "geometry": {"type": "Point", "coordinates": [-73.9010899954455, 40.69961625828813]}, "properties": {"noise_id": 1133, "unique_key": "59934236"}}, {"type": "Feature", "geometry": {"type": "Point", "coordinates": [-73.95853475352008, 40.74358938719232]}, "properties": {"noise_id": 1134, "unique_key": "59998830"}}, {"type": "Feature", "geometry": {"type": "Point", "coordinates": [-73.91474418432799, 40.87146121855882]}, "properties": {"noise_id": 1135, "unique_key": "60177834"}}, {"type": "Feature", "geometry": {"type": "Point", "coordinates": [-73.852163876474, 40.69366255534651]}, "properties": {"noise_id": 1136, "unique_key": "60164125"}}, {"type": "Feature", "geometry": {"type": "Point", "coordinates": [-73.87547230106438, 40.68866994798084]}, "properties": {"noise_id": 1137, "unique_key": "59903789"}}, {"type": "Feature", "geometry": {"type": "Point", "coordinates": [-73.8984233658015, 40.85443910241399]}, "properties": {"noise_id": 1138, "unique_key": "60147327"}}, {"type": "Feature", "geometry": {"type": "Point", "coordinates": [-73.88347942166085, 40.8401332832067]}, "properties": {"noise_id": 1139, "unique_key": "60130441"}}, {"type": "Feature", "geometry": {"type": "Point", "coordinates": [-73.98859419242024, 40.75505560943253]}, "properties": {"noise_id": 1140, "unique_key": "60179089"}}, {"type": "Feature", "geometry": {"type": "Point", "coordinates": [-74.00146657782881, 40.64326183782273]}, "properties": {"noise_id": 1141, "unique_key": "59984447"}}, {"type": "Feature", "geometry": {"type": "Point", "coordinates": [-73.707038134819, 40.74723709810487]}, "properties": {"noise_id": 1142, "unique_key": "60121402"}}, {"type": "Feature", "geometry": {"type": "Point", "coordinates": [-74.14788576477204, 40.5388285504159]}, "properties": {"noise_id": 1143, "unique_key": "60168240"}}, {"type": "Feature", "geometry": {"type": "Point", "coordinates": [-73.98969619455666, 40.70111302305257]}, "properties": {"noise_id": 1144, "unique_key": "60124976"}}, {"type": "Feature", "geometry": {"type": "Point", "coordinates": [-73.71630091075701, 40.734900606525486]}, "properties": {"noise_id": 1145, "unique_key": "59952656"}}, {"type": "Feature", "geometry": {"type": "Point", "coordinates": [-73.86347999964022, 40.67598371635779]}, "properties": {"noise_id": 1146, "unique_key": "59954425"}}, {"type": "Feature", "geometry": {"type": "Point", "coordinates": [-73.88381011846845, 40.73355831616067]}, "properties": {"noise_id": 1147, "unique_key": "60059439"}}, {"type": "Feature", "geometry": {"type": "Point", "coordinates": [-73.9944090040127, 40.6688650282297]}, "properties": {"noise_id": 1148, "unique_key": "60016559"}}, {"type": "Feature", "geometry": {"type": "Point", "coordinates": [-73.90821236215565, 40.6422343484468]}, "properties": {"noise_id": 1149, "unique_key": "60114312"}}, {"type": "Feature", "geometry": {"type": "Point", "coordinates": [-73.97987928433885, 40.7847058401456]}, "properties": {"noise_id": 1150, "unique_key": "60118975"}}, {"type": "Feature", "geometry": {"type": "Point", "coordinates": [-73.7671284335233, 40.66669714277879]}, "properties": {"noise_id": 1151, "unique_key": "60181448"}}, {"type": "Feature", "geometry": {"type": "Point", "coordinates": [-73.85854059309467, 40.885200839564455]}, "properties": {"noise_id": 1152, "unique_key": "59973242"}}, {"type": "Feature", "geometry": {"type": "Point", "coordinates": [-73.98212220834499, 40.76951409202482]}, "properties": {"noise_id": 1153, "unique_key": "60152948"}}, {"type": "Feature", "geometry": {"type": "Point", "coordinates": [-73.98810975438212, 40.63806535299858]}, "properties": {"noise_id": 1154, "unique_key": "60122981"}}, {"type": "Feature", "geometry": {"type": "Point", "coordinates": [-73.90321122949643, 40.63209648884174]}, "properties": {"noise_id": 1155, "unique_key": "59963648"}}, {"type": "Feature", "geometry": {"type": "Point", "coordinates": [-73.882232897983, 40.680706241187046]}, "properties": {"noise_id": 1156, "unique_key": "60040377"}}, {"type": "Feature", "geometry": {"type": "Point", "coordinates": [-73.93872579577364, 40.8261942966341]}, "properties": {"noise_id": 1157, "unique_key": "59940949"}}, {"type": "Feature", "geometry": {"type": "Point", "coordinates": [-73.77178005096656, 40.71574467970928]}, "properties": {"noise_id": 1158, "unique_key": "60046093"}}, {"type": "Feature", "geometry": {"type": "Point", "coordinates": [-73.91576583802922, 40.84133062706953]}, "properties": {"noise_id": 1159, "unique_key": "60171972"}}, {"type": "Feature", "geometry": {"type": "Point", "coordinates": [-73.88014054410381, 40.82581068532743]}, "properties": {"noise_id": 1160, "unique_key": "59943269"}}, {"type": "Feature", "geometry": {"type": "Point", "coordinates": [-73.92978219286834, 40.68647342390526]}, "properties": {"noise_id": 1161, "unique_key": "60143977"}}, {"type": "Feature", "geometry": {"type": "Point", "coordinates": [-73.87869962484274, 40.874936680194445]}, "properties": {"noise_id": 1162, "unique_key": "60094074"}}, {"type": "Feature", "geometry": {"type": "Point", "coordinates": [-73.95215809293443, 40.733384669627895]}, "properties": {"noise_id": 1163, "unique_key": "60144139"}}, {"type": "Feature", "geometry": {"type": "Point", "coordinates": [-73.96391947696544, 40.75622252998732]}, "properties": {"noise_id": 1164, "unique_key": "60181955"}}, {"type": "Feature", "geometry": {"type": "Point", "coordinates": [-73.90439784145028, 40.72424507314936]}, "properties": {"noise_id": 1165, "unique_key": "60181106"}}, {"type": "Feature", "geometry": {"type": "Point", "coordinates": [-73.95539035257869, 40.669814442272575]}, "properties": {"noise_id": 1166, "unique_key": "60090599"}}, {"type": "Feature", "geometry": {"type": "Point", "coordinates": [-73.90988520148085, 40.83367392702508]}, "properties": {"noise_id": 1167, "unique_key": "59946348"}}, {"type": "Feature", "geometry": {"type": "Point", "coordinates": [-73.84902615882892, 40.90564492872672]}, "properties": {"noise_id": 1168, "unique_key": "60118033"}}, {"type": "Feature", "geometry": {"type": "Point", "coordinates": [-73.84550385656871, 40.88176149472023]}, "properties": {"noise_id": 1169, "unique_key": "59975268"}}, {"type": "Feature", "geometry": {"type": "Point", "coordinates": [-73.78403224981858, 40.704070101624765]}, "properties": {"noise_id": 1170, "unique_key": "60195404"}}, {"type": "Feature", "geometry": {"type": "Point", "coordinates": [-73.87651049064752, 40.82122317408283]}, "properties": {"noise_id": 1171, "unique_key": "60152604"}}, {"type": "Feature", "geometry": {"type": "Point", "coordinates": [-74.01326987730904, 40.6181490093901]}, "properties": {"noise_id": 1172, "unique_key": "60022305"}}, {"type": "Feature", "geometry": {"type": "Point", "coordinates": [-73.92133593281802, 40.81013811221886]}, "properties": {"noise_id": 1173, "unique_key": "60048299"}}, {"type": "Feature", "geometry": {"type": "Point", "coordinates": [-73.99543247751178, 40.72560490078649]}, "properties": {"noise_id": 1174, "unique_key": "59924077"}}, {"type": "Feature", "geometry": {"type": "Point", "coordinates": [-73.93102147250843, 40.82346444186242]}, "properties": {"noise_id": 1175, "unique_key": "59968332"}}, {"type": "Feature", "geometry": {"type": "Point", "coordinates": [-74.16427024861207, 40.543335225468695]}, "properties": {"noise_id": 1176, "unique_key": "59968576"}}, {"type": "Feature", "geometry": {"type": "Point", "coordinates": [-73.81066485143799, 40.73424354017264]}, "properties": {"noise_id": 1177, "unique_key": "59993519"}}, {"type": "Feature", "geometry": {"type": "Point", "coordinates": [-73.99541080370142, 40.67360255613086]}, "properties": {"noise_id": 1178, "unique_key": "59941769"}}, {"type": "Feature", "geometry": {"type": "Point", "coordinates": [-73.92975807343957, 40.75386824084215]}, "properties": {"noise_id": 1179, "unique_key": "60106269"}}, {"type": "Feature", "geometry": {"type": "Point", "coordinates": [-73.93553844781464, 40.66997795268315]}, "properties": {"noise_id": 1180, "unique_key": "60156155"}}, {"type": "Feature", "geometry": {"type": "Point", "coordinates": [-73.82658884226107, 40.76177928803648]}, "properties": {"noise_id": 1181, "unique_key": "60081382"}}, {"type": "Feature", "geometry": {"type": "Point", "coordinates": [-73.93556468295185, 40.79580849208861]}, "properties": {"noise_id": 1182, "unique_key": "60147467"}}, {"type": "Feature", "geometry": {"type": "Point", "coordinates": [-73.98677339285047, 40.69063045605171]}, "properties": {"noise_id": 1183, "unique_key": "59927140"}}, {"type": "Feature", "geometry": {"type": "Point", "coordinates": [-73.8909130551251, 40.85805250899664]}, "properties": {"noise_id": 1184, "unique_key": "59964832"}}, {"type": "Feature", "geometry": {"type": "Point", "coordinates": [-73.87033100099093, 40.72357496266274]}, "properties": {"noise_id": 1185, "unique_key": "60168478"}}, {"type": "Feature", "geometry": {"type": "Point", "coordinates": [-73.87052190249187, 40.75901544154662]}, "properties": {"noise_id": 1186, "unique_key": "60061266"}}, {"type": "Feature", "geometry": {"type": "Point", "coordinates": [-73.81240268378014, 40.73216860064269]}, "properties": {"noise_id": 1187, "unique_key": "60195548"}}, {"type": "Feature", "geometry": {"type": "Point", "coordinates": [-73.87833803628999, 40.88481444656302]}, "properties": {"noise_id": 1188, "unique_key": "59931428"}}, {"type": "Feature", "geometry": {"type": "Point", "coordinates": [-74.00218826523523, 40.67406923864178]}, "properties": {"noise_id": 1189, "unique_key": "60184801"}}, {"type": "Feature", "geometry": {"type": "Point", "coordinates": [-73.88966327746176, 40.72015592668295]}, "properties": {"noise_id": 1190, "unique_key": "59929780"}}, {"type": "Feature", "geometry": {"type": "Point", "coordinates": [-74.08185998749462, 40.63597549424073]}, "properties": {"noise_id": 1191, "unique_key": "60118377"}}, {"type": "Feature", "geometry": {"type": "Point", "coordinates": [-73.81427867327986, 40.708964652975766]}, "properties": {"noise_id": 1192, "unique_key": "60033821"}}, {"type": "Feature", "geometry": {"type": "Point", "coordinates": [-73.73434933969578, 40.725995712590674]}, "properties": {"noise_id": 1193, "unique_key": "60048802"}}, {"type": "Feature", "geometry": {"type": "Point", "coordinates": [-73.90926004843357, 40.8363111057341]}, "properties": {"noise_id": 1194, "unique_key": "60022229"}}, {"type": "Feature", "geometry": {"type": "Point", "coordinates": [-73.90374441298103, 40.83694066292417]}, "properties": {"noise_id": 1195, "unique_key": "60049044"}}, {"type": "Feature", "geometry": {"type": "Point", "coordinates": [-73.9513785774845, 40.80773933988475]}, "properties": {"noise_id": 1196, "unique_key": "60070796"}}, {"type": "Feature", "geometry": {"type": "Point", "coordinates": [-73.96457082955617, 40.80742301620198]}, "properties": {"noise_id": 1197, "unique_key": "59904501"}}, {"type": "Feature", "geometry": {"type": "Point", "coordinates": [-73.99645608513484, 40.60906445372037]}, "properties": {"noise_id": 1198, "unique_key": "60132192"}}, {"type": "Feature", "geometry": {"type": "Point", "coordinates": [-73.87511496774461, 40.87945611177916]}, "properties": {"noise_id": 1199, "unique_key": "60094344"}}, {"type": "Feature", "geometry": {"type": "Point", "coordinates": [-73.7416754393636, 40.69380519564543]}, "properties": {"noise_id": 1200, "unique_key": "59991729"}}, {"type": "Feature", "geometry": {"type": "Point", "coordinates": [-73.95988206563493, 40.73556146470334]}, "properties": {"noise_id": 1201, "unique_key": "59943404"}}, {"type": "Feature", "geometry": {"type": "Point", "coordinates": [-73.84726146250969, 40.86283914528996]}, "properties": {"noise_id": 1202, "unique_key": "59931311"}}, {"type": "Feature", "geometry": {"type": "Point", "coordinates": [-73.7070129795113, 40.75049506836768]}, "properties": {"noise_id": 1203, "unique_key": "60154382"}}, {"type": "Feature", "geometry": {"type": "Point", "coordinates": [-73.74618150170096, 40.696120836693545]}, "properties": {"noise_id": 1204, "unique_key": "60109420"}}, {"type": "Feature", "geometry": {"type": "Point", "coordinates": [-73.98175429874946, 40.68923542663718]}, "properties": {"noise_id": 1205, "unique_key": "59968289"}}, {"type": "Feature", "geometry": {"type": "Point", "coordinates": [-73.98980637392404, 40.71172429074152]}, "properties": {"noise_id": 1206, "unique_key": "60093064"}}, {"type": "Feature", "geometry": {"type": "Point", "coordinates": [-73.92701317297289, 40.65666616830936]}, "properties": {"noise_id": 1207, "unique_key": "60159686"}}, {"type": "Feature", "geometry": {"type": "Point", "coordinates": [-74.00693716052947, 40.64945387069879]}, "properties": {"noise_id": 1208, "unique_key": "60152984"}}, {"type": "Feature", "geometry": {"type": "Point", "coordinates": [-73.91980063720361, 40.75618928388808]}, "properties": {"noise_id": 1209, "unique_key": "60034744"}}, {"type": "Feature", "geometry": {"type": "Point", "coordinates": [-73.81561542412382, 40.77598277769346]}, "properties": {"noise_id": 1210, "unique_key": "60059030"}}, {"type": "Feature", "geometry": {"type": "Point", "coordinates": [-73.99298178480154, 40.73482441059128]}, "properties": {"noise_id": 1211, "unique_key": "59966714"}}, {"type": "Feature", "geometry": {"type": "Point", "coordinates": [-73.86246728110925, 40.67582331312951]}, "properties": {"noise_id": 1212, "unique_key": "59933840"}}, {"type": "Feature", "geometry": {"type": "Point", "coordinates": [-73.99785688248227, 40.61534183232797]}, "properties": {"noise_id": 1213, "unique_key": "59987815"}}, {"type": "Feature", "geometry": {"type": "Point", "coordinates": [-73.79027205083344, 40.69023699407651]}, "properties": {"noise_id": 1214, "unique_key": "60003561"}}, {"type": "Feature", "geometry": {"type": "Point", "coordinates": [-73.97792014372604, 40.790606655986295]}, "properties": {"noise_id": 1215, "unique_key": "60035121"}}, {"type": "Feature", "geometry": {"type": "Point", "coordinates": [-74.01546298950103, 40.67808382551685]}, "properties": {"noise_id": 1216, "unique_key": "60118548"}}, {"type": "Feature", "geometry": {"type": "Point", "coordinates": [-73.92668753519135, 40.64470144934116]}, "properties": {"noise_id": 1217, "unique_key": "60014442"}}, {"type": "Feature", "geometry": {"type": "Point", "coordinates": [-73.93724659109952, 40.81998220576017]}, "properties": {"noise_id": 1218, "unique_key": "60059933"}}, {"type": "Feature", "geometry": {"type": "Point", "coordinates": [-73.84918664576863, 40.87955963248656]}, "properties": {"noise_id": 1219, "unique_key": "60029944"}}, {"type": "Feature", "geometry": {"type": "Point", "coordinates": [-73.92644165560324, 40.756599938386486]}, "properties": {"noise_id": 1220, "unique_key": "60164415"}}, {"type": "Feature", "geometry": {"type": "Point", "coordinates": [-73.94073148488742, 40.83801407976737]}, "properties": {"noise_id": 1221, "unique_key": "59936983"}}, {"type": "Feature", "geometry": {"type": "Point", "coordinates": [-73.91334484757334, 40.8853647836987]}, "properties": {"noise_id": 1222, "unique_key": "60183844"}}, {"type": "Feature", "geometry": {"type": "Point", "coordinates": [-73.95117114409372, 40.71134933289554]}, "properties": {"noise_id": 1223, "unique_key": "60021379"}}, {"type": "Feature", "geometry": {"type": "Point", "coordinates": [-73.85448097169017, 40.833200131651935]}, "properties": {"noise_id": 1224, "unique_key": "60061980"}}, {"type": "Feature", "geometry": {"type": "Point", "coordinates": [-73.87248959993701, 40.655078823851085]}, "properties": {"noise_id": 1225, "unique_key": "59954859"}}, {"type": "Feature", "geometry": {"type": "Point", "coordinates": [-73.97194516411992, 40.632021267900136]}, "properties": {"noise_id": 1226, "unique_key": "60050272"}}, {"type": "Feature", "geometry": {"type": "Point", "coordinates": [-73.88358894644256, 40.8684175733901]}, "properties": {"noise_id": 1227, "unique_key": "60185522"}}, {"type": "Feature", "geometry": {"type": "Point", "coordinates": [-73.74220317997529, 40.67669539987123]}, "properties": {"noise_id": 1228, "unique_key": "60022454"}}, {"type": "Feature", "geometry": {"type": "Point", "coordinates": [-73.88311330593771, 40.66180110434489]}, "properties": {"noise_id": 1229, "unique_key": "60125195"}}, {"type": "Feature", "geometry": {"type": "Point", "coordinates": [-73.9344537179984, 40.76502016138944]}, "properties": {"noise_id": 1230, "unique_key": "60106339"}}, {"type": "Feature", "geometry": {"type": "Point", "coordinates": [-73.87600075309601, 40.677900022128966]}, "properties": {"noise_id": 1231, "unique_key": "60046098"}}, {"type": "Feature", "geometry": {"type": "Point", "coordinates": [-74.12795585675131, 40.6092293376707]}, "properties": {"noise_id": 1232, "unique_key": "59908729"}}, {"type": "Feature", "geometry": {"type": "Point", "coordinates": [-73.87314166974946, 40.753770398003375]}, "properties": {"noise_id": 1233, "unique_key": "59919440"}}, {"type": "Feature", "geometry": {"type": "Point", "coordinates": [-73.96232656279915, 40.69439361777084]}, "properties": {"noise_id": 1234, "unique_key": "60013460"}}, {"type": "Feature", "geometry": {"type": "Point", "coordinates": [-73.92363490841684, 40.701804535360274]}, "properties": {"noise_id": 1235, "unique_key": "60156490"}}, {"type": "Feature", "geometry": {"type": "Point", "coordinates": [-73.97172734946191, 40.60189436867734]}, "properties": {"noise_id": 1236, "unique_key": "59918334"}}, {"type": "Feature", "geometry": {"type": "Point", "coordinates": [-74.03066668104793, 40.63165279927901]}, "properties": {"noise_id": 1237, "unique_key": "59978923"}}, {"type": "Feature", "geometry": {"type": "Point", "coordinates": [-73.9622453759923, 40.57666418403136]}, "properties": {"noise_id": 1238, "unique_key": "59904407"}}, {"type": "Feature", "geometry": {"type": "Point", "coordinates": [-73.88822925384257, 40.86537005701506]}, "properties": {"noise_id": 1239, "unique_key": "60141259"}}, {"type": "Feature", "geometry": {"type": "Point", "coordinates": [-73.91109714827905, 40.86240645467484]}, "properties": {"noise_id": 1240, "unique_key": "60000137"}}, {"type": "Feature", "geometry": {"type": "Point", "coordinates": [-73.90374441298103, 40.83694066292417]}, "properties": {"noise_id": 1241, "unique_key": "59961921"}}, {"type": "Feature", "geometry": {"type": "Point", "coordinates": [-73.94029304837896, 40.83526914257252]}, "properties": {"noise_id": 1242, "unique_key": "60114906"}}, {"type": "Feature", "geometry": {"type": "Point", "coordinates": [-73.84263370846591, 40.77583071148539]}, "properties": {"noise_id": 1243, "unique_key": "60115735"}}, {"type": "Feature", "geometry": {"type": "Point", "coordinates": [-73.85142326422516, 40.66190726654756]}, "properties": {"noise_id": 1244, "unique_key": "60101956"}}, {"type": "Feature", "geometry": {"type": "Point", "coordinates": [-73.92768757158264, 40.85908872412456]}, "properties": {"noise_id": 1245, "unique_key": "59942384"}}, {"type": "Feature", "geometry": {"type": "Point", "coordinates": [-73.8392108033388, 40.67568062676862]}, "properties": {"noise_id": 1246, "unique_key": "60048547"}}, {"type": "Feature", "geometry": {"type": "Point", "coordinates": [-73.9542142096024, 40.67648104075718]}, "properties": {"noise_id": 1247, "unique_key": "59938530"}}, {"type": "Feature", "geometry": {"type": "Point", "coordinates": [-73.98125925906994, 40.66726068774556]}, "properties": {"noise_id": 1248, "unique_key": "60159921"}}, {"type": "Feature", "geometry": {"type": "Point", "coordinates": [-74.00182084345617, 40.68481228808585]}, "properties": {"noise_id": 1249, "unique_key": "60066670"}}, {"type": "Feature", "geometry": {"type": "Point", "coordinates": [-73.92217465647269, 40.74471237366268]}, "properties": {"noise_id": 1250, "unique_key": "60058029"}}, {"type": "Feature", "geometry": {"type": "Point", "coordinates": [-73.93048949080737, 40.85194873073692]}, "properties": {"noise_id": 1251, "unique_key": "59958121"}}, {"type": "Feature", "geometry": {"type": "Point", "coordinates": [-73.92979254543171, 40.6732161711646]}, "properties": {"noise_id": 1252, "unique_key": "60175975"}}, {"type": "Feature", "geometry": {"type": "Point", "coordinates": [-73.96603992221972, 40.63966665310314]}, "properties": {"noise_id": 1253, "unique_key": "60158739"}}, {"type": "Feature", "geometry": {"type": "Point", "coordinates": [-73.97637224500966, 40.71550185394451]}, "properties": {"noise_id": 1254, "unique_key": "60155590"}}, {"type": "Feature", "geometry": {"type": "Point", "coordinates": [-73.96979304689211, 40.64276107378785]}, "properties": {"noise_id": 1255, "unique_key": "59901678"}}, {"type": "Feature", "geometry": {"type": "Point", "coordinates": [-73.91330657018611, 40.69007705544987]}, "properties": {"noise_id": 1256, "unique_key": "60164352"}}, {"type": "Feature", "geometry": {"type": "Point", "coordinates": [-73.98757795763353, 40.72698493398125]}, "properties": {"noise_id": 1257, "unique_key": "59920865"}}, {"type": "Feature", "geometry": {"type": "Point", "coordinates": [-73.9119713001427, 40.70182090890678]}, "properties": {"noise_id": 1258, "unique_key": "60000442"}}, {"type": "Feature", "geometry": {"type": "Point", "coordinates": [-73.91010537527376, 40.8365423235014]}, "properties": {"noise_id": 1259, "unique_key": "60133153"}}, {"type": "Feature", "geometry": {"type": "Point", "coordinates": [-73.98681549360431, 40.6236056649378]}, "properties": {"noise_id": 1260, "unique_key": "60102350"}}, {"type": "Feature", "geometry": {"type": "Point", "coordinates": [-73.80751962506528, 40.70009342766384]}, "properties": {"noise_id": 1261, "unique_key": "60123818"}}, {"type": "Feature", "geometry": {"type": "Point", "coordinates": [-73.9530532912502, 40.72776652342085]}, "properties": {"noise_id": 1262, "unique_key": "60117416"}}, {"type": "Feature", "geometry": {"type": "Point", "coordinates": [-73.85005815327094, 40.84909184012251]}, "properties": {"noise_id": 1263, "unique_key": "60118896"}}, {"type": "Feature", "geometry": {"type": "Point", "coordinates": [-73.86039902147743, 40.73902457281419]}, "properties": {"noise_id": 1264, "unique_key": "59982652"}}, {"type": "Feature", "geometry": {"type": "Point", "coordinates": [-73.90174627796296, 40.75106457882993]}, "properties": {"noise_id": 1265, "unique_key": "60014527"}}, {"type": "Feature", "geometry": {"type": "Point", "coordinates": [-73.93448256844195, 40.8457837145063]}, "properties": {"noise_id": 1266, "unique_key": "60096942"}}, {"type": "Feature", "geometry": {"type": "Point", "coordinates": [-73.90653929154836, 40.84884127531168]}, "properties": {"noise_id": 1267, "unique_key": "60043682"}}, {"type": "Feature", "geometry": {"type": "Point", "coordinates": [-73.8457341472776, 40.65938555570248]}, "properties": {"noise_id": 1268, "unique_key": "60142661"}}, {"type": "Feature", "geometry": {"type": "Point", "coordinates": [-73.93922853821798, 40.80191475732544]}, "properties": {"noise_id": 1269, "unique_key": "59996629"}}, {"type": "Feature", "geometry": {"type": "Point", "coordinates": [-73.96457082955617, 40.80742301620198]}, "properties": {"noise_id": 1270, "unique_key": "59896419"}}, {"type": "Feature", "geometry": {"type": "Point", "coordinates": [-73.80820259438636, 40.717175270413016]}, "properties": {"noise_id": 1271, "unique_key": "59915768"}}, {"type": "Feature", "geometry": {"type": "Point", "coordinates": [-73.81800951292664, 40.76134885277409]}, "properties": {"noise_id": 1272, "unique_key": "59954553"}}, {"type": "Feature", "geometry": {"type": "Point", "coordinates": [-73.9821980845326, 40.68824737883683]}, "properties": {"noise_id": 1273, "unique_key": "60149631"}}, {"type": "Feature", "geometry": {"type": "Point", "coordinates": [-73.9257628522692, 40.675823923542566]}, "properties": {"noise_id": 1274, "unique_key": "60010946"}}, {"type": "Feature", "geometry": {"type": "Point", "coordinates": [-74.00256824529336, 40.71171922388943]}, "properties": {"noise_id": 1275, "unique_key": "60182151"}}, {"type": "Feature", "geometry": {"type": "Point", "coordinates": [-73.99892564338045, 40.67728338554728]}, "properties": {"noise_id": 1276, "unique_key": "60076210"}}, {"type": "Feature", "geometry": {"type": "Point", "coordinates": [-73.92886303221528, 40.8315271048226]}, "properties": {"noise_id": 1277, "unique_key": "60160843"}}, {"type": "Feature", "geometry": {"type": "Point", "coordinates": [-73.81602703161695, 40.7250133640892]}, "properties": {"noise_id": 1278, "unique_key": "59947489"}}, {"type": "Feature", "geometry": {"type": "Point", "coordinates": [-73.82368337852556, 40.71388983181999]}, "properties": {"noise_id": 1279, "unique_key": "60050594"}}, {"type": "Feature", "geometry": {"type": "Point", "coordinates": [-73.96015561464384, 40.71257421244974]}, "properties": {"noise_id": 1280, "unique_key": "60100989"}}, {"type": "Feature", "geometry": {"type": "Point", "coordinates": [-73.94220172736742, 40.842897663640535]}, "properties": {"noise_id": 1281, "unique_key": "59961352"}}, {"type": "Feature", "geometry": {"type": "Point", "coordinates": [-73.85739714881035, 40.83997223924648]}, "properties": {"noise_id": 1282, "unique_key": "59981433"}}, {"type": "Feature", "geometry": {"type": "Point", "coordinates": [-73.73200870046806, 40.7123213226908]}, "properties": {"noise_id": 1283, "unique_key": "60013808"}}, {"type": "Feature", "geometry": {"type": "Point", "coordinates": [-73.85493838071939, 40.89522545852203]}, "properties": {"noise_id": 1284, "unique_key": "60007582"}}, {"type": "Feature", "geometry": {"type": "Point", "coordinates": [-73.81219972520216, 40.740169243335046]}, "properties": {"noise_id": 1285, "unique_key": "60110327"}}, {"type": "Feature", "geometry": {"type": "Point", "coordinates": [-73.9370447549912, 40.75072148357821]}, "properties": {"noise_id": 1286, "unique_key": "59969098"}}, {"type": "Feature", "geometry": {"type": "Point", "coordinates": [-73.83703152758328, 40.84164149501856]}, "properties": {"noise_id": 1287, "unique_key": "60031875"}}, {"type": "Feature", "geometry": {"type": "Point", "coordinates": [-73.91742319861461, 40.68823834145422]}, "properties": {"noise_id": 1288, "unique_key": "60027622"}}, {"type": "Feature", "geometry": {"type": "Point", "coordinates": [-73.85703037444756, 40.867696059680746]}, "properties": {"noise_id": 1289, "unique_key": "60188617"}}, {"type": "Feature", "geometry": {"type": "Point", "coordinates": [-74.09008874624473, 40.619607642336064]}, "properties": {"noise_id": 1290, "unique_key": "60122716"}}, {"type": "Feature", "geometry": {"type": "Point", "coordinates": [-73.91411180860408, 40.69760656280162]}, "properties": {"noise_id": 1291, "unique_key": "60178260"}}, {"type": "Feature", "geometry": {"type": "Point", "coordinates": [-73.96417658443718, 40.79494262227221]}, "properties": {"noise_id": 1292, "unique_key": "59962305"}}, {"type": "Feature", "geometry": {"type": "Point", "coordinates": [-73.89197423865936, 40.84125315979925]}, "properties": {"noise_id": 1293, "unique_key": "59923881"}}, {"type": "Feature", "geometry": {"type": "Point", "coordinates": [-73.95023575054756, 40.77571607650284]}, "properties": {"noise_id": 1294, "unique_key": "60108958"}}, {"type": "Feature", "geometry": {"type": "Point", "coordinates": [-74.10806115839411, 40.57379790520189]}, "properties": {"noise_id": 1295, "unique_key": "59911557"}}, {"type": "Feature", "geometry": {"type": "Point", "coordinates": [-73.9850988572619, 40.72906242026483]}, "properties": {"noise_id": 1296, "unique_key": "60186867"}}, {"type": "Feature", "geometry": {"type": "Point", "coordinates": [-73.98352148730712, 40.73174383124967]}, "properties": {"noise_id": 1297, "unique_key": "59961712"}}, {"type": "Feature", "geometry": {"type": "Point", "coordinates": [-73.94341111400536, 40.708548865934674]}, "properties": {"noise_id": 1298, "unique_key": "60074947"}}, {"type": "Feature", "geometry": {"type": "Point", "coordinates": [-73.84732957184141, 40.72293193416195]}, "properties": {"noise_id": 1299, "unique_key": "60196023"}}, {"type": "Feature", "geometry": {"type": "Point", "coordinates": [-73.92646424466533, 40.61516187794778]}, "properties": {"noise_id": 1300, "unique_key": "60146744"}}, {"type": "Feature", "geometry": {"type": "Point", "coordinates": [-73.7745421427667, 40.77685941621238]}, "properties": {"noise_id": 1301, "unique_key": "60198725"}}, {"type": "Feature", "geometry": {"type": "Point", "coordinates": [-73.85287745271789, 40.8262320042163]}, "properties": {"noise_id": 1302, "unique_key": "60130898"}}, {"type": "Feature", "geometry": {"type": "Point", "coordinates": [-74.09833881503705, 40.5788817840696]}, "properties": {"noise_id": 1303, "unique_key": "60012538"}}, {"type": "Feature", "geometry": {"type": "Point", "coordinates": [-73.90491830085918, 40.8348474210791]}, "properties": {"noise_id": 1304, "unique_key": "60162459"}}, {"type": "Feature", "geometry": {"type": "Point", "coordinates": [-73.98329245005475, 40.73861391619015]}, "properties": {"noise_id": 1305, "unique_key": "59957478"}}, {"type": "Feature", "geometry": {"type": "Point", "coordinates": [-74.02966617941425, 40.63404926192071]}, "properties": {"noise_id": 1306, "unique_key": "60019641"}}, {"type": "Feature", "geometry": {"type": "Point", "coordinates": [-73.9514167366352, 40.710921253812494]}, "properties": {"noise_id": 1307, "unique_key": "59925437"}}, {"type": "Feature", "geometry": {"type": "Point", "coordinates": [-73.98416866783172, 40.75657018570351]}, "properties": {"noise_id": 1308, "unique_key": "60177835"}}, {"type": "Feature", "geometry": {"type": "Point", "coordinates": [-73.95729530066863, 40.77428341114541]}, "properties": {"noise_id": 1309, "unique_key": "59973858"}}, {"type": "Feature", "geometry": {"type": "Point", "coordinates": [-73.94082411135876, 40.82326403521524]}, "properties": {"noise_id": 1310, "unique_key": "59996622"}}, {"type": "Feature", "geometry": {"type": "Point", "coordinates": [-73.89302158522409, 40.704620987462135]}, "properties": {"noise_id": 1311, "unique_key": "59976070"}}, {"type": "Feature", "geometry": {"type": "Point", "coordinates": [-73.9047213672295, 40.87899579597461]}, "properties": {"noise_id": 1312, "unique_key": "60114505"}}, {"type": "Feature", "geometry": {"type": "Point", "coordinates": [-73.99782750396352, 40.74332784543903]}, "properties": {"noise_id": 1313, "unique_key": "60025845"}}, {"type": "Feature", "geometry": {"type": "Point", "coordinates": [-73.93723400596147, 40.68776228277301]}, "properties": {"noise_id": 1314, "unique_key": "60126613"}}, {"type": "Feature", "geometry": {"type": "Point", "coordinates": [-73.99234214048955, 40.71185623593637]}, "properties": {"noise_id": 1315, "unique_key": "60132909"}}, {"type": "Feature", "geometry": {"type": "Point", "coordinates": [-73.93534109496765, 40.66903638327677]}, "properties": {"noise_id": 1316, "unique_key": "60135815"}}, {"type": "Feature", "geometry": {"type": "Point", "coordinates": [-73.90787667180882, 40.70790285100341]}, "properties": {"noise_id": 1317, "unique_key": "60122181"}}, {"type": "Feature", "geometry": {"type": "Point", "coordinates": [-73.83703152758328, 40.84164149501856]}, "properties": {"noise_id": 1318, "unique_key": "59970168"}}, {"type": "Feature", "geometry": {"type": "Point", "coordinates": [-73.86458528515573, 40.85960007146512]}, "properties": {"noise_id": 1319, "unique_key": "60167894"}}, {"type": "Feature", "geometry": {"type": "Point", "coordinates": [-73.82019064658107, 40.67813924463845]}, "properties": {"noise_id": 1320, "unique_key": "59901847"}}, {"type": "Feature", "geometry": {"type": "Point", "coordinates": [-73.952850909447, 40.82003081301524]}, "properties": {"noise_id": 1321, "unique_key": "59948357"}}, {"type": "Feature", "geometry": {"type": "Point", "coordinates": [-73.95437172763462, 40.599061647074784]}, "properties": {"noise_id": 1322, "unique_key": "60055878"}}, {"type": "Feature", "geometry": {"type": "Point", "coordinates": [-73.9419889269517, 40.69319118879085]}, "properties": {"noise_id": 1323, "unique_key": "59981107"}}, {"type": "Feature", "geometry": {"type": "Point", "coordinates": [-73.8900710191956, 40.73759925357295]}, "properties": {"noise_id": 1324, "unique_key": "60196295"}}, {"type": "Feature", "geometry": {"type": "Point", "coordinates": [-73.77620447531392, 40.69048222984991]}, "properties": {"noise_id": 1325, "unique_key": "60129766"}}, {"type": "Feature", "geometry": {"type": "Point", "coordinates": [-73.85811820574939, 40.75945371612376]}, "properties": {"noise_id": 1326, "unique_key": "60196784"}}, {"type": "Feature", "geometry": {"type": "Point", "coordinates": [-73.89234490335011, 40.89583455287594]}, "properties": {"noise_id": 1327, "unique_key": "60063294"}}, {"type": "Feature", "geometry": {"type": "Point", "coordinates": [-74.0841523275717, 40.64521004783767]}, "properties": {"noise_id": 1328, "unique_key": "60089531"}}, {"type": "Feature", "geometry": {"type": "Point", "coordinates": [-73.79037278029215, 40.72013323771417]}, "properties": {"noise_id": 1329, "unique_key": "60065121"}}, {"type": "Feature", "geometry": {"type": "Point", "coordinates": [-73.90163856772688, 40.85334400688323]}, "properties": {"noise_id": 1330, "unique_key": "60169678"}}, {"type": "Feature", "geometry": {"type": "Point", "coordinates": [-73.92082584005514, 40.76217353750001]}, "properties": {"noise_id": 1331, "unique_key": "60132001"}}, {"type": "Feature", "geometry": {"type": "Point", "coordinates": [-73.98892210844116, 40.69320527643084]}, "properties": {"noise_id": 1332, "unique_key": "59998050"}}, {"type": "Feature", "geometry": {"type": "Point", "coordinates": [-73.93020104716814, 40.86158520440267]}, "properties": {"noise_id": 1333, "unique_key": "59980703"}}, {"type": "Feature", "geometry": {"type": "Point", "coordinates": [-73.98164027353906, 40.76286076343741]}, "properties": {"noise_id": 1334, "unique_key": "60146505"}}, {"type": "Feature", "geometry": {"type": "Point", "coordinates": [-73.88307375689584, 40.85503389086108]}, "properties": {"noise_id": 1335, "unique_key": "59968857"}}, {"type": "Feature", "geometry": {"type": "Point", "coordinates": [-73.95510749195343, 40.613403496141046]}, "properties": {"noise_id": 1336, "unique_key": "59991625"}}, {"type": "Feature", "geometry": {"type": "Point", "coordinates": [-73.89786665727374, 40.826206518264826]}, "properties": {"noise_id": 1337, "unique_key": "60071786"}}, {"type": "Feature", "geometry": {"type": "Point", "coordinates": [-73.81227971730716, 40.70153131605623]}, "properties": {"noise_id": 1338, "unique_key": "60088602"}}, {"type": "Feature", "geometry": {"type": "Point", "coordinates": [-73.8884528613291, 40.74714943761362]}, "properties": {"noise_id": 1339, "unique_key": "59965169"}}, {"type": "Feature", "geometry": {"type": "Point", "coordinates": [-74.15636958516055, 40.63275277747627]}, "properties": {"noise_id": 1340, "unique_key": "60037611"}}, {"type": "Feature", "geometry": {"type": "Point", "coordinates": [-73.92065570309194, 40.66560445339658]}, "properties": {"noise_id": 1341, "unique_key": "60060074"}}, {"type": "Feature", "geometry": {"type": "Point", "coordinates": [-73.9961267998414, 40.57362084545696]}, "properties": {"noise_id": 1342, "unique_key": "60117788"}}, {"type": "Feature", "geometry": {"type": "Point", "coordinates": [-73.9624036685927, 40.64079088405352]}, "properties": {"noise_id": 1343, "unique_key": "60167320"}}, {"type": "Feature", "geometry": {"type": "Point", "coordinates": [-73.78589767552751, 40.68473938111194]}, "properties": {"noise_id": 1344, "unique_key": "60129471"}}, {"type": "Feature", "geometry": {"type": "Point", "coordinates": [-73.84929462775646, 40.67397879015529]}, "properties": {"noise_id": 1345, "unique_key": "60088614"}}, {"type": "Feature", "geometry": {"type": "Point", "coordinates": [-73.90952495289528, 40.851451125851966]}, "properties": {"noise_id": 1346, "unique_key": "60074815"}}, {"type": "Feature", "geometry": {"type": "Point", "coordinates": [-73.98821304244703, 40.72646349698172]}, "properties": {"noise_id": 1347, "unique_key": "60121797"}}, {"type": "Feature", "geometry": {"type": "Point", "coordinates": [-73.84687384879807, 40.6684777987759]}, "properties": {"noise_id": 1348, "unique_key": "60114500"}}, {"type": "Feature", "geometry": {"type": "Point", "coordinates": [-74.01592725890914, 40.70488368980268]}, "properties": {"noise_id": 1349, "unique_key": "59970923"}}, {"type": "Feature", "geometry": {"type": "Point", "coordinates": [-73.92410658846794, 40.62962265547563]}, "properties": {"noise_id": 1350, "unique_key": "60034212"}}, {"type": "Feature", "geometry": {"type": "Point", "coordinates": [-73.9098609275011, 40.87559650619677]}, "properties": {"noise_id": 1351, "unique_key": "60117677"}}, {"type": "Feature", "geometry": {"type": "Point", "coordinates": [-74.16243977595104, 40.52890832363883]}, "properties": {"noise_id": 1352, "unique_key": "60132354"}}, {"type": "Feature", "geometry": {"type": "Point", "coordinates": [-73.92175037969004, 40.81711822237042]}, "properties": {"noise_id": 1353, "unique_key": "59913146"}}, {"type": "Feature", "geometry": {"type": "Point", "coordinates": [-73.9898525405949, 40.76387733414535]}, "properties": {"noise_id": 1354, "unique_key": "60098692"}}, {"type": "Feature", "geometry": {"type": "Point", "coordinates": [-73.88851561990043, 40.672983209433696]}, "properties": {"noise_id": 1355, "unique_key": "60005995"}}, {"type": "Feature", "geometry": {"type": "Point", "coordinates": [-73.93348884717741, 40.66119623880783]}, "properties": {"noise_id": 1356, "unique_key": "59900862"}}, {"type": "Feature", "geometry": {"type": "Point", "coordinates": [-73.95148110229056, 40.70178121519633]}, "properties": {"noise_id": 1357, "unique_key": "60020546"}}, {"type": "Feature", "geometry": {"type": "Point", "coordinates": [-73.92718359841146, 40.76468368198577]}, "properties": {"noise_id": 1358, "unique_key": "60084421"}}, {"type": "Feature", "geometry": {"type": "Point", "coordinates": [-73.98352148730712, 40.73174383124967]}, "properties": {"noise_id": 1359, "unique_key": "60032663"}}, {"type": "Feature", "geometry": {"type": "Point", "coordinates": [-73.91697327933535, 40.823693973150526]}, "properties": {"noise_id": 1360, "unique_key": "60161713"}}, {"type": "Feature", "geometry": {"type": "Point", "coordinates": [-73.95947924767736, 40.76305821132557]}, "properties": {"noise_id": 1361, "unique_key": "60129665"}}, {"type": "Feature", "geometry": {"type": "Point", "coordinates": [-73.93381076638262, 40.65642325049355]}, "properties": {"noise_id": 1362, "unique_key": "60134741"}}, {"type": "Feature", "geometry": {"type": "Point", "coordinates": [-73.96276454061666, 40.65272532290535]}, "properties": {"noise_id": 1363, "unique_key": "60067361"}}, {"type": "Feature", "geometry": {"type": "Point", "coordinates": [-73.79839271211537, 40.6687379165145]}, "properties": {"noise_id": 1364, "unique_key": "60141684"}}, {"type": "Feature", "geometry": {"type": "Point", "coordinates": [-73.90654401152729, 40.81203739816162]}, "properties": {"noise_id": 1365, "unique_key": "59910070"}}, {"type": "Feature", "geometry": {"type": "Point", "coordinates": [-73.84902615882892, 40.90564492872672]}, "properties": {"noise_id": 1366, "unique_key": "60114040"}}, {"type": "Feature", "geometry": {"type": "Point", "coordinates": [-73.89724008432333, 40.70783346227897]}, "properties": {"noise_id": 1367, "unique_key": "59946409"}}, {"type": "Feature", "geometry": {"type": "Point", "coordinates": [-73.89560433136421, 40.8679185556592]}, "properties": {"noise_id": 1368, "unique_key": "60060414"}}, {"type": "Feature", "geometry": {"type": "Point", "coordinates": [-73.95101445137139, 40.80676755337549]}, "properties": {"noise_id": 1369, "unique_key": "59900590"}}, {"type": "Feature", "geometry": {"type": "Point", "coordinates": [-73.89157037783409, 40.86729727859401]}, "properties": {"noise_id": 1370, "unique_key": "60141958"}}, {"type": "Feature", "geometry": {"type": "Point", "coordinates": [-74.00406869987317, 40.6510981328514]}, "properties": {"noise_id": 1371, "unique_key": "59948577"}}, {"type": "Feature", "geometry": {"type": "Point", "coordinates": [-73.82860144858229, 40.71332909243634]}, "properties": {"noise_id": 1372, "unique_key": "60178008"}}, {"type": "Feature", "geometry": {"type": "Point", "coordinates": [-73.99017773655764, 40.76181606066016]}, "properties": {"noise_id": 1373, "unique_key": "59897822"}}, {"type": "Feature", "geometry": {"type": "Point", "coordinates": [-73.90674043144229, 40.6692829969077]}, "properties": {"noise_id": 1374, "unique_key": "60102684"}}, {"type": "Feature", "geometry": {"type": "Point", "coordinates": [-73.80969682426189, 40.72195913199264]}, "properties": {"noise_id": 1375, "unique_key": "60050227"}}, {"type": "Feature", "geometry": {"type": "Point", "coordinates": [-73.97060375925646, 40.6919339719492]}, "properties": {"noise_id": 1376, "unique_key": "59898773"}}, {"type": "Feature", "geometry": {"type": "Point", "coordinates": [-73.96427752775527, 40.57990095692093]}, "properties": {"noise_id": 1377, "unique_key": "59937255"}}, {"type": "Feature", "geometry": {"type": "Point", "coordinates": [-73.94246523160041, 40.63851544306519]}, "properties": {"noise_id": 1378, "unique_key": "60127674"}}, {"type": "Feature", "geometry": {"type": "Point", "coordinates": [-73.93491223307633, 40.84993120836548]}, "properties": {"noise_id": 1379, "unique_key": "60159845"}}, {"type": "Feature", "geometry": {"type": "Point", "coordinates": [-73.86360219710312, 40.843627465318406]}, "properties": {"noise_id": 1380, "unique_key": "59997418"}}, {"type": "Feature", "geometry": {"type": "Point", "coordinates": [-73.95554591549185, 40.804194837839376]}, "properties": {"noise_id": 1381, "unique_key": "60200214"}}, {"type": "Feature", "geometry": {"type": "Point", "coordinates": [-73.87334100415335, 40.68689998783132]}, "properties": {"noise_id": 1382, "unique_key": "59987584"}}, {"type": "Feature", "geometry": {"type": "Point", "coordinates": [-73.82861953775803, 40.7638134402157]}, "properties": {"noise_id": 1383, "unique_key": "60020378"}}, {"type": "Feature", "geometry": {"type": "Point", "coordinates": [-73.86346770394167, 40.72953688168239]}, "properties": {"noise_id": 1384, "unique_key": "59959195"}}, {"type": "Feature", "geometry": {"type": "Point", "coordinates": [-73.83323545477631, 40.71814198323597]}, "properties": {"noise_id": 1385, "unique_key": "60019533"}}, {"type": "Feature", "geometry": {"type": "Point", "coordinates": [-73.93005822212747, 40.86676436332094]}, "properties": {"noise_id": 1386, "unique_key": "60018601"}}, {"type": "Feature", "geometry": {"type": "Point", "coordinates": [-73.78781859628411, 40.59209790098616]}, "properties": {"noise_id": 1387, "unique_key": "59985134"}}, {"type": "Feature", "geometry": {"type": "Point", "coordinates": [-73.97845990206858, 40.60686390897537]}, "properties": {"noise_id": 1388, "unique_key": "59897169"}}, {"type": "Feature", "geometry": {"type": "Point", "coordinates": [-73.9285146035255, 40.86657952265077]}, "properties": {"noise_id": 1389, "unique_key": "60155412"}}, {"type": "Feature", "geometry": {"type": "Point", "coordinates": [-73.84982538487368, 40.73765810543246]}, "properties": {"noise_id": 1390, "unique_key": "59939091"}}, {"type": "Feature", "geometry": {"type": "Point", "coordinates": [-73.99019293432467, 40.75666417742652]}, "properties": {"noise_id": 1391, "unique_key": "60103601"}}, {"type": "Feature", "geometry": {"type": "Point", "coordinates": [-73.9423113922195, 40.79979192251115]}, "properties": {"noise_id": 1392, "unique_key": "60105427"}}, {"type": "Feature", "geometry": {"type": "Point", "coordinates": [-74.06756866940715, 40.59145049184465]}, "properties": {"noise_id": 1393, "unique_key": "59911237"}}, {"type": "Feature", "geometry": {"type": "Point", "coordinates": [-73.8631053928292, 40.67055409879978]}, "properties": {"noise_id": 1394, "unique_key": "60116952"}}, {"type": "Feature", "geometry": {"type": "Point", "coordinates": [-73.88326443612075, 40.71549724436158]}, "properties": {"noise_id": 1395, "unique_key": "60190225"}}, {"type": "Feature", "geometry": {"type": "Point", "coordinates": [-73.75717046751072, 40.72266180379464]}, "properties": {"noise_id": 1396, "unique_key": "60035566"}}, {"type": "Feature", "geometry": {"type": "Point", "coordinates": [-73.97031821540564, 40.68533547053672]}, "properties": {"noise_id": 1397, "unique_key": "59924405"}}, {"type": "Feature", "geometry": {"type": "Point", "coordinates": [-73.85456644012864, 40.89659733309558]}, "properties": {"noise_id": 1398, "unique_key": "59974896"}}, {"type": "Feature", "geometry": {"type": "Point", "coordinates": [-73.91908733833866, 40.8620253319516]}, "properties": {"noise_id": 1399, "unique_key": "60145901"}}, {"type": "Feature", "geometry": {"type": "Point", "coordinates": [-73.94788268421917, 40.67754057476929]}, "properties": {"noise_id": 1400, "unique_key": "59938284"}}, {"type": "Feature", "geometry": {"type": "Point", "coordinates": [-73.86437792142532, 40.85669318689525]}, "properties": {"noise_id": 1401, "unique_key": "60042283"}}, {"type": "Feature", "geometry": {"type": "Point", "coordinates": [-73.87648695594841, 40.87283464140425]}, "properties": {"noise_id": 1402, "unique_key": "59949583"}}, {"type": "Feature", "geometry": {"type": "Point", "coordinates": [-73.90370201633748, 40.821290259404606]}, "properties": {"noise_id": 1403, "unique_key": "60005165"}}, {"type": "Feature", "geometry": {"type": "Point", "coordinates": [-73.96636009530222, 40.69071138727672]}, "properties": {"noise_id": 1404, "unique_key": "59970426"}}, {"type": "Feature", "geometry": {"type": "Point", "coordinates": [-74.00603183404242, 40.64068433552776]}, "properties": {"noise_id": 1405, "unique_key": "60135687"}}, {"type": "Feature", "geometry": {"type": "Point", "coordinates": [-73.9208409948776, 40.83446695490963]}, "properties": {"noise_id": 1406, "unique_key": "60057890"}}, {"type": "Feature", "geometry": {"type": "Point", "coordinates": [-73.92641921341256, 40.737705066749065]}, "properties": {"noise_id": 1407, "unique_key": "60132874"}}, {"type": "Feature", "geometry": {"type": "Point", "coordinates": [-73.94135579635707, 40.81853515725049]}, "properties": {"noise_id": 1408, "unique_key": "59980750"}}, {"type": "Feature", "geometry": {"type": "Point", "coordinates": [-73.95843104357958, 40.66109816525915]}, "properties": {"noise_id": 1409, "unique_key": "60083820"}}, {"type": "Feature", "geometry": {"type": "Point", "coordinates": [-73.87584260805762, 40.83062311647449]}, "properties": {"noise_id": 1410, "unique_key": "59915632"}}, {"type": "Feature", "geometry": {"type": "Point", "coordinates": [-73.95013415888396, 40.82459413527226]}, "properties": {"noise_id": 1411, "unique_key": "60139371"}}, {"type": "Feature", "geometry": {"type": "Point", "coordinates": [-73.9294956264152, 40.70514590997317]}, "properties": {"noise_id": 1412, "unique_key": "60190007"}}, {"type": "Feature", "geometry": {"type": "Point", "coordinates": [-73.75032263034123, 40.7275932302661]}, "properties": {"noise_id": 1413, "unique_key": "59937533"}}, {"type": "Feature", "geometry": {"type": "Point", "coordinates": [-73.96804460972879, 40.8024533345085]}, "properties": {"noise_id": 1414, "unique_key": "60123487"}}, {"type": "Feature", "geometry": {"type": "Point", "coordinates": [-73.88514210453008, 40.87768522100344]}, "properties": {"noise_id": 1415, "unique_key": "59997997"}}, {"type": "Feature", "geometry": {"type": "Point", "coordinates": [-73.84986944000094, 40.83821704904675]}, "properties": {"noise_id": 1416, "unique_key": "60039304"}}, {"type": "Feature", "geometry": {"type": "Point", "coordinates": [-73.9513366142888, 40.79102393091951]}, "properties": {"noise_id": 1417, "unique_key": "60010954"}}, {"type": "Feature", "geometry": {"type": "Point", "coordinates": [-73.9064866338728, 40.67032580658352]}, "properties": {"noise_id": 1418, "unique_key": "60119617"}}, {"type": "Feature", "geometry": {"type": "Point", "coordinates": [-73.93443230896085, 40.80143454654757]}, "properties": {"noise_id": 1419, "unique_key": "59987298"}}, {"type": "Feature", "geometry": {"type": "Point", "coordinates": [-73.95934890437844, 40.66906109545815]}, "properties": {"noise_id": 1420, "unique_key": "60036549"}}, {"type": "Feature", "geometry": {"type": "Point", "coordinates": [-73.90177088166034, 40.87879021525784]}, "properties": {"noise_id": 1421, "unique_key": "59898680"}}, {"type": "Feature", "geometry": {"type": "Point", "coordinates": [-73.8577324168085, 40.892753229006566]}, "properties": {"noise_id": 1422, "unique_key": "60004912"}}, {"type": "Feature", "geometry": {"type": "Point", "coordinates": [-73.94451080228635, 40.75671710438562]}, "properties": {"noise_id": 1423, "unique_key": "59905090"}}, {"type": "Feature", "geometry": {"type": "Point", "coordinates": [-73.86049036981154, 40.667822645849625]}, "properties": {"noise_id": 1424, "unique_key": "60028102"}}, {"type": "Feature", "geometry": {"type": "Point", "coordinates": [-73.95232472471494, 40.81316330719954]}, "properties": {"noise_id": 1425, "unique_key": "60143848"}}, {"type": "Feature", "geometry": {"type": "Point", "coordinates": [-73.96926900779252, 40.78695966995409]}, "properties": {"noise_id": 1426, "unique_key": "60199128"}}, {"type": "Feature", "geometry": {"type": "Point", "coordinates": [-73.92741665688607, 40.65682836575284]}, "properties": {"noise_id": 1427, "unique_key": "59943372"}}, {"type": "Feature", "geometry": {"type": "Point", "coordinates": [-73.92514053942185, 40.8383975079796]}, "properties": {"noise_id": 1428, "unique_key": "60062445"}}, {"type": "Feature", "geometry": {"type": "Point", "coordinates": [-73.9022208007408, 40.75235501451577]}, "properties": {"noise_id": 1429, "unique_key": "59904851"}}, {"type": "Feature", "geometry": {"type": "Point", "coordinates": [-73.94890132984646, 40.797308308526034]}, "properties": {"noise_id": 1430, "unique_key": "60180981"}}, {"type": "Feature", "geometry": {"type": "Point", "coordinates": [-73.91874492567055, 40.837506638010645]}, "properties": {"noise_id": 1431, "unique_key": "60110121"}}, {"type": "Feature", "geometry": {"type": "Point", "coordinates": [-73.85687631440845, 40.840163724010914]}, "properties": {"noise_id": 1432, "unique_key": "59992718"}}, {"type": "Feature", "geometry": {"type": "Point", "coordinates": [-73.88923637080299, 40.70352224519436]}, "properties": {"noise_id": 1433, "unique_key": "60007542"}}, {"type": "Feature", "geometry": {"type": "Point", "coordinates": [-73.9732043191333, 40.744222282166994]}, "properties": {"noise_id": 1434, "unique_key": "59943091"}}, {"type": "Feature", "geometry": {"type": "Point", "coordinates": [-73.98088030339456, 40.769480955753714]}, "properties": {"noise_id": 1435, "unique_key": "59990831"}}, {"type": "Feature", "geometry": {"type": "Point", "coordinates": [-73.83645671588636, 40.87111058781829]}, "properties": {"noise_id": 1436, "unique_key": "59925859"}}, {"type": "Feature", "geometry": {"type": "Point", "coordinates": [-73.88884565605822, 40.87295699505456]}, "properties": {"noise_id": 1437, "unique_key": "59972181"}}, {"type": "Feature", "geometry": {"type": "Point", "coordinates": [-74.00098427917955, 40.68088452919967]}, "properties": {"noise_id": 1438, "unique_key": "60135294"}}, {"type": "Feature", "geometry": {"type": "Point", "coordinates": [-74.0023858578078, 40.65491617177396]}, "properties": {"noise_id": 1439, "unique_key": "59906892"}}, {"type": "Feature", "geometry": {"type": "Point", "coordinates": [-73.87986603798483, 40.845767210747766]}, "properties": {"noise_id": 1440, "unique_key": "59943620"}}, {"type": "Feature", "geometry": {"type": "Point", "coordinates": [-73.91238179033485, 40.850500918367125]}, "properties": {"noise_id": 1441, "unique_key": "59907633"}}, {"type": "Feature", "geometry": {"type": "Point", "coordinates": [-73.77685306795688, 40.70894210338336]}, "properties": {"noise_id": 1442, "unique_key": "60145507"}}, {"type": "Feature", "geometry": {"type": "Point", "coordinates": [-73.92082360738061, 40.86426072138255]}, "properties": {"noise_id": 1443, "unique_key": "59897017"}}, {"type": "Feature", "geometry": {"type": "Point", "coordinates": [-73.86067179750123, 40.83464051816236]}, "properties": {"noise_id": 1444, "unique_key": "60036904"}}, {"type": "Feature", "geometry": {"type": "Point", "coordinates": [-74.02250894549385, 40.628421324226856]}, "properties": {"noise_id": 1445, "unique_key": "60197902"}}, {"type": "Feature", "geometry": {"type": "Point", "coordinates": [-74.01691170421923, 40.64727347845538]}, "properties": {"noise_id": 1446, "unique_key": "60132585"}}, {"type": "Feature", "geometry": {"type": "Point", "coordinates": [-73.74143822428483, 40.719638493494784]}, "properties": {"noise_id": 1447, "unique_key": "59981960"}}, {"type": "Feature", "geometry": {"type": "Point", "coordinates": [-73.98293038424035, 40.68700136390432]}, "properties": {"noise_id": 1448, "unique_key": "60035269"}}, {"type": "Feature", "geometry": {"type": "Point", "coordinates": [-73.82536934167467, 40.75603817454304]}, "properties": {"noise_id": 1449, "unique_key": "60120628"}}, {"type": "Feature", "geometry": {"type": "Point", "coordinates": [-73.81909630071068, 40.726703511645965]}, "properties": {"noise_id": 1450, "unique_key": "59970223"}}, {"type": "Feature", "geometry": {"type": "Point", "coordinates": [-73.91946076835586, 40.64023908219511]}, "properties": {"noise_id": 1451, "unique_key": "60139247"}}, {"type": "Feature", "geometry": {"type": "Point", "coordinates": [-73.96284582423895, 40.76562019069692]}, "properties": {"noise_id": 1452, "unique_key": "60121241"}}, {"type": "Feature", "geometry": {"type": "Point", "coordinates": [-73.93718715132577, 40.66094579797526]}, "properties": {"noise_id": 1453, "unique_key": "59932400"}}, {"type": "Feature", "geometry": {"type": "Point", "coordinates": [-73.77941744598719, 40.69046098543624]}, "properties": {"noise_id": 1454, "unique_key": "60108714"}}, {"type": "Feature", "geometry": {"type": "Point", "coordinates": [-73.80986336677563, 40.72807474071901]}, "properties": {"noise_id": 1455, "unique_key": "59967035"}}, {"type": "Feature", "geometry": {"type": "Point", "coordinates": [-73.78135583054784, 40.770128703475656]}, "properties": {"noise_id": 1456, "unique_key": "60041756"}}, {"type": "Feature", "geometry": {"type": "Point", "coordinates": [-73.92419376703837, 40.77171927047292]}, "properties": {"noise_id": 1457, "unique_key": "60108664"}}, {"type": "Feature", "geometry": {"type": "Point", "coordinates": [-73.92366057609894, 40.836864989190026]}, "properties": {"noise_id": 1458, "unique_key": "60034037"}}, {"type": "Feature", "geometry": {"type": "Point", "coordinates": [-73.84692363895664, 40.69861550737139]}, "properties": {"noise_id": 1459, "unique_key": "60093965"}}, {"type": "Feature", "geometry": {"type": "Point", "coordinates": [-73.97532979709837, 40.637374379858]}, "properties": {"noise_id": 1460, "unique_key": "60160007"}}, {"type": "Feature", "geometry": {"type": "Point", "coordinates": [-73.86056539972084, 40.812987295091226]}, "properties": {"noise_id": 1461, "unique_key": "60156246"}}, {"type": "Feature", "geometry": {"type": "Point", "coordinates": [-73.9112012166293, 40.62471670507413]}, "properties": {"noise_id": 1462, "unique_key": "60197851"}}, {"type": "Feature", "geometry": {"type": "Point", "coordinates": [-73.94674819778179, 40.59029696802826]}, "properties": {"noise_id": 1463, "unique_key": "60154881"}}, {"type": "Feature", "geometry": {"type": "Point", "coordinates": [-73.92400035070477, 40.745059431427485]}, "properties": {"noise_id": 1464, "unique_key": "59979466"}}, {"type": "Feature", "geometry": {"type": "Point", "coordinates": [-73.86031055549954, 40.75368144439029]}, "properties": {"noise_id": 1465, "unique_key": "60084691"}}, {"type": "Feature", "geometry": {"type": "Point", "coordinates": [-73.98891486387227, 40.69340015431026]}, "properties": {"noise_id": 1466, "unique_key": "60127054"}}, {"type": "Feature", "geometry": {"type": "Point", "coordinates": [-73.78320697844907, 40.59517994628783]}, "properties": {"noise_id": 1467, "unique_key": "60008786"}}, {"type": "Feature", "geometry": {"type": "Point", "coordinates": [-73.8992054836678, 40.72476214903482]}, "properties": {"noise_id": 1468, "unique_key": "59993064"}}, {"type": "Feature", "geometry": {"type": "Point", "coordinates": [-73.94983690537711, 40.59102298520953]}, "properties": {"noise_id": 1469, "unique_key": "60048322"}}, {"type": "Feature", "geometry": {"type": "Point", "coordinates": [-73.9915847692418, 40.68234718951996]}, "properties": {"noise_id": 1470, "unique_key": "59965343"}}, {"type": "Feature", "geometry": {"type": "Point", "coordinates": [-73.97404293877959, 40.65734788840061]}, "properties": {"noise_id": 1471, "unique_key": "60006155"}}, {"type": "Feature", "geometry": {"type": "Point", "coordinates": [-73.88552817965517, 40.85927417380223]}, "properties": {"noise_id": 1472, "unique_key": "60142382"}}, {"type": "Feature", "geometry": {"type": "Point", "coordinates": [-73.92490751446348, 40.833528237856896]}, "properties": {"noise_id": 1473, "unique_key": "60090959"}}, {"type": "Feature", "geometry": {"type": "Point", "coordinates": [-73.99903316019109, 40.72142197640664]}, "properties": {"noise_id": 1474, "unique_key": "60145856"}}, {"type": "Feature", "geometry": {"type": "Point", "coordinates": [-73.92183080208228, 40.82554456288676]}, "properties": {"noise_id": 1475, "unique_key": "59937770"}}, {"type": "Feature", "geometry": {"type": "Point", "coordinates": [-73.91252142298511, 40.67836451428497]}, "properties": {"noise_id": 1476, "unique_key": "59930842"}}, {"type": "Feature", "geometry": {"type": "Point", "coordinates": [-73.98299234311288, 40.72681966256707]}, "properties": {"noise_id": 1477, "unique_key": "60015025"}}, {"type": "Feature", "geometry": {"type": "Point", "coordinates": [-73.98483450522959, 40.76501585078629]}, "properties": {"noise_id": 1478, "unique_key": "60076571"}}, {"type": "Feature", "geometry": {"type": "Point", "coordinates": [-73.89948820420176, 40.860239591233366]}, "properties": {"noise_id": 1479, "unique_key": "60155800"}}, {"type": "Feature", "geometry": {"type": "Point", "coordinates": [-73.94674486384066, 40.725406032149806]}, "properties": {"noise_id": 1480, "unique_key": "60005776"}}, {"type": "Feature", "geometry": {"type": "Point", "coordinates": [-73.98853585954824, 40.71649182160567]}, "properties": {"noise_id": 1481, "unique_key": "60099628"}}, {"type": "Feature", "geometry": {"type": "Point", "coordinates": [-73.89333587988055, 40.857579940848666]}, "properties": {"noise_id": 1482, "unique_key": "60178489"}}, {"type": "Feature", "geometry": {"type": "Point", "coordinates": [-73.76193121562618, 40.59984244015847]}, "properties": {"noise_id": 1483, "unique_key": "59937047"}}, {"type": "Feature", "geometry": {"type": "Point", "coordinates": [-73.9392220646031, 40.8366958330884]}, "properties": {"noise_id": 1484, "unique_key": "60064394"}}, {"type": "Feature", "geometry": {"type": "Point", "coordinates": [-73.92718359841146, 40.76468368198577]}, "properties": {"noise_id": 1485, "unique_key": "59991253"}}, {"type": "Feature", "geometry": {"type": "Point", "coordinates": [-74.00715700186099, 40.64958835159776]}, "properties": {"noise_id": 1486, "unique_key": "59933704"}}, {"type": "Feature", "geometry": {"type": "Point", "coordinates": [-73.87874825082487, 40.65989445204391]}, "properties": {"noise_id": 1487, "unique_key": "59982195"}}, {"type": "Feature", "geometry": {"type": "Point", "coordinates": [-73.77544093564363, 40.7426725307322]}, "properties": {"noise_id": 1488, "unique_key": "60078717"}}, {"type": "Feature", "geometry": {"type": "Point", "coordinates": [-73.81220195299933, 40.67280435251619]}, "properties": {"noise_id": 1489, "unique_key": "60022216"}}, {"type": "Feature", "geometry": {"type": "Point", "coordinates": [-73.98342407217982, 40.73172185922995]}, "properties": {"noise_id": 1490, "unique_key": "59914001"}}, {"type": "Feature", "geometry": {"type": "Point", "coordinates": [-73.96875486971778, 40.79753772293501]}, "properties": {"noise_id": 1491, "unique_key": "59978817"}}, {"type": "Feature", "geometry": {"type": "Point", "coordinates": [-73.98313463038669, 40.69206823947306]}, "properties": {"noise_id": 1492, "unique_key": "60016125"}}, {"type": "Feature", "geometry": {"type": "Point", "coordinates": [-73.82994981721166, 40.75178517326603]}, "properties": {"noise_id": 1493, "unique_key": "59960341"}}, {"type": "Feature", "geometry": {"type": "Point", "coordinates": [-73.89280496548264, 40.86624721275252]}, "properties": {"noise_id": 1494, "unique_key": "60073071"}}, {"type": "Feature", "geometry": {"type": "Point", "coordinates": [-73.7989882902525, 40.70675138586382]}, "properties": {"noise_id": 1495, "unique_key": "59930473"}}, {"type": "Feature", "geometry": {"type": "Point", "coordinates": [-73.855684727514, 40.72805619921439]}, "properties": {"noise_id": 1496, "unique_key": "60175202"}}, {"type": "Feature", "geometry": {"type": "Point", "coordinates": [-73.94126135873942, 40.75770634642352]}, "properties": {"noise_id": 1497, "unique_key": "60168423"}}, {"type": "Feature", "geometry": {"type": "Point", "coordinates": [-73.94167081972492, 40.83009880854912]}, "properties": {"noise_id": 1498, "unique_key": "59934146"}}, {"type": "Feature", "geometry": {"type": "Point", "coordinates": [-73.90311263480845, 40.69504519364207]}, "properties": {"noise_id": 1499, "unique_key": "60156478"}}, {"type": "Feature", "geometry": {"type": "Point", "coordinates": [-73.95244648524235, 40.79948913966764]}, "properties": {"noise_id": 1500, "unique_key": "60176010"}}, {"type": "Feature", "geometry": {"type": "Point", "coordinates": [-73.95541428984001, 40.82274635858894]}, "properties": {"noise_id": 1501, "unique_key": "60148969"}}, {"type": "Feature", "geometry": {"type": "Point", "coordinates": [-73.95785027702586, 40.63901891804962]}, "properties": {"noise_id": 1502, "unique_key": "60079109"}}, {"type": "Feature", "geometry": {"type": "Point", "coordinates": [-73.85961493565311, 40.72581035470789]}, "properties": {"noise_id": 1503, "unique_key": "60185033"}}, {"type": "Feature", "geometry": {"type": "Point", "coordinates": [-73.91603975689068, 40.701609856729725]}, "properties": {"noise_id": 1504, "unique_key": "60104464"}}, {"type": "Feature", "geometry": {"type": "Point", "coordinates": [-73.8610817631043, 40.816561548893056]}, "properties": {"noise_id": 1505, "unique_key": "59903993"}}, {"type": "Feature", "geometry": {"type": "Point", "coordinates": [-73.94197886889226, 40.67159805465037]}, "properties": {"noise_id": 1506, "unique_key": "60082008"}}, {"type": "Feature", "geometry": {"type": "Point", "coordinates": [-73.91638220601207, 40.62411124628807]}, "properties": {"noise_id": 1507, "unique_key": "59916507"}}, {"type": "Feature", "geometry": {"type": "Point", "coordinates": [-73.99859274624387, 40.734937150747776]}, "properties": {"noise_id": 1508, "unique_key": "59964167"}}, {"type": "Feature", "geometry": {"type": "Point", "coordinates": [-73.90174627796296, 40.75106457882993]}, "properties": {"noise_id": 1509, "unique_key": "60012515"}}, {"type": "Feature", "geometry": {"type": "Point", "coordinates": [-73.86485965492638, 40.85267001443538]}, "properties": {"noise_id": 1510, "unique_key": "60101313"}}, {"type": "Feature", "geometry": {"type": "Point", "coordinates": [-73.94961141315956, 40.65127381206454]}, "properties": {"noise_id": 1511, "unique_key": "60166787"}}, {"type": "Feature", "geometry": {"type": "Point", "coordinates": [-73.99039650762118, 40.771710870315445]}, "properties": {"noise_id": 1512, "unique_key": "59919734"}}, {"type": "Feature", "geometry": {"type": "Point", "coordinates": [-73.94172219946313, 40.65591974646246]}, "properties": {"noise_id": 1513, "unique_key": "60108138"}}, {"type": "Feature", "geometry": {"type": "Point", "coordinates": [-73.92150658940508, 40.864532913149546]}, "properties": {"noise_id": 1514, "unique_key": "59931673"}}, {"type": "Feature", "geometry": {"type": "Point", "coordinates": [-73.86653703997725, 40.850794587937656]}, "properties": {"noise_id": 1515, "unique_key": "60135721"}}, {"type": "Feature", "geometry": {"type": "Point", "coordinates": [-73.96053344640458, 40.65320217107313]}, "properties": {"noise_id": 1516, "unique_key": "59976979"}}, {"type": "Feature", "geometry": {"type": "Point", "coordinates": [-73.8922761195502, 40.76865267697127]}, "properties": {"noise_id": 1517, "unique_key": "59917161"}}, {"type": "Feature", "geometry": {"type": "Point", "coordinates": [-73.91144022451194, 40.69436296577345]}, "properties": {"noise_id": 1518, "unique_key": "60069522"}}, {"type": "Feature", "geometry": {"type": "Point", "coordinates": [-73.94079691863257, 40.82946158953197]}, "properties": {"noise_id": 1519, "unique_key": "60120671"}}, {"type": "Feature", "geometry": {"type": "Point", "coordinates": [-73.9650880192363, 40.64092896964177]}, "properties": {"noise_id": 1520, "unique_key": "59921413"}}, {"type": "Feature", "geometry": {"type": "Point", "coordinates": [-73.98998999486928, 40.68997203605889]}, "properties": {"noise_id": 1521, "unique_key": "59938525"}}, {"type": "Feature", "geometry": {"type": "Point", "coordinates": [-73.8828489221124, 40.84517742163594]}, "properties": {"noise_id": 1522, "unique_key": "60075443"}}, {"type": "Feature", "geometry": {"type": "Point", "coordinates": [-73.80969682426189, 40.72195913199264]}, "properties": {"noise_id": 1523, "unique_key": "60111610"}}, {"type": "Feature", "geometry": {"type": "Point", "coordinates": [-73.89573670806124, 40.64282207755807]}, "properties": {"noise_id": 1524, "unique_key": "60099038"}}, {"type": "Feature", "geometry": {"type": "Point", "coordinates": [-73.92886303221528, 40.8315271048226]}, "properties": {"noise_id": 1525, "unique_key": "60163562"}}, {"type": "Feature", "geometry": {"type": "Point", "coordinates": [-74.00841702198015, 40.63940786021091]}, "properties": {"noise_id": 1526, "unique_key": "60094276"}}, {"type": "Feature", "geometry": {"type": "Point", "coordinates": [-73.99431601548454, 40.70253513253691]}, "properties": {"noise_id": 1527, "unique_key": "60003200"}}, {"type": "Feature", "geometry": {"type": "Point", "coordinates": [-73.95499739119894, 40.653839672440746]}, "properties": {"noise_id": 1528, "unique_key": "59956628"}}, {"type": "Feature", "geometry": {"type": "Point", "coordinates": [-74.01361359465812, 40.67860831099112]}, "properties": {"noise_id": 1529, "unique_key": "60015168"}}, {"type": "Feature", "geometry": {"type": "Point", "coordinates": [-73.90643511884196, 40.812405102741145]}, "properties": {"noise_id": 1530, "unique_key": "60018989"}}, {"type": "Feature", "geometry": {"type": "Point", "coordinates": [-73.76531321392324, 40.60171860994812]}, "properties": {"noise_id": 1531, "unique_key": "60154727"}}, {"type": "Feature", "geometry": {"type": "Point", "coordinates": [-73.9388240370179, 40.66824504736837]}, "properties": {"noise_id": 1532, "unique_key": "59967132"}}, {"type": "Feature", "geometry": {"type": "Point", "coordinates": [-73.96523792459831, 40.802757186895775]}, "properties": {"noise_id": 1533, "unique_key": "60197278"}}, {"type": "Feature", "geometry": {"type": "Point", "coordinates": [-73.91064447522288, 40.70691417259045]}, "properties": {"noise_id": 1534, "unique_key": "59925852"}}, {"type": "Feature", "geometry": {"type": "Point", "coordinates": [-73.91802035739775, 40.78030058510316]}, "properties": {"noise_id": 1535, "unique_key": "59966458"}}, {"type": "Feature", "geometry": {"type": "Point", "coordinates": [-73.93891168441392, 40.59616145116117]}, "properties": {"noise_id": 1536, "unique_key": "59916758"}}, {"type": "Feature", "geometry": {"type": "Point", "coordinates": [-73.9068441829867, 40.7059806842811]}, "properties": {"noise_id": 1537, "unique_key": "60128577"}}, {"type": "Feature", "geometry": {"type": "Point", "coordinates": [-73.98879123737771, 40.72091365449839]}, "properties": {"noise_id": 1538, "unique_key": "60189192"}}, {"type": "Feature", "geometry": {"type": "Point", "coordinates": [-73.96333584583525, 40.67551814833875]}, "properties": {"noise_id": 1539, "unique_key": "59933729"}}, {"type": "Feature", "geometry": {"type": "Point", "coordinates": [-73.95526006866052, 40.82104731868181]}, "properties": {"noise_id": 1540, "unique_key": "60039204"}}, {"type": "Feature", "geometry": {"type": "Point", "coordinates": [-73.93102760130792, 40.84892438906047]}, "properties": {"noise_id": 1541, "unique_key": "59933777"}}, {"type": "Feature", "geometry": {"type": "Point", "coordinates": [-73.94910124212032, 40.78147952768728]}, "properties": {"noise_id": 1542, "unique_key": "59984449"}}, {"type": "Feature", "geometry": {"type": "Point", "coordinates": [-73.98672035164505, 40.73968481573298]}, "properties": {"noise_id": 1543, "unique_key": "60009267"}}, {"type": "Feature", "geometry": {"type": "Point", "coordinates": [-73.95416290429146, 40.82456287045771]}, "properties": {"noise_id": 1544, "unique_key": "59967394"}}, {"type": "Feature", "geometry": {"type": "Point", "coordinates": [-73.90903815936075, 40.82943816795846]}, "properties": {"noise_id": 1545, "unique_key": "60063825"}}, {"type": "Feature", "geometry": {"type": "Point", "coordinates": [-73.98598662527205, 40.76245515218484]}, "properties": {"noise_id": 1546, "unique_key": "60083591"}}, {"type": "Feature", "geometry": {"type": "Point", "coordinates": [-73.79282613581186, 40.71077801808311]}, "properties": {"noise_id": 1547, "unique_key": "60010784"}}, {"type": "Feature", "geometry": {"type": "Point", "coordinates": [-73.81909630071068, 40.726703511645965]}, "properties": {"noise_id": 1548, "unique_key": "59922150"}}, {"type": "Feature", "geometry": {"type": "Point", "coordinates": [-73.7635049199004, 40.59373025663687]}, "properties": {"noise_id": 1549, "unique_key": "60129421"}}, {"type": "Feature", "geometry": {"type": "Point", "coordinates": [-74.18462543178529, 40.534680081805]}, "properties": {"noise_id": 1550, "unique_key": "59932203"}}, {"type": "Feature", "geometry": {"type": "Point", "coordinates": [-73.96553619022389, 40.7568817638864]}, "properties": {"noise_id": 1551, "unique_key": "60044116"}}, {"type": "Feature", "geometry": {"type": "Point", "coordinates": [-73.85274666955925, 40.697560878384216]}, "properties": {"noise_id": 1552, "unique_key": "60113771"}}, {"type": "Feature", "geometry": {"type": "Point", "coordinates": [-73.95361895232132, 40.661508042588494]}, "properties": {"noise_id": 1553, "unique_key": "60089179"}}, {"type": "Feature", "geometry": {"type": "Point", "coordinates": [-73.97090546114833, 40.76080273998596]}, "properties": {"noise_id": 1554, "unique_key": "59918930"}}, {"type": "Feature", "geometry": {"type": "Point", "coordinates": [-73.9129418725584, 40.76778908329302]}, "properties": {"noise_id": 1555, "unique_key": "60077225"}}, {"type": "Feature", "geometry": {"type": "Point", "coordinates": [-73.85081199828203, 40.904596037469766]}, "properties": {"noise_id": 1556, "unique_key": "60178678"}}, {"type": "Feature", "geometry": {"type": "Point", "coordinates": [-73.91806223182732, 40.74627128454544]}, "properties": {"noise_id": 1557, "unique_key": "60063795"}}, {"type": "Feature", "geometry": {"type": "Point", "coordinates": [-73.9088499396011, 40.71097227245402]}, "properties": {"noise_id": 1558, "unique_key": "60101963"}}, {"type": "Feature", "geometry": {"type": "Point", "coordinates": [-73.95474619728023, 40.65755600800141]}, "properties": {"noise_id": 1559, "unique_key": "60038256"}}, {"type": "Feature", "geometry": {"type": "Point", "coordinates": [-73.75082248342984, 40.60452623650664]}, "properties": {"noise_id": 1560, "unique_key": "60102016"}}, {"type": "Feature", "geometry": {"type": "Point", "coordinates": [-73.9822966403807, 40.69731336572483]}, "properties": {"noise_id": 1561, "unique_key": "59920655"}}, {"type": "Feature", "geometry": {"type": "Point", "coordinates": [-73.95519158527482, 40.77251225588055]}, "properties": {"noise_id": 1562, "unique_key": "60180558"}}, {"type": "Feature", "geometry": {"type": "Point", "coordinates": [-73.95642599348551, 40.77303422968557]}, "properties": {"noise_id": 1563, "unique_key": "59952831"}}, {"type": "Feature", "geometry": {"type": "Point", "coordinates": [-73.81607485625346, 40.71422102330878]}, "properties": {"noise_id": 1564, "unique_key": "60007585"}}, {"type": "Feature", "geometry": {"type": "Point", "coordinates": [-73.94164533065721, 40.66139280037012]}, "properties": {"noise_id": 1565, "unique_key": "60050026"}}, {"type": "Feature", "geometry": {"type": "Point", "coordinates": [-73.84448516139749, 40.88592656876667]}, "properties": {"noise_id": 1566, "unique_key": "59988284"}}, {"type": "Feature", "geometry": {"type": "Point", "coordinates": [-73.9605029904947, 40.68029586257848]}, "properties": {"noise_id": 1567, "unique_key": "60096561"}}, {"type": "Feature", "geometry": {"type": "Point", "coordinates": [-73.88066058188346, 40.660758313564855]}, "properties": {"noise_id": 1568, "unique_key": "60047723"}}, {"type": "Feature", "geometry": {"type": "Point", "coordinates": [-74.18013132453157, 40.59846017254672]}, "properties": {"noise_id": 1569, "unique_key": "59969133"}}, {"type": "Feature", "geometry": {"type": "Point", "coordinates": [-73.73392653288617, 40.65297254370812]}, "properties": {"noise_id": 1570, "unique_key": "60101676"}}, {"type": "Feature", "geometry": {"type": "Point", "coordinates": [-73.94722849887614, 40.67505351049206]}, "properties": {"noise_id": 1571, "unique_key": "60152195"}}, {"type": "Feature", "geometry": {"type": "Point", "coordinates": [-73.99019293432467, 40.75666417742652]}, "properties": {"noise_id": 1572, "unique_key": "60136390"}}, {"type": "Feature", "geometry": {"type": "Point", "coordinates": [-73.92088764782997, 40.691902299707714]}, "properties": {"noise_id": 1573, "unique_key": "60052079"}}, {"type": "Feature", "geometry": {"type": "Point", "coordinates": [-73.98253227283492, 40.69264729589128]}, "properties": {"noise_id": 1574, "unique_key": "59958904"}}, {"type": "Feature", "geometry": {"type": "Point", "coordinates": [-73.95709695362183, 40.67305392748825]}, "properties": {"noise_id": 1575, "unique_key": "59972095"}}, {"type": "Feature", "geometry": {"type": "Point", "coordinates": [-73.91215405363715, 40.87514540014392]}, "properties": {"noise_id": 1576, "unique_key": "60012829"}}, {"type": "Feature", "geometry": {"type": "Point", "coordinates": [-73.9251596360049, 40.76359546675992]}, "properties": {"noise_id": 1577, "unique_key": "59956541"}}, {"type": "Feature", "geometry": {"type": "Point", "coordinates": [-73.95958464969206, 40.57745652705751]}, "properties": {"noise_id": 1578, "unique_key": "59917915"}}, {"type": "Feature", "geometry": {"type": "Point", "coordinates": [-73.8781961450737, 40.74512988931836]}, "properties": {"noise_id": 1579, "unique_key": "59958196"}}, {"type": "Feature", "geometry": {"type": "Point", "coordinates": [-73.95254199643468, 40.81243879030817]}, "properties": {"noise_id": 1580, "unique_key": "59916913"}}, {"type": "Feature", "geometry": {"type": "Point", "coordinates": [-73.91466424683102, 40.84922634129981]}, "properties": {"noise_id": 1581, "unique_key": "60120445"}}, {"type": "Feature", "geometry": {"type": "Point", "coordinates": [-73.94566682097519, 40.6758734714006]}, "properties": {"noise_id": 1582, "unique_key": "60176722"}}, {"type": "Feature", "geometry": {"type": "Point", "coordinates": [-73.928910244145, 40.75351913784337]}, "properties": {"noise_id": 1583, "unique_key": "60102040"}}, {"type": "Feature", "geometry": {"type": "Point", "coordinates": [-74.19419623030109, 40.51533251132862]}, "properties": {"noise_id": 1584, "unique_key": "60173867"}}, {"type": "Feature", "geometry": {"type": "Point", "coordinates": [-73.91031509704531, 40.884709233462566]}, "properties": {"noise_id": 1585, "unique_key": "59988588"}}, {"type": "Feature", "geometry": {"type": "Point", "coordinates": [-73.93459174425281, 40.584038033398]}, "properties": {"noise_id": 1586, "unique_key": "59936142"}}, {"type": "Feature", "geometry": {"type": "Point", "coordinates": [-73.98044847705249, 40.75241681371635]}, "properties": {"noise_id": 1587, "unique_key": "60081100"}}, {"type": "Feature", "geometry": {"type": "Point", "coordinates": [-73.95491309505584, 40.74657431433054]}, "properties": {"noise_id": 1588, "unique_key": "60150168"}}, {"type": "Feature", "geometry": {"type": "Point", "coordinates": [-73.98891486387227, 40.69340015431026]}, "properties": {"noise_id": 1589, "unique_key": "60007818"}}, {"type": "Feature", "geometry": {"type": "Point", "coordinates": [-73.95778939171564, 40.71248553675871]}, "properties": {"noise_id": 1590, "unique_key": "60040915"}}, {"type": "Feature", "geometry": {"type": "Point", "coordinates": [-73.98342407217982, 40.73172185922995]}, "properties": {"noise_id": 1591, "unique_key": "60118923"}}, {"type": "Feature", "geometry": {"type": "Point", "coordinates": [-73.92827374950976, 40.75803110620819]}, "properties": {"noise_id": 1592, "unique_key": "60150496"}}, {"type": "Feature", "geometry": {"type": "Point", "coordinates": [-73.99120995092437, 40.73588925328537]}, "properties": {"noise_id": 1593, "unique_key": "60138698"}}, {"type": "Feature", "geometry": {"type": "Point", "coordinates": [-73.97250548665313, 40.59244970663936]}, "properties": {"noise_id": 1594, "unique_key": "60103851"}}, {"type": "Feature", "geometry": {"type": "Point", "coordinates": [-73.99249700296544, 40.746055902805175]}, "properties": {"noise_id": 1595, "unique_key": "60096881"}}, {"type": "Feature", "geometry": {"type": "Point", "coordinates": [-73.99431601548454, 40.70253513253691]}, "properties": {"noise_id": 1596, "unique_key": "60100771"}}, {"type": "Feature", "geometry": {"type": "Point", "coordinates": [-73.98352148730712, 40.73174383124967]}, "properties": {"noise_id": 1597, "unique_key": "60078798"}}, {"type": "Feature", "geometry": {"type": "Point", "coordinates": [-73.90469748778781, 40.74933237689002]}, "properties": {"noise_id": 1598, "unique_key": "60133925"}}, {"type": "Feature", "geometry": {"type": "Point", "coordinates": [-73.8723164061865, 40.839720738021455]}, "properties": {"noise_id": 1599, "unique_key": "60076545"}}, {"type": "Feature", "geometry": {"type": "Point", "coordinates": [-73.76317359865314, 40.742985564328905]}, "properties": {"noise_id": 1600, "unique_key": "60122559"}}, {"type": "Feature", "geometry": {"type": "Point", "coordinates": [-73.91638277091631, 40.76455558054324]}, "properties": {"noise_id": 1601, "unique_key": "59965930"}}, {"type": "Feature", "geometry": {"type": "Point", "coordinates": [-74.03910786601774, 40.62537015930988]}, "properties": {"noise_id": 1602, "unique_key": "60021380"}}, {"type": "Feature", "geometry": {"type": "Point", "coordinates": [-73.93763859319333, 40.85275701500797]}, "properties": {"noise_id": 1603, "unique_key": "60176974"}}, {"type": "Feature", "geometry": {"type": "Point", "coordinates": [-73.91075637379026, 40.76881394459468]}, "properties": {"noise_id": 1604, "unique_key": "60027598"}}, {"type": "Feature", "geometry": {"type": "Point", "coordinates": [-73.79697648540038, 40.739646611646975]}, "properties": {"noise_id": 1605, "unique_key": "59929767"}}, {"type": "Feature", "geometry": {"type": "Point", "coordinates": [-73.91403196267946, 40.82385375620422]}, "properties": {"noise_id": 1606, "unique_key": "59910661"}}, {"type": "Feature", "geometry": {"type": "Point", "coordinates": [-74.13591764125857, 40.60861634288449]}, "properties": {"noise_id": 1607, "unique_key": "60126320"}}, {"type": "Feature", "geometry": {"type": "Point", "coordinates": [-73.95717069978583, 40.670490333934254]}, "properties": {"noise_id": 1608, "unique_key": "59972680"}}, {"type": "Feature", "geometry": {"type": "Point", "coordinates": [-73.98446785835645, 40.74280257126807]}, "properties": {"noise_id": 1609, "unique_key": "60181844"}}, {"type": "Feature", "geometry": {"type": "Point", "coordinates": [-73.87358784586236, 40.746892543991]}, "properties": {"noise_id": 1610, "unique_key": "60002880"}}, {"type": "Feature", "geometry": {"type": "Point", "coordinates": [-73.89744621656052, 40.66293739093032]}, "properties": {"noise_id": 1611, "unique_key": "60111512"}}, {"type": "Feature", "geometry": {"type": "Point", "coordinates": [-73.92781813234437, 40.688827222663605]}, "properties": {"noise_id": 1612, "unique_key": "60190824"}}, {"type": "Feature", "geometry": {"type": "Point", "coordinates": [-73.95205783836788, 40.74233526683877]}, "properties": {"noise_id": 1613, "unique_key": "59965661"}}, {"type": "Feature", "geometry": {"type": "Point", "coordinates": [-73.8001857230932, 40.72721845606799]}, "properties": {"noise_id": 1614, "unique_key": "60162932"}}, {"type": "Feature", "geometry": {"type": "Point", "coordinates": [-73.9504278716888, 40.69223995348248]}, "properties": {"noise_id": 1615, "unique_key": "60185315"}}, {"type": "Feature", "geometry": {"type": "Point", "coordinates": [-74.11863155985753, 40.60321725243272]}, "properties": {"noise_id": 1616, "unique_key": "60200036"}}, {"type": "Feature", "geometry": {"type": "Point", "coordinates": [-74.11191808357921, 40.561928408192905]}, "properties": {"noise_id": 1617, "unique_key": "59952430"}}, {"type": "Feature", "geometry": {"type": "Point", "coordinates": [-73.84467028894956, 40.6751227023865]}, "properties": {"noise_id": 1618, "unique_key": "59909861"}}, {"type": "Feature", "geometry": {"type": "Point", "coordinates": [-73.88698130286163, 40.81893932615144]}, "properties": {"noise_id": 1619, "unique_key": "59942449"}}, {"type": "Feature", "geometry": {"type": "Point", "coordinates": [-73.92135863828743, 40.65639894218268]}, "properties": {"noise_id": 1620, "unique_key": "60187922"}}, {"type": "Feature", "geometry": {"type": "Point", "coordinates": [-73.99464156192332, 40.7355436251821]}, "properties": {"noise_id": 1621, "unique_key": "60129781"}}, {"type": "Feature", "geometry": {"type": "Point", "coordinates": [-73.92984041030621, 40.85731972116314]}, "properties": {"noise_id": 1622, "unique_key": "59921349"}}, {"type": "Feature", "geometry": {"type": "Point", "coordinates": [-73.95773838395453, 40.66777321452206]}, "properties": {"noise_id": 1623, "unique_key": "60132384"}}, {"type": "Feature", "geometry": {"type": "Point", "coordinates": [-73.7703999745083, 40.70797148743096]}, "properties": {"noise_id": 1624, "unique_key": "60069895"}}, {"type": "Feature", "geometry": {"type": "Point", "coordinates": [-73.97736105570354, 40.682424868573925]}, "properties": {"noise_id": 1625, "unique_key": "60129180"}}, {"type": "Feature", "geometry": {"type": "Point", "coordinates": [-73.91001620834803, 40.694057191735325]}, "properties": {"noise_id": 1626, "unique_key": "60060163"}}, {"type": "Feature", "geometry": {"type": "Point", "coordinates": [-74.00710171205516, 40.60414012566925]}, "properties": {"noise_id": 1627, "unique_key": "60131665"}}, {"type": "Feature", "geometry": {"type": "Point", "coordinates": [-74.12105366084165, 40.57854169806681]}, "properties": {"noise_id": 1628, "unique_key": "59984941"}}, {"type": "Feature", "geometry": {"type": "Point", "coordinates": [-73.76564269207907, 40.73253307082606]}, "properties": {"noise_id": 1629, "unique_key": "59988093"}}, {"type": "Feature", "geometry": {"type": "Point", "coordinates": [-73.93300699718094, 40.69954593916354]}, "properties": {"noise_id": 1630, "unique_key": "60150984"}}, {"type": "Feature", "geometry": {"type": "Point", "coordinates": [-73.96422378283243, 40.68023394984672]}, "properties": {"noise_id": 1631, "unique_key": "60054716"}}, {"type": "Feature", "geometry": {"type": "Point", "coordinates": [-73.94893125083748, 40.81009325451174]}, "properties": {"noise_id": 1632, "unique_key": "59963127"}}, {"type": "Feature", "geometry": {"type": "Point", "coordinates": [-73.99861746470174, 40.76096011122231]}, "properties": {"noise_id": 1633, "unique_key": "60102653"}}, {"type": "Feature", "geometry": {"type": "Point", "coordinates": [-73.93224829583508, 40.601510072898776]}, "properties": {"noise_id": 1634, "unique_key": "60159109"}}, {"type": "Feature", "geometry": {"type": "Point", "coordinates": [-73.9708984637818, 40.79334159330456]}, "properties": {"noise_id": 1635, "unique_key": "60159378"}}, {"type": "Feature", "geometry": {"type": "Point", "coordinates": [-73.92886303221528, 40.8315271048226]}, "properties": {"noise_id": 1636, "unique_key": "60076833"}}, {"type": "Feature", "geometry": {"type": "Point", "coordinates": [-73.94128556682087, 40.84490083750661]}, "properties": {"noise_id": 1637, "unique_key": "60053660"}}, {"type": "Feature", "geometry": {"type": "Point", "coordinates": [-73.87653470703209, 40.82959184621591]}, "properties": {"noise_id": 1638, "unique_key": "60079085"}}, {"type": "Feature", "geometry": {"type": "Point", "coordinates": [-73.86149546208405, 40.89205516568786]}, "properties": {"noise_id": 1639, "unique_key": "60103043"}}, {"type": "Feature", "geometry": {"type": "Point", "coordinates": [-73.94505498651843, 40.805886555178425]}, "properties": {"noise_id": 1640, "unique_key": "60199475"}}, {"type": "Feature", "geometry": {"type": "Point", "coordinates": [-73.9881128442816, 40.76230443033977]}, "properties": {"noise_id": 1641, "unique_key": "60197243"}}, {"type": "Feature", "geometry": {"type": "Point", "coordinates": [-74.00585313479586, 40.57520725834476]}, "properties": {"noise_id": 1642, "unique_key": "60136606"}}, {"type": "Feature", "geometry": {"type": "Point", "coordinates": [-73.89323994503097, 40.66060873436792]}, "properties": {"noise_id": 1643, "unique_key": "59926471"}}, {"type": "Feature", "geometry": {"type": "Point", "coordinates": [-73.86589491076148, 40.68880465854288]}, "properties": {"noise_id": 1644, "unique_key": "60161302"}}, {"type": "Feature", "geometry": {"type": "Point", "coordinates": [-73.93102151496065, 40.826909061172856]}, "properties": {"noise_id": 1645, "unique_key": "60141631"}}, {"type": "Feature", "geometry": {"type": "Point", "coordinates": [-73.95245608426345, 40.826505438270864]}, "properties": {"noise_id": 1646, "unique_key": "60036375"}}, {"type": "Feature", "geometry": {"type": "Point", "coordinates": [-73.78651790499485, 40.74441181443794]}, "properties": {"noise_id": 1647, "unique_key": "60016370"}}, {"type": "Feature", "geometry": {"type": "Point", "coordinates": [-73.82849030251397, 40.75792576212915]}, "properties": {"noise_id": 1648, "unique_key": "60143929"}}, {"type": "Feature", "geometry": {"type": "Point", "coordinates": [-73.8323758188219, 40.84765672054237]}, "properties": {"noise_id": 1649, "unique_key": "60170272"}}, {"type": "Feature", "geometry": {"type": "Point", "coordinates": [-73.9119006789391, 40.87534008021243]}, "properties": {"noise_id": 1650, "unique_key": "59902290"}}, {"type": "Feature", "geometry": {"type": "Point", "coordinates": [-74.02906642313158, 40.6384712673261]}, "properties": {"noise_id": 1651, "unique_key": "59934994"}}, {"type": "Feature", "geometry": {"type": "Point", "coordinates": [-73.98015360085711, 40.773002333259605]}, "properties": {"noise_id": 1652, "unique_key": "60014523"}}, {"type": "Feature", "geometry": {"type": "Point", "coordinates": [-73.73672128081377, 40.67902428919621]}, "properties": {"noise_id": 1653, "unique_key": "60153063"}}, {"type": "Feature", "geometry": {"type": "Point", "coordinates": [-73.86739290165421, 40.86389055645348]}, "properties": {"noise_id": 1654, "unique_key": "60089111"}}, {"type": "Feature", "geometry": {"type": "Point", "coordinates": [-73.908175168756, 40.84731104281934]}, "properties": {"noise_id": 1655, "unique_key": "60038090"}}, {"type": "Feature", "geometry": {"type": "Point", "coordinates": [-73.79903785547681, 40.59339989435232]}, "properties": {"noise_id": 1656, "unique_key": "60067161"}}, {"type": "Feature", "geometry": {"type": "Point", "coordinates": [-73.95094413250499, 40.77474748777373]}, "properties": {"noise_id": 1657, "unique_key": "60014841"}}, {"type": "Feature", "geometry": {"type": "Point", "coordinates": [-73.9037867278487, 40.882648203870616]}, "properties": {"noise_id": 1658, "unique_key": "60038199"}}, {"type": "Feature", "geometry": {"type": "Point", "coordinates": [-73.8755460509886, 40.87325631364369]}, "properties": {"noise_id": 1659, "unique_key": "59951960"}}, {"type": "Feature", "geometry": {"type": "Point", "coordinates": [-73.94902316315978, 40.80800181593067]}, "properties": {"noise_id": 1660, "unique_key": "60065946"}}, {"type": "Feature", "geometry": {"type": "Point", "coordinates": [-73.99626979451563, 40.72026912133936]}, "properties": {"noise_id": 1661, "unique_key": "59913020"}}, {"type": "Feature", "geometry": {"type": "Point", "coordinates": [-73.92724660409948, 40.855717953441534]}, "properties": {"noise_id": 1662, "unique_key": "60067217"}}, {"type": "Feature", "geometry": {"type": "Point", "coordinates": [-73.94736146573524, 40.64818217813327]}, "properties": {"noise_id": 1663, "unique_key": "59934558"}}, {"type": "Feature", "geometry": {"type": "Point", "coordinates": [-73.793114397038, 40.69576737395909]}, "properties": {"noise_id": 1664, "unique_key": "59911604"}}, {"type": "Feature", "geometry": {"type": "Point", "coordinates": [-73.863877901718, 40.85372557198265]}, "properties": {"noise_id": 1665, "unique_key": "60175393"}}, {"type": "Feature", "geometry": {"type": "Point", "coordinates": [-73.91784558881021, 40.82537436485863]}, "properties": {"noise_id": 1666, "unique_key": "60185156"}}, {"type": "Feature", "geometry": {"type": "Point", "coordinates": [-73.88207173248479, 40.84320043895166]}, "properties": {"noise_id": 1667, "unique_key": "60075199"}}, {"type": "Feature", "geometry": {"type": "Point", "coordinates": [-73.95297805704422, 40.82416166479311]}, "properties": {"noise_id": 1668, "unique_key": "60016175"}}, {"type": "Feature", "geometry": {"type": "Point", "coordinates": [-73.8991688368119, 40.71560010517143]}, "properties": {"noise_id": 1669, "unique_key": "60166818"}}, {"type": "Feature", "geometry": {"type": "Point", "coordinates": [-73.88718060038383, 40.85482114844972]}, "properties": {"noise_id": 1670, "unique_key": "60072785"}}, {"type": "Feature", "geometry": {"type": "Point", "coordinates": [-73.92927888866892, 40.85844745053305]}, "properties": {"noise_id": 1671, "unique_key": "60057338"}}, {"type": "Feature", "geometry": {"type": "Point", "coordinates": [-73.97339344565644, 40.59596325844792]}, "properties": {"noise_id": 1672, "unique_key": "60142875"}}, {"type": "Feature", "geometry": {"type": "Point", "coordinates": [-73.90679272475734, 40.84338500179767]}, "properties": {"noise_id": 1673, "unique_key": "59920966"}}, {"type": "Feature", "geometry": {"type": "Point", "coordinates": [-73.97808395881995, 40.76470460860022]}, "properties": {"noise_id": 1674, "unique_key": "60186003"}}, {"type": "Feature", "geometry": {"type": "Point", "coordinates": [-73.95782934709419, 40.64363015064227]}, "properties": {"noise_id": 1675, "unique_key": "60019206"}}, {"type": "Feature", "geometry": {"type": "Point", "coordinates": [-73.98342407217982, 40.73172185922995]}, "properties": {"noise_id": 1676, "unique_key": "60160429"}}, {"type": "Feature", "geometry": {"type": "Point", "coordinates": [-73.90629781555138, 40.82781933639074]}, "properties": {"noise_id": 1677, "unique_key": "60139700"}}, {"type": "Feature", "geometry": {"type": "Point", "coordinates": [-73.97969228924251, 40.72295450944238]}, "properties": {"noise_id": 1678, "unique_key": "60019952"}}, {"type": "Feature", "geometry": {"type": "Point", "coordinates": [-73.87165851044746, 40.6562032609717]}, "properties": {"noise_id": 1679, "unique_key": "60041201"}}, {"type": "Feature", "geometry": {"type": "Point", "coordinates": [-73.85052125577377, 40.73469467315645]}, "properties": {"noise_id": 1680, "unique_key": "60056625"}}, {"type": "Feature", "geometry": {"type": "Point", "coordinates": [-73.90706197672938, 40.8627930222997]}, "properties": {"noise_id": 1681, "unique_key": "60056990"}}, {"type": "Feature", "geometry": {"type": "Point", "coordinates": [-73.89333587988055, 40.857579940848666]}, "properties": {"noise_id": 1682, "unique_key": "60120663"}}, {"type": "Feature", "geometry": {"type": "Point", "coordinates": [-73.97060092762315, 40.63292945699695]}, "properties": {"noise_id": 1683, "unique_key": "60102283"}}, {"type": "Feature", "geometry": {"type": "Point", "coordinates": [-73.81491796227877, 40.73203817756446]}, "properties": {"noise_id": 1684, "unique_key": "60071887"}}, {"type": "Feature", "geometry": {"type": "Point", "coordinates": [-73.89340198829628, 40.70130291669639]}, "properties": {"noise_id": 1685, "unique_key": "59984399"}}, {"type": "Feature", "geometry": {"type": "Point", "coordinates": [-73.93888639312364, 40.6749395907889]}, "properties": {"noise_id": 1686, "unique_key": "60113324"}}, {"type": "Feature", "geometry": {"type": "Point", "coordinates": [-73.80343340538089, 40.71724956934783]}, "properties": {"noise_id": 1687, "unique_key": "59951591"}}, {"type": "Feature", "geometry": {"type": "Point", "coordinates": [-73.91834949179217, 40.69445590767771]}, "properties": {"noise_id": 1688, "unique_key": "59901342"}}, {"type": "Feature", "geometry": {"type": "Point", "coordinates": [-73.89161859982286, 40.864330304739255]}, "properties": {"noise_id": 1689, "unique_key": "60143429"}}, {"type": "Feature", "geometry": {"type": "Point", "coordinates": [-73.95424216606646, 40.6357347735045]}, "properties": {"noise_id": 1690, "unique_key": "60029825"}}, {"type": "Feature", "geometry": {"type": "Point", "coordinates": [-73.89426045924914, 40.86949004342502]}, "properties": {"noise_id": 1691, "unique_key": "59935654"}}, {"type": "Feature", "geometry": {"type": "Point", "coordinates": [-73.96020636733407, 40.76048664033107]}, "properties": {"noise_id": 1692, "unique_key": "60082854"}}, {"type": "Feature", "geometry": {"type": "Point", "coordinates": [-73.9266188000307, 40.7563475347268]}, "properties": {"noise_id": 1693, "unique_key": "59968742"}}, {"type": "Feature", "geometry": {"type": "Point", "coordinates": [-73.96276454061666, 40.65272532290535]}, "properties": {"noise_id": 1694, "unique_key": "60044984"}}, {"type": "Feature", "geometry": {"type": "Point", "coordinates": [-73.89684461440844, 40.8491788464863]}, "properties": {"noise_id": 1695, "unique_key": "60090266"}}, {"type": "Feature", "geometry": {"type": "Point", "coordinates": [-74.11503479459844, 40.56191434972436]}, "properties": {"noise_id": 1696, "unique_key": "60068846"}}, {"type": "Feature", "geometry": {"type": "Point", "coordinates": [-73.8737129159977, 40.878913881658384]}, "properties": {"noise_id": 1697, "unique_key": "60002440"}}, {"type": "Feature", "geometry": {"type": "Point", "coordinates": [-73.80373466584126, 40.5965672835609]}, "properties": {"noise_id": 1698, "unique_key": "60054287"}}, {"type": "Feature", "geometry": {"type": "Point", "coordinates": [-73.99171153297782, 40.76477501350757]}, "properties": {"noise_id": 1699, "unique_key": "59979865"}}, {"type": "Feature", "geometry": {"type": "Point", "coordinates": [-73.94747977965602, 40.74966724145007]}, "properties": {"noise_id": 1700, "unique_key": "59999540"}}, {"type": "Feature", "geometry": {"type": "Point", "coordinates": [-73.9623408069949, 40.65002157396471]}, "properties": {"noise_id": 1701, "unique_key": "60046051"}}, {"type": "Feature", "geometry": {"type": "Point", "coordinates": [-74.17010903452513, 40.60522216828988]}, "properties": {"noise_id": 1702, "unique_key": "60095321"}}, {"type": "Feature", "geometry": {"type": "Point", "coordinates": [-73.89770742070759, 40.82166935801957]}, "properties": {"noise_id": 1703, "unique_key": "60097863"}}, {"type": "Feature", "geometry": {"type": "Point", "coordinates": [-73.76171989449736, 40.69740018496293]}, "properties": {"noise_id": 1704, "unique_key": "60172577"}}, {"type": "Feature", "geometry": {"type": "Point", "coordinates": [-73.94973427963843, 40.78954108818551]}, "properties": {"noise_id": 1705, "unique_key": "59993470"}}, {"type": "Feature", "geometry": {"type": "Point", "coordinates": [-73.8277422136079, 40.78339862101712]}, "properties": {"noise_id": 1706, "unique_key": "60002701"}}, {"type": "Feature", "geometry": {"type": "Point", "coordinates": [-73.83315893248766, 40.86831999695185]}, "properties": {"noise_id": 1707, "unique_key": "60123641"}}, {"type": "Feature", "geometry": {"type": "Point", "coordinates": [-73.92961137673909, 40.8585382289902]}, "properties": {"noise_id": 1708, "unique_key": "60035132"}}, {"type": "Feature", "geometry": {"type": "Point", "coordinates": [-73.86431793354161, 40.870150385022505]}, "properties": {"noise_id": 1709, "unique_key": "60064031"}}, {"type": "Feature", "geometry": {"type": "Point", "coordinates": [-73.91489586065917, 40.82640423914052]}, "properties": {"noise_id": 1710, "unique_key": "59935449"}}, {"type": "Feature", "geometry": {"type": "Point", "coordinates": [-73.89218755305731, 40.8657333789134]}, "properties": {"noise_id": 1711, "unique_key": "60081719"}}, {"type": "Feature", "geometry": {"type": "Point", "coordinates": [-74.01822496911396, 40.63976903580093]}, "properties": {"noise_id": 1712, "unique_key": "59968746"}}, {"type": "Feature", "geometry": {"type": "Point", "coordinates": [-73.84398223081746, 40.78431653599238]}, "properties": {"noise_id": 1713, "unique_key": "59964260"}}, {"type": "Feature", "geometry": {"type": "Point", "coordinates": [-73.89590246619456, 40.82066592008807]}, "properties": {"noise_id": 1714, "unique_key": "60112724"}}, {"type": "Feature", "geometry": {"type": "Point", "coordinates": [-73.95394100797147, 40.61269213295997]}, "properties": {"noise_id": 1715, "unique_key": "60159811"}}, {"type": "Feature", "geometry": {"type": "Point", "coordinates": [-73.88739864871498, 40.704670519524136]}, "properties": {"noise_id": 1716, "unique_key": "60150120"}}, {"type": "Feature", "geometry": {"type": "Point", "coordinates": [-73.94423997451894, 40.81721912268325]}, "properties": {"noise_id": 1717, "unique_key": "60095766"}}, {"type": "Feature", "geometry": {"type": "Point", "coordinates": [-74.1691035484423, 40.60920635765584]}, "properties": {"noise_id": 1718, "unique_key": "60109327"}}, {"type": "Feature", "geometry": {"type": "Point", "coordinates": [-73.78781859628411, 40.59209790098616]}, "properties": {"noise_id": 1719, "unique_key": "60101212"}}, {"type": "Feature", "geometry": {"type": "Point", "coordinates": [-73.92372939936729, 40.70432703822901]}, "properties": {"noise_id": 1720, "unique_key": "60017836"}}, {"type": "Feature", "geometry": {"type": "Point", "coordinates": [-73.95272882166813, 40.82405726366155]}, "properties": {"noise_id": 1721, "unique_key": "60000454"}}, {"type": "Feature", "geometry": {"type": "Point", "coordinates": [-73.84916825065385, 40.73623546260958]}, "properties": {"noise_id": 1722, "unique_key": "60134248"}}, {"type": "Feature", "geometry": {"type": "Point", "coordinates": [-73.81328830077715, 40.67879797722577]}, "properties": {"noise_id": 1723, "unique_key": "60132725"}}, {"type": "Feature", "geometry": {"type": "Point", "coordinates": [-73.9504049763179, 40.64060517932332]}, "properties": {"noise_id": 1724, "unique_key": "60173665"}}, {"type": "Feature", "geometry": {"type": "Point", "coordinates": [-73.90640699264534, 40.82983679102256]}, "properties": {"noise_id": 1725, "unique_key": "60193392"}}, {"type": "Feature", "geometry": {"type": "Point", "coordinates": [-73.8733016148385, 40.7436863586898]}, "properties": {"noise_id": 1726, "unique_key": "60090820"}}, {"type": "Feature", "geometry": {"type": "Point", "coordinates": [-73.90420484656684, 40.74305472311679]}, "properties": {"noise_id": 1727, "unique_key": "60047355"}}, {"type": "Feature", "geometry": {"type": "Point", "coordinates": [-73.90495448570066, 40.8828769806663]}, "properties": {"noise_id": 1728, "unique_key": "60014222"}}, {"type": "Feature", "geometry": {"type": "Point", "coordinates": [-73.87165960330147, 40.75305237672702]}, "properties": {"noise_id": 1729, "unique_key": "59980120"}}, {"type": "Feature", "geometry": {"type": "Point", "coordinates": [-73.99305012787495, 40.70229352370077]}, "properties": {"noise_id": 1730, "unique_key": "59962772"}}, {"type": "Feature", "geometry": {"type": "Point", "coordinates": [-73.9502368396467, 40.80807919847091]}, "properties": {"noise_id": 1731, "unique_key": "60009853"}}, {"type": "Feature", "geometry": {"type": "Point", "coordinates": [-73.98352148730712, 40.73174383124967]}, "properties": {"noise_id": 1732, "unique_key": "59928592"}}, {"type": "Feature", "geometry": {"type": "Point", "coordinates": [-74.21786826954425, 40.53736663304121]}, "properties": {"noise_id": 1733, "unique_key": "60103450"}}, {"type": "Feature", "geometry": {"type": "Point", "coordinates": [-73.92192728754576, 40.83261775884482]}, "properties": {"noise_id": 1734, "unique_key": "60031757"}}, {"type": "Feature", "geometry": {"type": "Point", "coordinates": [-73.80801616820261, 40.723035034391216]}, "properties": {"noise_id": 1735, "unique_key": "59942506"}}, {"type": "Feature", "geometry": {"type": "Point", "coordinates": [-73.95649145422924, 40.80546600633532]}, "properties": {"noise_id": 1736, "unique_key": "60039256"}}, {"type": "Feature", "geometry": {"type": "Point", "coordinates": [-73.94876703438024, 40.65268700214536]}, "properties": {"noise_id": 1737, "unique_key": "60027281"}}, {"type": "Feature", "geometry": {"type": "Point", "coordinates": [-73.98151975514853, 40.6768098052701]}, "properties": {"noise_id": 1738, "unique_key": "59932420"}}, {"type": "Feature", "geometry": {"type": "Point", "coordinates": [-73.9730029732008, 40.68893727117363]}, "properties": {"noise_id": 1739, "unique_key": "59909491"}}, {"type": "Feature", "geometry": {"type": "Point", "coordinates": [-73.90228724281052, 40.87191794116714]}, "properties": {"noise_id": 1740, "unique_key": "60110045"}}, {"type": "Feature", "geometry": {"type": "Point", "coordinates": [-73.93332636925645, 40.79851077713076]}, "properties": {"noise_id": 1741, "unique_key": "60082944"}}, {"type": "Feature", "geometry": {"type": "Point", "coordinates": [-73.94892935895687, 40.67603141800579]}, "properties": {"noise_id": 1742, "unique_key": "60181405"}}, {"type": "Feature", "geometry": {"type": "Point", "coordinates": [-73.94077354705864, 40.82324205151793]}, "properties": {"noise_id": 1743, "unique_key": "60095231"}}, {"type": "Feature", "geometry": {"type": "Point", "coordinates": [-73.86933420388986, 40.757238248885415]}, "properties": {"noise_id": 1744, "unique_key": "59978580"}}, {"type": "Feature", "geometry": {"type": "Point", "coordinates": [-73.93055964118007, 40.65664366100156]}, "properties": {"noise_id": 1745, "unique_key": "59960587"}}, {"type": "Feature", "geometry": {"type": "Point", "coordinates": [-73.96216008095085, 40.64461703499327]}, "properties": {"noise_id": 1746, "unique_key": "60048982"}}, {"type": "Feature", "geometry": {"type": "Point", "coordinates": [-73.74906030365968, 40.60674569624709]}, "properties": {"noise_id": 1747, "unique_key": "59938365"}}, {"type": "Feature", "geometry": {"type": "Point", "coordinates": [-74.0005773773756, 40.739842030757416]}, "properties": {"noise_id": 1748, "unique_key": "60100083"}}, {"type": "Feature", "geometry": {"type": "Point", "coordinates": [-73.98483562074706, 40.76011648520396]}, "properties": {"noise_id": 1749, "unique_key": "59980661"}}, {"type": "Feature", "geometry": {"type": "Point", "coordinates": [-73.89573859956066, 40.6692845313918]}, "properties": {"noise_id": 1750, "unique_key": "59988620"}}, {"type": "Feature", "geometry": {"type": "Point", "coordinates": [-73.99624332145507, 40.741917002871226]}, "properties": {"noise_id": 1751, "unique_key": "60071927"}}, {"type": "Feature", "geometry": {"type": "Point", "coordinates": [-73.87221775214613, 40.74243904326487]}, "properties": {"noise_id": 1752, "unique_key": "60165574"}}, {"type": "Feature", "geometry": {"type": "Point", "coordinates": [-73.91621480033969, 40.82346835769243]}, "properties": {"noise_id": 1753, "unique_key": "60055054"}}, {"type": "Feature", "geometry": {"type": "Point", "coordinates": [-73.95863417533691, 40.67645801177813]}, "properties": {"noise_id": 1754, "unique_key": "60115724"}}, {"type": "Feature", "geometry": {"type": "Point", "coordinates": [-73.87682260842126, 40.70335317829562]}, "properties": {"noise_id": 1755, "unique_key": "59973196"}}, {"type": "Feature", "geometry": {"type": "Point", "coordinates": [-73.94889758557497, 40.675153075852464]}, "properties": {"noise_id": 1756, "unique_key": "60107567"}}, {"type": "Feature", "geometry": {"type": "Point", "coordinates": [-73.97096707385953, 40.78507996805532]}, "properties": {"noise_id": 1757, "unique_key": "59922408"}}, {"type": "Feature", "geometry": {"type": "Point", "coordinates": [-73.92225765299706, 40.84059136898749]}, "properties": {"noise_id": 1758, "unique_key": "60160550"}}, {"type": "Feature", "geometry": {"type": "Point", "coordinates": [-73.93129377746682, 40.85718061604711]}, "properties": {"noise_id": 1759, "unique_key": "59987884"}}, {"type": "Feature", "geometry": {"type": "Point", "coordinates": [-73.8483798634212, 40.846421789030565]}, "properties": {"noise_id": 1760, "unique_key": "60100392"}}, {"type": "Feature", "geometry": {"type": "Point", "coordinates": [-74.00977300611424, 40.64752957153549]}, "properties": {"noise_id": 1761, "unique_key": "60157378"}}, {"type": "Feature", "geometry": {"type": "Point", "coordinates": [-73.94200273730205, 40.7146250697876]}, "properties": {"noise_id": 1762, "unique_key": "59968286"}}, {"type": "Feature", "geometry": {"type": "Point", "coordinates": [-74.00021971652956, 40.61593747219207]}, "properties": {"noise_id": 1763, "unique_key": "60098521"}}, {"type": "Feature", "geometry": {"type": "Point", "coordinates": [-73.92228029181018, 40.82740029485828]}, "properties": {"noise_id": 1764, "unique_key": "60183870"}}, {"type": "Feature", "geometry": {"type": "Point", "coordinates": [-73.98271754079094, 40.673491558598506]}, "properties": {"noise_id": 1765, "unique_key": "60139666"}}, {"type": "Feature", "geometry": {"type": "Point", "coordinates": [-73.96262395791314, 40.65278017295231]}, "properties": {"noise_id": 1766, "unique_key": "59895716"}}, {"type": "Feature", "geometry": {"type": "Point", "coordinates": [-73.95859598500172, 40.69732374843377]}, "properties": {"noise_id": 1767, "unique_key": "60138644"}}, {"type": "Feature", "geometry": {"type": "Point", "coordinates": [-73.90133645213025, 40.83038425223199]}, "properties": {"noise_id": 1768, "unique_key": "60166808"}}, {"type": "Feature", "geometry": {"type": "Point", "coordinates": [-74.01020995909961, 40.62996290098173]}, "properties": {"noise_id": 1769, "unique_key": "59991342"}}, {"type": "Feature", "geometry": {"type": "Point", "coordinates": [-73.92725534012264, 40.659336993953694]}, "properties": {"noise_id": 1770, "unique_key": "60143062"}}, {"type": "Feature", "geometry": {"type": "Point", "coordinates": [-73.9618117706841, 40.75580464922225]}, "properties": {"noise_id": 1771, "unique_key": "59975116"}}, {"type": "Feature", "geometry": {"type": "Point", "coordinates": [-73.90467576630016, 40.83261302416413]}, "properties": {"noise_id": 1772, "unique_key": "60061772"}}, {"type": "Feature", "geometry": {"type": "Point", "coordinates": [-73.90706197672938, 40.8627930222997]}, "properties": {"noise_id": 1773, "unique_key": "59931519"}}, {"type": "Feature", "geometry": {"type": "Point", "coordinates": [-73.97854651586093, 40.76320606642938]}, "properties": {"noise_id": 1774, "unique_key": "59911195"}}, {"type": "Feature", "geometry": {"type": "Point", "coordinates": [-73.93922853821798, 40.80191475732544]}, "properties": {"noise_id": 1775, "unique_key": "59947668"}}, {"type": "Feature", "geometry": {"type": "Point", "coordinates": [-73.98440457722702, 40.76647325108518]}, "properties": {"noise_id": 1776, "unique_key": "59960721"}}, {"type": "Feature", "geometry": {"type": "Point", "coordinates": [-73.90526834160897, 40.70829323540871]}, "properties": {"noise_id": 1777, "unique_key": "60006461"}}, {"type": "Feature", "geometry": {"type": "Point", "coordinates": [-73.96104090185025, 40.77782544969447]}, "properties": {"noise_id": 1778, "unique_key": "59985813"}}, {"type": "Feature", "geometry": {"type": "Point", "coordinates": [-73.82239758416556, 40.71314676822664]}, "properties": {"noise_id": 1779, "unique_key": "60012820"}}, {"type": "Feature", "geometry": {"type": "Point", "coordinates": [-73.9429428765917, 40.71620377737366]}, "properties": {"noise_id": 1780, "unique_key": "59998472"}}, {"type": "Feature", "geometry": {"type": "Point", "coordinates": [-73.95528116790534, 40.74663758706095]}, "properties": {"noise_id": 1781, "unique_key": "60174953"}}, {"type": "Feature", "geometry": {"type": "Point", "coordinates": [-73.89148482467765, 40.83110000795265]}, "properties": {"noise_id": 1782, "unique_key": "60063500"}}, {"type": "Feature", "geometry": {"type": "Point", "coordinates": [-73.79978598436149, 40.70775736225015]}, "properties": {"noise_id": 1783, "unique_key": "60197002"}}, {"type": "Feature", "geometry": {"type": "Point", "coordinates": [-73.863591848158, 40.88216305760734]}, "properties": {"noise_id": 1784, "unique_key": "60040209"}}, {"type": "Feature", "geometry": {"type": "Point", "coordinates": [-73.98163102490999, 40.73095031102584]}, "properties": {"noise_id": 1785, "unique_key": "60031156"}}, {"type": "Feature", "geometry": {"type": "Point", "coordinates": [-74.21384225965204, 40.53618020495722]}, "properties": {"noise_id": 1786, "unique_key": "59948061"}}, {"type": "Feature", "geometry": {"type": "Point", "coordinates": [-73.9239426496648, 40.628058016667744]}, "properties": {"noise_id": 1787, "unique_key": "59943176"}}, {"type": "Feature", "geometry": {"type": "Point", "coordinates": [-73.97303790819126, 40.62929320919695]}, "properties": {"noise_id": 1788, "unique_key": "60039897"}}, {"type": "Feature", "geometry": {"type": "Point", "coordinates": [-73.97944423644883, 40.77859049407306]}, "properties": {"noise_id": 1789, "unique_key": "60006793"}}, {"type": "Feature", "geometry": {"type": "Point", "coordinates": [-73.97346239858018, 40.63991289155811]}, "properties": {"noise_id": 1790, "unique_key": "60006102"}}, {"type": "Feature", "geometry": {"type": "Point", "coordinates": [-73.86176803987782, 40.83402702113464]}, "properties": {"noise_id": 1791, "unique_key": "60046274"}}, {"type": "Feature", "geometry": {"type": "Point", "coordinates": [-73.93014442097454, 40.688334599490894]}, "properties": {"noise_id": 1792, "unique_key": "60108281"}}, {"type": "Feature", "geometry": {"type": "Point", "coordinates": [-73.73872176817359, 40.69202814412459]}, "properties": {"noise_id": 1793, "unique_key": "59939958"}}, {"type": "Feature", "geometry": {"type": "Point", "coordinates": [-73.91697599309957, 40.62749051484116]}, "properties": {"noise_id": 1794, "unique_key": "60183815"}}, {"type": "Feature", "geometry": {"type": "Point", "coordinates": [-73.7971676010423, 40.75510266977852]}, "properties": {"noise_id": 1795, "unique_key": "60076014"}}, {"type": "Feature", "geometry": {"type": "Point", "coordinates": [-73.89554454141326, 40.864550756838064]}, "properties": {"noise_id": 1796, "unique_key": "59896014"}}, {"type": "Feature", "geometry": {"type": "Point", "coordinates": [-73.8984233658015, 40.85443910241399]}, "properties": {"noise_id": 1797, "unique_key": "59911879"}}, {"type": "Feature", "geometry": {"type": "Point", "coordinates": [-73.93712012163478, 40.85441178955656]}, "properties": {"noise_id": 1798, "unique_key": "60087498"}}, {"type": "Feature", "geometry": {"type": "Point", "coordinates": [-73.98352148730712, 40.73174383124967]}, "properties": {"noise_id": 1799, "unique_key": "59996131"}}, {"type": "Feature", "geometry": {"type": "Point", "coordinates": [-74.06198846254166, 40.596092349152194]}, "properties": {"noise_id": 1800, "unique_key": "60195966"}}, {"type": "Feature", "geometry": {"type": "Point", "coordinates": [-73.8950583891118, 40.86333166919523]}, "properties": {"noise_id": 1801, "unique_key": "60101604"}}, {"type": "Feature", "geometry": {"type": "Point", "coordinates": [-73.93793842629789, 40.818094213398375]}, "properties": {"noise_id": 1802, "unique_key": "59975627"}}, {"type": "Feature", "geometry": {"type": "Point", "coordinates": [-73.92921259175424, 40.66599705086588]}, "properties": {"noise_id": 1803, "unique_key": "59966017"}}, {"type": "Feature", "geometry": {"type": "Point", "coordinates": [-73.85712563589226, 40.68031823902547]}, "properties": {"noise_id": 1804, "unique_key": "59990758"}}, {"type": "Feature", "geometry": {"type": "Point", "coordinates": [-73.88797126859906, 40.66225059268285]}, "properties": {"noise_id": 1805, "unique_key": "60063713"}}, {"type": "Feature", "geometry": {"type": "Point", "coordinates": [-74.02337142690045, 40.64288892626992]}, "properties": {"noise_id": 1806, "unique_key": "60128991"}}, {"type": "Feature", "geometry": {"type": "Point", "coordinates": [-73.92092632585651, 40.832603353326256]}, "properties": {"noise_id": 1807, "unique_key": "59994137"}}, {"type": "Feature", "geometry": {"type": "Point", "coordinates": [-73.77698660431103, 40.71538708418668]}, "properties": {"noise_id": 1808, "unique_key": "60180468"}}, {"type": "Feature", "geometry": {"type": "Point", "coordinates": [-73.97779828970907, 40.776981773119765]}, "properties": {"noise_id": 1809, "unique_key": "59895508"}}, {"type": "Feature", "geometry": {"type": "Point", "coordinates": [-73.99653502596018, 40.61471049763693]}, "properties": {"noise_id": 1810, "unique_key": "59996242"}}, {"type": "Feature", "geometry": {"type": "Point", "coordinates": [-74.03752547605288, 40.63012740749655]}, "properties": {"noise_id": 1811, "unique_key": "60086778"}}, {"type": "Feature", "geometry": {"type": "Point", "coordinates": [-73.94890132984646, 40.797308308526034]}, "properties": {"noise_id": 1812, "unique_key": "60167855"}}, {"type": "Feature", "geometry": {"type": "Point", "coordinates": [-74.03747001288934, 40.61475933867316]}, "properties": {"noise_id": 1813, "unique_key": "60023034"}}, {"type": "Feature", "geometry": {"type": "Point", "coordinates": [-73.98871591951574, 40.760921140478935]}, "properties": {"noise_id": 1814, "unique_key": "60041329"}}, {"type": "Feature", "geometry": {"type": "Point", "coordinates": [-73.98574326457332, 40.75260697825907]}, "properties": {"noise_id": 1815, "unique_key": "60184790"}}, {"type": "Feature", "geometry": {"type": "Point", "coordinates": [-73.96465518011016, 40.60095918023415]}, "properties": {"noise_id": 1816, "unique_key": "60033153"}}, {"type": "Feature", "geometry": {"type": "Point", "coordinates": [-73.90770932205969, 40.84961622441457]}, "properties": {"noise_id": 1817, "unique_key": "60181081"}}, {"type": "Feature", "geometry": {"type": "Point", "coordinates": [-73.99206254922473, 40.72735038306756]}, "properties": {"noise_id": 1818, "unique_key": "60145495"}}, {"type": "Feature", "geometry": {"type": "Point", "coordinates": [-73.88836528707218, 40.816640597943895]}, "properties": {"noise_id": 1819, "unique_key": "59950618"}}, {"type": "Feature", "geometry": {"type": "Point", "coordinates": [-73.94342843467429, 40.83264128877624]}, "properties": {"noise_id": 1820, "unique_key": "59995344"}}, {"type": "Feature", "geometry": {"type": "Point", "coordinates": [-73.88776856225026, 40.832002207257766]}, "properties": {"noise_id": 1821, "unique_key": "59919384"}}, {"type": "Feature", "geometry": {"type": "Point", "coordinates": [-73.91799422212837, 40.87188625692909]}, "properties": {"noise_id": 1822, "unique_key": "60058383"}}, {"type": "Feature", "geometry": {"type": "Point", "coordinates": [-73.88059299703013, 40.71260975773251]}, "properties": {"noise_id": 1823, "unique_key": "60032871"}}, {"type": "Feature", "geometry": {"type": "Point", "coordinates": [-73.7573690117753, 40.59875967880786]}, "properties": {"noise_id": 1824, "unique_key": "59996124"}}, {"type": "Feature", "geometry": {"type": "Point", "coordinates": [-73.85116880057988, 40.87611486937923]}, "properties": {"noise_id": 1825, "unique_key": "60050690"}}, {"type": "Feature", "geometry": {"type": "Point", "coordinates": [-73.95146477169187, 40.813379781395206]}, "properties": {"noise_id": 1826, "unique_key": "60017998"}}, {"type": "Feature", "geometry": {"type": "Point", "coordinates": [-73.87389520093623, 40.82665763217701]}, "properties": {"noise_id": 1827, "unique_key": "60097544"}}, {"type": "Feature", "geometry": {"type": "Point", "coordinates": [-73.92591381590103, 40.6729859224145]}, "properties": {"noise_id": 1828, "unique_key": "60060162"}}, {"type": "Feature", "geometry": {"type": "Point", "coordinates": [-73.92086850397722, 40.677648681884726]}, "properties": {"noise_id": 1829, "unique_key": "60176810"}}, {"type": "Feature", "geometry": {"type": "Point", "coordinates": [-73.90061165595493, 40.82210830814329]}, "properties": {"noise_id": 1830, "unique_key": "60068383"}}, {"type": "Feature", "geometry": {"type": "Point", "coordinates": [-73.85625739018323, 40.75528488116079]}, "properties": {"noise_id": 1831, "unique_key": "60085865"}}, {"type": "Feature", "geometry": {"type": "Point", "coordinates": [-73.92699219567847, 40.82403011769693]}, "properties": {"noise_id": 1832, "unique_key": "59963778"}}, {"type": "Feature", "geometry": {"type": "Point", "coordinates": [-73.85459879023013, 40.87850163673762]}, "properties": {"noise_id": 1833, "unique_key": "59908917"}}, {"type": "Feature", "geometry": {"type": "Point", "coordinates": [-73.85493838071939, 40.89522545852203]}, "properties": {"noise_id": 1834, "unique_key": "60085255"}}, {"type": "Feature", "geometry": {"type": "Point", "coordinates": [-73.89152692914816, 40.66120000455211]}, "properties": {"noise_id": 1835, "unique_key": "60083038"}}, {"type": "Feature", "geometry": {"type": "Point", "coordinates": [-73.94433439290805, 40.58771845605027]}, "properties": {"noise_id": 1836, "unique_key": "60016616"}}, {"type": "Feature", "geometry": {"type": "Point", "coordinates": [-73.94590702784637, 40.82864617475892]}, "properties": {"noise_id": 1837, "unique_key": "59896011"}}, {"type": "Feature", "geometry": {"type": "Point", "coordinates": [-73.9227796198516, 40.85171876186146]}, "properties": {"noise_id": 1838, "unique_key": "59920810"}}, {"type": "Feature", "geometry": {"type": "Point", "coordinates": [-73.7997848692321, 40.68651280577557]}, "properties": {"noise_id": 1839, "unique_key": "60161669"}}, {"type": "Feature", "geometry": {"type": "Point", "coordinates": [-73.8886643522891, 40.65731065792656]}, "properties": {"noise_id": 1840, "unique_key": "60195238"}}, {"type": "Feature", "geometry": {"type": "Point", "coordinates": [-73.98379730529047, 40.63614073061518]}, "properties": {"noise_id": 1841, "unique_key": "60033469"}}, {"type": "Feature", "geometry": {"type": "Point", "coordinates": [-73.97340899034782, 40.67447515808814]}, "properties": {"noise_id": 1842, "unique_key": "60021254"}}, {"type": "Feature", "geometry": {"type": "Point", "coordinates": [-73.98972145326071, 40.70102793756591]}, "properties": {"noise_id": 1843, "unique_key": "60132397"}}, {"type": "Feature", "geometry": {"type": "Point", "coordinates": [-73.84320469950333, 40.68667073727927]}, "properties": {"noise_id": 1844, "unique_key": "60063051"}}, {"type": "Feature", "geometry": {"type": "Point", "coordinates": [-73.98205472388632, 40.77879404063979]}, "properties": {"noise_id": 1845, "unique_key": "60087747"}}, {"type": "Feature", "geometry": {"type": "Point", "coordinates": [-74.01270821842058, 40.71410100427898]}, "properties": {"noise_id": 1846, "unique_key": "60089907"}}, {"type": "Feature", "geometry": {"type": "Point", "coordinates": [-73.88277511755769, 40.878854824832985]}, "properties": {"noise_id": 1847, "unique_key": "60193249"}}, {"type": "Feature", "geometry": {"type": "Point", "coordinates": [-73.95339924629084, 40.6664375766269]}, "properties": {"noise_id": 1848, "unique_key": "60051403"}}, {"type": "Feature", "geometry": {"type": "Point", "coordinates": [-73.96310286924326, 40.63396757007463]}, "properties": {"noise_id": 1849, "unique_key": "59990276"}}, {"type": "Feature", "geometry": {"type": "Point", "coordinates": [-73.93563231275274, 40.815510167325854]}, "properties": {"noise_id": 1850, "unique_key": "60068551"}}, {"type": "Feature", "geometry": {"type": "Point", "coordinates": [-73.97258822827804, 40.68034054794099]}, "properties": {"noise_id": 1851, "unique_key": "59934483"}}, {"type": "Feature", "geometry": {"type": "Point", "coordinates": [-73.85724917253154, 40.83145795182173]}, "properties": {"noise_id": 1852, "unique_key": "60048402"}}, {"type": "Feature", "geometry": {"type": "Point", "coordinates": [-73.92735125300926, 40.66062435671752]}, "properties": {"noise_id": 1853, "unique_key": "60128770"}}, {"type": "Feature", "geometry": {"type": "Point", "coordinates": [-73.96695189163269, 40.7044134374726]}, "properties": {"noise_id": 1854, "unique_key": "60022431"}}, {"type": "Feature", "geometry": {"type": "Point", "coordinates": [-73.93836568185213, 40.84048582340629]}, "properties": {"noise_id": 1855, "unique_key": "60086824"}}, {"type": "Feature", "geometry": {"type": "Point", "coordinates": [-73.91727188224486, 40.839262205783406]}, "properties": {"noise_id": 1856, "unique_key": "59943532"}}, {"type": "Feature", "geometry": {"type": "Point", "coordinates": [-73.95062043154316, 40.74872443721057]}, "properties": {"noise_id": 1857, "unique_key": "59955639"}}, {"type": "Feature", "geometry": {"type": "Point", "coordinates": [-73.83199095023234, 40.84261961507059]}, "properties": {"noise_id": 1858, "unique_key": "60104247"}}, {"type": "Feature", "geometry": {"type": "Point", "coordinates": [-73.97467828646558, 40.75911286883225]}, "properties": {"noise_id": 1859, "unique_key": "60049712"}}, {"type": "Feature", "geometry": {"type": "Point", "coordinates": [-73.96523792459831, 40.802757186895775]}, "properties": {"noise_id": 1860, "unique_key": "60138313"}}, {"type": "Feature", "geometry": {"type": "Point", "coordinates": [-73.92153821117874, 40.66612931148216]}, "properties": {"noise_id": 1861, "unique_key": "59992803"}}, {"type": "Feature", "geometry": {"type": "Point", "coordinates": [-73.99167771446822, 40.74651970912655]}, "properties": {"noise_id": 1862, "unique_key": "60036960"}}, {"type": "Feature", "geometry": {"type": "Point", "coordinates": [-73.92153446169459, 40.67544508327703]}, "properties": {"noise_id": 1863, "unique_key": "60002039"}}, {"type": "Feature", "geometry": {"type": "Point", "coordinates": [-73.8817232719399, 40.87859849524465]}, "properties": {"noise_id": 1864, "unique_key": "60043614"}}, {"type": "Feature", "geometry": {"type": "Point", "coordinates": [-73.86429589224272, 40.880950733720574]}, "properties": {"noise_id": 1865, "unique_key": "59899786"}}, {"type": "Feature", "geometry": {"type": "Point", "coordinates": [-73.97325482697138, 40.69032343886413]}, "properties": {"noise_id": 1866, "unique_key": "59948134"}}, {"type": "Feature", "geometry": {"type": "Point", "coordinates": [-73.87235263653268, 40.879228024835]}, "properties": {"noise_id": 1867, "unique_key": "59910473"}}, {"type": "Feature", "geometry": {"type": "Point", "coordinates": [-73.91656234723023, 40.84021136442443]}, "properties": {"noise_id": 1868, "unique_key": "60101473"}}, {"type": "Feature", "geometry": {"type": "Point", "coordinates": [-73.8694177353073, 40.89875045128765]}, "properties": {"noise_id": 1869, "unique_key": "60087610"}}, {"type": "Feature", "geometry": {"type": "Point", "coordinates": [-73.93193409316193, 40.680109588463054]}, "properties": {"noise_id": 1870, "unique_key": "59988204"}}, {"type": "Feature", "geometry": {"type": "Point", "coordinates": [-73.82648759148596, 40.68702003449923]}, "properties": {"noise_id": 1871, "unique_key": "60064684"}}, {"type": "Feature", "geometry": {"type": "Point", "coordinates": [-73.90418965073997, 40.746093150327205]}, "properties": {"noise_id": 1872, "unique_key": "60088321"}}, {"type": "Feature", "geometry": {"type": "Point", "coordinates": [-74.0060346719121, 40.71190573818784]}, "properties": {"noise_id": 1873, "unique_key": "60199402"}}, {"type": "Feature", "geometry": {"type": "Point", "coordinates": [-73.91941616435697, 40.6503206481156]}, "properties": {"noise_id": 1874, "unique_key": "60040421"}}, {"type": "Feature", "geometry": {"type": "Point", "coordinates": [-73.76425430351085, 40.672139690320336]}, "properties": {"noise_id": 1875, "unique_key": "60006120"}}, {"type": "Feature", "geometry": {"type": "Point", "coordinates": [-73.96703366743814, 40.582808526611934]}, "properties": {"noise_id": 1876, "unique_key": "60078117"}}, {"type": "Feature", "geometry": {"type": "Point", "coordinates": [-73.88404946466724, 40.844841035471504]}, "properties": {"noise_id": 1877, "unique_key": "60163622"}}, {"type": "Feature", "geometry": {"type": "Point", "coordinates": [-73.8758590428467, 40.85667592027164]}, "properties": {"noise_id": 1878, "unique_key": "60156942"}}, {"type": "Feature", "geometry": {"type": "Point", "coordinates": [-73.89941881725238, 40.65990614950851]}, "properties": {"noise_id": 1879, "unique_key": "60187659"}}, {"type": "Feature", "geometry": {"type": "Point", "coordinates": [-73.98747829638602, 40.58533504641693]}, "properties": {"noise_id": 1880, "unique_key": "59975156"}}, {"type": "Feature", "geometry": {"type": "Point", "coordinates": [-73.89168871495453, 40.661452676893184]}, "properties": {"noise_id": 1881, "unique_key": "60083295"}}, {"type": "Feature", "geometry": {"type": "Point", "coordinates": [-73.94522942990682, 40.68607558678287]}, "properties": {"noise_id": 1882, "unique_key": "60026533"}}, {"type": "Feature", "geometry": {"type": "Point", "coordinates": [-74.13734908689284, 40.63567282609576]}, "properties": {"noise_id": 1883, "unique_key": "59938842"}}, {"type": "Feature", "geometry": {"type": "Point", "coordinates": [-73.96335217736032, 40.64579767844507]}, "properties": {"noise_id": 1884, "unique_key": "60054168"}}, {"type": "Feature", "geometry": {"type": "Point", "coordinates": [-73.92904754555755, 40.75338198513616]}, "properties": {"noise_id": 1885, "unique_key": "60119606"}}, {"type": "Feature", "geometry": {"type": "Point", "coordinates": [-74.00461491122016, 40.68053585469648]}, "properties": {"noise_id": 1886, "unique_key": "60099959"}}, {"type": "Feature", "geometry": {"type": "Point", "coordinates": [-73.93793193340484, 40.67010827342085]}, "properties": {"noise_id": 1887, "unique_key": "59913571"}}, {"type": "Feature", "geometry": {"type": "Point", "coordinates": [-73.94017207916673, 40.71661408496284]}, "properties": {"noise_id": 1888, "unique_key": "60080097"}}, {"type": "Feature", "geometry": {"type": "Point", "coordinates": [-73.86914302881972, 40.86557505568892]}, "properties": {"noise_id": 1889, "unique_key": "60044958"}}, {"type": "Feature", "geometry": {"type": "Point", "coordinates": [-73.93509060176798, 40.64121513168511]}, "properties": {"noise_id": 1890, "unique_key": "59951772"}}, {"type": "Feature", "geometry": {"type": "Point", "coordinates": [-73.88870644348789, 40.81571046698761]}, "properties": {"noise_id": 1891, "unique_key": "60151308"}}, {"type": "Feature", "geometry": {"type": "Point", "coordinates": [-73.94460214018189, 40.82483589012337]}, "properties": {"noise_id": 1892, "unique_key": "60041982"}}, {"type": "Feature", "geometry": {"type": "Point", "coordinates": [-73.76439795226474, 40.70597214311192]}, "properties": {"noise_id": 1893, "unique_key": "59931757"}}, {"type": "Feature", "geometry": {"type": "Point", "coordinates": [-74.11452507488065, 40.56689394219563]}, "properties": {"noise_id": 1894, "unique_key": "60158897"}}, {"type": "Feature", "geometry": {"type": "Point", "coordinates": [-73.80871387288701, 40.8168104395495]}, "properties": {"noise_id": 1895, "unique_key": "60041106"}}, {"type": "Feature", "geometry": {"type": "Point", "coordinates": [-73.94246523160041, 40.63851544306519]}, "properties": {"noise_id": 1896, "unique_key": "59953669"}}, {"type": "Feature", "geometry": {"type": "Point", "coordinates": [-73.91080258132563, 40.67231645270425]}, "properties": {"noise_id": 1897, "unique_key": "60081999"}}, {"type": "Feature", "geometry": {"type": "Point", "coordinates": [-73.97269606868782, 40.72515435861759]}, "properties": {"noise_id": 1898, "unique_key": "60154278"}}, {"type": "Feature", "geometry": {"type": "Point", "coordinates": [-73.88860503581108, 40.69930841697733]}, "properties": {"noise_id": 1899, "unique_key": "59969831"}}, {"type": "Feature", "geometry": {"type": "Point", "coordinates": [-73.95778939171564, 40.71248553675871]}, "properties": {"noise_id": 1900, "unique_key": "59980942"}}, {"type": "Feature", "geometry": {"type": "Point", "coordinates": [-73.91669283297651, 40.81393354712747]}, "properties": {"noise_id": 1901, "unique_key": "60086039"}}, {"type": "Feature", "geometry": {"type": "Point", "coordinates": [-73.90137235424848, 40.674523790124354]}, "properties": {"noise_id": 1902, "unique_key": "60011177"}}, {"type": "Feature", "geometry": {"type": "Point", "coordinates": [-74.1604026841088, 40.62889627686064]}, "properties": {"noise_id": 1903, "unique_key": "60120291"}}, {"type": "Feature", "geometry": {"type": "Point", "coordinates": [-73.89211510502284, 40.69867497429885]}, "properties": {"noise_id": 1904, "unique_key": "60161447"}}, {"type": "Feature", "geometry": {"type": "Point", "coordinates": [-73.90535360072498, 40.74223773672766]}, "properties": {"noise_id": 1905, "unique_key": "60119887"}}, {"type": "Feature", "geometry": {"type": "Point", "coordinates": [-73.94135579635707, 40.81853515725049]}, "properties": {"noise_id": 1906, "unique_key": "60066997"}}, {"type": "Feature", "geometry": {"type": "Point", "coordinates": [-73.93691433327626, 40.59878988925375]}, "properties": {"noise_id": 1907, "unique_key": "60105392"}}, {"type": "Feature", "geometry": {"type": "Point", "coordinates": [-73.98342407217982, 40.73172185922995]}, "properties": {"noise_id": 1908, "unique_key": "60190380"}}, {"type": "Feature", "geometry": {"type": "Point", "coordinates": [-73.80969682426189, 40.72195913199264]}, "properties": {"noise_id": 1909, "unique_key": "60107874"}}, {"type": "Feature", "geometry": {"type": "Point", "coordinates": [-73.81155142270255, 40.68741649492409]}, "properties": {"noise_id": 1910, "unique_key": "60045764"}}, {"type": "Feature", "geometry": {"type": "Point", "coordinates": [-73.94559882357741, 40.83436601237611]}, "properties": {"noise_id": 1911, "unique_key": "60162562"}}, {"type": "Feature", "geometry": {"type": "Point", "coordinates": [-73.9773626789589, 40.75199081284663]}, "properties": {"noise_id": 1912, "unique_key": "60131022"}}, {"type": "Feature", "geometry": {"type": "Point", "coordinates": [-74.00218826523523, 40.67406923864178]}, "properties": {"noise_id": 1913, "unique_key": "60079976"}}, {"type": "Feature", "geometry": {"type": "Point", "coordinates": [-73.85854048128442, 40.8699568077562]}, "properties": {"noise_id": 1914, "unique_key": "60098254"}}, {"type": "Feature", "geometry": {"type": "Point", "coordinates": [-73.89502363196779, 40.83267326021892]}, "properties": {"noise_id": 1915, "unique_key": "59964809"}}, {"type": "Feature", "geometry": {"type": "Point", "coordinates": [-74.09413316788684, 40.624185461007926]}, "properties": {"noise_id": 1916, "unique_key": "60094487"}}, {"type": "Feature", "geometry": {"type": "Point", "coordinates": [-73.97460108248843, 40.68705746712158]}, "properties": {"noise_id": 1917, "unique_key": "60049720"}}, {"type": "Feature", "geometry": {"type": "Point", "coordinates": [-74.21716191097545, 40.5381008384153]}, "properties": {"noise_id": 1918, "unique_key": "60150266"}}, {"type": "Feature", "geometry": {"type": "Point", "coordinates": [-73.96457082955617, 40.80742301620198]}, "properties": {"noise_id": 1919, "unique_key": "60096195"}}, {"type": "Feature", "geometry": {"type": "Point", "coordinates": [-73.94079691863257, 40.82946158953197]}, "properties": {"noise_id": 1920, "unique_key": "59904148"}}, {"type": "Feature", "geometry": {"type": "Point", "coordinates": [-73.96276454061666, 40.65272532290535]}, "properties": {"noise_id": 1921, "unique_key": "60174436"}}, {"type": "Feature", "geometry": {"type": "Point", "coordinates": [-73.9258091164311, 40.76710641252101]}, "properties": {"noise_id": 1922, "unique_key": "59925450"}}, {"type": "Feature", "geometry": {"type": "Point", "coordinates": [-73.86181185580301, 40.69461874592854]}, "properties": {"noise_id": 1923, "unique_key": "60133624"}}, {"type": "Feature", "geometry": {"type": "Point", "coordinates": [-73.92199432675288, 40.63673573510495]}, "properties": {"noise_id": 1924, "unique_key": "59968177"}}, {"type": "Feature", "geometry": {"type": "Point", "coordinates": [-73.94325813752509, 40.67215862710219]}, "properties": {"noise_id": 1925, "unique_key": "59924973"}}, {"type": "Feature", "geometry": {"type": "Point", "coordinates": [-73.90467576630016, 40.83261302416413]}, "properties": {"noise_id": 1926, "unique_key": "59947527"}}, {"type": "Feature", "geometry": {"type": "Point", "coordinates": [-73.9532436250971, 40.71874732508623]}, "properties": {"noise_id": 1927, "unique_key": "60157390"}}, {"type": "Feature", "geometry": {"type": "Point", "coordinates": [-73.98881360940005, 40.71658517078274]}, "properties": {"noise_id": 1928, "unique_key": "59963987"}}, {"type": "Feature", "geometry": {"type": "Point", "coordinates": [-73.87393976355806, 40.67344026388902]}, "properties": {"noise_id": 1929, "unique_key": "59985546"}}, {"type": "Feature", "geometry": {"type": "Point", "coordinates": [-73.95714428250285, 40.77331720716056]}, "properties": {"noise_id": 1930, "unique_key": "59987018"}}, {"type": "Feature", "geometry": {"type": "Point", "coordinates": [-73.82300178904647, 40.75050114108838]}, "properties": {"noise_id": 1931, "unique_key": "59904075"}}, {"type": "Feature", "geometry": {"type": "Point", "coordinates": [-73.92757634080255, 40.83176234935422]}, "properties": {"noise_id": 1932, "unique_key": "59960962"}}, {"type": "Feature", "geometry": {"type": "Point", "coordinates": [-73.9182324654036, 40.83398481029855]}, "properties": {"noise_id": 1933, "unique_key": "60081904"}}, {"type": "Feature", "geometry": {"type": "Point", "coordinates": [-73.82172310173658, 40.83719985929131]}, "properties": {"noise_id": 1934, "unique_key": "60191020"}}, {"type": "Feature", "geometry": {"type": "Point", "coordinates": [-73.95626035371505, 40.79985020922927]}, "properties": {"noise_id": 1935, "unique_key": "60140779"}}, {"type": "Feature", "geometry": {"type": "Point", "coordinates": [-73.99787449135968, 40.74103872420417]}, "properties": {"noise_id": 1936, "unique_key": "59981538"}}, {"type": "Feature", "geometry": {"type": "Point", "coordinates": [-73.9939612768582, 40.75662326542773]}, "properties": {"noise_id": 1937, "unique_key": "60103140"}}, {"type": "Feature", "geometry": {"type": "Point", "coordinates": [-73.86581352291451, 40.67011812462209]}, "properties": {"noise_id": 1938, "unique_key": "59901574"}}, {"type": "Feature", "geometry": {"type": "Point", "coordinates": [-73.94685728972303, 40.83778101984579]}, "properties": {"noise_id": 1939, "unique_key": "60037638"}}, {"type": "Feature", "geometry": {"type": "Point", "coordinates": [-73.98030546435635, 40.77223657723949]}, "properties": {"noise_id": 1940, "unique_key": "59996347"}}, {"type": "Feature", "geometry": {"type": "Point", "coordinates": [-73.87513982136143, 40.82771021333198]}, "properties": {"noise_id": 1941, "unique_key": "59989879"}}, {"type": "Feature", "geometry": {"type": "Point", "coordinates": [-73.9150625785325, 40.811854602692016]}, "properties": {"noise_id": 1942, "unique_key": "60174911"}}, {"type": "Feature", "geometry": {"type": "Point", "coordinates": [-73.93734497240956, 40.85363516096966]}, "properties": {"noise_id": 1943, "unique_key": "60124322"}}, {"type": "Feature", "geometry": {"type": "Point", "coordinates": [-73.96096976003591, 40.57887057968689]}, "properties": {"noise_id": 1944, "unique_key": "60171013"}}, {"type": "Feature", "geometry": {"type": "Point", "coordinates": [-73.92448298204496, 40.70133299501431]}, "properties": {"noise_id": 1945, "unique_key": "60076015"}}, {"type": "Feature", "geometry": {"type": "Point", "coordinates": [-73.96218706112705, 40.76868859687311]}, "properties": {"noise_id": 1946, "unique_key": "60010569"}}, {"type": "Feature", "geometry": {"type": "Point", "coordinates": [-73.90145949111557, 40.86930154215988]}, "properties": {"noise_id": 1947, "unique_key": "60177957"}}, {"type": "Feature", "geometry": {"type": "Point", "coordinates": [-73.88481597920585, 40.867639310575015]}, "properties": {"noise_id": 1948, "unique_key": "59898840"}}, {"type": "Feature", "geometry": {"type": "Point", "coordinates": [-73.95213318364927, 40.67262378433157]}, "properties": {"noise_id": 1949, "unique_key": "59906495"}}, {"type": "Feature", "geometry": {"type": "Point", "coordinates": [-73.96222264765939, 40.79505453233679]}, "properties": {"noise_id": 1950, "unique_key": "60037408"}}, {"type": "Feature", "geometry": {"type": "Point", "coordinates": [-73.8394487672875, 40.69513867596061]}, "properties": {"noise_id": 1951, "unique_key": "60086773"}}, {"type": "Feature", "geometry": {"type": "Point", "coordinates": [-73.95703182505424, 40.80212313320964]}, "properties": {"noise_id": 1952, "unique_key": "60095877"}}, {"type": "Feature", "geometry": {"type": "Point", "coordinates": [-73.98593996209088, 40.7441010272692]}, "properties": {"noise_id": 1953, "unique_key": "60103730"}}, {"type": "Feature", "geometry": {"type": "Point", "coordinates": [-73.94548777363867, 40.837585506258485]}, "properties": {"noise_id": 1954, "unique_key": "60101706"}}, {"type": "Feature", "geometry": {"type": "Point", "coordinates": [-73.9469734427103, 40.83714430045874]}, "properties": {"noise_id": 1955, "unique_key": "60087566"}}, {"type": "Feature", "geometry": {"type": "Point", "coordinates": [-73.96567253916751, 40.79348013659224]}, "properties": {"noise_id": 1956, "unique_key": "60005351"}}, {"type": "Feature", "geometry": {"type": "Point", "coordinates": [-73.98420151413974, 40.66373683444584]}, "properties": {"noise_id": 1957, "unique_key": "59908194"}}, {"type": "Feature", "geometry": {"type": "Point", "coordinates": [-73.90537464517307, 40.90019903400656]}, "properties": {"noise_id": 1958, "unique_key": "60168830"}}, {"type": "Feature", "geometry": {"type": "Point", "coordinates": [-73.80975843327462, 40.71806990097179]}, "properties": {"noise_id": 1959, "unique_key": "59955041"}}, {"type": "Feature", "geometry": {"type": "Point", "coordinates": [-73.91843861785475, 40.63044221145154]}, "properties": {"noise_id": 1960, "unique_key": "59914943"}}, {"type": "Feature", "geometry": {"type": "Point", "coordinates": [-73.97989435393525, 40.73480091128115]}, "properties": {"noise_id": 1961, "unique_key": "60066303"}}, {"type": "Feature", "geometry": {"type": "Point", "coordinates": [-73.97288057847315, 40.68843494941353]}, "properties": {"noise_id": 1962, "unique_key": "59991167"}}, {"type": "Feature", "geometry": {"type": "Point", "coordinates": [-73.96591786464246, 40.62467458222418]}, "properties": {"noise_id": 1963, "unique_key": "60120761"}}, {"type": "Feature", "geometry": {"type": "Point", "coordinates": [-73.90501930135343, 40.61221471749736]}, "properties": {"noise_id": 1964, "unique_key": "59952665"}}, {"type": "Feature", "geometry": {"type": "Point", "coordinates": [-73.97466710635896, 40.72207244603145]}, "properties": {"noise_id": 1965, "unique_key": "60077693"}}, {"type": "Feature", "geometry": {"type": "Point", "coordinates": [-73.9129017100942, 40.63287003415402]}, "properties": {"noise_id": 1966, "unique_key": "59911706"}}, {"type": "Feature", "geometry": {"type": "Point", "coordinates": [-73.78383520528364, 40.73480563989944]}, "properties": {"noise_id": 1967, "unique_key": "60151555"}}, {"type": "Feature", "geometry": {"type": "Point", "coordinates": [-73.98960216048874, 40.72593389273366]}, "properties": {"noise_id": 1968, "unique_key": "60164479"}}, {"type": "Feature", "geometry": {"type": "Point", "coordinates": [-73.87079985449958, 40.85950015461013]}, "properties": {"noise_id": 1969, "unique_key": "60049489"}}, {"type": "Feature", "geometry": {"type": "Point", "coordinates": [-73.99791096571573, 40.61358242075313]}, "properties": {"noise_id": 1970, "unique_key": "59998202"}}, {"type": "Feature", "geometry": {"type": "Point", "coordinates": [-73.9357870387217, 40.80866491604452]}, "properties": {"noise_id": 1971, "unique_key": "60185411"}}, {"type": "Feature", "geometry": {"type": "Point", "coordinates": [-73.95083992270395, 40.80831275873541]}, "properties": {"noise_id": 1972, "unique_key": "60136012"}}, {"type": "Feature", "geometry": {"type": "Point", "coordinates": [-73.95502214540012, 40.66523326494984]}, "properties": {"noise_id": 1973, "unique_key": "59932393"}}, {"type": "Feature", "geometry": {"type": "Point", "coordinates": [-73.96155539632267, 40.70594882983153]}, "properties": {"noise_id": 1974, "unique_key": "59999958"}}, {"type": "Feature", "geometry": {"type": "Point", "coordinates": [-73.96514369144953, 40.65161717643095]}, "properties": {"noise_id": 1975, "unique_key": "60177240"}}, {"type": "Feature", "geometry": {"type": "Point", "coordinates": [-73.89502363196779, 40.83267326021892]}, "properties": {"noise_id": 1976, "unique_key": "59936851"}}, {"type": "Feature", "geometry": {"type": "Point", "coordinates": [-74.16776081790724, 40.61519747685387]}, "properties": {"noise_id": 1977, "unique_key": "59938616"}}, {"type": "Feature", "geometry": {"type": "Point", "coordinates": [-73.94498664576122, 40.718126104632574]}, "properties": {"noise_id": 1978, "unique_key": "60137802"}}, {"type": "Feature", "geometry": {"type": "Point", "coordinates": [-73.91799422212837, 40.87188625692909]}, "properties": {"noise_id": 1979, "unique_key": "59945481"}}, {"type": "Feature", "geometry": {"type": "Point", "coordinates": [-73.94325184979488, 40.81512716367139]}, "properties": {"noise_id": 1980, "unique_key": "59955279"}}, {"type": "Feature", "geometry": {"type": "Point", "coordinates": [-73.97827854909123, 40.72149403995119]}, "properties": {"noise_id": 1981, "unique_key": "59953733"}}, {"type": "Feature", "geometry": {"type": "Point", "coordinates": [-73.9096349725399, 40.82634259757997]}, "properties": {"noise_id": 1982, "unique_key": "59920424"}}, {"type": "Feature", "geometry": {"type": "Point", "coordinates": [-73.9841025355339, 40.61019426440665]}, "properties": {"noise_id": 1983, "unique_key": "60086331"}}, {"type": "Feature", "geometry": {"type": "Point", "coordinates": [-73.83433082505856, 40.70559997951733]}, "properties": {"noise_id": 1984, "unique_key": "60074367"}}, {"type": "Feature", "geometry": {"type": "Point", "coordinates": [-73.91517676434246, 40.83564040977872]}, "properties": {"noise_id": 1985, "unique_key": "60114095"}}, {"type": "Feature", "geometry": {"type": "Point", "coordinates": [-73.75021688858021, 40.59986698286845]}, "properties": {"noise_id": 1986, "unique_key": "60161892"}}, {"type": "Feature", "geometry": {"type": "Point", "coordinates": [-73.86481720417432, 40.85399291289473]}, "properties": {"noise_id": 1987, "unique_key": "60147293"}}, {"type": "Feature", "geometry": {"type": "Point", "coordinates": [-73.95622465509292, 40.7717496155208]}, "properties": {"noise_id": 1988, "unique_key": "59899863"}}, {"type": "Feature", "geometry": {"type": "Point", "coordinates": [-73.93743803419468, 40.82387157504691]}, "properties": {"noise_id": 1989, "unique_key": "60090395"}}, {"type": "Feature", "geometry": {"type": "Point", "coordinates": [-73.94892935895687, 40.67603141800579]}, "properties": {"noise_id": 1990, "unique_key": "60110216"}}, {"type": "Feature", "geometry": {"type": "Point", "coordinates": [-73.96043045442053, 40.65671271138298]}, "properties": {"noise_id": 1991, "unique_key": "59970104"}}, {"type": "Feature", "geometry": {"type": "Point", "coordinates": [-73.96422378283243, 40.68023394984672]}, "properties": {"noise_id": 1992, "unique_key": "60054468"}}, {"type": "Feature", "geometry": {"type": "Point", "coordinates": [-73.84166417461982, 40.69311335803087]}, "properties": {"noise_id": 1993, "unique_key": "60101861"}}, {"type": "Feature", "geometry": {"type": "Point", "coordinates": [-73.91436484385679, 40.851564608300045]}, "properties": {"noise_id": 1994, "unique_key": "60076866"}}, {"type": "Feature", "geometry": {"type": "Point", "coordinates": [-73.91951815683899, 40.62253248417571]}, "properties": {"noise_id": 1995, "unique_key": "59953218"}}, {"type": "Feature", "geometry": {"type": "Point", "coordinates": [-73.99879451958168, 40.751180585811404]}, "properties": {"noise_id": 1996, "unique_key": "60188388"}}, {"type": "Feature", "geometry": {"type": "Point", "coordinates": [-73.93950873304279, 40.84335464903661]}, "properties": {"noise_id": 1997, "unique_key": "60022318"}}, {"type": "Feature", "geometry": {"type": "Point", "coordinates": [-73.91527612392564, 40.76045412454783]}, "properties": {"noise_id": 1998, "unique_key": "60011423"}}, {"type": "Feature", "geometry": {"type": "Point", "coordinates": [-73.83004280888755, 40.70967794400875]}, "properties": {"noise_id": 1999, "unique_key": "60130574"}}, {"type": "Feature", "geometry": {"type": "Point", "coordinates": [-73.94203706754938, 40.67099972266749]}, "properties": {"noise_id": 2000, "unique_key": "60162393"}}, {"type": "Feature", "geometry": {"type": "Point", "coordinates": [-74.08396848746264, 40.64516077607361]}, "properties": {"noise_id": 2001, "unique_key": "60169326"}}, {"type": "Feature", "geometry": {"type": "Point", "coordinates": [-73.98175695916035, 40.692691091904365]}, "properties": {"noise_id": 2002, "unique_key": "60071856"}}, {"type": "Feature", "geometry": {"type": "Point", "coordinates": [-73.96405617631636, 40.80390137510447]}, "properties": {"noise_id": 2003, "unique_key": "60012057"}}, {"type": "Feature", "geometry": {"type": "Point", "coordinates": [-73.96701865818098, 40.60591149595023]}, "properties": {"noise_id": 2004, "unique_key": "59986756"}}, {"type": "Feature", "geometry": {"type": "Point", "coordinates": [-73.8833446455057, 40.87371184587149]}, "properties": {"noise_id": 2005, "unique_key": "59931655"}}, {"type": "Feature", "geometry": {"type": "Point", "coordinates": [-73.98891486387227, 40.69340015431026]}, "properties": {"noise_id": 2006, "unique_key": "60010152"}}, {"type": "Feature", "geometry": {"type": "Point", "coordinates": [-73.9758329022276, 40.76041687018924]}, "properties": {"noise_id": 2007, "unique_key": "59909707"}}, {"type": "Feature", "geometry": {"type": "Point", "coordinates": [-73.88327326756806, 40.85463885548244]}, "properties": {"noise_id": 2008, "unique_key": "60173441"}}, {"type": "Feature", "geometry": {"type": "Point", "coordinates": [-73.9676520364299, 40.59200104052342]}, "properties": {"noise_id": 2009, "unique_key": "60002967"}}, {"type": "Feature", "geometry": {"type": "Point", "coordinates": [-73.98677847198057, 40.7741258818076]}, "properties": {"noise_id": 2010, "unique_key": "59911204"}}, {"type": "Feature", "geometry": {"type": "Point", "coordinates": [-73.86221886775529, 40.73498922816328]}, "properties": {"noise_id": 2011, "unique_key": "60094409"}}, {"type": "Feature", "geometry": {"type": "Point", "coordinates": [-73.94150550658483, 40.80029380152135]}, "properties": {"noise_id": 2012, "unique_key": "60064086"}}, {"type": "Feature", "geometry": {"type": "Point", "coordinates": [-73.89106121463132, 40.86912202280239]}, "properties": {"noise_id": 2013, "unique_key": "60187878"}}, {"type": "Feature", "geometry": {"type": "Point", "coordinates": [-73.89450129091743, 40.817966586502905]}, "properties": {"noise_id": 2014, "unique_key": "60090398"}}, {"type": "Feature", "geometry": {"type": "Point", "coordinates": [-73.91203647455929, 40.7043598678571]}, "properties": {"noise_id": 2015, "unique_key": "60017344"}}, {"type": "Feature", "geometry": {"type": "Point", "coordinates": [-73.98536441323307, 40.71918132686732]}, "properties": {"noise_id": 2016, "unique_key": "59926089"}}, {"type": "Feature", "geometry": {"type": "Point", "coordinates": [-73.7478968043275, 40.60299374312706]}, "properties": {"noise_id": 2017, "unique_key": "60128801"}}, {"type": "Feature", "geometry": {"type": "Point", "coordinates": [-73.89026328685836, 40.826811605481495]}, "properties": {"noise_id": 2018, "unique_key": "59926244"}}, {"type": "Feature", "geometry": {"type": "Point", "coordinates": [-73.9768669767047, 40.76593401492696]}, "properties": {"noise_id": 2019, "unique_key": "60129774"}}, {"type": "Feature", "geometry": {"type": "Point", "coordinates": [-73.90933164554747, 40.88454103910041]}, "properties": {"noise_id": 2020, "unique_key": "60043153"}}, {"type": "Feature", "geometry": {"type": "Point", "coordinates": [-73.87844511797245, 40.65812100248093]}, "properties": {"noise_id": 2021, "unique_key": "60136011"}}, {"type": "Feature", "geometry": {"type": "Point", "coordinates": [-73.90927741360765, 40.77852367823034]}, "properties": {"noise_id": 2022, "unique_key": "59944376"}}, {"type": "Feature", "geometry": {"type": "Point", "coordinates": [-74.08754216088342, 40.611449335854566]}, "properties": {"noise_id": 2023, "unique_key": "59972912"}}, {"type": "Feature", "geometry": {"type": "Point", "coordinates": [-73.9502368396467, 40.80807919847091]}, "properties": {"noise_id": 2024, "unique_key": "59990041"}}, {"type": "Feature", "geometry": {"type": "Point", "coordinates": [-73.98973430617362, 40.71124395094392]}, "properties": {"noise_id": 2025, "unique_key": "60198246"}}, {"type": "Feature", "geometry": {"type": "Point", "coordinates": [-73.9808756987022, 40.65979482661043]}, "properties": {"noise_id": 2026, "unique_key": "60070451"}}, {"type": "Feature", "geometry": {"type": "Point", "coordinates": [-73.7710877464351, 40.676794920217176]}, "properties": {"noise_id": 2027, "unique_key": "59976643"}}, {"type": "Feature", "geometry": {"type": "Point", "coordinates": [-73.94135579635707, 40.81853515725049]}, "properties": {"noise_id": 2028, "unique_key": "60175622"}}, {"type": "Feature", "geometry": {"type": "Point", "coordinates": [-73.85539056137848, 40.87192634098259]}, "properties": {"noise_id": 2029, "unique_key": "60026702"}}, {"type": "Feature", "geometry": {"type": "Point", "coordinates": [-73.97878986713542, 40.63383429445148]}, "properties": {"noise_id": 2030, "unique_key": "60100810"}}, {"type": "Feature", "geometry": {"type": "Point", "coordinates": [-73.84547361755851, 40.82164412682761]}, "properties": {"noise_id": 2031, "unique_key": "59912052"}}, {"type": "Feature", "geometry": {"type": "Point", "coordinates": [-73.90313451781053, 40.85621348781439]}, "properties": {"noise_id": 2032, "unique_key": "59958269"}}, {"type": "Feature", "geometry": {"type": "Point", "coordinates": [-73.93734497240956, 40.85363516096966]}, "properties": {"noise_id": 2033, "unique_key": "60138191"}}, {"type": "Feature", "geometry": {"type": "Point", "coordinates": [-73.8984233658015, 40.85443910241399]}, "properties": {"noise_id": 2034, "unique_key": "60181166"}}, {"type": "Feature", "geometry": {"type": "Point", "coordinates": [-73.94335432615917, 40.724441004030766]}, "properties": {"noise_id": 2035, "unique_key": "59950380"}}, {"type": "Feature", "geometry": {"type": "Point", "coordinates": [-74.13205721964094, 40.62338784600191]}, "properties": {"noise_id": 2036, "unique_key": "60112992"}}, {"type": "Feature", "geometry": {"type": "Point", "coordinates": [-73.92125225137006, 40.84727954062352]}, "properties": {"noise_id": 2037, "unique_key": "60034334"}}, {"type": "Feature", "geometry": {"type": "Point", "coordinates": [-73.98730964641686, 40.75289261512591]}, "properties": {"noise_id": 2038, "unique_key": "60156468"}}, {"type": "Feature", "geometry": {"type": "Point", "coordinates": [-73.77885550479779, 40.71094141661354]}, "properties": {"noise_id": 2039, "unique_key": "59911570"}}, {"type": "Feature", "geometry": {"type": "Point", "coordinates": [-73.78907411645173, 40.69503816415994]}, "properties": {"noise_id": 2040, "unique_key": "59994646"}}, {"type": "Feature", "geometry": {"type": "Point", "coordinates": [-73.90965477441011, 40.81441955223652]}, "properties": {"noise_id": 2041, "unique_key": "59904032"}}, {"type": "Feature", "geometry": {"type": "Point", "coordinates": [-73.97662748871362, 40.635697586033466]}, "properties": {"noise_id": 2042, "unique_key": "59907996"}}, {"type": "Feature", "geometry": {"type": "Point", "coordinates": [-73.91883725890963, 40.83587908905498]}, "properties": {"noise_id": 2043, "unique_key": "60032868"}}, {"type": "Feature", "geometry": {"type": "Point", "coordinates": [-73.91569961462228, 40.83654929278299]}, "properties": {"noise_id": 2044, "unique_key": "60074074"}}, {"type": "Feature", "geometry": {"type": "Point", "coordinates": [-73.93731766562355, 40.763704278698256]}, "properties": {"noise_id": 2045, "unique_key": "60082775"}}, {"type": "Feature", "geometry": {"type": "Point", "coordinates": [-73.91517676434246, 40.83564040977872]}, "properties": {"noise_id": 2046, "unique_key": "59948542"}}, {"type": "Feature", "geometry": {"type": "Point", "coordinates": [-73.88680756404916, 40.65344693528703]}, "properties": {"noise_id": 2047, "unique_key": "60161253"}}, {"type": "Feature", "geometry": {"type": "Point", "coordinates": [-73.81530107428091, 40.81772144957224]}, "properties": {"noise_id": 2048, "unique_key": "60166795"}}, {"type": "Feature", "geometry": {"type": "Point", "coordinates": [-73.94590996074285, 40.829483314044175]}, "properties": {"noise_id": 2049, "unique_key": "59989800"}}, {"type": "Feature", "geometry": {"type": "Point", "coordinates": [-73.81090754397326, 40.73009934988612]}, "properties": {"noise_id": 2050, "unique_key": "60030943"}}, {"type": "Feature", "geometry": {"type": "Point", "coordinates": [-73.95471515759607, 40.68735328456057]}, "properties": {"noise_id": 2051, "unique_key": "60012144"}}, {"type": "Feature", "geometry": {"type": "Point", "coordinates": [-73.77843588759063, 40.78509296614996]}, "properties": {"noise_id": 2052, "unique_key": "59898967"}}, {"type": "Feature", "geometry": {"type": "Point", "coordinates": [-73.86562840325574, 40.85862692148185]}, "properties": {"noise_id": 2053, "unique_key": "60076620"}}, {"type": "Feature", "geometry": {"type": "Point", "coordinates": [-73.9233640431718, 40.642519922599774]}, "properties": {"noise_id": 2054, "unique_key": "59976704"}}, {"type": "Feature", "geometry": {"type": "Point", "coordinates": [-73.85371438764501, 40.89916253620304]}, "properties": {"noise_id": 2055, "unique_key": "59905187"}}, {"type": "Feature", "geometry": {"type": "Point", "coordinates": [-73.97397655638369, 40.64273464873949]}, "properties": {"noise_id": 2056, "unique_key": "59915712"}}, {"type": "Feature", "geometry": {"type": "Point", "coordinates": [-73.90363801800751, 40.62845176551237]}, "properties": {"noise_id": 2057, "unique_key": "59948084"}}, {"type": "Feature", "geometry": {"type": "Point", "coordinates": [-73.957492888588, 40.67967447112704]}, "properties": {"noise_id": 2058, "unique_key": "59987673"}}, {"type": "Feature", "geometry": {"type": "Point", "coordinates": [-73.81425827755292, 40.68910069913009]}, "properties": {"noise_id": 2059, "unique_key": "59933182"}}, {"type": "Feature", "geometry": {"type": "Point", "coordinates": [-73.79158266329206, 40.768152224769146]}, "properties": {"noise_id": 2060, "unique_key": "60006421"}}, {"type": "Feature", "geometry": {"type": "Point", "coordinates": [-73.893736753636, 40.74469513651051]}, "properties": {"noise_id": 2061, "unique_key": "60163798"}}, {"type": "Feature", "geometry": {"type": "Point", "coordinates": [-73.97391276187159, 40.68609115371103]}, "properties": {"noise_id": 2062, "unique_key": "60098706"}}, {"type": "Feature", "geometry": {"type": "Point", "coordinates": [-74.1712116533612, 40.63635476133236]}, "properties": {"noise_id": 2063, "unique_key": "59974860"}}, {"type": "Feature", "geometry": {"type": "Point", "coordinates": [-73.94005790714336, 40.67910952008634]}, "properties": {"noise_id": 2064, "unique_key": "60052343"}}, {"type": "Feature", "geometry": {"type": "Point", "coordinates": [-73.89205061913307, 40.858772690934806]}, "properties": {"noise_id": 2065, "unique_key": "60088748"}}, {"type": "Feature", "geometry": {"type": "Point", "coordinates": [-73.86403135409505, 40.844086338620905]}, "properties": {"noise_id": 2066, "unique_key": "60194214"}}, {"type": "Feature", "geometry": {"type": "Point", "coordinates": [-73.91505335887076, 40.62661077722767]}, "properties": {"noise_id": 2067, "unique_key": "60076422"}}, {"type": "Feature", "geometry": {"type": "Point", "coordinates": [-73.83047438646243, 40.70166385358044]}, "properties": {"noise_id": 2068, "unique_key": "60167235"}}, {"type": "Feature", "geometry": {"type": "Point", "coordinates": [-73.88857061437616, 40.75226851036943]}, "properties": {"noise_id": 2069, "unique_key": "60161381"}}, {"type": "Feature", "geometry": {"type": "Point", "coordinates": [-73.99019293432467, 40.75666417742652]}, "properties": {"noise_id": 2070, "unique_key": "59990676"}}, {"type": "Feature", "geometry": {"type": "Point", "coordinates": [-73.88560814906549, 40.73711457493877]}, "properties": {"noise_id": 2071, "unique_key": "60078690"}}, {"type": "Feature", "geometry": {"type": "Point", "coordinates": [-73.94852613371023, 40.8107737656108]}, "properties": {"noise_id": 2072, "unique_key": "60128365"}}, {"type": "Feature", "geometry": {"type": "Point", "coordinates": [-73.99649281617967, 40.59544202850807]}, "properties": {"noise_id": 2073, "unique_key": "60128219"}}, {"type": "Feature", "geometry": {"type": "Point", "coordinates": [-73.8696321888408, 40.76359267481045]}, "properties": {"noise_id": 2074, "unique_key": "59911122"}}, {"type": "Feature", "geometry": {"type": "Point", "coordinates": [-73.9889148583962, 40.69343309153355]}, "properties": {"noise_id": 2075, "unique_key": "60170013"}}, {"type": "Feature", "geometry": {"type": "Point", "coordinates": [-73.87677912912673, 40.82248603264082]}, "properties": {"noise_id": 2076, "unique_key": "60147909"}}, {"type": "Feature", "geometry": {"type": "Point", "coordinates": [-73.92280191014713, 40.82939879796543]}, "properties": {"noise_id": 2077, "unique_key": "60149666"}}, {"type": "Feature", "geometry": {"type": "Point", "coordinates": [-73.9596882331535, 40.57880151709067]}, "properties": {"noise_id": 2078, "unique_key": "59984668"}}, {"type": "Feature", "geometry": {"type": "Point", "coordinates": [-73.85303369987201, 40.89290927894688]}, "properties": {"noise_id": 2079, "unique_key": "59961031"}}, {"type": "Feature", "geometry": {"type": "Point", "coordinates": [-73.90599558086993, 40.64275406718855]}, "properties": {"noise_id": 2080, "unique_key": "59947535"}}, {"type": "Feature", "geometry": {"type": "Point", "coordinates": [-73.9450673167073, 40.79969994805455]}, "properties": {"noise_id": 2081, "unique_key": "60101819"}}, {"type": "Feature", "geometry": {"type": "Point", "coordinates": [-73.87511496774461, 40.87945611177916]}, "properties": {"noise_id": 2082, "unique_key": "60090991"}}, {"type": "Feature", "geometry": {"type": "Point", "coordinates": [-73.93142702251724, 40.8506620254893]}, "properties": {"noise_id": 2083, "unique_key": "59918302"}}, {"type": "Feature", "geometry": {"type": "Point", "coordinates": [-73.99541080370142, 40.67360255613086]}, "properties": {"noise_id": 2084, "unique_key": "59980443"}}, {"type": "Feature", "geometry": {"type": "Point", "coordinates": [-73.87055652264198, 40.858218105630215]}, "properties": {"noise_id": 2085, "unique_key": "60016035"}}, {"type": "Feature", "geometry": {"type": "Point", "coordinates": [-73.9112035009332, 40.82336854251418]}, "properties": {"noise_id": 2086, "unique_key": "60060943"}}, {"type": "Feature", "geometry": {"type": "Point", "coordinates": [-73.90473998954057, 40.82309165704033]}, "properties": {"noise_id": 2087, "unique_key": "60156630"}}, {"type": "Feature", "geometry": {"type": "Point", "coordinates": [-74.00530769357192, 40.64209244621395]}, "properties": {"noise_id": 2088, "unique_key": "60107382"}}, {"type": "Feature", "geometry": {"type": "Point", "coordinates": [-73.94697607174108, 40.66607248463689]}, "properties": {"noise_id": 2089, "unique_key": "60192567"}}, {"type": "Feature", "geometry": {"type": "Point", "coordinates": [-74.14053016339261, 40.63550429487496]}, "properties": {"noise_id": 2090, "unique_key": "60059354"}}, {"type": "Feature", "geometry": {"type": "Point", "coordinates": [-73.94801737956669, 40.65274430620472]}, "properties": {"noise_id": 2091, "unique_key": "60056945"}}, {"type": "Feature", "geometry": {"type": "Point", "coordinates": [-73.73637182326259, 40.73094368888256]}, "properties": {"noise_id": 2092, "unique_key": "60121709"}}, {"type": "Feature", "geometry": {"type": "Point", "coordinates": [-73.88775536074614, 40.6320495018885]}, "properties": {"noise_id": 2093, "unique_key": "59961089"}}, {"type": "Feature", "geometry": {"type": "Point", "coordinates": [-73.97062945738786, 40.59266333681161]}, "properties": {"noise_id": 2094, "unique_key": "60071472"}}, {"type": "Feature", "geometry": {"type": "Point", "coordinates": [-73.96184107097778, 40.647949097726034]}, "properties": {"noise_id": 2095, "unique_key": "59919638"}}, {"type": "Feature", "geometry": {"type": "Point", "coordinates": [-73.90578739796923, 40.77743670625268]}, "properties": {"noise_id": 2096, "unique_key": "60120222"}}, {"type": "Feature", "geometry": {"type": "Point", "coordinates": [-73.87581866230458, 40.880239108389134]}, "properties": {"noise_id": 2097, "unique_key": "60191240"}}, {"type": "Feature", "geometry": {"type": "Point", "coordinates": [-73.9533333272863, 40.65246112859111]}, "properties": {"noise_id": 2098, "unique_key": "60054130"}}, {"type": "Feature", "geometry": {"type": "Point", "coordinates": [-73.9250199962869, 40.62148494875645]}, "properties": {"noise_id": 2099, "unique_key": "60150308"}}, {"type": "Feature", "geometry": {"type": "Point", "coordinates": [-74.2181973619671, 40.544499796102286]}, "properties": {"noise_id": 2100, "unique_key": "60109547"}}, {"type": "Feature", "geometry": {"type": "Point", "coordinates": [-73.91184596707207, 40.84842276788623]}, "properties": {"noise_id": 2101, "unique_key": "60160586"}}, {"type": "Feature", "geometry": {"type": "Point", "coordinates": [-73.93834557851532, 40.84657906414065]}, "properties": {"noise_id": 2102, "unique_key": "59926185"}}, {"type": "Feature", "geometry": {"type": "Point", "coordinates": [-73.92829339969525, 40.66936432442217]}, "properties": {"noise_id": 2103, "unique_key": "59922393"}}, {"type": "Feature", "geometry": {"type": "Point", "coordinates": [-73.9255196128898, 40.65151599870613]}, "properties": {"noise_id": 2104, "unique_key": "60010064"}}, {"type": "Feature", "geometry": {"type": "Point", "coordinates": [-74.15929119756237, 40.634145866416624]}, "properties": {"noise_id": 2105, "unique_key": "60033954"}}, {"type": "Feature", "geometry": {"type": "Point", "coordinates": [-73.94188882855283, 40.62599068160375]}, "properties": {"noise_id": 2106, "unique_key": "60027247"}}, {"type": "Feature", "geometry": {"type": "Point", "coordinates": [-73.98328577416129, 40.73645653969852]}, "properties": {"noise_id": 2107, "unique_key": "60076908"}}, {"type": "Feature", "geometry": {"type": "Point", "coordinates": [-73.9070574922081, 40.88669655511091]}, "properties": {"noise_id": 2108, "unique_key": "59907484"}}, {"type": "Feature", "geometry": {"type": "Point", "coordinates": [-73.97450763994523, 40.66739113906443]}, "properties": {"noise_id": 2109, "unique_key": "59993793"}}, {"type": "Feature", "geometry": {"type": "Point", "coordinates": [-73.93980517681409, 40.759390868110046]}, "properties": {"noise_id": 2110, "unique_key": "60075094"}}, {"type": "Feature", "geometry": {"type": "Point", "coordinates": [-73.91799195025196, 40.680229500626105]}, "properties": {"noise_id": 2111, "unique_key": "60012117"}}, {"type": "Feature", "geometry": {"type": "Point", "coordinates": [-73.961038526387, 40.67697761347866]}, "properties": {"noise_id": 2112, "unique_key": "60030719"}}, {"type": "Feature", "geometry": {"type": "Point", "coordinates": [-73.95689182140032, 40.61673361375316]}, "properties": {"noise_id": 2113, "unique_key": "60125173"}}, {"type": "Feature", "geometry": {"type": "Point", "coordinates": [-73.97547631761276, 40.61124125914499]}, "properties": {"noise_id": 2114, "unique_key": "60014261"}}, {"type": "Feature", "geometry": {"type": "Point", "coordinates": [-73.83880298514386, 40.6863023451028]}, "properties": {"noise_id": 2115, "unique_key": "60175468"}}, {"type": "Feature", "geometry": {"type": "Point", "coordinates": [-73.96633231537795, 40.67431410792575]}, "properties": {"noise_id": 2116, "unique_key": "60121356"}}, {"type": "Feature", "geometry": {"type": "Point", "coordinates": [-73.95055218201483, 40.82122380257683]}, "properties": {"noise_id": 2117, "unique_key": "60148725"}}, {"type": "Feature", "geometry": {"type": "Point", "coordinates": [-73.92021488217888, 40.70566684621544]}, "properties": {"noise_id": 2118, "unique_key": "60090964"}}, {"type": "Feature", "geometry": {"type": "Point", "coordinates": [-73.98299234311288, 40.72681966256707]}, "properties": {"noise_id": 2119, "unique_key": "60022114"}}, {"type": "Feature", "geometry": {"type": "Point", "coordinates": [-73.85932465104854, 40.72659500187912]}, "properties": {"noise_id": 2120, "unique_key": "60065664"}}, {"type": "Feature", "geometry": {"type": "Point", "coordinates": [-73.85987034899676, 40.8925939076062]}, "properties": {"noise_id": 2121, "unique_key": "59909212"}}, {"type": "Feature", "geometry": {"type": "Point", "coordinates": [-73.96441253040712, 40.68461466547152]}, "properties": {"noise_id": 2122, "unique_key": "60073558"}}, {"type": "Feature", "geometry": {"type": "Point", "coordinates": [-73.89690251115995, 40.895778330135926]}, "properties": {"noise_id": 2123, "unique_key": "60147834"}}, {"type": "Feature", "geometry": {"type": "Point", "coordinates": [-73.89993608937225, 40.872514269918]}, "properties": {"noise_id": 2124, "unique_key": "60022083"}}, {"type": "Feature", "geometry": {"type": "Point", "coordinates": [-73.92503118687586, 40.86808963992733]}, "properties": {"noise_id": 2125, "unique_key": "60194728"}}, {"type": "Feature", "geometry": {"type": "Point", "coordinates": [-73.90643995377303, 40.857791674858674]}, "properties": {"noise_id": 2126, "unique_key": "60111490"}}, {"type": "Feature", "geometry": {"type": "Point", "coordinates": [-73.85655050810409, 40.8957242611093]}, "properties": {"noise_id": 2127, "unique_key": "60045812"}}, {"type": "Feature", "geometry": {"type": "Point", "coordinates": [-73.95943840828691, 40.68192863223008]}, "properties": {"noise_id": 2128, "unique_key": "60041842"}}, {"type": "Feature", "geometry": {"type": "Point", "coordinates": [-73.9037867278487, 40.882648203870616]}, "properties": {"noise_id": 2129, "unique_key": "60069299"}}, {"type": "Feature", "geometry": {"type": "Point", "coordinates": [-73.99266392200857, 40.67226570807188]}, "properties": {"noise_id": 2130, "unique_key": "60089855"}}, {"type": "Feature", "geometry": {"type": "Point", "coordinates": [-74.00941770321069, 40.60677770809744]}, "properties": {"noise_id": 2131, "unique_key": "60045357"}}, {"type": "Feature", "geometry": {"type": "Point", "coordinates": [-73.93253627113847, 40.630135696883215]}, "properties": {"noise_id": 2132, "unique_key": "60073529"}}, {"type": "Feature", "geometry": {"type": "Point", "coordinates": [-73.84988222893323, 40.89981634077018]}, "properties": {"noise_id": 2133, "unique_key": "59921736"}}, {"type": "Feature", "geometry": {"type": "Point", "coordinates": [-73.86174357636968, 40.8840574400418]}, "properties": {"noise_id": 2134, "unique_key": "60027611"}}, {"type": "Feature", "geometry": {"type": "Point", "coordinates": [-73.89632050875241, 40.85845273218108]}, "properties": {"noise_id": 2135, "unique_key": "59924611"}}, {"type": "Feature", "geometry": {"type": "Point", "coordinates": [-73.87772872666983, 40.73435074373527]}, "properties": {"noise_id": 2136, "unique_key": "59966987"}}, {"type": "Feature", "geometry": {"type": "Point", "coordinates": [-73.9046498673922, 40.86077095492432]}, "properties": {"noise_id": 2137, "unique_key": "59987388"}}, {"type": "Feature", "geometry": {"type": "Point", "coordinates": [-73.9104622920285, 40.84254802771435]}, "properties": {"noise_id": 2138, "unique_key": "60102575"}}, {"type": "Feature", "geometry": {"type": "Point", "coordinates": [-73.98316302965195, 40.63672527913814]}, "properties": {"noise_id": 2139, "unique_key": "59909100"}}, {"type": "Feature", "geometry": {"type": "Point", "coordinates": [-73.92085363901371, 40.76308206678599]}, "properties": {"noise_id": 2140, "unique_key": "60123081"}}, {"type": "Feature", "geometry": {"type": "Point", "coordinates": [-73.89560433136421, 40.8679185556592]}, "properties": {"noise_id": 2141, "unique_key": "59947697"}}, {"type": "Feature", "geometry": {"type": "Point", "coordinates": [-74.00723101503287, 40.73397626852284]}, "properties": {"noise_id": 2142, "unique_key": "60196411"}}, {"type": "Feature", "geometry": {"type": "Point", "coordinates": [-73.9335571309443, 40.65415865908565]}, "properties": {"noise_id": 2143, "unique_key": "60174108"}}, {"type": "Feature", "geometry": {"type": "Point", "coordinates": [-73.97768934573283, 40.6926354798486]}, "properties": {"noise_id": 2144, "unique_key": "60061372"}}, {"type": "Feature", "geometry": {"type": "Point", "coordinates": [-73.85448563535664, 40.84098140173189]}, "properties": {"noise_id": 2145, "unique_key": "60198579"}}, {"type": "Feature", "geometry": {"type": "Point", "coordinates": [-73.94414435261903, 40.754663857291135]}, "properties": {"noise_id": 2146, "unique_key": "59944305"}}, {"type": "Feature", "geometry": {"type": "Point", "coordinates": [-73.9419929587883, 40.81290331288826]}, "properties": {"noise_id": 2147, "unique_key": "60037512"}}, {"type": "Feature", "geometry": {"type": "Point", "coordinates": [-73.99947683942626, 40.72867637267499]}, "properties": {"noise_id": 2148, "unique_key": "60193780"}}, {"type": "Feature", "geometry": {"type": "Point", "coordinates": [-73.93922853821798, 40.80191475732544]}, "properties": {"noise_id": 2149, "unique_key": "60041037"}}, {"type": "Feature", "geometry": {"type": "Point", "coordinates": [-73.84687384879807, 40.6684777987759]}, "properties": {"noise_id": 2150, "unique_key": "60169564"}}, {"type": "Feature", "geometry": {"type": "Point", "coordinates": [-73.94014475014112, 40.81131591874087]}, "properties": {"noise_id": 2151, "unique_key": "59900280"}}, {"type": "Feature", "geometry": {"type": "Point", "coordinates": [-73.98322753703334, 40.69544706314867]}, "properties": {"noise_id": 2152, "unique_key": "60027785"}}, {"type": "Feature", "geometry": {"type": "Point", "coordinates": [-73.97376110550691, 40.66831596117808]}, "properties": {"noise_id": 2153, "unique_key": "60004120"}}, {"type": "Feature", "geometry": {"type": "Point", "coordinates": [-73.96285408209043, 40.62783288674216]}, "properties": {"noise_id": 2154, "unique_key": "60082596"}}, {"type": "Feature", "geometry": {"type": "Point", "coordinates": [-73.92953398401409, 40.59379281101166]}, "properties": {"noise_id": 2155, "unique_key": "60022285"}}, {"type": "Feature", "geometry": {"type": "Point", "coordinates": [-73.85682703421405, 40.83115550970665]}, "properties": {"noise_id": 2156, "unique_key": "60085207"}}, {"type": "Feature", "geometry": {"type": "Point", "coordinates": [-73.89213634136293, 40.87055850909331]}, "properties": {"noise_id": 2157, "unique_key": "59914408"}}, {"type": "Feature", "geometry": {"type": "Point", "coordinates": [-73.81700060627703, 40.71075585681553]}, "properties": {"noise_id": 2158, "unique_key": "60094256"}}, {"type": "Feature", "geometry": {"type": "Point", "coordinates": [-74.162637877591, 40.55562333939399]}, "properties": {"noise_id": 2159, "unique_key": "60117112"}}, {"type": "Feature", "geometry": {"type": "Point", "coordinates": [-74.02327145468738, 40.63520080000737]}, "properties": {"noise_id": 2160, "unique_key": "60001217"}}, {"type": "Feature", "geometry": {"type": "Point", "coordinates": [-73.87367386986676, 40.73959159492857]}, "properties": {"noise_id": 2161, "unique_key": "60180472"}}, {"type": "Feature", "geometry": {"type": "Point", "coordinates": [-73.9453836800344, 40.83672087313633]}, "properties": {"noise_id": 2162, "unique_key": "60153634"}}, {"type": "Feature", "geometry": {"type": "Point", "coordinates": [-73.91762093508673, 40.88425631612431]}, "properties": {"noise_id": 2163, "unique_key": "59942608"}}, {"type": "Feature", "geometry": {"type": "Point", "coordinates": [-73.9808318988542, 40.77459439621316]}, "properties": {"noise_id": 2164, "unique_key": "59980190"}}, {"type": "Feature", "geometry": {"type": "Point", "coordinates": [-73.94149154285915, 40.83672719851353]}, "properties": {"noise_id": 2165, "unique_key": "60150271"}}, {"type": "Feature", "geometry": {"type": "Point", "coordinates": [-73.9431238531268, 40.82117097289946]}, "properties": {"noise_id": 2166, "unique_key": "60087008"}}, {"type": "Feature", "geometry": {"type": "Point", "coordinates": [-73.92905113642485, 40.6686785997877]}, "properties": {"noise_id": 2167, "unique_key": "60092459"}}, {"type": "Feature", "geometry": {"type": "Point", "coordinates": [-73.94734444586622, 40.69257893541024]}, "properties": {"noise_id": 2168, "unique_key": "60025205"}}, {"type": "Feature", "geometry": {"type": "Point", "coordinates": [-73.84448516139749, 40.88592656876667]}, "properties": {"noise_id": 2169, "unique_key": "60097882"}}, {"type": "Feature", "geometry": {"type": "Point", "coordinates": [-73.74382602693397, 40.69158124093988]}, "properties": {"noise_id": 2170, "unique_key": "59947831"}}, {"type": "Feature", "geometry": {"type": "Point", "coordinates": [-73.95188929371534, 40.5859350021097]}, "properties": {"noise_id": 2171, "unique_key": "60144333"}}, {"type": "Feature", "geometry": {"type": "Point", "coordinates": [-73.96012322412237, 40.81495033685791]}, "properties": {"noise_id": 2172, "unique_key": "60095983"}}, {"type": "Feature", "geometry": {"type": "Point", "coordinates": [-73.89504587662107, 40.85064289707357]}, "properties": {"noise_id": 2173, "unique_key": "60009588"}}, {"type": "Feature", "geometry": {"type": "Point", "coordinates": [-73.80110569910636, 40.69217757146145]}, "properties": {"noise_id": 2174, "unique_key": "60074813"}}, {"type": "Feature", "geometry": {"type": "Point", "coordinates": [-73.85370825386958, 40.83621010660156]}, "properties": {"noise_id": 2175, "unique_key": "60109899"}}, {"type": "Feature", "geometry": {"type": "Point", "coordinates": [-73.95850137979879, 40.6755000375337]}, "properties": {"noise_id": 2176, "unique_key": "60004650"}}, {"type": "Feature", "geometry": {"type": "Point", "coordinates": [-73.99404032468442, 40.72032117794149]}, "properties": {"noise_id": 2177, "unique_key": "60122824"}}, {"type": "Feature", "geometry": {"type": "Point", "coordinates": [-73.95272398603737, 40.774921150261015]}, "properties": {"noise_id": 2178, "unique_key": "60156585"}}, {"type": "Feature", "geometry": {"type": "Point", "coordinates": [-74.20621843317913, 40.51504254798618]}, "properties": {"noise_id": 2179, "unique_key": "59968328"}}, {"type": "Feature", "geometry": {"type": "Point", "coordinates": [-73.86621029605409, 40.86947465422764]}, "properties": {"noise_id": 2180, "unique_key": "59958806"}}, {"type": "Feature", "geometry": {"type": "Point", "coordinates": [-73.76609573053847, 40.768965153244025]}, "properties": {"noise_id": 2181, "unique_key": "59950837"}}, {"type": "Feature", "geometry": {"type": "Point", "coordinates": [-73.94930162293844, 40.82181886329088]}, "properties": {"noise_id": 2182, "unique_key": "60196576"}}, {"type": "Feature", "geometry": {"type": "Point", "coordinates": [-73.99182305934691, 40.73848583447606]}, "properties": {"noise_id": 2183, "unique_key": "60166574"}}, {"type": "Feature", "geometry": {"type": "Point", "coordinates": [-73.82589209550343, 40.6927529705886]}, "properties": {"noise_id": 2184, "unique_key": "60047669"}}, {"type": "Feature", "geometry": {"type": "Point", "coordinates": [-73.91880365940835, 40.76569363566736]}, "properties": {"noise_id": 2185, "unique_key": "59903317"}}, {"type": "Feature", "geometry": {"type": "Point", "coordinates": [-73.94602789372541, 40.79546254098584]}, "properties": {"noise_id": 2186, "unique_key": "59993685"}}, {"type": "Feature", "geometry": {"type": "Point", "coordinates": [-74.01128559480767, 40.6420316296494]}, "properties": {"noise_id": 2187, "unique_key": "60107947"}}, {"type": "Feature", "geometry": {"type": "Point", "coordinates": [-73.81933907188821, 40.69437875570092]}, "properties": {"noise_id": 2188, "unique_key": "60125349"}}, {"type": "Feature", "geometry": {"type": "Point", "coordinates": [-73.91026865734196, 40.86016888273487]}, "properties": {"noise_id": 2189, "unique_key": "60071165"}}, {"type": "Feature", "geometry": {"type": "Point", "coordinates": [-73.89143468976863, 40.75773878300173]}, "properties": {"noise_id": 2190, "unique_key": "59947195"}}, {"type": "Feature", "geometry": {"type": "Point", "coordinates": [-73.87761880217288, 40.72936889235096]}, "properties": {"noise_id": 2191, "unique_key": "60045712"}}, {"type": "Feature", "geometry": {"type": "Point", "coordinates": [-73.97258749025733, 40.62950994103981]}, "properties": {"noise_id": 2192, "unique_key": "60039903"}}, {"type": "Feature", "geometry": {"type": "Point", "coordinates": [-74.00810810092442, 40.64724424345876]}, "properties": {"noise_id": 2193, "unique_key": "59915688"}}, {"type": "Feature", "geometry": {"type": "Point", "coordinates": [-73.90990096893466, 40.84604709368425]}, "properties": {"noise_id": 2194, "unique_key": "59905240"}}, {"type": "Feature", "geometry": {"type": "Point", "coordinates": [-73.98352148730712, 40.73174383124967]}, "properties": {"noise_id": 2195, "unique_key": "60144258"}}, {"type": "Feature", "geometry": {"type": "Point", "coordinates": [-73.94954199229873, 40.67158789641898]}, "properties": {"noise_id": 2196, "unique_key": "59927525"}}, {"type": "Feature", "geometry": {"type": "Point", "coordinates": [-74.01092297026055, 40.65003819999269]}, "properties": {"noise_id": 2197, "unique_key": "60131087"}}, {"type": "Feature", "geometry": {"type": "Point", "coordinates": [-73.98937944978826, 40.71980757238131]}, "properties": {"noise_id": 2198, "unique_key": "60146733"}}, {"type": "Feature", "geometry": {"type": "Point", "coordinates": [-73.94135579635707, 40.81853515725049]}, "properties": {"noise_id": 2199, "unique_key": "59967317"}}, {"type": "Feature", "geometry": {"type": "Point", "coordinates": [-73.93123870161185, 40.65170346057246]}, "properties": {"noise_id": 2200, "unique_key": "59969030"}}, {"type": "Feature", "geometry": {"type": "Point", "coordinates": [-73.9581147002217, 40.80326808253412]}, "properties": {"noise_id": 2201, "unique_key": "60070873"}}, {"type": "Feature", "geometry": {"type": "Point", "coordinates": [-73.96853078385236, 40.5763037636128]}, "properties": {"noise_id": 2202, "unique_key": "60143939"}}, {"type": "Feature", "geometry": {"type": "Point", "coordinates": [-74.09573349055344, 40.63233067947036]}, "properties": {"noise_id": 2203, "unique_key": "60097191"}}, {"type": "Feature", "geometry": {"type": "Point", "coordinates": [-73.94048220210388, 40.837926120665934]}, "properties": {"noise_id": 2204, "unique_key": "60079131"}}, {"type": "Feature", "geometry": {"type": "Point", "coordinates": [-73.84417894673201, 40.67094173826322]}, "properties": {"noise_id": 2205, "unique_key": "60048391"}}, {"type": "Feature", "geometry": {"type": "Point", "coordinates": [-73.82796732264116, 40.76335684006219]}, "properties": {"noise_id": 2206, "unique_key": "60057090"}}, {"type": "Feature", "geometry": {"type": "Point", "coordinates": [-73.90176102661209, 40.86343363509739]}, "properties": {"noise_id": 2207, "unique_key": "59909062"}}, {"type": "Feature", "geometry": {"type": "Point", "coordinates": [-73.96019462910861, 40.73180674931541]}, "properties": {"noise_id": 2208, "unique_key": "60116141"}}, {"type": "Feature", "geometry": {"type": "Point", "coordinates": [-73.85093149470026, 40.72551398500045]}, "properties": {"noise_id": 2209, "unique_key": "60075194"}}, {"type": "Feature", "geometry": {"type": "Point", "coordinates": [-73.89934376479158, 40.75025280341085]}, "properties": {"noise_id": 2210, "unique_key": "59965638"}}, {"type": "Feature", "geometry": {"type": "Point", "coordinates": [-73.96419122274168, 40.57972526267042]}, "properties": {"noise_id": 2211, "unique_key": "60153026"}}, {"type": "Feature", "geometry": {"type": "Point", "coordinates": [-73.94766735355991, 40.781956469384255]}, "properties": {"noise_id": 2212, "unique_key": "60156577"}}, {"type": "Feature", "geometry": {"type": "Point", "coordinates": [-73.87742655638154, 40.76915384785376]}, "properties": {"noise_id": 2213, "unique_key": "59940481"}}, {"type": "Feature", "geometry": {"type": "Point", "coordinates": [-73.94210129215807, 40.83371655749896]}, "properties": {"noise_id": 2214, "unique_key": "60027207"}}, {"type": "Feature", "geometry": {"type": "Point", "coordinates": [-73.93984787451583, 40.692125119054246]}, "properties": {"noise_id": 2215, "unique_key": "59938854"}}, {"type": "Feature", "geometry": {"type": "Point", "coordinates": [-73.95340524110169, 40.77137797005714]}, "properties": {"noise_id": 2216, "unique_key": "60158182"}}, {"type": "Feature", "geometry": {"type": "Point", "coordinates": [-73.92166864054131, 40.66249531236047]}, "properties": {"noise_id": 2217, "unique_key": "59971571"}}, {"type": "Feature", "geometry": {"type": "Point", "coordinates": [-73.94385397572589, 40.807977456551]}, "properties": {"noise_id": 2218, "unique_key": "60157622"}}, {"type": "Feature", "geometry": {"type": "Point", "coordinates": [-74.21600637365775, 40.53789441178693]}, "properties": {"noise_id": 2219, "unique_key": "59962387"}}, {"type": "Feature", "geometry": {"type": "Point", "coordinates": [-73.88987563606996, 40.674601193171135]}, "properties": {"noise_id": 2220, "unique_key": "59967811"}}, {"type": "Feature", "geometry": {"type": "Point", "coordinates": [-73.91180788979796, 40.6999378733718]}, "properties": {"noise_id": 2221, "unique_key": "60054939"}}, {"type": "Feature", "geometry": {"type": "Point", "coordinates": [-73.92218192871636, 40.7446657178121]}, "properties": {"noise_id": 2222, "unique_key": "60075595"}}, {"type": "Feature", "geometry": {"type": "Point", "coordinates": [-73.88818185441696, 40.835504863783285]}, "properties": {"noise_id": 2223, "unique_key": "60085037"}}, {"type": "Feature", "geometry": {"type": "Point", "coordinates": [-73.90377966194463, 40.83005969548922]}, "properties": {"noise_id": 2224, "unique_key": "59917097"}}, {"type": "Feature", "geometry": {"type": "Point", "coordinates": [-73.91027765715413, 40.78114568520273]}, "properties": {"noise_id": 2225, "unique_key": "60004453"}}, {"type": "Feature", "geometry": {"type": "Point", "coordinates": [-73.73964465133047, 40.60066970565366]}, "properties": {"noise_id": 2226, "unique_key": "59981492"}}, {"type": "Feature", "geometry": {"type": "Point", "coordinates": [-73.93258533729217, 40.767020000244216]}, "properties": {"noise_id": 2227, "unique_key": "60103644"}}, {"type": "Feature", "geometry": {"type": "Point", "coordinates": [-73.91769461216724, 40.85103455926995]}, "properties": {"noise_id": 2228, "unique_key": "60024257"}}, {"type": "Feature", "geometry": {"type": "Point", "coordinates": [-73.92919322636077, 40.85741539033776]}, "properties": {"noise_id": 2229, "unique_key": "59945649"}}, {"type": "Feature", "geometry": {"type": "Point", "coordinates": [-73.88378945928034, 40.84678128275266]}, "properties": {"noise_id": 2230, "unique_key": "60152142"}}, {"type": "Feature", "geometry": {"type": "Point", "coordinates": [-73.97116456599272, 40.68760012194499]}, "properties": {"noise_id": 2231, "unique_key": "60133886"}}, {"type": "Feature", "geometry": {"type": "Point", "coordinates": [-73.87313518384369, 40.73822411485469]}, "properties": {"noise_id": 2232, "unique_key": "60100899"}}, {"type": "Feature", "geometry": {"type": "Point", "coordinates": [-73.92442706829559, 40.7729271091974]}, "properties": {"noise_id": 2233, "unique_key": "59913831"}}, {"type": "Feature", "geometry": {"type": "Point", "coordinates": [-73.79541171448732, 40.70982197275854]}, "properties": {"noise_id": 2234, "unique_key": "60013727"}}, {"type": "Feature", "geometry": {"type": "Point", "coordinates": [-73.89103212485293, 40.862603336229455]}, "properties": {"noise_id": 2235, "unique_key": "60095624"}}, {"type": "Feature", "geometry": {"type": "Point", "coordinates": [-73.9827139265285, 40.70134549131544]}, "properties": {"noise_id": 2236, "unique_key": "60021900"}}, {"type": "Feature", "geometry": {"type": "Point", "coordinates": [-73.99623880957432, 40.69399075194782]}, "properties": {"noise_id": 2237, "unique_key": "60008340"}}, {"type": "Feature", "geometry": {"type": "Point", "coordinates": [-73.98160493760015, 40.681676302367485]}, "properties": {"noise_id": 2238, "unique_key": "59939548"}}, {"type": "Feature", "geometry": {"type": "Point", "coordinates": [-73.91620193092773, 40.84803352142331]}, "properties": {"noise_id": 2239, "unique_key": "60038200"}}, {"type": "Feature", "geometry": {"type": "Point", "coordinates": [-73.98886420159037, 40.69445963004976]}, "properties": {"noise_id": 2240, "unique_key": "59998056"}}, {"type": "Feature", "geometry": {"type": "Point", "coordinates": [-73.90467576630016, 40.83261302416413]}, "properties": {"noise_id": 2241, "unique_key": "59994042"}}, {"type": "Feature", "geometry": {"type": "Point", "coordinates": [-73.86963734859283, 40.85501674585296]}, "properties": {"noise_id": 2242, "unique_key": "60002543"}}, {"type": "Feature", "geometry": {"type": "Point", "coordinates": [-73.92382003248092, 40.76388553153426]}, "properties": {"noise_id": 2243, "unique_key": "59980017"}}, {"type": "Feature", "geometry": {"type": "Point", "coordinates": [-73.95451362445782, 40.68149586145552]}, "properties": {"noise_id": 2244, "unique_key": "60170644"}}, {"type": "Feature", "geometry": {"type": "Point", "coordinates": [-73.94890132984646, 40.797308308526034]}, "properties": {"noise_id": 2245, "unique_key": "60130316"}}, {"type": "Feature", "geometry": {"type": "Point", "coordinates": [-73.86481254153142, 40.73357051801409]}, "properties": {"noise_id": 2246, "unique_key": "60066416"}}, {"type": "Feature", "geometry": {"type": "Point", "coordinates": [-73.8909664922979, 40.67991886371312]}, "properties": {"noise_id": 2247, "unique_key": "60166226"}}, {"type": "Feature", "geometry": {"type": "Point", "coordinates": [-73.83933574537421, 40.695649045932974]}, "properties": {"noise_id": 2248, "unique_key": "60097679"}}, {"type": "Feature", "geometry": {"type": "Point", "coordinates": [-74.00931197120521, 40.62334254390858]}, "properties": {"noise_id": 2249, "unique_key": "60166689"}}, {"type": "Feature", "geometry": {"type": "Point", "coordinates": [-73.84049759246558, 40.69990231329834]}, "properties": {"noise_id": 2250, "unique_key": "60168713"}}, {"type": "Feature", "geometry": {"type": "Point", "coordinates": [-73.92886303221528, 40.8315271048226]}, "properties": {"noise_id": 2251, "unique_key": "59985248"}}, {"type": "Feature", "geometry": {"type": "Point", "coordinates": [-73.98352148730712, 40.73174383124967]}, "properties": {"noise_id": 2252, "unique_key": "60144263"}}, {"type": "Feature", "geometry": {"type": "Point", "coordinates": [-73.90021304270594, 40.90963089242544]}, "properties": {"noise_id": 2253, "unique_key": "60007177"}}, {"type": "Feature", "geometry": {"type": "Point", "coordinates": [-73.99568892695768, 40.721076060163455]}, "properties": {"noise_id": 2254, "unique_key": "60098113"}}, {"type": "Feature", "geometry": {"type": "Point", "coordinates": [-73.80312418731123, 40.69125879744846]}, "properties": {"noise_id": 2255, "unique_key": "60069193"}}, {"type": "Feature", "geometry": {"type": "Point", "coordinates": [-73.99642885669262, 40.71410988459887]}, "properties": {"noise_id": 2256, "unique_key": "60048860"}}, {"type": "Feature", "geometry": {"type": "Point", "coordinates": [-74.00485065425985, 40.60053906938601]}, "properties": {"noise_id": 2257, "unique_key": "59910771"}}, {"type": "Feature", "geometry": {"type": "Point", "coordinates": [-73.90875761354478, 40.86010731425336]}, "properties": {"noise_id": 2258, "unique_key": "59934982"}}, {"type": "Feature", "geometry": {"type": "Point", "coordinates": [-73.82861953775803, 40.7638134402157]}, "properties": {"noise_id": 2259, "unique_key": "59927315"}}, {"type": "Feature", "geometry": {"type": "Point", "coordinates": [-73.94197705002881, 40.83529470447252]}, "properties": {"noise_id": 2260, "unique_key": "59927624"}}, {"type": "Feature", "geometry": {"type": "Point", "coordinates": [-73.97677062928166, 40.67991053891083]}, "properties": {"noise_id": 2261, "unique_key": "59981351"}}, {"type": "Feature", "geometry": {"type": "Point", "coordinates": [-73.90740264212646, 40.836232777526845]}, "properties": {"noise_id": 2262, "unique_key": "59963090"}}, {"type": "Feature", "geometry": {"type": "Point", "coordinates": [-73.89108511814386, 40.84790549784514]}, "properties": {"noise_id": 2263, "unique_key": "60165390"}}, {"type": "Feature", "geometry": {"type": "Point", "coordinates": [-73.85991368812597, 40.8926241517609]}, "properties": {"noise_id": 2264, "unique_key": "60094553"}}, {"type": "Feature", "geometry": {"type": "Point", "coordinates": [-73.94228049800118, 40.58548866384633]}, "properties": {"noise_id": 2265, "unique_key": "60029128"}}, {"type": "Feature", "geometry": {"type": "Point", "coordinates": [-73.90218710361833, 40.74826530949705]}, "properties": {"noise_id": 2266, "unique_key": "59974295"}}, {"type": "Feature", "geometry": {"type": "Point", "coordinates": [-73.91683290238468, 40.8261558832019]}, "properties": {"noise_id": 2267, "unique_key": "60047539"}}, {"type": "Feature", "geometry": {"type": "Point", "coordinates": [-73.9111940412467, 40.85482291934832]}, "properties": {"noise_id": 2268, "unique_key": "60122786"}}, {"type": "Feature", "geometry": {"type": "Point", "coordinates": [-73.95086779386806, 40.638428762276185]}, "properties": {"noise_id": 2269, "unique_key": "59967443"}}, {"type": "Feature", "geometry": {"type": "Point", "coordinates": [-73.98074764520315, 40.7288339602327]}, "properties": {"noise_id": 2270, "unique_key": "60163377"}}, {"type": "Feature", "geometry": {"type": "Point", "coordinates": [-73.98886420159037, 40.69445963004976]}, "properties": {"noise_id": 2271, "unique_key": "60133356"}}, {"type": "Feature", "geometry": {"type": "Point", "coordinates": [-73.92275084139706, 40.664853809905495]}, "properties": {"noise_id": 2272, "unique_key": "60199255"}}, {"type": "Feature", "geometry": {"type": "Point", "coordinates": [-73.82591376721852, 40.77560629817133]}, "properties": {"noise_id": 2273, "unique_key": "59923804"}}, {"type": "Feature", "geometry": {"type": "Point", "coordinates": [-73.90680118675989, 40.84766400810433]}, "properties": {"noise_id": 2274, "unique_key": "60058319"}}, {"type": "Feature", "geometry": {"type": "Point", "coordinates": [-73.88277511755769, 40.878854824832985]}, "properties": {"noise_id": 2275, "unique_key": "59946631"}}, {"type": "Feature", "geometry": {"type": "Point", "coordinates": [-73.97385826332695, 40.67794740090475]}, "properties": {"noise_id": 2276, "unique_key": "59986286"}}, {"type": "Feature", "geometry": {"type": "Point", "coordinates": [-73.92646424466533, 40.61516187794778]}, "properties": {"noise_id": 2277, "unique_key": "60160002"}}, {"type": "Feature", "geometry": {"type": "Point", "coordinates": [-73.8872749014335, 40.84823669173743]}, "properties": {"noise_id": 2278, "unique_key": "59908985"}}, {"type": "Feature", "geometry": {"type": "Point", "coordinates": [-73.87358784586236, 40.746892543991]}, "properties": {"noise_id": 2279, "unique_key": "60020043"}}, {"type": "Feature", "geometry": {"type": "Point", "coordinates": [-73.95554180676132, 40.707593522846096]}, "properties": {"noise_id": 2280, "unique_key": "59968597"}}, {"type": "Feature", "geometry": {"type": "Point", "coordinates": [-73.85871412654645, 40.85119423359718]}, "properties": {"noise_id": 2281, "unique_key": "60046865"}}, {"type": "Feature", "geometry": {"type": "Point", "coordinates": [-74.00060218138285, 40.68936038614137]}, "properties": {"noise_id": 2282, "unique_key": "60006821"}}, {"type": "Feature", "geometry": {"type": "Point", "coordinates": [-73.97781813380378, 40.73908783400605]}, "properties": {"noise_id": 2283, "unique_key": "60087652"}}, {"type": "Feature", "geometry": {"type": "Point", "coordinates": [-73.91640015805469, 40.816850974124506]}, "properties": {"noise_id": 2284, "unique_key": "60188623"}}, {"type": "Feature", "geometry": {"type": "Point", "coordinates": [-73.95995645604768, 40.68382819626494]}, "properties": {"noise_id": 2285, "unique_key": "60179373"}}, {"type": "Feature", "geometry": {"type": "Point", "coordinates": [-73.7896211309927, 40.69310958763884]}, "properties": {"noise_id": 2286, "unique_key": "59935181"}}, {"type": "Feature", "geometry": {"type": "Point", "coordinates": [-73.78467527454828, 40.76851280855716]}, "properties": {"noise_id": 2287, "unique_key": "59906130"}}, {"type": "Feature", "geometry": {"type": "Point", "coordinates": [-73.93489191811648, 40.81160126787708]}, "properties": {"noise_id": 2288, "unique_key": "59921468"}}, {"type": "Feature", "geometry": {"type": "Point", "coordinates": [-73.99428998437791, 40.71169989759002]}, "properties": {"noise_id": 2289, "unique_key": "60164366"}}, {"type": "Feature", "geometry": {"type": "Point", "coordinates": [-73.99153942345619, 40.72715821286743]}, "properties": {"noise_id": 2290, "unique_key": "60160671"}}, {"type": "Feature", "geometry": {"type": "Point", "coordinates": [-73.88659511334457, 40.74662612074122]}, "properties": {"noise_id": 2291, "unique_key": "60122857"}}, {"type": "Feature", "geometry": {"type": "Point", "coordinates": [-73.82648438816655, 40.75199135108394]}, "properties": {"noise_id": 2292, "unique_key": "60167867"}}, {"type": "Feature", "geometry": {"type": "Point", "coordinates": [-73.81090754397326, 40.73009934988612]}, "properties": {"noise_id": 2293, "unique_key": "59981231"}}, {"type": "Feature", "geometry": {"type": "Point", "coordinates": [-73.93999896783788, 40.6724890914666]}, "properties": {"noise_id": 2294, "unique_key": "60074066"}}, {"type": "Feature", "geometry": {"type": "Point", "coordinates": [-73.86865697421297, 40.83342849023004]}, "properties": {"noise_id": 2295, "unique_key": "60024559"}}, {"type": "Feature", "geometry": {"type": "Point", "coordinates": [-73.91596761734542, 40.81320292473165]}, "properties": {"noise_id": 2296, "unique_key": "60001765"}}, {"type": "Feature", "geometry": {"type": "Point", "coordinates": [-73.9876508243539, 40.66475282446376]}, "properties": {"noise_id": 2297, "unique_key": "60066066"}}, {"type": "Feature", "geometry": {"type": "Point", "coordinates": [-73.85095696331726, 40.82220852307688]}, "properties": {"noise_id": 2298, "unique_key": "60157301"}}, {"type": "Feature", "geometry": {"type": "Point", "coordinates": [-74.18285105772291, 40.59487939741456]}, "properties": {"noise_id": 2299, "unique_key": "59900069"}}, {"type": "Feature", "geometry": {"type": "Point", "coordinates": [-73.81909630071068, 40.726703511645965]}, "properties": {"noise_id": 2300, "unique_key": "59895303"}}, {"type": "Feature", "geometry": {"type": "Point", "coordinates": [-73.93335083591428, 40.705532473920975]}, "properties": {"noise_id": 2301, "unique_key": "60143195"}}, {"type": "Feature", "geometry": {"type": "Point", "coordinates": [-73.79033384509749, 40.7221889969641]}, "properties": {"noise_id": 2302, "unique_key": "59992879"}}, {"type": "Feature", "geometry": {"type": "Point", "coordinates": [-73.90626083750855, 40.69247869610287]}, "properties": {"noise_id": 2303, "unique_key": "60158404"}}, {"type": "Feature", "geometry": {"type": "Point", "coordinates": [-73.94758444934182, 40.70837792176574]}, "properties": {"noise_id": 2304, "unique_key": "60055579"}}, {"type": "Feature", "geometry": {"type": "Point", "coordinates": [-73.94181691475399, 40.72088028531622]}, "properties": {"noise_id": 2305, "unique_key": "60031611"}}, {"type": "Feature", "geometry": {"type": "Point", "coordinates": [-73.83944157475104, 40.69513043160873]}, "properties": {"noise_id": 2306, "unique_key": "60150722"}}, {"type": "Feature", "geometry": {"type": "Point", "coordinates": [-73.92659084927746, 40.670351370538974]}, "properties": {"noise_id": 2307, "unique_key": "60197197"}}, {"type": "Feature", "geometry": {"type": "Point", "coordinates": [-73.96608658994612, 40.76053243732128]}, "properties": {"noise_id": 2308, "unique_key": "60134508"}}, {"type": "Feature", "geometry": {"type": "Point", "coordinates": [-73.90389510699694, 40.84519962098992]}, "properties": {"noise_id": 2309, "unique_key": "59980028"}}, {"type": "Feature", "geometry": {"type": "Point", "coordinates": [-73.91258327751245, 40.88971453829328]}, "properties": {"noise_id": 2310, "unique_key": "59944169"}}, {"type": "Feature", "geometry": {"type": "Point", "coordinates": [-74.1899707046343, 40.59013305809808]}, "properties": {"noise_id": 2311, "unique_key": "60064437"}}, {"type": "Feature", "geometry": {"type": "Point", "coordinates": [-73.78828125130184, 40.64832048620134]}, "properties": {"noise_id": 2312, "unique_key": "59899932"}}, {"type": "Feature", "geometry": {"type": "Point", "coordinates": [-73.88557436243444, 40.87445514586001]}, "properties": {"noise_id": 2313, "unique_key": "60183880"}}, {"type": "Feature", "geometry": {"type": "Point", "coordinates": [-74.02475335038832, 40.638120943983566]}, "properties": {"noise_id": 2314, "unique_key": "60091609"}}, {"type": "Feature", "geometry": {"type": "Point", "coordinates": [-73.90770389073468, 40.67378520905687]}, "properties": {"noise_id": 2315, "unique_key": "60004227"}}, {"type": "Feature", "geometry": {"type": "Point", "coordinates": [-73.94804356233797, 40.8319929633005]}, "properties": {"noise_id": 2316, "unique_key": "60153461"}}, {"type": "Feature", "geometry": {"type": "Point", "coordinates": [-73.90969894574417, 40.816478128022034]}, "properties": {"noise_id": 2317, "unique_key": "59966168"}}, {"type": "Feature", "geometry": {"type": "Point", "coordinates": [-73.81984866766076, 40.75668841337115]}, "properties": {"noise_id": 2318, "unique_key": "60088567"}}, {"type": "Feature", "geometry": {"type": "Point", "coordinates": [-73.92670904631463, 40.58903155973584]}, "properties": {"noise_id": 2319, "unique_key": "60107761"}}, {"type": "Feature", "geometry": {"type": "Point", "coordinates": [-73.97402882183451, 40.62880486479941]}, "properties": {"noise_id": 2320, "unique_key": "60085891"}}, {"type": "Feature", "geometry": {"type": "Point", "coordinates": [-73.96130198449083, 40.65164614059736]}, "properties": {"noise_id": 2321, "unique_key": "59920929"}}, {"type": "Feature", "geometry": {"type": "Point", "coordinates": [-73.89371429612123, 40.68185924583066]}, "properties": {"noise_id": 2322, "unique_key": "60167362"}}, {"type": "Feature", "geometry": {"type": "Point", "coordinates": [-73.84182816356827, 40.8884782649066]}, "properties": {"noise_id": 2323, "unique_key": "59963328"}}, {"type": "Feature", "geometry": {"type": "Point", "coordinates": [-73.79140037484666, 40.67535959228102]}, "properties": {"noise_id": 2324, "unique_key": "60178767"}}, {"type": "Feature", "geometry": {"type": "Point", "coordinates": [-73.87531291001159, 40.73919813647152]}, "properties": {"noise_id": 2325, "unique_key": "60160364"}}, {"type": "Feature", "geometry": {"type": "Point", "coordinates": [-73.94394726877893, 40.61140861969809]}, "properties": {"noise_id": 2326, "unique_key": "60172143"}}, {"type": "Feature", "geometry": {"type": "Point", "coordinates": [-73.9686040578317, 40.75737943971174]}, "properties": {"noise_id": 2327, "unique_key": "60005727"}}, {"type": "Feature", "geometry": {"type": "Point", "coordinates": [-73.91824098763226, 40.86821951872901]}, "properties": {"noise_id": 2328, "unique_key": "60062141"}}, {"type": "Feature", "geometry": {"type": "Point", "coordinates": [-73.9455695281346, 40.81275135243847]}, "properties": {"noise_id": 2329, "unique_key": "60154392"}}, {"type": "Feature", "geometry": {"type": "Point", "coordinates": [-73.86135311144443, 40.74354084657344]}, "properties": {"noise_id": 2330, "unique_key": "60032823"}}, {"type": "Feature", "geometry": {"type": "Point", "coordinates": [-73.92869149935478, 40.74544395169422]}, "properties": {"noise_id": 2331, "unique_key": "60170063"}}, {"type": "Feature", "geometry": {"type": "Point", "coordinates": [-73.91783113415265, 40.84878399818367]}, "properties": {"noise_id": 2332, "unique_key": "60004195"}}, {"type": "Feature", "geometry": {"type": "Point", "coordinates": [-73.94211846754196, 40.705973634255656]}, "properties": {"noise_id": 2333, "unique_key": "60082014"}}, {"type": "Feature", "geometry": {"type": "Point", "coordinates": [-73.8294347247009, 40.752791735664495]}, "properties": {"noise_id": 2334, "unique_key": "60172827"}}, {"type": "Feature", "geometry": {"type": "Point", "coordinates": [-73.92387026500839, 40.846265756644215]}, "properties": {"noise_id": 2335, "unique_key": "59961978"}}, {"type": "Feature", "geometry": {"type": "Point", "coordinates": [-74.07840331910445, 40.591852585361295]}, "properties": {"noise_id": 2336, "unique_key": "59944398"}}, {"type": "Feature", "geometry": {"type": "Point", "coordinates": [-73.93771181851356, 40.82860361351321]}, "properties": {"noise_id": 2337, "unique_key": "59982441"}}, {"type": "Feature", "geometry": {"type": "Point", "coordinates": [-73.76758646496062, 40.75766528115105]}, "properties": {"noise_id": 2338, "unique_key": "60026610"}}, {"type": "Feature", "geometry": {"type": "Point", "coordinates": [-73.95439393600071, 40.77215512685222]}, "properties": {"noise_id": 2339, "unique_key": "60132545"}}, {"type": "Feature", "geometry": {"type": "Point", "coordinates": [-73.9851512013638, 40.7208418788544]}, "properties": {"noise_id": 2340, "unique_key": "59943701"}}, {"type": "Feature", "geometry": {"type": "Point", "coordinates": [-73.99219924913434, 40.7616021253206]}, "properties": {"noise_id": 2341, "unique_key": "60002729"}}, {"type": "Feature", "geometry": {"type": "Point", "coordinates": [-73.98891486387227, 40.69340015431026]}, "properties": {"noise_id": 2342, "unique_key": "60010375"}}, {"type": "Feature", "geometry": {"type": "Point", "coordinates": [-73.96449692944287, 40.76312025121692]}, "properties": {"noise_id": 2343, "unique_key": "60017949"}}, {"type": "Feature", "geometry": {"type": "Point", "coordinates": [-73.82757936977713, 40.8379168992338]}, "properties": {"noise_id": 2344, "unique_key": "60030982"}}, {"type": "Feature", "geometry": {"type": "Point", "coordinates": [-74.16774440939757, 40.59433426761743]}, "properties": {"noise_id": 2345, "unique_key": "60022270"}}, {"type": "Feature", "geometry": {"type": "Point", "coordinates": [-73.9108439651691, 40.81395113045769]}, "properties": {"noise_id": 2346, "unique_key": "60088119"}}, {"type": "Feature", "geometry": {"type": "Point", "coordinates": [-73.9823606105711, 40.769031054531325]}, "properties": {"noise_id": 2347, "unique_key": "59993158"}}, {"type": "Feature", "geometry": {"type": "Point", "coordinates": [-73.89626184102237, 40.86361820622092]}, "properties": {"noise_id": 2348, "unique_key": "60069652"}}, {"type": "Feature", "geometry": {"type": "Point", "coordinates": [-73.97736105570354, 40.682424868573925]}, "properties": {"noise_id": 2349, "unique_key": "60015981"}}, {"type": "Feature", "geometry": {"type": "Point", "coordinates": [-73.98935358153452, 40.72366121092331]}, "properties": {"noise_id": 2350, "unique_key": "59977913"}}, {"type": "Feature", "geometry": {"type": "Point", "coordinates": [-73.92485119714064, 40.62743554663989]}, "properties": {"noise_id": 2351, "unique_key": "60187708"}}, {"type": "Feature", "geometry": {"type": "Point", "coordinates": [-73.82591055989322, 40.74506821648297]}, "properties": {"noise_id": 2352, "unique_key": "60116394"}}, {"type": "Feature", "geometry": {"type": "Point", "coordinates": [-73.95471265630208, 40.65387249806501]}, "properties": {"noise_id": 2353, "unique_key": "60119274"}}, {"type": "Feature", "geometry": {"type": "Point", "coordinates": [-73.79902772563076, 40.769041026233765]}, "properties": {"noise_id": 2354, "unique_key": "60002292"}}, {"type": "Feature", "geometry": {"type": "Point", "coordinates": [-73.93153416836745, 40.830848032499816]}, "properties": {"noise_id": 2355, "unique_key": "60023229"}}, {"type": "Feature", "geometry": {"type": "Point", "coordinates": [-73.80343340538089, 40.71724956934783]}, "properties": {"noise_id": 2356, "unique_key": "60122113"}}, {"type": "Feature", "geometry": {"type": "Point", "coordinates": [-73.86673473582482, 40.65289019608982]}, "properties": {"noise_id": 2357, "unique_key": "60174160"}}, {"type": "Feature", "geometry": {"type": "Point", "coordinates": [-73.90937295482006, 40.76403701267071]}, "properties": {"noise_id": 2358, "unique_key": "60096441"}}, {"type": "Feature", "geometry": {"type": "Point", "coordinates": [-73.98010151214795, 40.693585612206284]}, "properties": {"noise_id": 2359, "unique_key": "60044702"}}, {"type": "Feature", "geometry": {"type": "Point", "coordinates": [-73.96191879697005, 40.72012290118276]}, "properties": {"noise_id": 2360, "unique_key": "60199132"}}, {"type": "Feature", "geometry": {"type": "Point", "coordinates": [-73.97899975943712, 40.79118050652521]}, "properties": {"noise_id": 2361, "unique_key": "60149201"}}, {"type": "Feature", "geometry": {"type": "Point", "coordinates": [-73.71578165445742, 40.73989480211379]}, "properties": {"noise_id": 2362, "unique_key": "60145663"}}, {"type": "Feature", "geometry": {"type": "Point", "coordinates": [-73.91883725890963, 40.83587908905498]}, "properties": {"noise_id": 2363, "unique_key": "60169077"}}, {"type": "Feature", "geometry": {"type": "Point", "coordinates": [-73.96305199505333, 40.61522886733467]}, "properties": {"noise_id": 2364, "unique_key": "60101278"}}, {"type": "Feature", "geometry": {"type": "Point", "coordinates": [-73.98056461776267, 40.68835690537138]}, "properties": {"noise_id": 2365, "unique_key": "60089705"}}, {"type": "Feature", "geometry": {"type": "Point", "coordinates": [-73.96945030390704, 40.78535130457918]}, "properties": {"noise_id": 2366, "unique_key": "60069908"}}, {"type": "Feature", "geometry": {"type": "Point", "coordinates": [-73.96365461025735, 40.65289578411591]}, "properties": {"noise_id": 2367, "unique_key": "60167311"}}, {"type": "Feature", "geometry": {"type": "Point", "coordinates": [-73.9058514592573, 40.85981404111539]}, "properties": {"noise_id": 2368, "unique_key": "60171069"}}, {"type": "Feature", "geometry": {"type": "Point", "coordinates": [-73.85499650933987, 40.87521124810407]}, "properties": {"noise_id": 2369, "unique_key": "59927181"}}, {"type": "Feature", "geometry": {"type": "Point", "coordinates": [-73.9430750123803, 40.75578044551614]}, "properties": {"noise_id": 2370, "unique_key": "60060915"}}, {"type": "Feature", "geometry": {"type": "Point", "coordinates": [-73.74621150951677, 40.71286952752817]}, "properties": {"noise_id": 2371, "unique_key": "60134011"}}, {"type": "Feature", "geometry": {"type": "Point", "coordinates": [-73.94630523715215, 40.60832734038063]}, "properties": {"noise_id": 2372, "unique_key": "59961512"}}, {"type": "Feature", "geometry": {"type": "Point", "coordinates": [-73.9884465419102, 40.69068553158104]}, "properties": {"noise_id": 2373, "unique_key": "59969729"}}, {"type": "Feature", "geometry": {"type": "Point", "coordinates": [-73.95530308617568, 40.73010595095607]}, "properties": {"noise_id": 2374, "unique_key": "60080153"}}, {"type": "Feature", "geometry": {"type": "Point", "coordinates": [-73.85539883447647, 40.66693253919259]}, "properties": {"noise_id": 2375, "unique_key": "60173268"}}, {"type": "Feature", "geometry": {"type": "Point", "coordinates": [-73.99372342726919, 40.714299157411645]}, "properties": {"noise_id": 2376, "unique_key": "60180761"}}, {"type": "Feature", "geometry": {"type": "Point", "coordinates": [-73.91990252939155, 40.80953328604291]}, "properties": {"noise_id": 2377, "unique_key": "60044494"}}, {"type": "Feature", "geometry": {"type": "Point", "coordinates": [-73.91512976923352, 40.84698425966901]}, "properties": {"noise_id": 2378, "unique_key": "60042290"}}, {"type": "Feature", "geometry": {"type": "Point", "coordinates": [-73.93389288311353, 40.66448197292001]}, "properties": {"noise_id": 2379, "unique_key": "60058210"}}, {"type": "Feature", "geometry": {"type": "Point", "coordinates": [-73.91590282748713, 40.81873349060568]}, "properties": {"noise_id": 2380, "unique_key": "59902807"}}, {"type": "Feature", "geometry": {"type": "Point", "coordinates": [-73.95951685098144, 40.64773969949788]}, "properties": {"noise_id": 2381, "unique_key": "60173472"}}, {"type": "Feature", "geometry": {"type": "Point", "coordinates": [-73.91328634594245, 40.85535423863928]}, "properties": {"noise_id": 2382, "unique_key": "60027779"}}, {"type": "Feature", "geometry": {"type": "Point", "coordinates": [-73.95303521606323, 40.80972720648371]}, "properties": {"noise_id": 2383, "unique_key": "60016256"}}, {"type": "Feature", "geometry": {"type": "Point", "coordinates": [-73.89423232251876, 40.86444800758618]}, "properties": {"noise_id": 2384, "unique_key": "60112567"}}, {"type": "Feature", "geometry": {"type": "Point", "coordinates": [-73.85308522374261, 40.82050129290884]}, "properties": {"noise_id": 2385, "unique_key": "59936252"}}, {"type": "Feature", "geometry": {"type": "Point", "coordinates": [-73.94572367971769, 40.71232402886702]}, "properties": {"noise_id": 2386, "unique_key": "60069991"}}, {"type": "Feature", "geometry": {"type": "Point", "coordinates": [-74.11452507488065, 40.56689394219563]}, "properties": {"noise_id": 2387, "unique_key": "60185323"}}, {"type": "Feature", "geometry": {"type": "Point", "coordinates": [-73.95722110963472, 40.65371975060685]}, "properties": {"noise_id": 2388, "unique_key": "59997585"}}, {"type": "Feature", "geometry": {"type": "Point", "coordinates": [-73.92824302905858, 40.83345625415271]}, "properties": {"noise_id": 2389, "unique_key": "60164258"}}, {"type": "Feature", "geometry": {"type": "Point", "coordinates": [-73.99326351378869, 40.76775864835992]}, "properties": {"noise_id": 2390, "unique_key": "59950814"}}, {"type": "Feature", "geometry": {"type": "Point", "coordinates": [-73.95600470836295, 40.820504151022135]}, "properties": {"noise_id": 2391, "unique_key": "59917117"}}, {"type": "Feature", "geometry": {"type": "Point", "coordinates": [-73.920742793466, 40.81072782153203]}, "properties": {"noise_id": 2392, "unique_key": "60054298"}}, {"type": "Feature", "geometry": {"type": "Point", "coordinates": [-73.83266948450772, 40.756779113482445]}, "properties": {"noise_id": 2393, "unique_key": "59975989"}}, {"type": "Feature", "geometry": {"type": "Point", "coordinates": [-73.92952750361134, 40.81828425459157]}, "properties": {"noise_id": 2394, "unique_key": "60074144"}}, {"type": "Feature", "geometry": {"type": "Point", "coordinates": [-73.88495913096968, 40.87057902410321]}, "properties": {"noise_id": 2395, "unique_key": "60155330"}}, {"type": "Feature", "geometry": {"type": "Point", "coordinates": [-73.98460496178762, 40.72731394564686]}, "properties": {"noise_id": 2396, "unique_key": "60102572"}}, {"type": "Feature", "geometry": {"type": "Point", "coordinates": [-73.83273634956657, 40.74740039349842]}, "properties": {"noise_id": 2397, "unique_key": "59994881"}}, {"type": "Feature", "geometry": {"type": "Point", "coordinates": [-73.96688414739926, 40.71009782413592]}, "properties": {"noise_id": 2398, "unique_key": "60080840"}}, {"type": "Feature", "geometry": {"type": "Point", "coordinates": [-73.95244736385672, 40.80331528910318]}, "properties": {"noise_id": 2399, "unique_key": "60156852"}}, {"type": "Feature", "geometry": {"type": "Point", "coordinates": [-74.1691206669656, 40.54772263423201]}, "properties": {"noise_id": 2400, "unique_key": "59944853"}}, {"type": "Feature", "geometry": {"type": "Point", "coordinates": [-73.97827831511727, 40.66686766032023]}, "properties": {"noise_id": 2401, "unique_key": "59939165"}}, {"type": "Feature", "geometry": {"type": "Point", "coordinates": [-73.98342407217982, 40.73172185922995]}, "properties": {"noise_id": 2402, "unique_key": "60136636"}}, {"type": "Feature", "geometry": {"type": "Point", "coordinates": [-73.96739231760297, 40.79943120771864]}, "properties": {"noise_id": 2403, "unique_key": "59964916"}}, {"type": "Feature", "geometry": {"type": "Point", "coordinates": [-73.87670006405197, 40.67210929294396]}, "properties": {"noise_id": 2404, "unique_key": "60115589"}}, {"type": "Feature", "geometry": {"type": "Point", "coordinates": [-73.92093147210099, 40.8343544837579]}, "properties": {"noise_id": 2405, "unique_key": "60011113"}}, {"type": "Feature", "geometry": {"type": "Point", "coordinates": [-73.84953354331522, 40.90523937837374]}, "properties": {"noise_id": 2406, "unique_key": "60079403"}}, {"type": "Feature", "geometry": {"type": "Point", "coordinates": [-73.91083575247735, 40.77963376842338]}, "properties": {"noise_id": 2407, "unique_key": "60016317"}}, {"type": "Feature", "geometry": {"type": "Point", "coordinates": [-73.92530725375082, 40.80578762054628]}, "properties": {"noise_id": 2408, "unique_key": "59992766"}}, {"type": "Feature", "geometry": {"type": "Point", "coordinates": [-73.94584341263231, 40.71146497456101]}, "properties": {"noise_id": 2409, "unique_key": "59903535"}}, {"type": "Feature", "geometry": {"type": "Point", "coordinates": [-73.89245575905608, 40.666350085104014]}, "properties": {"noise_id": 2410, "unique_key": "59904187"}}, {"type": "Feature", "geometry": {"type": "Point", "coordinates": [-73.89993608937225, 40.872514269918]}, "properties": {"noise_id": 2411, "unique_key": "60120501"}}, {"type": "Feature", "geometry": {"type": "Point", "coordinates": [-73.8984233658015, 40.85443910241399]}, "properties": {"noise_id": 2412, "unique_key": "59991324"}}, {"type": "Feature", "geometry": {"type": "Point", "coordinates": [-74.02816082793072, 40.63560319026595]}, "properties": {"noise_id": 2413, "unique_key": "59995992"}}, {"type": "Feature", "geometry": {"type": "Point", "coordinates": [-73.75317862488698, 40.59357130017884]}, "properties": {"noise_id": 2414, "unique_key": "59975528"}}, {"type": "Feature", "geometry": {"type": "Point", "coordinates": [-73.87651354204384, 40.82541985314205]}, "properties": {"noise_id": 2415, "unique_key": "60105939"}}, {"type": "Feature", "geometry": {"type": "Point", "coordinates": [-74.09657113380065, 40.63357062394647]}, "properties": {"noise_id": 2416, "unique_key": "60151629"}}, {"type": "Feature", "geometry": {"type": "Point", "coordinates": [-73.95091673815742, 40.78252331458216]}, "properties": {"noise_id": 2417, "unique_key": "60020664"}}, {"type": "Feature", "geometry": {"type": "Point", "coordinates": [-73.98052634972632, 40.6588835010292]}, "properties": {"noise_id": 2418, "unique_key": "60066668"}}, {"type": "Feature", "geometry": {"type": "Point", "coordinates": [-73.84723230204169, 40.883402376802245]}, "properties": {"noise_id": 2419, "unique_key": "60053827"}}, {"type": "Feature", "geometry": {"type": "Point", "coordinates": [-73.85650248605502, 40.6968025760674]}, "properties": {"noise_id": 2420, "unique_key": "59959859"}}, {"type": "Feature", "geometry": {"type": "Point", "coordinates": [-73.8787609251641, 40.74017895048148]}, "properties": {"noise_id": 2421, "unique_key": "59930294"}}, {"type": "Feature", "geometry": {"type": "Point", "coordinates": [-73.75016973495092, 40.59514580853654]}, "properties": {"noise_id": 2422, "unique_key": "59984711"}}, {"type": "Feature", "geometry": {"type": "Point", "coordinates": [-73.93290711292524, 40.848966668092416]}, "properties": {"noise_id": 2423, "unique_key": "59920586"}}, {"type": "Feature", "geometry": {"type": "Point", "coordinates": [-73.92161287328047, 40.866380166986495]}, "properties": {"noise_id": 2424, "unique_key": "60198528"}}, {"type": "Feature", "geometry": {"type": "Point", "coordinates": [-73.85151515978764, 40.89589355404696]}, "properties": {"noise_id": 2425, "unique_key": "60114194"}}, {"type": "Feature", "geometry": {"type": "Point", "coordinates": [-73.91036434918799, 40.65236979278932]}, "properties": {"noise_id": 2426, "unique_key": "59962392"}}, {"type": "Feature", "geometry": {"type": "Point", "coordinates": [-73.96145305153163, 40.64591782808841]}, "properties": {"noise_id": 2427, "unique_key": "59916865"}}, {"type": "Feature", "geometry": {"type": "Point", "coordinates": [-73.92066324181006, 40.81685398628559]}, "properties": {"noise_id": 2428, "unique_key": "60166056"}}, {"type": "Feature", "geometry": {"type": "Point", "coordinates": [-73.95601507606814, 40.7720212648884]}, "properties": {"noise_id": 2429, "unique_key": "60113460"}}, {"type": "Feature", "geometry": {"type": "Point", "coordinates": [-73.99903304781047, 40.72916768109087]}, "properties": {"noise_id": 2430, "unique_key": "60058542"}}, {"type": "Feature", "geometry": {"type": "Point", "coordinates": [-73.94820255346015, 40.66025685626258]}, "properties": {"noise_id": 2431, "unique_key": "60019210"}}, {"type": "Feature", "geometry": {"type": "Point", "coordinates": [-73.90311322026717, 40.62763886627548]}, "properties": {"noise_id": 2432, "unique_key": "59896377"}}, {"type": "Feature", "geometry": {"type": "Point", "coordinates": [-73.90819466515774, 40.86199247680132]}, "properties": {"noise_id": 2433, "unique_key": "60134617"}}, {"type": "Feature", "geometry": {"type": "Point", "coordinates": [-73.96012322412237, 40.81495033685791]}, "properties": {"noise_id": 2434, "unique_key": "60058616"}}, {"type": "Feature", "geometry": {"type": "Point", "coordinates": [-73.99918830365347, 40.7200935143266]}, "properties": {"noise_id": 2435, "unique_key": "59937799"}}, {"type": "Feature", "geometry": {"type": "Point", "coordinates": [-73.90330025022571, 40.70243975761361]}, "properties": {"noise_id": 2436, "unique_key": "59973905"}}, {"type": "Feature", "geometry": {"type": "Point", "coordinates": [-73.89935066841451, 40.85556798829767]}, "properties": {"noise_id": 2437, "unique_key": "60069847"}}, {"type": "Feature", "geometry": {"type": "Point", "coordinates": [-73.94435320079812, 40.83303148789812]}, "properties": {"noise_id": 2438, "unique_key": "60045940"}}, {"type": "Feature", "geometry": {"type": "Point", "coordinates": [-73.95376042430934, 40.76940190044467]}, "properties": {"noise_id": 2439, "unique_key": "59923111"}}, {"type": "Feature", "geometry": {"type": "Point", "coordinates": [-73.83696085202979, 40.69646639306268]}, "properties": {"noise_id": 2440, "unique_key": "59917936"}}, {"type": "Feature", "geometry": {"type": "Point", "coordinates": [-73.91926929982765, 40.86401536619075]}, "properties": {"noise_id": 2441, "unique_key": "59956357"}}, {"type": "Feature", "geometry": {"type": "Point", "coordinates": [-73.88673560292244, 40.87414339624837]}, "properties": {"noise_id": 2442, "unique_key": "59938460"}}, {"type": "Feature", "geometry": {"type": "Point", "coordinates": [-73.98891486387227, 40.69340015431026]}, "properties": {"noise_id": 2443, "unique_key": "60129548"}}, {"type": "Feature", "geometry": {"type": "Point", "coordinates": [-74.00479645705425, 40.598019347488375]}, "properties": {"noise_id": 2444, "unique_key": "60143290"}}, {"type": "Feature", "geometry": {"type": "Point", "coordinates": [-73.93600020395905, 40.84619352781456]}, "properties": {"noise_id": 2445, "unique_key": "60070970"}}, {"type": "Feature", "geometry": {"type": "Point", "coordinates": [-73.98211541905141, 40.78135214357677]}, "properties": {"noise_id": 2446, "unique_key": "59954462"}}, {"type": "Feature", "geometry": {"type": "Point", "coordinates": [-73.90612301707802, 40.846708300148165]}, "properties": {"noise_id": 2447, "unique_key": "60048618"}}, {"type": "Feature", "geometry": {"type": "Point", "coordinates": [-73.91798695034466, 40.84260302805871]}, "properties": {"noise_id": 2448, "unique_key": "59917011"}}, {"type": "Feature", "geometry": {"type": "Point", "coordinates": [-73.99497459839357, 40.72141089175726]}, "properties": {"noise_id": 2449, "unique_key": "60002311"}}, {"type": "Feature", "geometry": {"type": "Point", "coordinates": [-74.00558462836433, 40.63586725784163]}, "properties": {"noise_id": 2450, "unique_key": "59895820"}}, {"type": "Feature", "geometry": {"type": "Point", "coordinates": [-73.90875761354478, 40.86010731425336]}, "properties": {"noise_id": 2451, "unique_key": "59907369"}}, {"type": "Feature", "geometry": {"type": "Point", "coordinates": [-73.85493838071939, 40.89522545852203]}, "properties": {"noise_id": 2452, "unique_key": "60058481"}}, {"type": "Feature", "geometry": {"type": "Point", "coordinates": [-73.74139371921774, 40.71344344234334]}, "properties": {"noise_id": 2453, "unique_key": "59972428"}}, {"type": "Feature", "geometry": {"type": "Point", "coordinates": [-73.96326259319521, 40.65142720095165]}, "properties": {"noise_id": 2454, "unique_key": "60186834"}}, {"type": "Feature", "geometry": {"type": "Point", "coordinates": [-73.89312839581132, 40.660493349955374]}, "properties": {"noise_id": 2455, "unique_key": "59992835"}}, {"type": "Feature", "geometry": {"type": "Point", "coordinates": [-73.75658264834696, 40.71568335715875]}, "properties": {"noise_id": 2456, "unique_key": "60059391"}}, {"type": "Feature", "geometry": {"type": "Point", "coordinates": [-73.9060258887313, 40.69799000179871]}, "properties": {"noise_id": 2457, "unique_key": "59918904"}}, {"type": "Feature", "geometry": {"type": "Point", "coordinates": [-73.90653929154836, 40.84884127531168]}, "properties": {"noise_id": 2458, "unique_key": "59934328"}}, {"type": "Feature", "geometry": {"type": "Point", "coordinates": [-73.92377807960484, 40.866785088049056]}, "properties": {"noise_id": 2459, "unique_key": "60068689"}}, {"type": "Feature", "geometry": {"type": "Point", "coordinates": [-73.90085842054502, 40.86988839233137]}, "properties": {"noise_id": 2460, "unique_key": "60076662"}}, {"type": "Feature", "geometry": {"type": "Point", "coordinates": [-73.89779084451898, 40.870857338454016]}, "properties": {"noise_id": 2461, "unique_key": "60030236"}}, {"type": "Feature", "geometry": {"type": "Point", "coordinates": [-73.88683467134385, 40.74369770612064]}, "properties": {"noise_id": 2462, "unique_key": "59959823"}}, {"type": "Feature", "geometry": {"type": "Point", "coordinates": [-73.9902513713039, 40.72732279640649]}, "properties": {"noise_id": 2463, "unique_key": "60111904"}}, {"type": "Feature", "geometry": {"type": "Point", "coordinates": [-73.94313544165297, 40.8160658007736]}, "properties": {"noise_id": 2464, "unique_key": "60073221"}}, {"type": "Feature", "geometry": {"type": "Point", "coordinates": [-73.90467576630016, 40.83261302416413]}, "properties": {"noise_id": 2465, "unique_key": "59995081"}}, {"type": "Feature", "geometry": {"type": "Point", "coordinates": [-73.94961303755608, 40.83044838604509]}, "properties": {"noise_id": 2466, "unique_key": "60070874"}}, {"type": "Feature", "geometry": {"type": "Point", "coordinates": [-73.98891486387227, 40.69340015431026]}, "properties": {"noise_id": 2467, "unique_key": "59998592"}}, {"type": "Feature", "geometry": {"type": "Point", "coordinates": [-73.93734497240956, 40.85363516096966]}, "properties": {"noise_id": 2468, "unique_key": "60183830"}}, {"type": "Feature", "geometry": {"type": "Point", "coordinates": [-73.9030723500759, 40.86166441278946]}, "properties": {"noise_id": 2469, "unique_key": "59973957"}}, {"type": "Feature", "geometry": {"type": "Point", "coordinates": [-73.9012527860454, 40.879453988498064]}, "properties": {"noise_id": 2470, "unique_key": "59941175"}}, {"type": "Feature", "geometry": {"type": "Point", "coordinates": [-73.96455427627612, 40.62144629547059]}, "properties": {"noise_id": 2471, "unique_key": "60183978"}}, {"type": "Feature", "geometry": {"type": "Point", "coordinates": [-73.92712043028295, 40.58487893633232]}, "properties": {"noise_id": 2472, "unique_key": "60082528"}}, {"type": "Feature", "geometry": {"type": "Point", "coordinates": [-73.92354347619222, 40.65888444252381]}, "properties": {"noise_id": 2473, "unique_key": "60039324"}}, {"type": "Feature", "geometry": {"type": "Point", "coordinates": [-73.90338587172995, 40.85737745245203]}, "properties": {"noise_id": 2474, "unique_key": "59931793"}}, {"type": "Feature", "geometry": {"type": "Point", "coordinates": [-73.96279301812989, 40.67274575091686]}, "properties": {"noise_id": 2475, "unique_key": "60010410"}}, {"type": "Feature", "geometry": {"type": "Point", "coordinates": [-73.86577881967943, 40.73035479210307]}, "properties": {"noise_id": 2476, "unique_key": "59902841"}}, {"type": "Feature", "geometry": {"type": "Point", "coordinates": [-73.88486278314905, 40.65893182677183]}, "properties": {"noise_id": 2477, "unique_key": "60059793"}}, {"type": "Feature", "geometry": {"type": "Point", "coordinates": [-73.95879057263689, 40.82009347257038]}, "properties": {"noise_id": 2478, "unique_key": "60048439"}}, {"type": "Feature", "geometry": {"type": "Point", "coordinates": [-73.94274004823073, 40.69196190821852]}, "properties": {"noise_id": 2479, "unique_key": "60034567"}}, {"type": "Feature", "geometry": {"type": "Point", "coordinates": [-73.94361221453609, 40.684013481858656]}, "properties": {"noise_id": 2480, "unique_key": "59959422"}}, {"type": "Feature", "geometry": {"type": "Point", "coordinates": [-73.8316116106582, 40.688353373196]}, "properties": {"noise_id": 2481, "unique_key": "60149888"}}, {"type": "Feature", "geometry": {"type": "Point", "coordinates": [-73.75312324285817, 40.73613274517268]}, "properties": {"noise_id": 2482, "unique_key": "60005536"}}, {"type": "Feature", "geometry": {"type": "Point", "coordinates": [-73.87260821784547, 40.725076143938]}, "properties": {"noise_id": 2483, "unique_key": "60124448"}}, {"type": "Feature", "geometry": {"type": "Point", "coordinates": [-73.99394902740013, 40.57359055854324]}, "properties": {"noise_id": 2484, "unique_key": "60057239"}}, {"type": "Feature", "geometry": {"type": "Point", "coordinates": [-73.76795135140499, 40.66017718871123]}, "properties": {"noise_id": 2485, "unique_key": "59910162"}}, {"type": "Feature", "geometry": {"type": "Point", "coordinates": [-74.01059945026006, 40.655184696699074]}, "properties": {"noise_id": 2486, "unique_key": "60056377"}}, {"type": "Feature", "geometry": {"type": "Point", "coordinates": [-73.98172238190635, 40.73989822160913]}, "properties": {"noise_id": 2487, "unique_key": "59918173"}}, {"type": "Feature", "geometry": {"type": "Point", "coordinates": [-73.94641219632909, 40.81158249556943]}, "properties": {"noise_id": 2488, "unique_key": "59996455"}}, {"type": "Feature", "geometry": {"type": "Point", "coordinates": [-74.00154803384405, 40.73729214707372]}, "properties": {"noise_id": 2489, "unique_key": "60053150"}}, {"type": "Feature", "geometry": {"type": "Point", "coordinates": [-73.91821448752881, 40.82803151237712]}, "properties": {"noise_id": 2490, "unique_key": "59984022"}}, {"type": "Feature", "geometry": {"type": "Point", "coordinates": [-73.82821454760713, 40.696895579034056]}, "properties": {"noise_id": 2491, "unique_key": "60073563"}}, {"type": "Feature", "geometry": {"type": "Point", "coordinates": [-73.96051371283097, 40.8144125059853]}, "properties": {"noise_id": 2492, "unique_key": "60089229"}}, {"type": "Feature", "geometry": {"type": "Point", "coordinates": [-73.90501848801496, 40.84820326126152]}, "properties": {"noise_id": 2493, "unique_key": "60174915"}}, {"type": "Feature", "geometry": {"type": "Point", "coordinates": [-73.81802519720397, 40.68954588162193]}, "properties": {"noise_id": 2494, "unique_key": "60148161"}}, {"type": "Feature", "geometry": {"type": "Point", "coordinates": [-73.86202459276788, 40.7033446252815]}, "properties": {"noise_id": 2495, "unique_key": "60000619"}}, {"type": "Feature", "geometry": {"type": "Point", "coordinates": [-73.96362944312872, 40.79821965695116]}, "properties": {"noise_id": 2496, "unique_key": "59982384"}}, {"type": "Feature", "geometry": {"type": "Point", "coordinates": [-73.96262631062628, 40.68074671466466]}, "properties": {"noise_id": 2497, "unique_key": "59948382"}}, {"type": "Feature", "geometry": {"type": "Point", "coordinates": [-73.92397316757432, 40.60759285673383]}, "properties": {"noise_id": 2498, "unique_key": "60104660"}}, {"type": "Feature", "geometry": {"type": "Point", "coordinates": [-73.92925989654985, 40.6519822283987]}, "properties": {"noise_id": 2499, "unique_key": "59957533"}}, {"type": "Feature", "geometry": {"type": "Point", "coordinates": [-73.99517939541789, 40.63322680674357]}, "properties": {"noise_id": 2500, "unique_key": "60175507"}}, {"type": "Feature", "geometry": {"type": "Point", "coordinates": [-73.90287812990437, 40.86592951194105]}, "properties": {"noise_id": 2501, "unique_key": "59994373"}}, {"type": "Feature", "geometry": {"type": "Point", "coordinates": [-74.01795904321285, 40.642409561467815]}, "properties": {"noise_id": 2502, "unique_key": "60044976"}}, {"type": "Feature", "geometry": {"type": "Point", "coordinates": [-73.88679692006374, 40.74042866811404]}, "properties": {"noise_id": 2503, "unique_key": "59913288"}}, {"type": "Feature", "geometry": {"type": "Point", "coordinates": [-74.01101391030856, 40.676994662120514]}, "properties": {"noise_id": 2504, "unique_key": "60174019"}}, {"type": "Feature", "geometry": {"type": "Point", "coordinates": [-73.94928830515481, 40.82507134703785]}, "properties": {"noise_id": 2505, "unique_key": "59960924"}}, {"type": "Feature", "geometry": {"type": "Point", "coordinates": [-73.95556696840863, 40.6806673515269]}, "properties": {"noise_id": 2506, "unique_key": "59957661"}}, {"type": "Feature", "geometry": {"type": "Point", "coordinates": [-73.88182019070055, 40.84238225791507]}, "properties": {"noise_id": 2507, "unique_key": "59931216"}}, {"type": "Feature", "geometry": {"type": "Point", "coordinates": [-73.93258268151824, 40.67335233399525]}, "properties": {"noise_id": 2508, "unique_key": "60024212"}}, {"type": "Feature", "geometry": {"type": "Point", "coordinates": [-73.92465214640484, 40.822892299365904]}, "properties": {"noise_id": 2509, "unique_key": "59947931"}}, {"type": "Feature", "geometry": {"type": "Point", "coordinates": [-73.9025589537559, 40.63714909494959]}, "properties": {"noise_id": 2510, "unique_key": "60195124"}}, {"type": "Feature", "geometry": {"type": "Point", "coordinates": [-73.95838565453022, 40.65296810753562]}, "properties": {"noise_id": 2511, "unique_key": "60015698"}}, {"type": "Feature", "geometry": {"type": "Point", "coordinates": [-73.85493838071939, 40.89522545852203]}, "properties": {"noise_id": 2512, "unique_key": "59964813"}}, {"type": "Feature", "geometry": {"type": "Point", "coordinates": [-73.71955886039473, 40.73585278661584]}, "properties": {"noise_id": 2513, "unique_key": "59985714"}}, {"type": "Feature", "geometry": {"type": "Point", "coordinates": [-73.95964486142265, 40.73995298619141]}, "properties": {"noise_id": 2514, "unique_key": "60109155"}}, {"type": "Feature", "geometry": {"type": "Point", "coordinates": [-73.80986336677563, 40.72807474071901]}, "properties": {"noise_id": 2515, "unique_key": "60009040"}}, {"type": "Feature", "geometry": {"type": "Point", "coordinates": [-73.88879506347044, 40.85564338239749]}, "properties": {"noise_id": 2516, "unique_key": "60024009"}}, {"type": "Feature", "geometry": {"type": "Point", "coordinates": [-73.83282666705648, 40.6927111020609]}, "properties": {"noise_id": 2517, "unique_key": "60146874"}}, {"type": "Feature", "geometry": {"type": "Point", "coordinates": [-73.9182907245854, 40.80714424466687]}, "properties": {"noise_id": 2518, "unique_key": "60195726"}}, {"type": "Feature", "geometry": {"type": "Point", "coordinates": [-73.95742304413129, 40.61965976072492]}, "properties": {"noise_id": 2519, "unique_key": "60178262"}}, {"type": "Feature", "geometry": {"type": "Point", "coordinates": [-73.98979219054627, 40.75723230481567]}, "properties": {"noise_id": 2520, "unique_key": "60075969"}}, {"type": "Feature", "geometry": {"type": "Point", "coordinates": [-73.97902271773626, 40.75270201655351]}, "properties": {"noise_id": 2521, "unique_key": "59940128"}}, {"type": "Feature", "geometry": {"type": "Point", "coordinates": [-73.98129170351517, 40.66725245869395]}, "properties": {"noise_id": 2522, "unique_key": "60173377"}}, {"type": "Feature", "geometry": {"type": "Point", "coordinates": [-73.88680346314545, 40.87676190090559]}, "properties": {"noise_id": 2523, "unique_key": "60189479"}}, {"type": "Feature", "geometry": {"type": "Point", "coordinates": [-73.94247118529474, 40.79460446502541]}, "properties": {"noise_id": 2524, "unique_key": "60127986"}}, {"type": "Feature", "geometry": {"type": "Point", "coordinates": [-73.88003043796209, 40.76262684283456]}, "properties": {"noise_id": 2525, "unique_key": "60083783"}}, {"type": "Feature", "geometry": {"type": "Point", "coordinates": [-73.97135378310915, 40.79271590890203]}, "properties": {"noise_id": 2526, "unique_key": "59972933"}}, {"type": "Feature", "geometry": {"type": "Point", "coordinates": [-73.94456217856045, 40.71233445443151]}, "properties": {"noise_id": 2527, "unique_key": "60144299"}}, {"type": "Feature", "geometry": {"type": "Point", "coordinates": [-73.98275752211352, 40.741951455191405]}, "properties": {"noise_id": 2528, "unique_key": "59928018"}}, {"type": "Feature", "geometry": {"type": "Point", "coordinates": [-73.95247739308253, 40.82196568588328]}, "properties": {"noise_id": 2529, "unique_key": "59921696"}}, {"type": "Feature", "geometry": {"type": "Point", "coordinates": [-73.95423868403392, 40.80894269961408]}, "properties": {"noise_id": 2530, "unique_key": "60145144"}}, {"type": "Feature", "geometry": {"type": "Point", "coordinates": [-73.95160673660112, 40.67775903854454]}, "properties": {"noise_id": 2531, "unique_key": "60056191"}}, {"type": "Feature", "geometry": {"type": "Point", "coordinates": [-73.86049036981154, 40.667822645849625]}, "properties": {"noise_id": 2532, "unique_key": "60140870"}}, {"type": "Feature", "geometry": {"type": "Point", "coordinates": [-73.98471177813548, 40.76496368447327]}, "properties": {"noise_id": 2533, "unique_key": "59914203"}}, {"type": "Feature", "geometry": {"type": "Point", "coordinates": [-73.87063769652816, 40.82949480646269]}, "properties": {"noise_id": 2534, "unique_key": "60170454"}}, {"type": "Feature", "geometry": {"type": "Point", "coordinates": [-73.95292812926102, 40.67000010600691]}, "properties": {"noise_id": 2535, "unique_key": "60122976"}}, {"type": "Feature", "geometry": {"type": "Point", "coordinates": [-73.79167322926706, 40.74497020623177]}, "properties": {"noise_id": 2536, "unique_key": "60058147"}}, {"type": "Feature", "geometry": {"type": "Point", "coordinates": [-73.91957571461724, 40.70630593173905]}, "properties": {"noise_id": 2537, "unique_key": "60176731"}}, {"type": "Feature", "geometry": {"type": "Point", "coordinates": [-73.84144360972748, 40.71914169526294]}, "properties": {"noise_id": 2538, "unique_key": "59953581"}}, {"type": "Feature", "geometry": {"type": "Point", "coordinates": [-73.73192487646533, 40.69728798130529]}, "properties": {"noise_id": 2539, "unique_key": "60125631"}}, {"type": "Feature", "geometry": {"type": "Point", "coordinates": [-73.99938005877068, 40.6603700736922]}, "properties": {"noise_id": 2540, "unique_key": "60117594"}}, {"type": "Feature", "geometry": {"type": "Point", "coordinates": [-73.80228601065063, 40.70273875167371]}, "properties": {"noise_id": 2541, "unique_key": "60079889"}}, {"type": "Feature", "geometry": {"type": "Point", "coordinates": [-73.89342106960484, 40.74576529793688]}, "properties": {"noise_id": 2542, "unique_key": "59918066"}}, {"type": "Feature", "geometry": {"type": "Point", "coordinates": [-73.86865697421297, 40.83342849023004]}, "properties": {"noise_id": 2543, "unique_key": "60051768"}}, {"type": "Feature", "geometry": {"type": "Point", "coordinates": [-73.92725124546486, 40.69614167746427]}, "properties": {"noise_id": 2544, "unique_key": "60101175"}}, {"type": "Feature", "geometry": {"type": "Point", "coordinates": [-73.87720495934857, 40.71703349751703]}, "properties": {"noise_id": 2545, "unique_key": "60087638"}}, {"type": "Feature", "geometry": {"type": "Point", "coordinates": [-73.91294098536245, 40.840271816243714]}, "properties": {"noise_id": 2546, "unique_key": "60169456"}}, {"type": "Feature", "geometry": {"type": "Point", "coordinates": [-73.85284544229353, 40.71163068839122]}, "properties": {"noise_id": 2547, "unique_key": "59907114"}}, {"type": "Feature", "geometry": {"type": "Point", "coordinates": [-73.89296757512533, 40.74499909172425]}, "properties": {"noise_id": 2548, "unique_key": "60157852"}}, {"type": "Feature", "geometry": {"type": "Point", "coordinates": [-73.99157229743322, 40.6669160635699]}, "properties": {"noise_id": 2549, "unique_key": "60176964"}}, {"type": "Feature", "geometry": {"type": "Point", "coordinates": [-73.87221775214613, 40.74243904326487]}, "properties": {"noise_id": 2550, "unique_key": "59948297"}}, {"type": "Feature", "geometry": {"type": "Point", "coordinates": [-73.93819325697689, 40.82379513023412]}, "properties": {"noise_id": 2551, "unique_key": "60109891"}}, {"type": "Feature", "geometry": {"type": "Point", "coordinates": [-73.85887206902268, 40.88067524903928]}, "properties": {"noise_id": 2552, "unique_key": "59911736"}}, {"type": "Feature", "geometry": {"type": "Point", "coordinates": [-73.86655132678487, 40.85448348939296]}, "properties": {"noise_id": 2553, "unique_key": "60034711"}}, {"type": "Feature", "geometry": {"type": "Point", "coordinates": [-73.99622585195348, 40.60437084599537]}, "properties": {"noise_id": 2554, "unique_key": "60117540"}}, {"type": "Feature", "geometry": {"type": "Point", "coordinates": [-73.96457082955617, 40.80742301620198]}, "properties": {"noise_id": 2555, "unique_key": "59918716"}}, {"type": "Feature", "geometry": {"type": "Point", "coordinates": [-73.9567032840127, 40.67417090370863]}, "properties": {"noise_id": 2556, "unique_key": "59933920"}}, {"type": "Feature", "geometry": {"type": "Point", "coordinates": [-73.95733002900144, 40.64119808645915]}, "properties": {"noise_id": 2557, "unique_key": "59972969"}}, {"type": "Feature", "geometry": {"type": "Point", "coordinates": [-73.94277812052934, 40.81146821555538]}, "properties": {"noise_id": 2558, "unique_key": "60085282"}}, {"type": "Feature", "geometry": {"type": "Point", "coordinates": [-73.83284005523785, 40.71326121641582]}, "properties": {"noise_id": 2559, "unique_key": "59960949"}}, {"type": "Feature", "geometry": {"type": "Point", "coordinates": [-73.86890067543244, 40.83262456596203]}, "properties": {"noise_id": 2560, "unique_key": "60199284"}}, {"type": "Feature", "geometry": {"type": "Point", "coordinates": [-73.93662149072914, 40.67968133632851]}, "properties": {"noise_id": 2561, "unique_key": "60082979"}}, {"type": "Feature", "geometry": {"type": "Point", "coordinates": [-73.9508641015142, 40.76088102235992]}, "properties": {"noise_id": 2562, "unique_key": "60000660"}}, {"type": "Feature", "geometry": {"type": "Point", "coordinates": [-73.71477499862569, 40.74744590586306]}, "properties": {"noise_id": 2563, "unique_key": "60016951"}}, {"type": "Feature", "geometry": {"type": "Point", "coordinates": [-73.9142974505466, 40.83654002526548]}, "properties": {"noise_id": 2564, "unique_key": "60125404"}}, {"type": "Feature", "geometry": {"type": "Point", "coordinates": [-73.91541107391029, 40.61724031917947]}, "properties": {"noise_id": 2565, "unique_key": "60069967"}}, {"type": "Feature", "geometry": {"type": "Point", "coordinates": [-73.95865684544391, 40.65733515284328]}, "properties": {"noise_id": 2566, "unique_key": "59929257"}}, {"type": "Feature", "geometry": {"type": "Point", "coordinates": [-73.93192213754392, 40.85427983830552]}, "properties": {"noise_id": 2567, "unique_key": "60138063"}}, {"type": "Feature", "geometry": {"type": "Point", "coordinates": [-73.9343946849556, 40.66369725334163]}, "properties": {"noise_id": 2568, "unique_key": "60046790"}}, {"type": "Feature", "geometry": {"type": "Point", "coordinates": [-73.88866000748261, 40.83050994628645]}, "properties": {"noise_id": 2569, "unique_key": "59981376"}}, {"type": "Feature", "geometry": {"type": "Point", "coordinates": [-73.9457422007299, 40.800353512831336]}, "properties": {"noise_id": 2570, "unique_key": "60116907"}}, {"type": "Feature", "geometry": {"type": "Point", "coordinates": [-73.99203226247754, 40.769430116587934]}, "properties": {"noise_id": 2571, "unique_key": "59915270"}}, {"type": "Feature", "geometry": {"type": "Point", "coordinates": [-74.00251460562211, 40.62847290629392]}, "properties": {"noise_id": 2572, "unique_key": "60010193"}}, {"type": "Feature", "geometry": {"type": "Point", "coordinates": [-73.93213143814081, 40.78732255690772]}, "properties": {"noise_id": 2573, "unique_key": "60061519"}}, {"type": "Feature", "geometry": {"type": "Point", "coordinates": [-73.99098180830418, 40.63525769703462]}, "properties": {"noise_id": 2574, "unique_key": "60075052"}}, {"type": "Feature", "geometry": {"type": "Point", "coordinates": [-74.11682488220622, 40.60798407295584]}, "properties": {"noise_id": 2575, "unique_key": "60018382"}}, {"type": "Feature", "geometry": {"type": "Point", "coordinates": [-73.9108439651691, 40.81395113045769]}, "properties": {"noise_id": 2576, "unique_key": "59920979"}}, {"type": "Feature", "geometry": {"type": "Point", "coordinates": [-74.00018719311541, 40.57805925806403]}, "properties": {"noise_id": 2577, "unique_key": "60114337"}}, {"type": "Feature", "geometry": {"type": "Point", "coordinates": [-73.82384397075892, 40.75139722157075]}, "properties": {"noise_id": 2578, "unique_key": "60115155"}}, {"type": "Feature", "geometry": {"type": "Point", "coordinates": [-73.92806759056595, 40.67150785452561]}, "properties": {"noise_id": 2579, "unique_key": "59982653"}}, {"type": "Feature", "geometry": {"type": "Point", "coordinates": [-73.8200303571037, 40.60794646260885]}, "properties": {"noise_id": 2580, "unique_key": "60083717"}}, {"type": "Feature", "geometry": {"type": "Point", "coordinates": [-73.93789961254876, 40.85194472351711]}, "properties": {"noise_id": 2581, "unique_key": "60043993"}}, {"type": "Feature", "geometry": {"type": "Point", "coordinates": [-74.21553147648282, 40.52785474590665]}, "properties": {"noise_id": 2582, "unique_key": "60104934"}}, {"type": "Feature", "geometry": {"type": "Point", "coordinates": [-73.93358950294318, 40.7447332449159]}, "properties": {"noise_id": 2583, "unique_key": "59935205"}}, {"type": "Feature", "geometry": {"type": "Point", "coordinates": [-73.91736033017534, 40.80588100783928]}, "properties": {"noise_id": 2584, "unique_key": "59930481"}}, {"type": "Feature", "geometry": {"type": "Point", "coordinates": [-73.84723977422733, 40.72905537699475]}, "properties": {"noise_id": 2585, "unique_key": "60121520"}}, {"type": "Feature", "geometry": {"type": "Point", "coordinates": [-73.88894325756999, 40.84266380702656]}, "properties": {"noise_id": 2586, "unique_key": "60063463"}}, {"type": "Feature", "geometry": {"type": "Point", "coordinates": [-73.96736383437748, 40.76912384849671]}, "properties": {"noise_id": 2587, "unique_key": "59989108"}}, {"type": "Feature", "geometry": {"type": "Point", "coordinates": [-73.87626546717489, 40.83252565879467]}, "properties": {"noise_id": 2588, "unique_key": "60093717"}}, {"type": "Feature", "geometry": {"type": "Point", "coordinates": [-73.97094355209511, 40.7893315529252]}, "properties": {"noise_id": 2589, "unique_key": "60109795"}}, {"type": "Feature", "geometry": {"type": "Point", "coordinates": [-73.94142617662432, 40.61542848628599]}, "properties": {"noise_id": 2590, "unique_key": "60167626"}}, {"type": "Feature", "geometry": {"type": "Point", "coordinates": [-73.98120703043593, 40.68631215784098]}, "properties": {"noise_id": 2591, "unique_key": "59945040"}}, {"type": "Feature", "geometry": {"type": "Point", "coordinates": [-73.81429354176124, 40.6932700701298]}, "properties": {"noise_id": 2592, "unique_key": "60031487"}}, {"type": "Feature", "geometry": {"type": "Point", "coordinates": [-73.91555417118946, 40.76322377562956]}, "properties": {"noise_id": 2593, "unique_key": "60049826"}}, {"type": "Feature", "geometry": {"type": "Point", "coordinates": [-73.86127733798185, 40.743535265824114]}, "properties": {"noise_id": 2594, "unique_key": "60162548"}}, {"type": "Feature", "geometry": {"type": "Point", "coordinates": [-73.83762404030959, 40.68328966797132]}, "properties": {"noise_id": 2595, "unique_key": "60179478"}}, {"type": "Feature", "geometry": {"type": "Point", "coordinates": [-73.95063230417935, 40.64503810578165]}, "properties": {"noise_id": 2596, "unique_key": "60162602"}}, {"type": "Feature", "geometry": {"type": "Point", "coordinates": [-73.81698831093635, 40.81639294813431]}, "properties": {"noise_id": 2597, "unique_key": "59928220"}}, {"type": "Feature", "geometry": {"type": "Point", "coordinates": [-73.94434400921467, 40.72306087325767]}, "properties": {"noise_id": 2598, "unique_key": "59994275"}}, {"type": "Feature", "geometry": {"type": "Point", "coordinates": [-74.0841632876154, 40.63390151592268]}, "properties": {"noise_id": 2599, "unique_key": "60162934"}}, {"type": "Feature", "geometry": {"type": "Point", "coordinates": [-73.90607169188512, 40.6296422738983]}, "properties": {"noise_id": 2600, "unique_key": "59953584"}}, {"type": "Feature", "geometry": {"type": "Point", "coordinates": [-73.8984233658015, 40.85443910241399]}, "properties": {"noise_id": 2601, "unique_key": "59920837"}}, {"type": "Feature", "geometry": {"type": "Point", "coordinates": [-73.79193704202329, 40.70325299565209]}, "properties": {"noise_id": 2602, "unique_key": "60136264"}}, {"type": "Feature", "geometry": {"type": "Point", "coordinates": [-73.98342407217982, 40.73172185922995]}, "properties": {"noise_id": 2603, "unique_key": "59951972"}}, {"type": "Feature", "geometry": {"type": "Point", "coordinates": [-73.98498713637727, 40.74450987475287]}, "properties": {"noise_id": 2604, "unique_key": "60078503"}}, {"type": "Feature", "geometry": {"type": "Point", "coordinates": [-73.89213634136293, 40.87055850909331]}, "properties": {"noise_id": 2605, "unique_key": "60182739"}}, {"type": "Feature", "geometry": {"type": "Point", "coordinates": [-73.81818142943737, 40.75258787959271]}, "properties": {"noise_id": 2606, "unique_key": "60126381"}}, {"type": "Feature", "geometry": {"type": "Point", "coordinates": [-73.94252825355407, 40.7117652911237]}, "properties": {"noise_id": 2607, "unique_key": "59908587"}}, {"type": "Feature", "geometry": {"type": "Point", "coordinates": [-73.95991224731239, 40.60742436431369]}, "properties": {"noise_id": 2608, "unique_key": "59921500"}}, {"type": "Feature", "geometry": {"type": "Point", "coordinates": [-73.84434621667164, 40.68576925588599]}, "properties": {"noise_id": 2609, "unique_key": "59957581"}}, {"type": "Feature", "geometry": {"type": "Point", "coordinates": [-73.86284558197228, 40.8126743868101]}, "properties": {"noise_id": 2610, "unique_key": "60196628"}}, {"type": "Feature", "geometry": {"type": "Point", "coordinates": [-73.92943688707629, 40.86626445017463]}, "properties": {"noise_id": 2611, "unique_key": "59908600"}}, {"type": "Feature", "geometry": {"type": "Point", "coordinates": [-73.92910175578176, 40.75331614458052]}, "properties": {"noise_id": 2612, "unique_key": "60152923"}}, {"type": "Feature", "geometry": {"type": "Point", "coordinates": [-73.95247480385893, 40.80029610120122]}, "properties": {"noise_id": 2613, "unique_key": "60099597"}}, {"type": "Feature", "geometry": {"type": "Point", "coordinates": [-73.9378374854632, 40.66314746464442]}, "properties": {"noise_id": 2614, "unique_key": "59985654"}}, {"type": "Feature", "geometry": {"type": "Point", "coordinates": [-73.8753791197256, 40.76939593361693]}, "properties": {"noise_id": 2615, "unique_key": "59929832"}}, {"type": "Feature", "geometry": {"type": "Point", "coordinates": [-73.943696981624, 40.72026913869982]}, "properties": {"noise_id": 2616, "unique_key": "60117729"}}, {"type": "Feature", "geometry": {"type": "Point", "coordinates": [-74.13206931846244, 40.63860495759125]}, "properties": {"noise_id": 2617, "unique_key": "59963265"}}, {"type": "Feature", "geometry": {"type": "Point", "coordinates": [-74.2009530564552, 40.53534161441843]}, "properties": {"noise_id": 2618, "unique_key": "60076986"}}, {"type": "Feature", "geometry": {"type": "Point", "coordinates": [-73.85107293212286, 40.83981054299798]}, "properties": {"noise_id": 2619, "unique_key": "60180930"}}, {"type": "Feature", "geometry": {"type": "Point", "coordinates": [-73.94284815713316, 40.843493587365806]}, "properties": {"noise_id": 2620, "unique_key": "60171267"}}, {"type": "Feature", "geometry": {"type": "Point", "coordinates": [-73.92659806906576, 40.76533381443027]}, "properties": {"noise_id": 2621, "unique_key": "60016322"}}, {"type": "Feature", "geometry": {"type": "Point", "coordinates": [-73.9431100244629, 40.66406969404813]}, "properties": {"noise_id": 2622, "unique_key": "60170418"}}, {"type": "Feature", "geometry": {"type": "Point", "coordinates": [-73.88020230466194, 40.73731767975987]}, "properties": {"noise_id": 2623, "unique_key": "60045498"}}, {"type": "Feature", "geometry": {"type": "Point", "coordinates": [-73.98512723071912, 40.66659701666579]}, "properties": {"noise_id": 2624, "unique_key": "59946439"}}, {"type": "Feature", "geometry": {"type": "Point", "coordinates": [-73.99122247642505, 40.66819784842255]}, "properties": {"noise_id": 2625, "unique_key": "59917534"}}, {"type": "Feature", "geometry": {"type": "Point", "coordinates": [-73.97292661917737, 40.63720640715453]}, "properties": {"noise_id": 2626, "unique_key": "60174445"}}, {"type": "Feature", "geometry": {"type": "Point", "coordinates": [-73.91254925675244, 40.84134470145586]}, "properties": {"noise_id": 2627, "unique_key": "60041186"}}, {"type": "Feature", "geometry": {"type": "Point", "coordinates": [-73.93813217980119, 40.67185954893066]}, "properties": {"noise_id": 2628, "unique_key": "60156106"}}, {"type": "Feature", "geometry": {"type": "Point", "coordinates": [-73.95332697772228, 40.71305197980544]}, "properties": {"noise_id": 2629, "unique_key": "60161058"}}, {"type": "Feature", "geometry": {"type": "Point", "coordinates": [-73.93252591216684, 40.67245201406342]}, "properties": {"noise_id": 2630, "unique_key": "60007504"}}, {"type": "Feature", "geometry": {"type": "Point", "coordinates": [-74.01054310709064, 40.70915516144616]}, "properties": {"noise_id": 2631, "unique_key": "59967212"}}, {"type": "Feature", "geometry": {"type": "Point", "coordinates": [-73.78828125130184, 40.64832048620134]}, "properties": {"noise_id": 2632, "unique_key": "60097223"}}, {"type": "Feature", "geometry": {"type": "Point", "coordinates": [-73.85304636935012, 40.84954856236909]}, "properties": {"noise_id": 2633, "unique_key": "59936573"}}, {"type": "Feature", "geometry": {"type": "Point", "coordinates": [-73.93958356584051, 40.756978121174114]}, "properties": {"noise_id": 2634, "unique_key": "59979110"}}, {"type": "Feature", "geometry": {"type": "Point", "coordinates": [-73.91503811152762, 40.842340146343126]}, "properties": {"noise_id": 2635, "unique_key": "60052457"}}, {"type": "Feature", "geometry": {"type": "Point", "coordinates": [-73.82748144004533, 40.84780869783529]}, "properties": {"noise_id": 2636, "unique_key": "60155815"}}, {"type": "Feature", "geometry": {"type": "Point", "coordinates": [-73.87244895661739, 40.67445144389806]}, "properties": {"noise_id": 2637, "unique_key": "60080063"}}, {"type": "Feature", "geometry": {"type": "Point", "coordinates": [-73.9964084373713, 40.75833883316321]}, "properties": {"noise_id": 2638, "unique_key": "60059713"}}, {"type": "Feature", "geometry": {"type": "Point", "coordinates": [-73.92768757158264, 40.85908872412456]}, "properties": {"noise_id": 2639, "unique_key": "60091977"}}, {"type": "Feature", "geometry": {"type": "Point", "coordinates": [-73.90355703937946, 40.85152039806132]}, "properties": {"noise_id": 2640, "unique_key": "60171980"}}, {"type": "Feature", "geometry": {"type": "Point", "coordinates": [-73.9986146946898, 40.72058482071365]}, "properties": {"noise_id": 2641, "unique_key": "60157580"}}, {"type": "Feature", "geometry": {"type": "Point", "coordinates": [-73.94136288466086, 40.70388174075247]}, "properties": {"noise_id": 2642, "unique_key": "60012872"}}, {"type": "Feature", "geometry": {"type": "Point", "coordinates": [-73.92176785411625, 40.66702701052424]}, "properties": {"noise_id": 2643, "unique_key": "59902626"}}, {"type": "Feature", "geometry": {"type": "Point", "coordinates": [-73.87377216339934, 40.75437493539446]}, "properties": {"noise_id": 2644, "unique_key": "60081773"}}, {"type": "Feature", "geometry": {"type": "Point", "coordinates": [-74.00218826523523, 40.67406923864178]}, "properties": {"noise_id": 2645, "unique_key": "59920387"}}, {"type": "Feature", "geometry": {"type": "Point", "coordinates": [-73.89296757512533, 40.74499909172425]}, "properties": {"noise_id": 2646, "unique_key": "60072573"}}, {"type": "Feature", "geometry": {"type": "Point", "coordinates": [-73.95211821525047, 40.80394369505901]}, "properties": {"noise_id": 2647, "unique_key": "59911584"}}, {"type": "Feature", "geometry": {"type": "Point", "coordinates": [-73.93548353243136, 40.69320968391036]}, "properties": {"noise_id": 2648, "unique_key": "60091960"}}, {"type": "Feature", "geometry": {"type": "Point", "coordinates": [-73.87651354204384, 40.82541985314205]}, "properties": {"noise_id": 2649, "unique_key": "60105903"}}, {"type": "Feature", "geometry": {"type": "Point", "coordinates": [-74.03574449283943, 40.62777294560743]}, "properties": {"noise_id": 2650, "unique_key": "59959299"}}, {"type": "Feature", "geometry": {"type": "Point", "coordinates": [-73.94111973107837, 40.67292060038367]}, "properties": {"noise_id": 2651, "unique_key": "59993980"}}, {"type": "Feature", "geometry": {"type": "Point", "coordinates": [-73.98322753703334, 40.69544706314867]}, "properties": {"noise_id": 2652, "unique_key": "59994733"}}, {"type": "Feature", "geometry": {"type": "Point", "coordinates": [-73.98179181619352, 40.763121538030525]}, "properties": {"noise_id": 2653, "unique_key": "59919177"}}, {"type": "Feature", "geometry": {"type": "Point", "coordinates": [-73.98699702568437, 40.69030110917584]}, "properties": {"noise_id": 2654, "unique_key": "60188955"}}, {"type": "Feature", "geometry": {"type": "Point", "coordinates": [-73.88392576782155, 40.73552367814222]}, "properties": {"noise_id": 2655, "unique_key": "60022749"}}, {"type": "Feature", "geometry": {"type": "Point", "coordinates": [-73.96419095481713, 40.6943695100539]}, "properties": {"noise_id": 2656, "unique_key": "60122757"}}, {"type": "Feature", "geometry": {"type": "Point", "coordinates": [-73.93086193117836, 40.63969480001584]}, "properties": {"noise_id": 2657, "unique_key": "59979149"}}, {"type": "Feature", "geometry": {"type": "Point", "coordinates": [-73.83557028104418, 40.678332427653146]}, "properties": {"noise_id": 2658, "unique_key": "60113030"}}, {"type": "Feature", "geometry": {"type": "Point", "coordinates": [-73.9101069809838, 40.70162184474281]}, "properties": {"noise_id": 2659, "unique_key": "60126788"}}, {"type": "Feature", "geometry": {"type": "Point", "coordinates": [-73.7684872935077, 40.6968430831884]}, "properties": {"noise_id": 2660, "unique_key": "60014738"}}, {"type": "Feature", "geometry": {"type": "Point", "coordinates": [-73.7778879217062, 40.676569452491314]}, "properties": {"noise_id": 2661, "unique_key": "60015888"}}, {"type": "Feature", "geometry": {"type": "Point", "coordinates": [-73.89292773649248, 40.825924821796754]}, "properties": {"noise_id": 2662, "unique_key": "60187865"}}, {"type": "Feature", "geometry": {"type": "Point", "coordinates": [-73.98571971162497, 40.7277834426299]}, "properties": {"noise_id": 2663, "unique_key": "60161121"}}, {"type": "Feature", "geometry": {"type": "Point", "coordinates": [-73.93236189326498, 40.67066781281704]}, "properties": {"noise_id": 2664, "unique_key": "59901487"}}, {"type": "Feature", "geometry": {"type": "Point", "coordinates": [-73.99927976337715, 40.60245778257913]}, "properties": {"noise_id": 2665, "unique_key": "59932334"}}, {"type": "Feature", "geometry": {"type": "Point", "coordinates": [-73.95733350299736, 40.6695763837424]}, "properties": {"noise_id": 2666, "unique_key": "60117016"}}, {"type": "Feature", "geometry": {"type": "Point", "coordinates": [-73.88921288265406, 40.67208085104968]}, "properties": {"noise_id": 2667, "unique_key": "60133324"}}, {"type": "Feature", "geometry": {"type": "Point", "coordinates": [-73.94992195186114, 40.81370025400632]}, "properties": {"noise_id": 2668, "unique_key": "59997732"}}, {"type": "Feature", "geometry": {"type": "Point", "coordinates": [-73.95677000970403, 40.62128443388824]}, "properties": {"noise_id": 2669, "unique_key": "60171347"}}, {"type": "Feature", "geometry": {"type": "Point", "coordinates": [-73.92594302108526, 40.69538328691307]}, "properties": {"noise_id": 2670, "unique_key": "59963253"}}, {"type": "Feature", "geometry": {"type": "Point", "coordinates": [-73.94651730320311, 40.83812669619484]}, "properties": {"noise_id": 2671, "unique_key": "59986005"}}, {"type": "Feature", "geometry": {"type": "Point", "coordinates": [-73.9185632555248, 40.81468419248293]}, "properties": {"noise_id": 2672, "unique_key": "59986776"}}, {"type": "Feature", "geometry": {"type": "Point", "coordinates": [-74.00170021961156, 40.62056792448903]}, "properties": {"noise_id": 2673, "unique_key": "60093795"}}, {"type": "Feature", "geometry": {"type": "Point", "coordinates": [-73.91129922391039, 40.841006147648265]}, "properties": {"noise_id": 2674, "unique_key": "60067596"}}, {"type": "Feature", "geometry": {"type": "Point", "coordinates": [-73.96548313531328, 40.75478201763145]}, "properties": {"noise_id": 2675, "unique_key": "59987475"}}, {"type": "Feature", "geometry": {"type": "Point", "coordinates": [-73.88828924516416, 40.67038917445692]}, "properties": {"noise_id": 2676, "unique_key": "59981459"}}, {"type": "Feature", "geometry": {"type": "Point", "coordinates": [-73.95420127868046, 40.82130490649247]}, "properties": {"noise_id": 2677, "unique_key": "59957853"}}, {"type": "Feature", "geometry": {"type": "Point", "coordinates": [-73.97397655638369, 40.64273464873949]}, "properties": {"noise_id": 2678, "unique_key": "59916990"}}, {"type": "Feature", "geometry": {"type": "Point", "coordinates": [-73.9274955262169, 40.83628558491302]}, "properties": {"noise_id": 2679, "unique_key": "60188167"}}, {"type": "Feature", "geometry": {"type": "Point", "coordinates": [-73.87773294308975, 40.82644218760296]}, "properties": {"noise_id": 2680, "unique_key": "59932938"}}, {"type": "Feature", "geometry": {"type": "Point", "coordinates": [-73.75251217988765, 40.66749006334416]}, "properties": {"noise_id": 2681, "unique_key": "60054958"}}, {"type": "Feature", "geometry": {"type": "Point", "coordinates": [-73.89720461167514, 40.65832868725338]}, "properties": {"noise_id": 2682, "unique_key": "60007323"}}, {"type": "Feature", "geometry": {"type": "Point", "coordinates": [-73.92886303221528, 40.8315271048226]}, "properties": {"noise_id": 2683, "unique_key": "60001245"}}, {"type": "Feature", "geometry": {"type": "Point", "coordinates": [-73.88363216709014, 40.65776680051851]}, "properties": {"noise_id": 2684, "unique_key": "60058189"}}, {"type": "Feature", "geometry": {"type": "Point", "coordinates": [-73.89144696746713, 40.66603897748475]}, "properties": {"noise_id": 2685, "unique_key": "60185069"}}, {"type": "Feature", "geometry": {"type": "Point", "coordinates": [-73.91697327933535, 40.823693973150526]}, "properties": {"noise_id": 2686, "unique_key": "60044744"}}, {"type": "Feature", "geometry": {"type": "Point", "coordinates": [-73.89869773178044, 40.733632759746]}, "properties": {"noise_id": 2687, "unique_key": "59919932"}}, {"type": "Feature", "geometry": {"type": "Point", "coordinates": [-73.97746944205868, 40.735127088058285]}, "properties": {"noise_id": 2688, "unique_key": "60097555"}}, {"type": "Feature", "geometry": {"type": "Point", "coordinates": [-73.78672469891325, 40.69108684517106]}, "properties": {"noise_id": 2689, "unique_key": "59911855"}}, {"type": "Feature", "geometry": {"type": "Point", "coordinates": [-73.94517718810043, 40.68383308312497]}, "properties": {"noise_id": 2690, "unique_key": "60143761"}}, {"type": "Feature", "geometry": {"type": "Point", "coordinates": [-73.96594996040454, 40.688864036388]}, "properties": {"noise_id": 2691, "unique_key": "60040013"}}, {"type": "Feature", "geometry": {"type": "Point", "coordinates": [-73.9237445080268, 40.80777926778886]}, "properties": {"noise_id": 2692, "unique_key": "60058903"}}, {"type": "Feature", "geometry": {"type": "Point", "coordinates": [-73.96881804162827, 40.67809436315441]}, "properties": {"noise_id": 2693, "unique_key": "59973253"}}, {"type": "Feature", "geometry": {"type": "Point", "coordinates": [-73.88514827956058, 40.63546144624468]}, "properties": {"noise_id": 2694, "unique_key": "60168890"}}, {"type": "Feature", "geometry": {"type": "Point", "coordinates": [-73.97565481737747, 40.72421905992064]}, "properties": {"noise_id": 2695, "unique_key": "60159690"}}, {"type": "Feature", "geometry": {"type": "Point", "coordinates": [-73.98337497122225, 40.76944291636075]}, "properties": {"noise_id": 2696, "unique_key": "59894065"}}, {"type": "Feature", "geometry": {"type": "Point", "coordinates": [-73.87221775214613, 40.74243904326487]}, "properties": {"noise_id": 2697, "unique_key": "60055065"}}, {"type": "Feature", "geometry": {"type": "Point", "coordinates": [-74.00876861723812, 40.737549830393526]}, "properties": {"noise_id": 2698, "unique_key": "60016470"}}, {"type": "Feature", "geometry": {"type": "Point", "coordinates": [-73.90787813665726, 40.61288402954282]}, "properties": {"noise_id": 2699, "unique_key": "60166717"}}, {"type": "Feature", "geometry": {"type": "Point", "coordinates": [-73.86466591292151, 40.81997750108994]}, "properties": {"noise_id": 2700, "unique_key": "59937026"}}, {"type": "Feature", "geometry": {"type": "Point", "coordinates": [-73.93994375426453, 40.81787844246842]}, "properties": {"noise_id": 2701, "unique_key": "60081513"}}, {"type": "Feature", "geometry": {"type": "Point", "coordinates": [-73.93804285312729, 40.80294339861568]}, "properties": {"noise_id": 2702, "unique_key": "60075378"}}, {"type": "Feature", "geometry": {"type": "Point", "coordinates": [-73.95324908473019, 40.76753527045312]}, "properties": {"noise_id": 2703, "unique_key": "59998199"}}, {"type": "Feature", "geometry": {"type": "Point", "coordinates": [-74.01822496911396, 40.63976903580093]}, "properties": {"noise_id": 2704, "unique_key": "59957965"}}, {"type": "Feature", "geometry": {"type": "Point", "coordinates": [-73.90712636722496, 40.661356385690354]}, "properties": {"noise_id": 2705, "unique_key": "60085989"}}, {"type": "Feature", "geometry": {"type": "Point", "coordinates": [-73.8991571958064, 40.85442602267167]}, "properties": {"noise_id": 2706, "unique_key": "60087552"}}, {"type": "Feature", "geometry": {"type": "Point", "coordinates": [-73.88985539015991, 40.72178649862578]}, "properties": {"noise_id": 2707, "unique_key": "60052898"}}, {"type": "Feature", "geometry": {"type": "Point", "coordinates": [-73.98450377273157, 40.61942231442252]}, "properties": {"noise_id": 2708, "unique_key": "60182024"}}, {"type": "Feature", "geometry": {"type": "Point", "coordinates": [-73.87941295826978, 40.84448221416345]}, "properties": {"noise_id": 2709, "unique_key": "60089137"}}, {"type": "Feature", "geometry": {"type": "Point", "coordinates": [-73.9311201452519, 40.66879788262019]}, "properties": {"noise_id": 2710, "unique_key": "60055060"}}, {"type": "Feature", "geometry": {"type": "Point", "coordinates": [-73.8291142164833, 40.84818440876092]}, "properties": {"noise_id": 2711, "unique_key": "60067147"}}, {"type": "Feature", "geometry": {"type": "Point", "coordinates": [-73.83043385329768, 40.755883800525936]}, "properties": {"noise_id": 2712, "unique_key": "59942241"}}, {"type": "Feature", "geometry": {"type": "Point", "coordinates": [-73.96063138687896, 40.627697652429525]}, "properties": {"noise_id": 2713, "unique_key": "59961091"}}, {"type": "Feature", "geometry": {"type": "Point", "coordinates": [-74.000436569252, 40.72879439753808]}, "properties": {"noise_id": 2714, "unique_key": "60141905"}}, {"type": "Feature", "geometry": {"type": "Point", "coordinates": [-73.88675085262959, 40.83546778625424]}, "properties": {"noise_id": 2715, "unique_key": "59978006"}}, {"type": "Feature", "geometry": {"type": "Point", "coordinates": [-74.09854411393471, 40.5984712606769]}, "properties": {"noise_id": 2716, "unique_key": "59928351"}}, {"type": "Feature", "geometry": {"type": "Point", "coordinates": [-73.92962818220569, 40.863154824278624]}, "properties": {"noise_id": 2717, "unique_key": "60071110"}}, {"type": "Feature", "geometry": {"type": "Point", "coordinates": [-73.96329269609444, 40.67531502123216]}, "properties": {"noise_id": 2718, "unique_key": "60132308"}}, {"type": "Feature", "geometry": {"type": "Point", "coordinates": [-73.97059266253866, 40.798852931104726]}, "properties": {"noise_id": 2719, "unique_key": "60057171"}}, {"type": "Feature", "geometry": {"type": "Point", "coordinates": [-73.84687384879807, 40.6684777987759]}, "properties": {"noise_id": 2720, "unique_key": "60119736"}}, {"type": "Feature", "geometry": {"type": "Point", "coordinates": [-73.89499228560491, 40.86169302311893]}, "properties": {"noise_id": 2721, "unique_key": "59935779"}}, {"type": "Feature", "geometry": {"type": "Point", "coordinates": [-73.86840148254917, 40.86394111578621]}, "properties": {"noise_id": 2722, "unique_key": "59924707"}}, {"type": "Feature", "geometry": {"type": "Point", "coordinates": [-73.91476099777104, 40.74269796750061]}, "properties": {"noise_id": 2723, "unique_key": "60170910"}}, {"type": "Feature", "geometry": {"type": "Point", "coordinates": [-73.97124697045079, 40.68046373538717]}, "properties": {"noise_id": 2724, "unique_key": "60156270"}}, {"type": "Feature", "geometry": {"type": "Point", "coordinates": [-74.01167284092874, 40.61050218806698]}, "properties": {"noise_id": 2725, "unique_key": "59946090"}}, {"type": "Feature", "geometry": {"type": "Point", "coordinates": [-73.77220642263013, 40.72292583891815]}, "properties": {"noise_id": 2726, "unique_key": "60175363"}}, {"type": "Feature", "geometry": {"type": "Point", "coordinates": [-73.95968489413325, 40.69168363566094]}, "properties": {"noise_id": 2727, "unique_key": "60004900"}}, {"type": "Feature", "geometry": {"type": "Point", "coordinates": [-73.93734497240956, 40.85363516096966]}, "properties": {"noise_id": 2728, "unique_key": "60071095"}}, {"type": "Feature", "geometry": {"type": "Point", "coordinates": [-73.84974855520584, 40.789330597826975]}, "properties": {"noise_id": 2729, "unique_key": "59911289"}}, {"type": "Feature", "geometry": {"type": "Point", "coordinates": [-74.12338186390508, 40.60337144928087]}, "properties": {"noise_id": 2730, "unique_key": "60042926"}}, {"type": "Feature", "geometry": {"type": "Point", "coordinates": [-73.89680027435357, 40.89639579249236]}, "properties": {"noise_id": 2731, "unique_key": "60155716"}}, {"type": "Feature", "geometry": {"type": "Point", "coordinates": [-73.99260544364424, 40.67947348240383]}, "properties": {"noise_id": 2732, "unique_key": "60058935"}}, {"type": "Feature", "geometry": {"type": "Point", "coordinates": [-73.91246144190357, 40.87512093148135]}, "properties": {"noise_id": 2733, "unique_key": "60198468"}}, {"type": "Feature", "geometry": {"type": "Point", "coordinates": [-73.98150195222456, 40.67600558349092]}, "properties": {"noise_id": 2734, "unique_key": "60009549"}}, {"type": "Feature", "geometry": {"type": "Point", "coordinates": [-73.90688459550866, 40.86812308318488]}, "properties": {"noise_id": 2735, "unique_key": "59986818"}}, {"type": "Feature", "geometry": {"type": "Point", "coordinates": [-73.91590282748713, 40.81873349060568]}, "properties": {"noise_id": 2736, "unique_key": "60193212"}}, {"type": "Feature", "geometry": {"type": "Point", "coordinates": [-73.97662355443511, 40.739496565764185]}, "properties": {"noise_id": 2737, "unique_key": "60018344"}}, {"type": "Feature", "geometry": {"type": "Point", "coordinates": [-73.94498664576122, 40.718126104632574]}, "properties": {"noise_id": 2738, "unique_key": "60079958"}}, {"type": "Feature", "geometry": {"type": "Point", "coordinates": [-73.87323985668276, 40.65475302381683]}, "properties": {"noise_id": 2739, "unique_key": "59946171"}}, {"type": "Feature", "geometry": {"type": "Point", "coordinates": [-73.81940235214374, 40.718944544519736]}, "properties": {"noise_id": 2740, "unique_key": "60045045"}}, {"type": "Feature", "geometry": {"type": "Point", "coordinates": [-73.90887248485745, 40.81848661333782]}, "properties": {"noise_id": 2741, "unique_key": "59935871"}}, {"type": "Feature", "geometry": {"type": "Point", "coordinates": [-73.88636438331905, 40.66819695560223]}, "properties": {"noise_id": 2742, "unique_key": "60100934"}}, {"type": "Feature", "geometry": {"type": "Point", "coordinates": [-74.00369502365393, 40.60624828898882]}, "properties": {"noise_id": 2743, "unique_key": "60197684"}}, {"type": "Feature", "geometry": {"type": "Point", "coordinates": [-73.9485810864412, 40.79575464954403]}, "properties": {"noise_id": 2744, "unique_key": "59978352"}}, {"type": "Feature", "geometry": {"type": "Point", "coordinates": [-73.98830259838456, 40.66845285285495]}, "properties": {"noise_id": 2745, "unique_key": "59902467"}}, {"type": "Feature", "geometry": {"type": "Point", "coordinates": [-73.7564067794828, 40.75393401805907]}, "properties": {"noise_id": 2746, "unique_key": "60007726"}}, {"type": "Feature", "geometry": {"type": "Point", "coordinates": [-73.8984233658015, 40.85443910241399]}, "properties": {"noise_id": 2747, "unique_key": "59976785"}}, {"type": "Feature", "geometry": {"type": "Point", "coordinates": [-73.85576974288317, 40.74212044149051]}, "properties": {"noise_id": 2748, "unique_key": "60096028"}}, {"type": "Feature", "geometry": {"type": "Point", "coordinates": [-74.00498691502311, 40.64098356723211]}, "properties": {"noise_id": 2749, "unique_key": "60097615"}}, {"type": "Feature", "geometry": {"type": "Point", "coordinates": [-73.91542387418657, 40.83456191927017]}, "properties": {"noise_id": 2750, "unique_key": "59964695"}}, {"type": "Feature", "geometry": {"type": "Point", "coordinates": [-73.92047907909425, 40.753285811966485]}, "properties": {"noise_id": 2751, "unique_key": "59998789"}}, {"type": "Feature", "geometry": {"type": "Point", "coordinates": [-73.95582648440143, 40.620905293933205]}, "properties": {"noise_id": 2752, "unique_key": "60061471"}}, {"type": "Feature", "geometry": {"type": "Point", "coordinates": [-73.95184127471376, 40.65252364351761]}, "properties": {"noise_id": 2753, "unique_key": "60049624"}}, {"type": "Feature", "geometry": {"type": "Point", "coordinates": [-73.90841563548473, 40.84854635196081]}, "properties": {"noise_id": 2754, "unique_key": "59991580"}}, {"type": "Feature", "geometry": {"type": "Point", "coordinates": [-73.80969682426189, 40.72195913199264]}, "properties": {"noise_id": 2755, "unique_key": "60186176"}}, {"type": "Feature", "geometry": {"type": "Point", "coordinates": [-73.98175695916035, 40.692691091904365]}, "properties": {"noise_id": 2756, "unique_key": "60109301"}}, {"type": "Feature", "geometry": {"type": "Point", "coordinates": [-73.91203094096106, 40.64569027390154]}, "properties": {"noise_id": 2757, "unique_key": "60091470"}}, {"type": "Feature", "geometry": {"type": "Point", "coordinates": [-73.9623791779385, 40.71618432186445]}, "properties": {"noise_id": 2758, "unique_key": "60114422"}}, {"type": "Feature", "geometry": {"type": "Point", "coordinates": [-73.91419711797285, 40.81626198547139]}, "properties": {"noise_id": 2759, "unique_key": "60134153"}}, {"type": "Feature", "geometry": {"type": "Point", "coordinates": [-73.81227201992441, 40.66712276640568]}, "properties": {"noise_id": 2760, "unique_key": "60025772"}}, {"type": "Feature", "geometry": {"type": "Point", "coordinates": [-73.9916176584863, 40.76489852009488]}, "properties": {"noise_id": 2761, "unique_key": "60055439"}}, {"type": "Feature", "geometry": {"type": "Point", "coordinates": [-73.95529834279439, 40.72641974126925]}, "properties": {"noise_id": 2762, "unique_key": "60167911"}}, {"type": "Feature", "geometry": {"type": "Point", "coordinates": [-73.89099926596106, 40.66427915003212]}, "properties": {"noise_id": 2763, "unique_key": "59923392"}}, {"type": "Feature", "geometry": {"type": "Point", "coordinates": [-73.73265480825712, 40.71311332006709]}, "properties": {"noise_id": 2764, "unique_key": "60052586"}}, {"type": "Feature", "geometry": {"type": "Point", "coordinates": [-73.8792488248973, 40.743755876781535]}, "properties": {"noise_id": 2765, "unique_key": "59911218"}}, {"type": "Feature", "geometry": {"type": "Point", "coordinates": [-73.89152467024913, 40.870936703793056]}, "properties": {"noise_id": 2766, "unique_key": "60183651"}}, {"type": "Feature", "geometry": {"type": "Point", "coordinates": [-73.98337497122225, 40.76944291636075]}, "properties": {"noise_id": 2767, "unique_key": "60159353"}}, {"type": "Feature", "geometry": {"type": "Point", "coordinates": [-73.92970608972217, 40.59106458495077]}, "properties": {"noise_id": 2768, "unique_key": "60077124"}}, {"type": "Feature", "geometry": {"type": "Point", "coordinates": [-73.98342407217982, 40.73172185922995]}, "properties": {"noise_id": 2769, "unique_key": "60096406"}}, {"type": "Feature", "geometry": {"type": "Point", "coordinates": [-73.9730085652453, 40.67512283176124]}, "properties": {"noise_id": 2770, "unique_key": "59939621"}}, {"type": "Feature", "geometry": {"type": "Point", "coordinates": [-73.77573381237646, 40.7650181529771]}, "properties": {"noise_id": 2771, "unique_key": "60121525"}}, {"type": "Feature", "geometry": {"type": "Point", "coordinates": [-73.93001005544936, 40.7991675460131]}, "properties": {"noise_id": 2772, "unique_key": "59972604"}}, {"type": "Feature", "geometry": {"type": "Point", "coordinates": [-73.89757181969057, 40.86751410368155]}, "properties": {"noise_id": 2773, "unique_key": "59989018"}}, {"type": "Feature", "geometry": {"type": "Point", "coordinates": [-73.9729661683084, 40.63741502026353]}, "properties": {"noise_id": 2774, "unique_key": "59920834"}}, {"type": "Feature", "geometry": {"type": "Point", "coordinates": [-73.88359665735734, 40.66159299107546]}, "properties": {"noise_id": 2775, "unique_key": "60112962"}}, {"type": "Feature", "geometry": {"type": "Point", "coordinates": [-73.97321524004235, 40.69012855099717]}, "properties": {"noise_id": 2776, "unique_key": "60083810"}}, {"type": "Feature", "geometry": {"type": "Point", "coordinates": [-73.92270175056221, 40.86895817169552]}, "properties": {"noise_id": 2777, "unique_key": "60151185"}}, {"type": "Feature", "geometry": {"type": "Point", "coordinates": [-73.95679021497357, 40.81264631485521]}, "properties": {"noise_id": 2778, "unique_key": "59993731"}}, {"type": "Feature", "geometry": {"type": "Point", "coordinates": [-73.81850475871688, 40.76241459660743]}, "properties": {"noise_id": 2779, "unique_key": "60082683"}}, {"type": "Feature", "geometry": {"type": "Point", "coordinates": [-73.92288260765025, 40.86889242000056]}, "properties": {"noise_id": 2780, "unique_key": "60108857"}}, {"type": "Feature", "geometry": {"type": "Point", "coordinates": [-73.97875956361523, 40.68376458408098]}, "properties": {"noise_id": 2781, "unique_key": "60181948"}}, {"type": "Feature", "geometry": {"type": "Point", "coordinates": [-73.96885802937882, 40.61562309236248]}, "properties": {"noise_id": 2782, "unique_key": "60080462"}}, {"type": "Feature", "geometry": {"type": "Point", "coordinates": [-73.92087638455081, 40.86548214822022]}, "properties": {"noise_id": 2783, "unique_key": "60145445"}}, {"type": "Feature", "geometry": {"type": "Point", "coordinates": [-73.99103273125336, 40.7657356222297]}, "properties": {"noise_id": 2784, "unique_key": "60145537"}}, {"type": "Feature", "geometry": {"type": "Point", "coordinates": [-73.90146688495615, 40.864311688016656]}, "properties": {"noise_id": 2785, "unique_key": "60095737"}}, {"type": "Feature", "geometry": {"type": "Point", "coordinates": [-73.9473366401828, 40.62941331460976]}, "properties": {"noise_id": 2786, "unique_key": "59974511"}}, {"type": "Feature", "geometry": {"type": "Point", "coordinates": [-73.9854791529508, 40.73895181717295]}, "properties": {"noise_id": 2787, "unique_key": "60101036"}}, {"type": "Feature", "geometry": {"type": "Point", "coordinates": [-73.95027808261491, 40.80122563706451]}, "properties": {"noise_id": 2788, "unique_key": "60005394"}}, {"type": "Feature", "geometry": {"type": "Point", "coordinates": [-73.97397655638369, 40.64273464873949]}, "properties": {"noise_id": 2789, "unique_key": "59918285"}}, {"type": "Feature", "geometry": {"type": "Point", "coordinates": [-73.85772555104177, 40.68641238441096]}, "properties": {"noise_id": 2790, "unique_key": "60180676"}}, {"type": "Feature", "geometry": {"type": "Point", "coordinates": [-73.88647102844199, 40.74743570008968]}, "properties": {"noise_id": 2791, "unique_key": "60004282"}}, {"type": "Feature", "geometry": {"type": "Point", "coordinates": [-73.84320763740705, 40.867900425971314]}, "properties": {"noise_id": 2792, "unique_key": "60037140"}}, {"type": "Feature", "geometry": {"type": "Point", "coordinates": [-73.9493569732653, 40.68262180912314]}, "properties": {"noise_id": 2793, "unique_key": "60113949"}}, {"type": "Feature", "geometry": {"type": "Point", "coordinates": [-73.862641378992, 40.75233108566502]}, "properties": {"noise_id": 2794, "unique_key": "60131246"}}, {"type": "Feature", "geometry": {"type": "Point", "coordinates": [-73.82273080135411, 40.84284180072285]}, "properties": {"noise_id": 2795, "unique_key": "60019294"}}, {"type": "Feature", "geometry": {"type": "Point", "coordinates": [-73.84744652604404, 40.8373245824564]}, "properties": {"noise_id": 2796, "unique_key": "60056756"}}, {"type": "Feature", "geometry": {"type": "Point", "coordinates": [-73.9892694855205, 40.66338608716514]}, "properties": {"noise_id": 2797, "unique_key": "60166621"}}, {"type": "Feature", "geometry": {"type": "Point", "coordinates": [-73.92238306920615, 40.67114184931439]}, "properties": {"noise_id": 2798, "unique_key": "60135825"}}, {"type": "Feature", "geometry": {"type": "Point", "coordinates": [-73.93086864280842, 40.67147388965715]}, "properties": {"noise_id": 2799, "unique_key": "59933789"}}, {"type": "Feature", "geometry": {"type": "Point", "coordinates": [-73.9799765738443, 40.72536171169202]}, "properties": {"noise_id": 2800, "unique_key": "60036332"}}, {"type": "Feature", "geometry": {"type": "Point", "coordinates": [-74.00166641887616, 40.70952343044316]}, "properties": {"noise_id": 2801, "unique_key": "60015474"}}, {"type": "Feature", "geometry": {"type": "Point", "coordinates": [-73.7564067794828, 40.75393401805907]}, "properties": {"noise_id": 2802, "unique_key": "59998934"}}, {"type": "Feature", "geometry": {"type": "Point", "coordinates": [-74.01141397282618, 40.676319408640055]}, "properties": {"noise_id": 2803, "unique_key": "59979343"}}, {"type": "Feature", "geometry": {"type": "Point", "coordinates": [-73.7962157992024, 40.69575369383331]}, "properties": {"noise_id": 2804, "unique_key": "60143029"}}, {"type": "Feature", "geometry": {"type": "Point", "coordinates": [-73.89113569640881, 40.75074488262595]}, "properties": {"noise_id": 2805, "unique_key": "59966853"}}, {"type": "Feature", "geometry": {"type": "Point", "coordinates": [-73.93739654434637, 40.74891563083155]}, "properties": {"noise_id": 2806, "unique_key": "60073599"}}, {"type": "Feature", "geometry": {"type": "Point", "coordinates": [-73.91267650448418, 40.72237697885991]}, "properties": {"noise_id": 2807, "unique_key": "60178770"}}, {"type": "Feature", "geometry": {"type": "Point", "coordinates": [-73.80642683677834, 40.77711226632953]}, "properties": {"noise_id": 2808, "unique_key": "60086729"}}, {"type": "Feature", "geometry": {"type": "Point", "coordinates": [-74.1397995119993, 40.637582991928085]}, "properties": {"noise_id": 2809, "unique_key": "60123829"}}, {"type": "Feature", "geometry": {"type": "Point", "coordinates": [-73.86584211312943, 40.6702416730511]}, "properties": {"noise_id": 2810, "unique_key": "60167000"}}, {"type": "Feature", "geometry": {"type": "Point", "coordinates": [-74.01232207533862, 40.61561292639532]}, "properties": {"noise_id": 2811, "unique_key": "59907174"}}, {"type": "Feature", "geometry": {"type": "Point", "coordinates": [-73.91746141587582, 40.76223156056934]}, "properties": {"noise_id": 2812, "unique_key": "60090389"}}, {"type": "Feature", "geometry": {"type": "Point", "coordinates": [-73.98941739952605, 40.66256266722316]}, "properties": {"noise_id": 2813, "unique_key": "60110579"}}, {"type": "Feature", "geometry": {"type": "Point", "coordinates": [-73.93827271595354, 40.8238281094001]}, "properties": {"noise_id": 2814, "unique_key": "60046210"}}, {"type": "Feature", "geometry": {"type": "Point", "coordinates": [-73.9556025976265, 40.578410248799706]}, "properties": {"noise_id": 2815, "unique_key": "60103807"}}, {"type": "Feature", "geometry": {"type": "Point", "coordinates": [-73.93790396356246, 40.66917503403723]}, "properties": {"noise_id": 2816, "unique_key": "60111307"}}, {"type": "Feature", "geometry": {"type": "Point", "coordinates": [-73.94593315126227, 40.636406384534894]}, "properties": {"noise_id": 2817, "unique_key": "60101649"}}, {"type": "Feature", "geometry": {"type": "Point", "coordinates": [-73.85493838071939, 40.89522545852203]}, "properties": {"noise_id": 2818, "unique_key": "59974128"}}, {"type": "Feature", "geometry": {"type": "Point", "coordinates": [-73.96179072817236, 40.578541479278]}, "properties": {"noise_id": 2819, "unique_key": "60151018"}}, {"type": "Feature", "geometry": {"type": "Point", "coordinates": [-73.83922355653517, 40.78703552000885]}, "properties": {"noise_id": 2820, "unique_key": "60126625"}}, {"type": "Feature", "geometry": {"type": "Point", "coordinates": [-73.82033118614775, 40.75176508226208]}, "properties": {"noise_id": 2821, "unique_key": "60024446"}}, {"type": "Feature", "geometry": {"type": "Point", "coordinates": [-73.89355138736937, 40.85619132024811]}, "properties": {"noise_id": 2822, "unique_key": "60130525"}}, {"type": "Feature", "geometry": {"type": "Point", "coordinates": [-73.80955431874267, 40.7680406057132]}, "properties": {"noise_id": 2823, "unique_key": "60047206"}}, {"type": "Feature", "geometry": {"type": "Point", "coordinates": [-73.90286313589652, 40.851442964126655]}, "properties": {"noise_id": 2824, "unique_key": "59952235"}}, {"type": "Feature", "geometry": {"type": "Point", "coordinates": [-73.85636799910702, 40.84627281889736]}, "properties": {"noise_id": 2825, "unique_key": "60186416"}}, {"type": "Feature", "geometry": {"type": "Point", "coordinates": [-73.99593364337622, 40.73090778826059]}, "properties": {"noise_id": 2826, "unique_key": "59918709"}}, {"type": "Feature", "geometry": {"type": "Point", "coordinates": [-73.92472861772626, 40.75848172733981]}, "properties": {"noise_id": 2827, "unique_key": "59954552"}}, {"type": "Feature", "geometry": {"type": "Point", "coordinates": [-73.70362269606935, 40.73535998862592]}, "properties": {"noise_id": 2828, "unique_key": "60114363"}}, {"type": "Feature", "geometry": {"type": "Point", "coordinates": [-74.01822496911396, 40.63976903580093]}, "properties": {"noise_id": 2829, "unique_key": "59935515"}}, {"type": "Feature", "geometry": {"type": "Point", "coordinates": [-73.9172905725616, 40.71085787676826]}, "properties": {"noise_id": 2830, "unique_key": "60029914"}}, {"type": "Feature", "geometry": {"type": "Point", "coordinates": [-73.89840286509889, 40.88205897123433]}, "properties": {"noise_id": 2831, "unique_key": "60015779"}}, {"type": "Feature", "geometry": {"type": "Point", "coordinates": [-73.85200905256498, 40.83327383823028]}, "properties": {"noise_id": 2832, "unique_key": "60099691"}}, {"type": "Feature", "geometry": {"type": "Point", "coordinates": [-73.89198605338085, 40.704872538924384]}, "properties": {"noise_id": 2833, "unique_key": "59924323"}}, {"type": "Feature", "geometry": {"type": "Point", "coordinates": [-74.02505494889996, 40.63529100320618]}, "properties": {"noise_id": 2834, "unique_key": "59957824"}}, {"type": "Feature", "geometry": {"type": "Point", "coordinates": [-73.92085363901371, 40.76308206678599]}, "properties": {"noise_id": 2835, "unique_key": "60136935"}}, {"type": "Feature", "geometry": {"type": "Point", "coordinates": [-73.90308973581432, 40.703356332735225]}, "properties": {"noise_id": 2836, "unique_key": "60118435"}}, {"type": "Feature", "geometry": {"type": "Point", "coordinates": [-73.95478215098584, 40.65236838471437]}, "properties": {"noise_id": 2837, "unique_key": "60183630"}}, {"type": "Feature", "geometry": {"type": "Point", "coordinates": [-74.00312131415029, 40.65998850863693]}, "properties": {"noise_id": 2838, "unique_key": "60006906"}}, {"type": "Feature", "geometry": {"type": "Point", "coordinates": [-73.94861163637752, 40.70939120268948]}, "properties": {"noise_id": 2839, "unique_key": "60044795"}}, {"type": "Feature", "geometry": {"type": "Point", "coordinates": [-73.9838582603675, 40.74163047886683]}, "properties": {"noise_id": 2840, "unique_key": "59919892"}}, {"type": "Feature", "geometry": {"type": "Point", "coordinates": [-73.89705025603831, 40.64858182225814]}, "properties": {"noise_id": 2841, "unique_key": "60182161"}}, {"type": "Feature", "geometry": {"type": "Point", "coordinates": [-73.91395016367944, 40.77255196620112]}, "properties": {"noise_id": 2842, "unique_key": "60172287"}}, {"type": "Feature", "geometry": {"type": "Point", "coordinates": [-73.95797283843206, 40.64465400798163]}, "properties": {"noise_id": 2843, "unique_key": "59988387"}}, {"type": "Feature", "geometry": {"type": "Point", "coordinates": [-73.98952126178614, 40.71269316612326]}, "properties": {"noise_id": 2844, "unique_key": "60101650"}}, {"type": "Feature", "geometry": {"type": "Point", "coordinates": [-73.73335849763596, 40.68869465597238]}, "properties": {"noise_id": 2845, "unique_key": "59988798"}}, {"type": "Feature", "geometry": {"type": "Point", "coordinates": [-73.99589472694134, 40.71836150081137]}, "properties": {"noise_id": 2846, "unique_key": "60025661"}}, {"type": "Feature", "geometry": {"type": "Point", "coordinates": [-74.0853153708739, 40.63606356040995]}, "properties": {"noise_id": 2847, "unique_key": "60124278"}}, {"type": "Feature", "geometry": {"type": "Point", "coordinates": [-73.81780552422596, 40.751464681733566]}, "properties": {"noise_id": 2848, "unique_key": "60113863"}}, {"type": "Feature", "geometry": {"type": "Point", "coordinates": [-73.84902615882892, 40.90564492872672]}, "properties": {"noise_id": 2849, "unique_key": "59904121"}}, {"type": "Feature", "geometry": {"type": "Point", "coordinates": [-73.92065802252144, 40.6909277481173]}, "properties": {"noise_id": 2850, "unique_key": "60183275"}}, {"type": "Feature", "geometry": {"type": "Point", "coordinates": [-73.96913914902804, 40.794441772310265]}, "properties": {"noise_id": 2851, "unique_key": "60105042"}}, {"type": "Feature", "geometry": {"type": "Point", "coordinates": [-73.84571838645164, 40.87190832567398]}, "properties": {"noise_id": 2852, "unique_key": "60009989"}}, {"type": "Feature", "geometry": {"type": "Point", "coordinates": [-73.90467576630016, 40.83261302416413]}, "properties": {"noise_id": 2853, "unique_key": "60093338"}}, {"type": "Feature", "geometry": {"type": "Point", "coordinates": [-73.9991249864985, 40.596811733102776]}, "properties": {"noise_id": 2854, "unique_key": "60119500"}}, {"type": "Feature", "geometry": {"type": "Point", "coordinates": [-73.94790089419676, 40.686535204142935]}, "properties": {"noise_id": 2855, "unique_key": "59920724"}}, {"type": "Feature", "geometry": {"type": "Point", "coordinates": [-74.12607176870245, 40.61279142165829]}, "properties": {"noise_id": 2856, "unique_key": "60137290"}}, {"type": "Feature", "geometry": {"type": "Point", "coordinates": [-73.87395487231122, 40.6864285607682]}, "properties": {"noise_id": 2857, "unique_key": "59981817"}}, {"type": "Feature", "geometry": {"type": "Point", "coordinates": [-73.95286418506959, 40.770683330866696]}, "properties": {"noise_id": 2858, "unique_key": "60099696"}}, {"type": "Feature", "geometry": {"type": "Point", "coordinates": [-73.97804320376947, 40.77882628294285]}, "properties": {"noise_id": 2859, "unique_key": "60087878"}}, {"type": "Feature", "geometry": {"type": "Point", "coordinates": [-73.98034294713621, 40.77979558994107]}, "properties": {"noise_id": 2860, "unique_key": "59910930"}}, {"type": "Feature", "geometry": {"type": "Point", "coordinates": [-74.03435843357676, 40.62256650049119]}, "properties": {"noise_id": 2861, "unique_key": "59906066"}}, {"type": "Feature", "geometry": {"type": "Point", "coordinates": [-73.97427445505978, 40.64579515079451]}, "properties": {"noise_id": 2862, "unique_key": "60130017"}}, {"type": "Feature", "geometry": {"type": "Point", "coordinates": [-73.89884456209464, 40.88172725167505]}, "properties": {"noise_id": 2863, "unique_key": "59901495"}}, {"type": "Feature", "geometry": {"type": "Point", "coordinates": [-73.95724928219559, 40.727861479462405]}, "properties": {"noise_id": 2864, "unique_key": "59989588"}}, {"type": "Feature", "geometry": {"type": "Point", "coordinates": [-73.8570312390612, 40.892519064341]}, "properties": {"noise_id": 2865, "unique_key": "60141310"}}, {"type": "Feature", "geometry": {"type": "Point", "coordinates": [-73.94025577392284, 40.67556062926656]}, "properties": {"noise_id": 2866, "unique_key": "60102892"}}, {"type": "Feature", "geometry": {"type": "Point", "coordinates": [-73.98342407217982, 40.73172185922995]}, "properties": {"noise_id": 2867, "unique_key": "60073830"}}, {"type": "Feature", "geometry": {"type": "Point", "coordinates": [-73.82865146434062, 40.747194021966266]}, "properties": {"noise_id": 2868, "unique_key": "60068593"}}, {"type": "Feature", "geometry": {"type": "Point", "coordinates": [-73.92288260765025, 40.86889242000056]}, "properties": {"noise_id": 2869, "unique_key": "60046464"}}, {"type": "Feature", "geometry": {"type": "Point", "coordinates": [-73.84999284656278, 40.66487800973988]}, "properties": {"noise_id": 2870, "unique_key": "60002312"}}, {"type": "Feature", "geometry": {"type": "Point", "coordinates": [-73.93827271595354, 40.8238281094001]}, "properties": {"noise_id": 2871, "unique_key": "60088098"}}, {"type": "Feature", "geometry": {"type": "Point", "coordinates": [-73.90532049838446, 40.834095700581216]}, "properties": {"noise_id": 2872, "unique_key": "60152274"}}, {"type": "Feature", "geometry": {"type": "Point", "coordinates": [-74.12557433732476, 40.622157207958416]}, "properties": {"noise_id": 2873, "unique_key": "59987704"}}, {"type": "Feature", "geometry": {"type": "Point", "coordinates": [-73.92718359841146, 40.76468368198577]}, "properties": {"noise_id": 2874, "unique_key": "60086266"}}, {"type": "Feature", "geometry": {"type": "Point", "coordinates": [-73.86051185315142, 40.88162690607384]}, "properties": {"noise_id": 2875, "unique_key": "59997165"}}, {"type": "Feature", "geometry": {"type": "Point", "coordinates": [-73.83512164086368, 40.70084717326615]}, "properties": {"noise_id": 2876, "unique_key": "60106918"}}, {"type": "Feature", "geometry": {"type": "Point", "coordinates": [-73.74756526296383, 40.684013905553385]}, "properties": {"noise_id": 2877, "unique_key": "60013524"}}, {"type": "Feature", "geometry": {"type": "Point", "coordinates": [-73.92592618822124, 40.66509194939772]}, "properties": {"noise_id": 2878, "unique_key": "60175197"}}, {"type": "Feature", "geometry": {"type": "Point", "coordinates": [-73.9278405200525, 40.83140570217008]}, "properties": {"noise_id": 2879, "unique_key": "59953495"}}, {"type": "Feature", "geometry": {"type": "Point", "coordinates": [-73.93210158965229, 40.65370217515108]}, "properties": {"noise_id": 2880, "unique_key": "60108698"}}, {"type": "Feature", "geometry": {"type": "Point", "coordinates": [-73.94047094277528, 40.82223732910796]}, "properties": {"noise_id": 2881, "unique_key": "59949486"}}, {"type": "Feature", "geometry": {"type": "Point", "coordinates": [-73.94363195475012, 40.68198784923183]}, "properties": {"noise_id": 2882, "unique_key": "60060223"}}, {"type": "Feature", "geometry": {"type": "Point", "coordinates": [-73.88609275884222, 40.679494191453216]}, "properties": {"noise_id": 2883, "unique_key": "60152851"}}, {"type": "Feature", "geometry": {"type": "Point", "coordinates": [-73.8169884642595, 40.7086094282564]}, "properties": {"noise_id": 2884, "unique_key": "59996577"}}, {"type": "Feature", "geometry": {"type": "Point", "coordinates": [-73.92358515211572, 40.7546520536856]}, "properties": {"noise_id": 2885, "unique_key": "59978713"}}, {"type": "Feature", "geometry": {"type": "Point", "coordinates": [-73.8099186878694, 40.787103447232425]}, "properties": {"noise_id": 2886, "unique_key": "59952745"}}, {"type": "Feature", "geometry": {"type": "Point", "coordinates": [-73.82575496903452, 40.69002994649156]}, "properties": {"noise_id": 2887, "unique_key": "60018153"}}, {"type": "Feature", "geometry": {"type": "Point", "coordinates": [-73.91124836365981, 40.77076858030895]}, "properties": {"noise_id": 2888, "unique_key": "59901191"}}, {"type": "Feature", "geometry": {"type": "Point", "coordinates": [-73.81016548927352, 40.791734226944925]}, "properties": {"noise_id": 2889, "unique_key": "60120292"}}, {"type": "Feature", "geometry": {"type": "Point", "coordinates": [-73.88943368218916, 40.82593250349608]}, "properties": {"noise_id": 2890, "unique_key": "60112576"}}, {"type": "Feature", "geometry": {"type": "Point", "coordinates": [-73.94741581102895, 40.6386687767701]}, "properties": {"noise_id": 2891, "unique_key": "60063601"}}, {"type": "Feature", "geometry": {"type": "Point", "coordinates": [-73.92180625019235, 40.80954008239561]}, "properties": {"noise_id": 2892, "unique_key": "60005130"}}, {"type": "Feature", "geometry": {"type": "Point", "coordinates": [-73.93267351623494, 40.85120621118821]}, "properties": {"noise_id": 2893, "unique_key": "60145866"}}, {"type": "Feature", "geometry": {"type": "Point", "coordinates": [-73.88440899840293, 40.76065235776272]}, "properties": {"noise_id": 2894, "unique_key": "60135187"}}, {"type": "Feature", "geometry": {"type": "Point", "coordinates": [-73.9844201658324, 40.71526717494076]}, "properties": {"noise_id": 2895, "unique_key": "59998388"}}, {"type": "Feature", "geometry": {"type": "Point", "coordinates": [-73.89073268465893, 40.67078676921575]}, "properties": {"noise_id": 2896, "unique_key": "60186208"}}, {"type": "Feature", "geometry": {"type": "Point", "coordinates": [-73.85853771955219, 40.69109596981905]}, "properties": {"noise_id": 2897, "unique_key": "60040226"}}, {"type": "Feature", "geometry": {"type": "Point", "coordinates": [-73.9215696163626, 40.670076324001336]}, "properties": {"noise_id": 2898, "unique_key": "60138123"}}, {"type": "Feature", "geometry": {"type": "Point", "coordinates": [-73.96745428353134, 40.68007571209462]}, "properties": {"noise_id": 2899, "unique_key": "60163009"}}, {"type": "Feature", "geometry": {"type": "Point", "coordinates": [-73.9468524540755, 40.83478653780957]}, "properties": {"noise_id": 2900, "unique_key": "59984020"}}, {"type": "Feature", "geometry": {"type": "Point", "coordinates": [-74.15036946027658, 40.550573132782255]}, "properties": {"noise_id": 2901, "unique_key": "59959530"}}, {"type": "Feature", "geometry": {"type": "Point", "coordinates": [-73.94199742296476, 40.758038833549925]}, "properties": {"noise_id": 2902, "unique_key": "60070251"}}, {"type": "Feature", "geometry": {"type": "Point", "coordinates": [-73.8220558490635, 40.78170196594076]}, "properties": {"noise_id": 2903, "unique_key": "60015476"}}, {"type": "Feature", "geometry": {"type": "Point", "coordinates": [-73.84548206768768, 40.654623015434815]}, "properties": {"noise_id": 2904, "unique_key": "59951648"}}, {"type": "Feature", "geometry": {"type": "Point", "coordinates": [-73.85916902447387, 40.69609497412615]}, "properties": {"noise_id": 2905, "unique_key": "60032217"}}, {"type": "Feature", "geometry": {"type": "Point", "coordinates": [-73.72999872226089, 40.673337979385046]}, "properties": {"noise_id": 2906, "unique_key": "60098629"}}, {"type": "Feature", "geometry": {"type": "Point", "coordinates": [-73.98185109504342, 40.61181335967229]}, "properties": {"noise_id": 2907, "unique_key": "59918814"}}, {"type": "Feature", "geometry": {"type": "Point", "coordinates": [-73.98970619177149, 40.729795774070304]}, "properties": {"noise_id": 2908, "unique_key": "60089695"}}, {"type": "Feature", "geometry": {"type": "Point", "coordinates": [-73.92389824048583, 40.6575260110151]}, "properties": {"noise_id": 2909, "unique_key": "60090470"}}, {"type": "Feature", "geometry": {"type": "Point", "coordinates": [-73.99047088246937, 40.60516924859223]}, "properties": {"noise_id": 2910, "unique_key": "59963428"}}, {"type": "Feature", "geometry": {"type": "Point", "coordinates": [-73.89840308896326, 40.8629805964983]}, "properties": {"noise_id": 2911, "unique_key": "59924925"}}, {"type": "Feature", "geometry": {"type": "Point", "coordinates": [-73.93162787649523, 40.6869082092776]}, "properties": {"noise_id": 2912, "unique_key": "60113483"}}, {"type": "Feature", "geometry": {"type": "Point", "coordinates": [-74.18039683198397, 40.5221319958214]}, "properties": {"noise_id": 2913, "unique_key": "60051931"}}, {"type": "Feature", "geometry": {"type": "Point", "coordinates": [-73.89033697327243, 40.66370760620604]}, "properties": {"noise_id": 2914, "unique_key": "60122470"}}, {"type": "Feature", "geometry": {"type": "Point", "coordinates": [-74.18159505195507, 40.55407979133134]}, "properties": {"noise_id": 2915, "unique_key": "60068183"}}, {"type": "Feature", "geometry": {"type": "Point", "coordinates": [-73.91109714827905, 40.86240645467484]}, "properties": {"noise_id": 2916, "unique_key": "59919315"}}, {"type": "Feature", "geometry": {"type": "Point", "coordinates": [-73.9129017100942, 40.63287003415402]}, "properties": {"noise_id": 2917, "unique_key": "59929081"}}, {"type": "Feature", "geometry": {"type": "Point", "coordinates": [-73.9291735047569, 40.6111506893909]}, "properties": {"noise_id": 2918, "unique_key": "60199112"}}, {"type": "Feature", "geometry": {"type": "Point", "coordinates": [-73.96480786866645, 40.65287967407573]}, "properties": {"noise_id": 2919, "unique_key": "60175804"}}, {"type": "Feature", "geometry": {"type": "Point", "coordinates": [-73.9533333272863, 40.65246112859111]}, "properties": {"noise_id": 2920, "unique_key": "60054232"}}, {"type": "Feature", "geometry": {"type": "Point", "coordinates": [-73.99524297087694, 40.60058024525797]}, "properties": {"noise_id": 2921, "unique_key": "60193064"}}, {"type": "Feature", "geometry": {"type": "Point", "coordinates": [-73.87169892386181, 40.755124706029896]}, "properties": {"noise_id": 2922, "unique_key": "60164797"}}, {"type": "Feature", "geometry": {"type": "Point", "coordinates": [-73.85690698206842, 40.83262677686421]}, "properties": {"noise_id": 2923, "unique_key": "60186538"}}, {"type": "Feature", "geometry": {"type": "Point", "coordinates": [-73.7594540299126, 40.74767962940747]}, "properties": {"noise_id": 2924, "unique_key": "60148408"}}, {"type": "Feature", "geometry": {"type": "Point", "coordinates": [-73.97695165980414, 40.740295354643706]}, "properties": {"noise_id": 2925, "unique_key": "60049054"}}, {"type": "Feature", "geometry": {"type": "Point", "coordinates": [-73.99724832980903, 40.61134539972173]}, "properties": {"noise_id": 2926, "unique_key": "60160097"}}, {"type": "Feature", "geometry": {"type": "Point", "coordinates": [-73.85493838071939, 40.89522545852203]}, "properties": {"noise_id": 2927, "unique_key": "60197084"}}, {"type": "Feature", "geometry": {"type": "Point", "coordinates": [-73.95497718934276, 40.769218484734665]}, "properties": {"noise_id": 2928, "unique_key": "59936053"}}, {"type": "Feature", "geometry": {"type": "Point", "coordinates": [-73.80801616820261, 40.723035034391216]}, "properties": {"noise_id": 2929, "unique_key": "59962384"}}, {"type": "Feature", "geometry": {"type": "Point", "coordinates": [-73.90806087098794, 40.8855500791768]}, "properties": {"noise_id": 2930, "unique_key": "59944322"}}, {"type": "Feature", "geometry": {"type": "Point", "coordinates": [-73.81126063377556, 40.67040387234643]}, "properties": {"noise_id": 2931, "unique_key": "59993057"}}, {"type": "Feature", "geometry": {"type": "Point", "coordinates": [-73.88553387734991, 40.84126067181399]}, "properties": {"noise_id": 2932, "unique_key": "60088438"}}, {"type": "Feature", "geometry": {"type": "Point", "coordinates": [-73.87080067020605, 40.66740375654953]}, "properties": {"noise_id": 2933, "unique_key": "60120361"}}, {"type": "Feature", "geometry": {"type": "Point", "coordinates": [-73.92718359841146, 40.76468368198577]}, "properties": {"noise_id": 2934, "unique_key": "60061928"}}, {"type": "Feature", "geometry": {"type": "Point", "coordinates": [-73.8512410393163, 40.691899222056506]}, "properties": {"noise_id": 2935, "unique_key": "59958240"}}, {"type": "Feature", "geometry": {"type": "Point", "coordinates": [-73.96829183132354, 40.68534316432092]}, "properties": {"noise_id": 2936, "unique_key": "60177670"}}, {"type": "Feature", "geometry": {"type": "Point", "coordinates": [-73.99330393603094, 40.724781369515576]}, "properties": {"noise_id": 2937, "unique_key": "60100815"}}, {"type": "Feature", "geometry": {"type": "Point", "coordinates": [-73.93906320797221, 40.820746211868745]}, "properties": {"noise_id": 2938, "unique_key": "60055089"}}, {"type": "Feature", "geometry": {"type": "Point", "coordinates": [-73.82484124198186, 40.76195230812109]}, "properties": {"noise_id": 2939, "unique_key": "60077995"}}, {"type": "Feature", "geometry": {"type": "Point", "coordinates": [-73.95098491715456, 40.58198759457899]}, "properties": {"noise_id": 2940, "unique_key": "60129046"}}, {"type": "Feature", "geometry": {"type": "Point", "coordinates": [-73.93208725220966, 40.699649701299606]}, "properties": {"noise_id": 2941, "unique_key": "60123933"}}, {"type": "Feature", "geometry": {"type": "Point", "coordinates": [-73.95084265870801, 40.66276674345252]}, "properties": {"noise_id": 2942, "unique_key": "60003877"}}, {"type": "Feature", "geometry": {"type": "Point", "coordinates": [-73.94084521034706, 40.815787431739885]}, "properties": {"noise_id": 2943, "unique_key": "60120567"}}, {"type": "Feature", "geometry": {"type": "Point", "coordinates": [-74.14781440794248, 40.58789761945207]}, "properties": {"noise_id": 2944, "unique_key": "60175111"}}, {"type": "Feature", "geometry": {"type": "Point", "coordinates": [-73.91300438018435, 40.80837550290181]}, "properties": {"noise_id": 2945, "unique_key": "59989960"}}, {"type": "Feature", "geometry": {"type": "Point", "coordinates": [-73.92228029181018, 40.82740029485828]}, "properties": {"noise_id": 2946, "unique_key": "59938085"}}, {"type": "Feature", "geometry": {"type": "Point", "coordinates": [-73.88009352525904, 40.76568180924497]}, "properties": {"noise_id": 2947, "unique_key": "59941443"}}, {"type": "Feature", "geometry": {"type": "Point", "coordinates": [-73.9782300975255, 40.75937983496345]}, "properties": {"noise_id": 2948, "unique_key": "59953727"}}, {"type": "Feature", "geometry": {"type": "Point", "coordinates": [-73.940707808814, 40.82402975152741]}, "properties": {"noise_id": 2949, "unique_key": "59900809"}}, {"type": "Feature", "geometry": {"type": "Point", "coordinates": [-73.99318377917993, 40.59443728353848]}, "properties": {"noise_id": 2950, "unique_key": "59930700"}}, {"type": "Feature", "geometry": {"type": "Point", "coordinates": [-73.85555956440568, 40.68592660567338]}, "properties": {"noise_id": 2951, "unique_key": "60182942"}}, {"type": "Feature", "geometry": {"type": "Point", "coordinates": [-73.84830762830181, 40.735449331605714]}, "properties": {"noise_id": 2952, "unique_key": "60064000"}}, {"type": "Feature", "geometry": {"type": "Point", "coordinates": [-73.83933495116166, 40.89650577770593]}, "properties": {"noise_id": 2953, "unique_key": "60183346"}}, {"type": "Feature", "geometry": {"type": "Point", "coordinates": [-73.92171229358077, 40.763502599224566]}, "properties": {"noise_id": 2954, "unique_key": "60102812"}}, {"type": "Feature", "geometry": {"type": "Point", "coordinates": [-73.95185055025756, 40.66463910900481]}, "properties": {"noise_id": 2955, "unique_key": "59897337"}}, {"type": "Feature", "geometry": {"type": "Point", "coordinates": [-74.01822496911396, 40.63976903580093]}, "properties": {"noise_id": 2956, "unique_key": "59966048"}}, {"type": "Feature", "geometry": {"type": "Point", "coordinates": [-74.0864949588459, 40.61491131526304]}, "properties": {"noise_id": 2957, "unique_key": "59912643"}}, {"type": "Feature", "geometry": {"type": "Point", "coordinates": [-73.93137796342334, 40.6109104846356]}, "properties": {"noise_id": 2958, "unique_key": "60191223"}}, {"type": "Feature", "geometry": {"type": "Point", "coordinates": [-73.84970466421375, 40.84396700689029]}, "properties": {"noise_id": 2959, "unique_key": "60117256"}}, {"type": "Feature", "geometry": {"type": "Point", "coordinates": [-74.0186956713075, 40.63506988524358]}, "properties": {"noise_id": 2960, "unique_key": "60009145"}}, {"type": "Feature", "geometry": {"type": "Point", "coordinates": [-73.92440585899027, 40.6930135515488]}, "properties": {"noise_id": 2961, "unique_key": "60018666"}}, {"type": "Feature", "geometry": {"type": "Point", "coordinates": [-73.77836554976095, 40.68689349640465]}, "properties": {"noise_id": 2962, "unique_key": "60084249"}}, {"type": "Feature", "geometry": {"type": "Point", "coordinates": [-73.88353616848894, 40.87997268504741]}, "properties": {"noise_id": 2963, "unique_key": "59916960"}}, {"type": "Feature", "geometry": {"type": "Point", "coordinates": [-74.08359399999071, 40.61949452249615]}, "properties": {"noise_id": 2964, "unique_key": "60105941"}}, {"type": "Feature", "geometry": {"type": "Point", "coordinates": [-73.9303404204386, 40.8527775413866]}, "properties": {"noise_id": 2965, "unique_key": "59951208"}}, {"type": "Feature", "geometry": {"type": "Point", "coordinates": [-73.88486278314905, 40.65893182677183]}, "properties": {"noise_id": 2966, "unique_key": "59914117"}}, {"type": "Feature", "geometry": {"type": "Point", "coordinates": [-73.94734379997897, 40.62947095847058]}, "properties": {"noise_id": 2967, "unique_key": "60011446"}}, {"type": "Feature", "geometry": {"type": "Point", "coordinates": [-73.91117998419753, 40.85181471300074]}, "properties": {"noise_id": 2968, "unique_key": "60113440"}}, {"type": "Feature", "geometry": {"type": "Point", "coordinates": [-73.95299699539169, 40.822926549929285]}, "properties": {"noise_id": 2969, "unique_key": "60094340"}}, {"type": "Feature", "geometry": {"type": "Point", "coordinates": [-73.91173283265559, 40.87647899949838]}, "properties": {"noise_id": 2970, "unique_key": "60074797"}}, {"type": "Feature", "geometry": {"type": "Point", "coordinates": [-73.96005905680126, 40.76535850783223]}, "properties": {"noise_id": 2971, "unique_key": "60123889"}}, {"type": "Feature", "geometry": {"type": "Point", "coordinates": [-73.98253227283492, 40.69264729589128]}, "properties": {"noise_id": 2972, "unique_key": "60149294"}}, {"type": "Feature", "geometry": {"type": "Point", "coordinates": [-73.97074988778279, 40.7616096551409]}, "properties": {"noise_id": 2973, "unique_key": "60059756"}}, {"type": "Feature", "geometry": {"type": "Point", "coordinates": [-74.00451491152376, 40.74784289021862]}, "properties": {"noise_id": 2974, "unique_key": "60158051"}}, {"type": "Feature", "geometry": {"type": "Point", "coordinates": [-73.84512103807826, 40.88619914814115]}, "properties": {"noise_id": 2975, "unique_key": "59965939"}}, {"type": "Feature", "geometry": {"type": "Point", "coordinates": [-73.94079691863257, 40.82946158953197]}, "properties": {"noise_id": 2976, "unique_key": "59972945"}}, {"type": "Feature", "geometry": {"type": "Point", "coordinates": [-73.86640247063742, 40.86380432821047]}, "properties": {"noise_id": 2977, "unique_key": "60036402"}}, {"type": "Feature", "geometry": {"type": "Point", "coordinates": [-73.93586302170915, 40.846023279805664]}, "properties": {"noise_id": 2978, "unique_key": "60157601"}}, {"type": "Feature", "geometry": {"type": "Point", "coordinates": [-73.92723404478959, 40.85728517033496]}, "properties": {"noise_id": 2979, "unique_key": "60029787"}}, {"type": "Feature", "geometry": {"type": "Point", "coordinates": [-73.81998893967153, 40.68741902386887]}, "properties": {"noise_id": 2980, "unique_key": "60180257"}}, {"type": "Feature", "geometry": {"type": "Point", "coordinates": [-73.9088214705568, 40.76606494271958]}, "properties": {"noise_id": 2981, "unique_key": "60028131"}}, {"type": "Feature", "geometry": {"type": "Point", "coordinates": [-73.98342407217982, 40.73172185922995]}, "properties": {"noise_id": 2982, "unique_key": "60144261"}}, {"type": "Feature", "geometry": {"type": "Point", "coordinates": [-73.98241180027965, 40.72557071097543]}, "properties": {"noise_id": 2983, "unique_key": "60030528"}}, {"type": "Feature", "geometry": {"type": "Point", "coordinates": [-73.96966418162742, 40.60917578649646]}, "properties": {"noise_id": 2984, "unique_key": "60032411"}}, {"type": "Feature", "geometry": {"type": "Point", "coordinates": [-73.98904130411752, 40.6920195476655]}, "properties": {"noise_id": 2985, "unique_key": "60194756"}}, {"type": "Feature", "geometry": {"type": "Point", "coordinates": [-73.81621763538003, 40.70561091149956]}, "properties": {"noise_id": 2986, "unique_key": "60045483"}}, {"type": "Feature", "geometry": {"type": "Point", "coordinates": [-73.82755893872277, 40.83325085108711]}, "properties": {"noise_id": 2987, "unique_key": "60078894"}}, {"type": "Feature", "geometry": {"type": "Point", "coordinates": [-73.90875761354478, 40.86010731425336]}, "properties": {"noise_id": 2988, "unique_key": "60025352"}}, {"type": "Feature", "geometry": {"type": "Point", "coordinates": [-73.94388698573862, 40.69598081497866]}, "properties": {"noise_id": 2989, "unique_key": "59920366"}}, {"type": "Feature", "geometry": {"type": "Point", "coordinates": [-73.95259651448679, 40.77139959809225]}, "properties": {"noise_id": 2990, "unique_key": "59961538"}}, {"type": "Feature", "geometry": {"type": "Point", "coordinates": [-73.89657860603738, 40.89472957127807]}, "properties": {"noise_id": 2991, "unique_key": "59965954"}}, {"type": "Feature", "geometry": {"type": "Point", "coordinates": [-73.95121622008115, 40.63497322331764]}, "properties": {"noise_id": 2992, "unique_key": "59932105"}}, {"type": "Feature", "geometry": {"type": "Point", "coordinates": [-73.86559039482232, 40.88458896447199]}, "properties": {"noise_id": 2993, "unique_key": "59933105"}}, {"type": "Feature", "geometry": {"type": "Point", "coordinates": [-73.9225208963145, 40.86902117841238]}, "properties": {"noise_id": 2994, "unique_key": "60067455"}}, {"type": "Feature", "geometry": {"type": "Point", "coordinates": [-73.94382233441584, 40.81122719351133]}, "properties": {"noise_id": 2995, "unique_key": "59999018"}}, {"type": "Feature", "geometry": {"type": "Point", "coordinates": [-73.91067401576515, 40.81675884909735]}, "properties": {"noise_id": 2996, "unique_key": "59906185"}}, {"type": "Feature", "geometry": {"type": "Point", "coordinates": [-73.86146222647702, 40.755280279355375]}, "properties": {"noise_id": 2997, "unique_key": "59938642"}}, {"type": "Feature", "geometry": {"type": "Point", "coordinates": [-73.89367490566045, 40.63872496641852]}, "properties": {"noise_id": 2998, "unique_key": "60112985"}}, {"type": "Feature", "geometry": {"type": "Point", "coordinates": [-73.91109714827905, 40.86240645467484]}, "properties": {"noise_id": 2999, "unique_key": "60010962"}}, {"type": "Feature", "geometry": {"type": "Point", "coordinates": [-73.96049917167235, 40.57717961998067]}, "properties": {"noise_id": 3000, "unique_key": "59928371"}}, {"type": "Feature", "geometry": {"type": "Point", "coordinates": [-73.94888453151621, 40.82859263865725]}, "properties": {"noise_id": 3001, "unique_key": "59985529"}}, {"type": "Feature", "geometry": {"type": "Point", "coordinates": [-73.89796631466015, 40.657533378593065]}, "properties": {"noise_id": 3002, "unique_key": "60148250"}}, {"type": "Feature", "geometry": {"type": "Point", "coordinates": [-73.95385913884142, 40.77282463024915]}, "properties": {"noise_id": 3003, "unique_key": "60177783"}}, {"type": "Feature", "geometry": {"type": "Point", "coordinates": [-73.88774319292784, 40.83204609800394]}, "properties": {"noise_id": 3004, "unique_key": "60063396"}}, {"type": "Feature", "geometry": {"type": "Point", "coordinates": [-73.97415283137067, 40.79231583995937]}, "properties": {"noise_id": 3005, "unique_key": "60082360"}}, {"type": "Feature", "geometry": {"type": "Point", "coordinates": [-73.91795374811312, 40.82849792880215]}, "properties": {"noise_id": 3006, "unique_key": "60083099"}}, {"type": "Feature", "geometry": {"type": "Point", "coordinates": [-74.01254655667563, 40.640969266986815]}, "properties": {"noise_id": 3007, "unique_key": "60127946"}}, {"type": "Feature", "geometry": {"type": "Point", "coordinates": [-73.98504893970802, 40.7585739669566]}, "properties": {"noise_id": 3008, "unique_key": "59964245"}}, {"type": "Feature", "geometry": {"type": "Point", "coordinates": [-73.87487410501063, 40.83066324047387]}, "properties": {"noise_id": 3009, "unique_key": "60022098"}}, {"type": "Feature", "geometry": {"type": "Point", "coordinates": [-74.00580018558267, 40.71161755021696]}, "properties": {"noise_id": 3010, "unique_key": "59956605"}}, {"type": "Feature", "geometry": {"type": "Point", "coordinates": [-73.85992822966526, 40.85482696044164]}, "properties": {"noise_id": 3011, "unique_key": "60062218"}}, {"type": "Feature", "geometry": {"type": "Point", "coordinates": [-73.94605688279943, 40.6750008164119]}, "properties": {"noise_id": 3012, "unique_key": "60128077"}}, {"type": "Feature", "geometry": {"type": "Point", "coordinates": [-73.87854053865966, 40.87492827878536]}, "properties": {"noise_id": 3013, "unique_key": "60011689"}}, {"type": "Feature", "geometry": {"type": "Point", "coordinates": [-73.98277229387011, 40.67086756109261]}, "properties": {"noise_id": 3014, "unique_key": "59945387"}}, {"type": "Feature", "geometry": {"type": "Point", "coordinates": [-73.92404786458, 40.86482555192308]}, "properties": {"noise_id": 3015, "unique_key": "59977371"}}, {"type": "Feature", "geometry": {"type": "Point", "coordinates": [-73.91784558881021, 40.82537436485863]}, "properties": {"noise_id": 3016, "unique_key": "60169293"}}, {"type": "Feature", "geometry": {"type": "Point", "coordinates": [-73.99910370799694, 40.5724680894399]}, "properties": {"noise_id": 3017, "unique_key": "59936249"}}, {"type": "Feature", "geometry": {"type": "Point", "coordinates": [-73.94184697450717, 40.84353974699458]}, "properties": {"noise_id": 3018, "unique_key": "60082879"}}, {"type": "Feature", "geometry": {"type": "Point", "coordinates": [-73.9768669767047, 40.76593401492696]}, "properties": {"noise_id": 3019, "unique_key": "59991837"}}, {"type": "Feature", "geometry": {"type": "Point", "coordinates": [-73.92730641031837, 40.853917466129296]}, "properties": {"noise_id": 3020, "unique_key": "60065671"}}, {"type": "Feature", "geometry": {"type": "Point", "coordinates": [-73.94015470830969, 40.81631131702122]}, "properties": {"noise_id": 3021, "unique_key": "60130699"}}, {"type": "Feature", "geometry": {"type": "Point", "coordinates": [-73.75763103134312, 40.66645245268285]}, "properties": {"noise_id": 3022, "unique_key": "60130206"}}, {"type": "Feature", "geometry": {"type": "Point", "coordinates": [-74.00810810092442, 40.64724424345876]}, "properties": {"noise_id": 3023, "unique_key": "60095667"}}, {"type": "Feature", "geometry": {"type": "Point", "coordinates": [-73.82605259576701, 40.75148566539223]}, "properties": {"noise_id": 3024, "unique_key": "60062988"}}, {"type": "Feature", "geometry": {"type": "Point", "coordinates": [-73.94352465837505, 40.82571093194499]}, "properties": {"noise_id": 3025, "unique_key": "60013226"}}, {"type": "Feature", "geometry": {"type": "Point", "coordinates": [-73.8996621477153, 40.824020554614506]}, "properties": {"noise_id": 3026, "unique_key": "60097949"}}, {"type": "Feature", "geometry": {"type": "Point", "coordinates": [-73.94035900298078, 40.749600645278896]}, "properties": {"noise_id": 3027, "unique_key": "59963148"}}, {"type": "Feature", "geometry": {"type": "Point", "coordinates": [-73.84624641647719, 40.865598966833495]}, "properties": {"noise_id": 3028, "unique_key": "60097497"}}, {"type": "Feature", "geometry": {"type": "Point", "coordinates": [-74.02121605745596, 40.61847170298597]}, "properties": {"noise_id": 3029, "unique_key": "60150884"}}, {"type": "Feature", "geometry": {"type": "Point", "coordinates": [-73.89883478944644, 40.82635833108308]}, "properties": {"noise_id": 3030, "unique_key": "60193017"}}, {"type": "Feature", "geometry": {"type": "Point", "coordinates": [-73.86863842370671, 40.7531395477486]}, "properties": {"noise_id": 3031, "unique_key": "60127289"}}, {"type": "Feature", "geometry": {"type": "Point", "coordinates": [-73.91146088079022, 40.85260265910993]}, "properties": {"noise_id": 3032, "unique_key": "60000299"}}, {"type": "Feature", "geometry": {"type": "Point", "coordinates": [-73.8909130551251, 40.85805250899664]}, "properties": {"noise_id": 3033, "unique_key": "60028347"}}, {"type": "Feature", "geometry": {"type": "Point", "coordinates": [-73.7870946929581, 40.59328231882262]}, "properties": {"noise_id": 3034, "unique_key": "59982747"}}, {"type": "Feature", "geometry": {"type": "Point", "coordinates": [-73.86289363917999, 40.85598329878383]}, "properties": {"noise_id": 3035, "unique_key": "59980904"}}, {"type": "Feature", "geometry": {"type": "Point", "coordinates": [-74.01015278003295, 40.70405542501853]}, "properties": {"noise_id": 3036, "unique_key": "60125276"}}, {"type": "Feature", "geometry": {"type": "Point", "coordinates": [-73.9450684449953, 40.68015503534684]}, "properties": {"noise_id": 3037, "unique_key": "60132336"}}, {"type": "Feature", "geometry": {"type": "Point", "coordinates": [-73.98837511570008, 40.728077430245314]}, "properties": {"noise_id": 3038, "unique_key": "59983505"}}, {"type": "Feature", "geometry": {"type": "Point", "coordinates": [-73.8997725589327, 40.87305757757903]}, "properties": {"noise_id": 3039, "unique_key": "60182426"}}, {"type": "Feature", "geometry": {"type": "Point", "coordinates": [-73.9292502193813, 40.8310250603732]}, "properties": {"noise_id": 3040, "unique_key": "59989763"}}, {"type": "Feature", "geometry": {"type": "Point", "coordinates": [-73.978967968848, 40.77749525831278]}, "properties": {"noise_id": 3041, "unique_key": "59905739"}}, {"type": "Feature", "geometry": {"type": "Point", "coordinates": [-73.87616992178594, 40.879978740051]}, "properties": {"noise_id": 3042, "unique_key": "60115629"}}, {"type": "Feature", "geometry": {"type": "Point", "coordinates": [-73.82409993765279, 40.702299309654535]}, "properties": {"noise_id": 3043, "unique_key": "60194376"}}, {"type": "Feature", "geometry": {"type": "Point", "coordinates": [-73.91183084685467, 40.8434685593961]}, "properties": {"noise_id": 3044, "unique_key": "60117249"}}, {"type": "Feature", "geometry": {"type": "Point", "coordinates": [-73.87243179440395, 40.72300365440581]}, "properties": {"noise_id": 3045, "unique_key": "59978683"}}, {"type": "Feature", "geometry": {"type": "Point", "coordinates": [-73.98991836896035, 40.66286738267743]}, "properties": {"noise_id": 3046, "unique_key": "59908407"}}, {"type": "Feature", "geometry": {"type": "Point", "coordinates": [-73.863877901718, 40.85372557198265]}, "properties": {"noise_id": 3047, "unique_key": "60069199"}}, {"type": "Feature", "geometry": {"type": "Point", "coordinates": [-73.94892760251206, 40.65949413155838]}, "properties": {"noise_id": 3048, "unique_key": "60158793"}}, {"type": "Feature", "geometry": {"type": "Point", "coordinates": [-73.95313590447422, 40.80011796459692]}, "properties": {"noise_id": 3049, "unique_key": "60111319"}}, {"type": "Feature", "geometry": {"type": "Point", "coordinates": [-73.90597896864712, 40.85400635484325]}, "properties": {"noise_id": 3050, "unique_key": "59962319"}}, {"type": "Feature", "geometry": {"type": "Point", "coordinates": [-73.85646319523042, 40.696626861717846]}, "properties": {"noise_id": 3051, "unique_key": "60118618"}}, {"type": "Feature", "geometry": {"type": "Point", "coordinates": [-73.90423150865301, 40.74208035825043]}, "properties": {"noise_id": 3052, "unique_key": "59904689"}}, {"type": "Feature", "geometry": {"type": "Point", "coordinates": [-73.87622002725435, 40.87443176809449]}, "properties": {"noise_id": 3053, "unique_key": "60093918"}}, {"type": "Feature", "geometry": {"type": "Point", "coordinates": [-73.95772063970638, 40.64458529591722]}, "properties": {"noise_id": 3054, "unique_key": "60139521"}}, {"type": "Feature", "geometry": {"type": "Point", "coordinates": [-73.94926973829881, 40.64089014187413]}, "properties": {"noise_id": 3055, "unique_key": "60105602"}}, {"type": "Feature", "geometry": {"type": "Point", "coordinates": [-73.96403253216704, 40.7139643385012]}, "properties": {"noise_id": 3056, "unique_key": "59997133"}}, {"type": "Feature", "geometry": {"type": "Point", "coordinates": [-74.01822496911396, 40.63976903580093]}, "properties": {"noise_id": 3057, "unique_key": "59977973"}}, {"type": "Feature", "geometry": {"type": "Point", "coordinates": [-73.85418996238501, 40.865403425699895]}, "properties": {"noise_id": 3058, "unique_key": "60128955"}}, {"type": "Feature", "geometry": {"type": "Point", "coordinates": [-73.98942910638978, 40.63417886326225]}, "properties": {"noise_id": 3059, "unique_key": "59990076"}}, {"type": "Feature", "geometry": {"type": "Point", "coordinates": [-73.89871577313004, 40.733632775615526]}, "properties": {"noise_id": 3060, "unique_key": "59961184"}}, {"type": "Feature", "geometry": {"type": "Point", "coordinates": [-73.74402119552059, 40.66516586010758]}, "properties": {"noise_id": 3061, "unique_key": "59980281"}}, {"type": "Feature", "geometry": {"type": "Point", "coordinates": [-73.92794786138562, 40.628837372124174]}, "properties": {"noise_id": 3062, "unique_key": "60141823"}}, {"type": "Feature", "geometry": {"type": "Point", "coordinates": [-73.96492815566847, 40.68457365220381]}, "properties": {"noise_id": 3063, "unique_key": "60025548"}}, {"type": "Feature", "geometry": {"type": "Point", "coordinates": [-73.84499728951901, 40.67868312115347]}, "properties": {"noise_id": 3064, "unique_key": "60129483"}}, {"type": "Feature", "geometry": {"type": "Point", "coordinates": [-73.89323046522779, 40.67779104090406]}, "properties": {"noise_id": 3065, "unique_key": "60195067"}}, {"type": "Feature", "geometry": {"type": "Point", "coordinates": [-73.96538552172893, 40.76898054465109]}, "properties": {"noise_id": 3066, "unique_key": "60026403"}}, {"type": "Feature", "geometry": {"type": "Point", "coordinates": [-73.93875187032022, 40.71543034606061]}, "properties": {"noise_id": 3067, "unique_key": "60006812"}}, {"type": "Feature", "geometry": {"type": "Point", "coordinates": [-73.94854691873594, 40.70912218695676]}, "properties": {"noise_id": 3068, "unique_key": "59916251"}}, {"type": "Feature", "geometry": {"type": "Point", "coordinates": [-74.00828638151829, 40.63195028270137]}, "properties": {"noise_id": 3069, "unique_key": "60172826"}}, {"type": "Feature", "geometry": {"type": "Point", "coordinates": [-73.90497396171556, 40.74780377964166]}, "properties": {"noise_id": 3070, "unique_key": "59929547"}}, {"type": "Feature", "geometry": {"type": "Point", "coordinates": [-74.00030286766025, 40.68364302931577]}, "properties": {"noise_id": 3071, "unique_key": "59951926"}}, {"type": "Feature", "geometry": {"type": "Point", "coordinates": [-73.96590002340972, 40.765357639948846]}, "properties": {"noise_id": 3072, "unique_key": "59947277"}}, {"type": "Feature", "geometry": {"type": "Point", "coordinates": [-73.90221694824301, 40.81645006775]}, "properties": {"noise_id": 3073, "unique_key": "60001552"}}, {"type": "Feature", "geometry": {"type": "Point", "coordinates": [-73.99109110861491, 40.761121714902586]}, "properties": {"noise_id": 3074, "unique_key": "60028421"}}, {"type": "Feature", "geometry": {"type": "Point", "coordinates": [-73.90081653838597, 40.86645474030198]}, "properties": {"noise_id": 3075, "unique_key": "59900918"}}, {"type": "Feature", "geometry": {"type": "Point", "coordinates": [-73.973054269436, 40.67799936613212]}, "properties": {"noise_id": 3076, "unique_key": "60134193"}}, {"type": "Feature", "geometry": {"type": "Point", "coordinates": [-73.94705537488909, 40.82501270441526]}, "properties": {"noise_id": 3077, "unique_key": "60093159"}}, {"type": "Feature", "geometry": {"type": "Point", "coordinates": [-73.98220037399219, 40.66616292615109]}, "properties": {"noise_id": 3078, "unique_key": "60109172"}}, {"type": "Feature", "geometry": {"type": "Point", "coordinates": [-73.86827608950671, 40.67171019778189]}, "properties": {"noise_id": 3079, "unique_key": "59954623"}}, {"type": "Feature", "geometry": {"type": "Point", "coordinates": [-73.9509702072562, 40.72952504407939]}, "properties": {"noise_id": 3080, "unique_key": "60166443"}}, {"type": "Feature", "geometry": {"type": "Point", "coordinates": [-73.8067182225901, 40.68916239107106]}, "properties": {"noise_id": 3081, "unique_key": "60073097"}}, {"type": "Feature", "geometry": {"type": "Point", "coordinates": [-73.88611791810783, 40.74921120517548]}, "properties": {"noise_id": 3082, "unique_key": "60169927"}}, {"type": "Feature", "geometry": {"type": "Point", "coordinates": [-73.98352148730712, 40.73174383124967]}, "properties": {"noise_id": 3083, "unique_key": "59911440"}}, {"type": "Feature", "geometry": {"type": "Point", "coordinates": [-73.92969331450443, 40.63739670450603]}, "properties": {"noise_id": 3084, "unique_key": "60157475"}}, {"type": "Feature", "geometry": {"type": "Point", "coordinates": [-73.9892658844598, 40.618566482571566]}, "properties": {"noise_id": 3085, "unique_key": "60049143"}}, {"type": "Feature", "geometry": {"type": "Point", "coordinates": [-73.87203470777096, 40.74191733683592]}, "properties": {"noise_id": 3086, "unique_key": "60048939"}}, {"type": "Feature", "geometry": {"type": "Point", "coordinates": [-73.98002227590054, 40.72936357453767]}, "properties": {"noise_id": 3087, "unique_key": "59938879"}}, {"type": "Feature", "geometry": {"type": "Point", "coordinates": [-73.94877544870181, 40.6886655391432]}, "properties": {"noise_id": 3088, "unique_key": "60046491"}}, {"type": "Feature", "geometry": {"type": "Point", "coordinates": [-73.95887928516821, 40.67652671900751]}, "properties": {"noise_id": 3089, "unique_key": "60004079"}}, {"type": "Feature", "geometry": {"type": "Point", "coordinates": [-73.94082303375315, 40.83260155535621]}, "properties": {"noise_id": 3090, "unique_key": "59927686"}}, {"type": "Feature", "geometry": {"type": "Point", "coordinates": [-73.85756012999359, 40.733468453882224]}, "properties": {"noise_id": 3091, "unique_key": "59941093"}}, {"type": "Feature", "geometry": {"type": "Point", "coordinates": [-73.97643157087708, 40.78236118371096]}, "properties": {"noise_id": 3092, "unique_key": "60119879"}}, {"type": "Feature", "geometry": {"type": "Point", "coordinates": [-73.92198798116284, 40.8424932704004]}, "properties": {"noise_id": 3093, "unique_key": "59994999"}}, {"type": "Feature", "geometry": {"type": "Point", "coordinates": [-73.73046126265969, 40.7283718812059]}, "properties": {"noise_id": 3094, "unique_key": "60044072"}}, {"type": "Feature", "geometry": {"type": "Point", "coordinates": [-73.94144636010117, 40.608843734170655]}, "properties": {"noise_id": 3095, "unique_key": "60116020"}}, {"type": "Feature", "geometry": {"type": "Point", "coordinates": [-73.90374441298103, 40.83694066292417]}, "properties": {"noise_id": 3096, "unique_key": "60179577"}}, {"type": "Feature", "geometry": {"type": "Point", "coordinates": [-73.83788972722117, 40.77422395034219]}, "properties": {"noise_id": 3097, "unique_key": "59974466"}}, {"type": "Feature", "geometry": {"type": "Point", "coordinates": [-73.86062658645622, 40.69233915582232]}, "properties": {"noise_id": 3098, "unique_key": "60146271"}}, {"type": "Feature", "geometry": {"type": "Point", "coordinates": [-73.98032530840052, 40.72950909876424]}, "properties": {"noise_id": 3099, "unique_key": "60105170"}}, {"type": "Feature", "geometry": {"type": "Point", "coordinates": [-73.93421646508578, 40.77496696541085]}, "properties": {"noise_id": 3100, "unique_key": "60172913"}}, {"type": "Feature", "geometry": {"type": "Point", "coordinates": [-73.93654760743699, 40.85584970014212]}, "properties": {"noise_id": 3101, "unique_key": "59939690"}}, {"type": "Feature", "geometry": {"type": "Point", "coordinates": [-73.8095260418184, 40.72238703289527]}, "properties": {"noise_id": 3102, "unique_key": "60077059"}}, {"type": "Feature", "geometry": {"type": "Point", "coordinates": [-73.91342792378171, 40.84934069775287]}, "properties": {"noise_id": 3103, "unique_key": "59915640"}}, {"type": "Feature", "geometry": {"type": "Point", "coordinates": [-73.92735402964225, 40.83348588944474]}, "properties": {"noise_id": 3104, "unique_key": "60030428"}}, {"type": "Feature", "geometry": {"type": "Point", "coordinates": [-73.91588573330455, 40.766514965036805]}, "properties": {"noise_id": 3105, "unique_key": "60000208"}}, {"type": "Feature", "geometry": {"type": "Point", "coordinates": [-73.93976218978757, 40.7071389502689]}, "properties": {"noise_id": 3106, "unique_key": "60091160"}}, {"type": "Feature", "geometry": {"type": "Point", "coordinates": [-73.86016845296459, 40.89187241649303]}, "properties": {"noise_id": 3107, "unique_key": "60008287"}}, {"type": "Feature", "geometry": {"type": "Point", "coordinates": [-73.92717734633241, 40.80671927886361]}, "properties": {"noise_id": 3108, "unique_key": "60007762"}}, {"type": "Feature", "geometry": {"type": "Point", "coordinates": [-73.93763046292936, 40.7033747419447]}, "properties": {"noise_id": 3109, "unique_key": "60077619"}}, {"type": "Feature", "geometry": {"type": "Point", "coordinates": [-73.95451362445782, 40.68149586145552]}, "properties": {"noise_id": 3110, "unique_key": "60175671"}}, {"type": "Feature", "geometry": {"type": "Point", "coordinates": [-73.90772075789538, 40.74497068565494]}, "properties": {"noise_id": 3111, "unique_key": "59950782"}}, {"type": "Feature", "geometry": {"type": "Point", "coordinates": [-73.8984233658015, 40.85443910241399]}, "properties": {"noise_id": 3112, "unique_key": "60189400"}}, {"type": "Feature", "geometry": {"type": "Point", "coordinates": [-73.79596747584749, 40.742724447579015]}, "properties": {"noise_id": 3113, "unique_key": "59981888"}}, {"type": "Feature", "geometry": {"type": "Point", "coordinates": [-73.9743134186555, 40.61010740499186]}, "properties": {"noise_id": 3114, "unique_key": "59950688"}}, {"type": "Feature", "geometry": {"type": "Point", "coordinates": [-73.81861742785517, 40.82310911751407]}, "properties": {"noise_id": 3115, "unique_key": "59917198"}}, {"type": "Feature", "geometry": {"type": "Point", "coordinates": [-73.94668208617851, 40.71819277654783]}, "properties": {"noise_id": 3116, "unique_key": "59957726"}}, {"type": "Feature", "geometry": {"type": "Point", "coordinates": [-73.99683658941078, 40.71163686620811]}, "properties": {"noise_id": 3117, "unique_key": "60158995"}}, {"type": "Feature", "geometry": {"type": "Point", "coordinates": [-73.94342265212642, 40.83094230843801]}, "properties": {"noise_id": 3118, "unique_key": "59926217"}}, {"type": "Feature", "geometry": {"type": "Point", "coordinates": [-74.01526718613655, 40.6416990509358]}, "properties": {"noise_id": 3119, "unique_key": "60131028"}}, {"type": "Feature", "geometry": {"type": "Point", "coordinates": [-73.97078132715654, 40.74754283979385]}, "properties": {"noise_id": 3120, "unique_key": "60153390"}}, {"type": "Feature", "geometry": {"type": "Point", "coordinates": [-73.8950126084457, 40.72973464919744]}, "properties": {"noise_id": 3121, "unique_key": "60159379"}}, {"type": "Feature", "geometry": {"type": "Point", "coordinates": [-73.93725762896878, 40.70864174316273]}, "properties": {"noise_id": 3122, "unique_key": "59902411"}}, {"type": "Feature", "geometry": {"type": "Point", "coordinates": [-74.14073882627359, 40.62852403390596]}, "properties": {"noise_id": 3123, "unique_key": "59970709"}}, {"type": "Feature", "geometry": {"type": "Point", "coordinates": [-73.92295925070961, 40.85891274757023]}, "properties": {"noise_id": 3124, "unique_key": "60132774"}}, {"type": "Feature", "geometry": {"type": "Point", "coordinates": [-73.90374441298103, 40.83694066292417]}, "properties": {"noise_id": 3125, "unique_key": "60046040"}}, {"type": "Feature", "geometry": {"type": "Point", "coordinates": [-73.98253227283492, 40.69264729589128]}, "properties": {"noise_id": 3126, "unique_key": "59966971"}}, {"type": "Feature", "geometry": {"type": "Point", "coordinates": [-73.92718359841146, 40.76468368198577]}, "properties": {"noise_id": 3127, "unique_key": "60165389"}}, {"type": "Feature", "geometry": {"type": "Point", "coordinates": [-73.9129579591051, 40.75824287638882]}, "properties": {"noise_id": 3128, "unique_key": "60031110"}}, {"type": "Feature", "geometry": {"type": "Point", "coordinates": [-73.81313076118172, 40.58576841136371]}, "properties": {"noise_id": 3129, "unique_key": "59950109"}}, {"type": "Feature", "geometry": {"type": "Point", "coordinates": [-73.99384048701876, 40.73571101507024]}, "properties": {"noise_id": 3130, "unique_key": "60160081"}}, {"type": "Feature", "geometry": {"type": "Point", "coordinates": [-73.94199378946865, 40.75806627917122]}, "properties": {"noise_id": 3131, "unique_key": "60032680"}}, {"type": "Feature", "geometry": {"type": "Point", "coordinates": [-73.92677857550613, 40.86711913938304]}, "properties": {"noise_id": 3132, "unique_key": "59938385"}}, {"type": "Feature", "geometry": {"type": "Point", "coordinates": [-73.95951685098144, 40.64773969949788]}, "properties": {"noise_id": 3133, "unique_key": "60134975"}}, {"type": "Feature", "geometry": {"type": "Point", "coordinates": [-73.93156984558253, 40.85588802556055]}, "properties": {"noise_id": 3134, "unique_key": "59911012"}}, {"type": "Feature", "geometry": {"type": "Point", "coordinates": [-73.7979797167638, 40.70869017321405]}, "properties": {"noise_id": 3135, "unique_key": "59904764"}}, {"type": "Feature", "geometry": {"type": "Point", "coordinates": [-73.90033413738502, 40.84094778937431]}, "properties": {"noise_id": 3136, "unique_key": "59998136"}}, {"type": "Feature", "geometry": {"type": "Point", "coordinates": [-73.97054435819493, 40.63049207025344]}, "properties": {"noise_id": 3137, "unique_key": "59912069"}}, {"type": "Feature", "geometry": {"type": "Point", "coordinates": [-73.85769996208678, 40.894397256010194]}, "properties": {"noise_id": 3138, "unique_key": "60029697"}}, {"type": "Feature", "geometry": {"type": "Point", "coordinates": [-73.89257279850527, 40.66306194765827]}, "properties": {"noise_id": 3139, "unique_key": "60188500"}}, {"type": "Feature", "geometry": {"type": "Point", "coordinates": [-74.07500812949114, 40.59522546628224]}, "properties": {"noise_id": 3140, "unique_key": "60028794"}}, {"type": "Feature", "geometry": {"type": "Point", "coordinates": [-73.90993953695556, 40.83357790450306]}, "properties": {"noise_id": 3141, "unique_key": "60174315"}}, {"type": "Feature", "geometry": {"type": "Point", "coordinates": [-73.9415188581885, 40.65764611074324]}, "properties": {"noise_id": 3142, "unique_key": "60013161"}}, {"type": "Feature", "geometry": {"type": "Point", "coordinates": [-73.95294481914316, 40.82006927743495]}, "properties": {"noise_id": 3143, "unique_key": "60027037"}}, {"type": "Feature", "geometry": {"type": "Point", "coordinates": [-73.92575127551889, 40.76717773854713]}, "properties": {"noise_id": 3144, "unique_key": "60087880"}}, {"type": "Feature", "geometry": {"type": "Point", "coordinates": [-73.90217134126665, 40.84993279151911]}, "properties": {"noise_id": 3145, "unique_key": "59929840"}}, {"type": "Feature", "geometry": {"type": "Point", "coordinates": [-73.94243505376316, 40.70273496986677]}, "properties": {"noise_id": 3146, "unique_key": "60180651"}}, {"type": "Feature", "geometry": {"type": "Point", "coordinates": [-73.92692489492474, 40.82609135732715]}, "properties": {"noise_id": 3147, "unique_key": "60107298"}}, {"type": "Feature", "geometry": {"type": "Point", "coordinates": [-73.92266411377638, 40.83914243535633]}, "properties": {"noise_id": 3148, "unique_key": "60048746"}}, {"type": "Feature", "geometry": {"type": "Point", "coordinates": [-73.91148755323957, 40.88416943488641]}, "properties": {"noise_id": 3149, "unique_key": "60054813"}}, {"type": "Feature", "geometry": {"type": "Point", "coordinates": [-73.86966345158815, 40.67013901936178]}, "properties": {"noise_id": 3150, "unique_key": "59933012"}}, {"type": "Feature", "geometry": {"type": "Point", "coordinates": [-73.87343459257087, 40.65469010822888]}, "properties": {"noise_id": 3151, "unique_key": "60075878"}}, {"type": "Feature", "geometry": {"type": "Point", "coordinates": [-73.90887287491266, 40.77598722100768]}, "properties": {"noise_id": 3152, "unique_key": "59984992"}}, {"type": "Feature", "geometry": {"type": "Point", "coordinates": [-73.88639479038336, 40.72018568508068]}, "properties": {"noise_id": 3153, "unique_key": "59961603"}}, {"type": "Feature", "geometry": {"type": "Point", "coordinates": [-73.97970340011932, 40.78123920986469]}, "properties": {"noise_id": 3154, "unique_key": "59908035"}}, {"type": "Feature", "geometry": {"type": "Point", "coordinates": [-73.87344736931657, 40.752447765090594]}, "properties": {"noise_id": 3155, "unique_key": "59930729"}}, {"type": "Feature", "geometry": {"type": "Point", "coordinates": [-73.87248959993701, 40.655078823851085]}, "properties": {"noise_id": 3156, "unique_key": "60064395"}}, {"type": "Feature", "geometry": {"type": "Point", "coordinates": [-74.13203638942025, 40.60557414062486]}, "properties": {"noise_id": 3157, "unique_key": "60116060"}}, {"type": "Feature", "geometry": {"type": "Point", "coordinates": [-73.84687958793984, 40.87795643793934]}, "properties": {"noise_id": 3158, "unique_key": "59903656"}}, {"type": "Feature", "geometry": {"type": "Point", "coordinates": [-73.79415011747668, 40.695530435650085]}, "properties": {"noise_id": 3159, "unique_key": "59903869"}}, {"type": "Feature", "geometry": {"type": "Point", "coordinates": [-73.90588412099751, 40.680900938146]}, "properties": {"noise_id": 3160, "unique_key": "60117980"}}, {"type": "Feature", "geometry": {"type": "Point", "coordinates": [-73.96292570462641, 40.75830822067179]}, "properties": {"noise_id": 3161, "unique_key": "60176523"}}, {"type": "Feature", "geometry": {"type": "Point", "coordinates": [-73.94181160329215, 40.83439435562678]}, "properties": {"noise_id": 3162, "unique_key": "60110124"}}, {"type": "Feature", "geometry": {"type": "Point", "coordinates": [-73.96291120602407, 40.66117655086587]}, "properties": {"noise_id": 3163, "unique_key": "60081317"}}, {"type": "Feature", "geometry": {"type": "Point", "coordinates": [-73.90269743743991, 40.72008808206402]}, "properties": {"noise_id": 3164, "unique_key": "59943814"}}, {"type": "Feature", "geometry": {"type": "Point", "coordinates": [-73.90690349197035, 40.64801656027839]}, "properties": {"noise_id": 3165, "unique_key": "60046600"}}, {"type": "Feature", "geometry": {"type": "Point", "coordinates": [-73.91697095924327, 40.75605553126992]}, "properties": {"noise_id": 3166, "unique_key": "60184732"}}, {"type": "Feature", "geometry": {"type": "Point", "coordinates": [-73.80343340538089, 40.71724956934783]}, "properties": {"noise_id": 3167, "unique_key": "60048662"}}, {"type": "Feature", "geometry": {"type": "Point", "coordinates": [-73.86339139199588, 40.67172097003817]}, "properties": {"noise_id": 3168, "unique_key": "60131686"}}, {"type": "Feature", "geometry": {"type": "Point", "coordinates": [-73.80444136965461, 40.7708344272156]}, "properties": {"noise_id": 3169, "unique_key": "59931874"}}, {"type": "Feature", "geometry": {"type": "Point", "coordinates": [-73.96383963408627, 40.7104784300833]}, "properties": {"noise_id": 3170, "unique_key": "60062792"}}, {"type": "Feature", "geometry": {"type": "Point", "coordinates": [-73.87294526647428, 40.877557160665766]}, "properties": {"noise_id": 3171, "unique_key": "59986745"}}, {"type": "Feature", "geometry": {"type": "Point", "coordinates": [-73.94861163637752, 40.70939120268948]}, "properties": {"noise_id": 3172, "unique_key": "59956173"}}, {"type": "Feature", "geometry": {"type": "Point", "coordinates": [-74.10369094889572, 40.58291468528257]}, "properties": {"noise_id": 3173, "unique_key": "60111656"}}, {"type": "Feature", "geometry": {"type": "Point", "coordinates": [-74.11832844043825, 40.56629446373728]}, "properties": {"noise_id": 3174, "unique_key": "60106099"}}, {"type": "Feature", "geometry": {"type": "Point", "coordinates": [-73.90085098457361, 40.74635382076101]}, "properties": {"noise_id": 3175, "unique_key": "60002119"}}, {"type": "Feature", "geometry": {"type": "Point", "coordinates": [-73.76735563770204, 40.67389992120081]}, "properties": {"noise_id": 3176, "unique_key": "59951272"}}, {"type": "Feature", "geometry": {"type": "Point", "coordinates": [-73.98569878753527, 40.67397504825964]}, "properties": {"noise_id": 3177, "unique_key": "60051475"}}, {"type": "Feature", "geometry": {"type": "Point", "coordinates": [-73.9845105018471, 40.74564888274301]}, "properties": {"noise_id": 3178, "unique_key": "60122191"}}, {"type": "Feature", "geometry": {"type": "Point", "coordinates": [-73.98701110239976, 40.76612499229379]}, "properties": {"noise_id": 3179, "unique_key": "60134454"}}, {"type": "Feature", "geometry": {"type": "Point", "coordinates": [-73.98414260863386, 40.7598995571408]}, "properties": {"noise_id": 3180, "unique_key": "59998321"}}, {"type": "Feature", "geometry": {"type": "Point", "coordinates": [-73.97586266250596, 40.77790361544337]}, "properties": {"noise_id": 3181, "unique_key": "60002035"}}, {"type": "Feature", "geometry": {"type": "Point", "coordinates": [-73.92011004084816, 40.829262473563205]}, "properties": {"noise_id": 3182, "unique_key": "60069374"}}, {"type": "Feature", "geometry": {"type": "Point", "coordinates": [-73.92886303221528, 40.8315271048226]}, "properties": {"noise_id": 3183, "unique_key": "60092078"}}, {"type": "Feature", "geometry": {"type": "Point", "coordinates": [-73.86561635856087, 40.72503525873787]}, "properties": {"noise_id": 3184, "unique_key": "60072584"}}, {"type": "Feature", "geometry": {"type": "Point", "coordinates": [-73.83686171242668, 40.686873267483726]}, "properties": {"noise_id": 3185, "unique_key": "60165098"}}, {"type": "Feature", "geometry": {"type": "Point", "coordinates": [-73.91109714827905, 40.86240645467484]}, "properties": {"noise_id": 3186, "unique_key": "59965923"}}, {"type": "Feature", "geometry": {"type": "Point", "coordinates": [-73.98342407217982, 40.73172185922995]}, "properties": {"noise_id": 3187, "unique_key": "59894931"}}, {"type": "Feature", "geometry": {"type": "Point", "coordinates": [-73.901969964742, 40.900731405929164]}, "properties": {"noise_id": 3188, "unique_key": "60178166"}}, {"type": "Feature", "geometry": {"type": "Point", "coordinates": [-73.88493363308801, 40.84352446040918]}, "properties": {"noise_id": 3189, "unique_key": "60062216"}}, {"type": "Feature", "geometry": {"type": "Point", "coordinates": [-73.91799422212837, 40.87188625692909]}, "properties": {"noise_id": 3190, "unique_key": "59939555"}}, {"type": "Feature", "geometry": {"type": "Point", "coordinates": [-73.9155602126315, 40.84672657311037]}, "properties": {"noise_id": 3191, "unique_key": "60060113"}}, {"type": "Feature", "geometry": {"type": "Point", "coordinates": [-74.03020533301675, 40.62326209885787]}, "properties": {"noise_id": 3192, "unique_key": "60022096"}}, {"type": "Feature", "geometry": {"type": "Point", "coordinates": [-74.03282063229737, 40.615987682827]}, "properties": {"noise_id": 3193, "unique_key": "60151913"}}, {"type": "Feature", "geometry": {"type": "Point", "coordinates": [-73.80343340538089, 40.71724956934783]}, "properties": {"noise_id": 3194, "unique_key": "60123316"}}, {"type": "Feature", "geometry": {"type": "Point", "coordinates": [-73.92550567667541, 40.6414042018282]}, "properties": {"noise_id": 3195, "unique_key": "60101561"}}, {"type": "Feature", "geometry": {"type": "Point", "coordinates": [-73.9463178815953, 40.67322232384446]}, "properties": {"noise_id": 3196, "unique_key": "60116845"}}, {"type": "Feature", "geometry": {"type": "Point", "coordinates": [-73.95757147144462, 40.69216321055065]}, "properties": {"noise_id": 3197, "unique_key": "59918834"}}, {"type": "Feature", "geometry": {"type": "Point", "coordinates": [-73.98483468502799, 40.73251803248665]}, "properties": {"noise_id": 3198, "unique_key": "59939663"}}, {"type": "Feature", "geometry": {"type": "Point", "coordinates": [-73.95628861466949, 40.63580144456758]}, "properties": {"noise_id": 3199, "unique_key": "59971060"}}, {"type": "Feature", "geometry": {"type": "Point", "coordinates": [-73.96318846554928, 40.57676604782761]}, "properties": {"noise_id": 3200, "unique_key": "60117958"}}, {"type": "Feature", "geometry": {"type": "Point", "coordinates": [-74.01055206071095, 40.72014518405405]}, "properties": {"noise_id": 3201, "unique_key": "60060261"}}, {"type": "Feature", "geometry": {"type": "Point", "coordinates": [-73.90933926986887, 40.81530310501578]}, "properties": {"noise_id": 3202, "unique_key": "60181267"}}, {"type": "Feature", "geometry": {"type": "Point", "coordinates": [-73.88699527010941, 40.75539598889271]}, "properties": {"noise_id": 3203, "unique_key": "59946875"}}, {"type": "Feature", "geometry": {"type": "Point", "coordinates": [-73.99124783403671, 40.69472058898639]}, "properties": {"noise_id": 3204, "unique_key": "60008385"}}, {"type": "Feature", "geometry": {"type": "Point", "coordinates": [-73.97080386288954, 40.68788548715183]}, "properties": {"noise_id": 3205, "unique_key": "59947938"}}, {"type": "Feature", "geometry": {"type": "Point", "coordinates": [-73.98629722814603, 40.69150598180174]}, "properties": {"noise_id": 3206, "unique_key": "60005856"}}, {"type": "Feature", "geometry": {"type": "Point", "coordinates": [-73.98123391147094, 40.64204437614928]}, "properties": {"noise_id": 3207, "unique_key": "60059384"}}, {"type": "Feature", "geometry": {"type": "Point", "coordinates": [-73.7504677343508, 40.71774805746314]}, "properties": {"noise_id": 3208, "unique_key": "60111118"}}, {"type": "Feature", "geometry": {"type": "Point", "coordinates": [-73.94914920836769, 40.78013737314805]}, "properties": {"noise_id": 3209, "unique_key": "60070153"}}, {"type": "Feature", "geometry": {"type": "Point", "coordinates": [-73.99682776606149, 40.74544951389787]}, "properties": {"noise_id": 3210, "unique_key": "60137300"}}, {"type": "Feature", "geometry": {"type": "Point", "coordinates": [-73.81611099819884, 40.58736795255732]}, "properties": {"noise_id": 3211, "unique_key": "59906907"}}, {"type": "Feature", "geometry": {"type": "Point", "coordinates": [-73.87157811619339, 40.76349330478606]}, "properties": {"noise_id": 3212, "unique_key": "60119754"}}, {"type": "Feature", "geometry": {"type": "Point", "coordinates": [-73.90903893065772, 40.90816978097136]}, "properties": {"noise_id": 3213, "unique_key": "60186858"}}, {"type": "Feature", "geometry": {"type": "Point", "coordinates": [-73.85769170301842, 40.87798125542972]}, "properties": {"noise_id": 3214, "unique_key": "60123115"}}, {"type": "Feature", "geometry": {"type": "Point", "coordinates": [-73.94969558006386, 40.6782550229986]}, "properties": {"noise_id": 3215, "unique_key": "60024116"}}, {"type": "Feature", "geometry": {"type": "Point", "coordinates": [-73.92982674386413, 40.85656766459356]}, "properties": {"noise_id": 3216, "unique_key": "60133122"}}, {"type": "Feature", "geometry": {"type": "Point", "coordinates": [-73.99548624427106, 40.73078425761405]}, "properties": {"noise_id": 3217, "unique_key": "60184009"}}, {"type": "Feature", "geometry": {"type": "Point", "coordinates": [-73.96151406453338, 40.646346034881695]}, "properties": {"noise_id": 3218, "unique_key": "60084457"}}, {"type": "Feature", "geometry": {"type": "Point", "coordinates": [-73.95403624633076, 40.78299944011765]}, "properties": {"noise_id": 3219, "unique_key": "60178643"}}, {"type": "Feature", "geometry": {"type": "Point", "coordinates": [-73.86987979944949, 40.86966823451919]}, "properties": {"noise_id": 3220, "unique_key": "59926969"}}, {"type": "Feature", "geometry": {"type": "Point", "coordinates": [-73.88631883813831, 40.703379417547566]}, "properties": {"noise_id": 3221, "unique_key": "60051950"}}, {"type": "Feature", "geometry": {"type": "Point", "coordinates": [-73.7436312921991, 40.7037758599191]}, "properties": {"noise_id": 3222, "unique_key": "60164842"}}, {"type": "Feature", "geometry": {"type": "Point", "coordinates": [-73.8720844853697, 40.71599040157941]}, "properties": {"noise_id": 3223, "unique_key": "60141761"}}, {"type": "Feature", "geometry": {"type": "Point", "coordinates": [-73.97376110550691, 40.66831596117808]}, "properties": {"noise_id": 3224, "unique_key": "60078238"}}, {"type": "Feature", "geometry": {"type": "Point", "coordinates": [-73.92458008252996, 40.84184449838968]}, "properties": {"noise_id": 3225, "unique_key": "59979581"}}, {"type": "Feature", "geometry": {"type": "Point", "coordinates": [-73.94233717427045, 40.8284029101287]}, "properties": {"noise_id": 3226, "unique_key": "59972696"}}, {"type": "Feature", "geometry": {"type": "Point", "coordinates": [-74.12244948912495, 40.57606989347904]}, "properties": {"noise_id": 3227, "unique_key": "60100847"}}, {"type": "Feature", "geometry": {"type": "Point", "coordinates": [-73.80343340538089, 40.71724956934783]}, "properties": {"noise_id": 3228, "unique_key": "60084535"}}, {"type": "Feature", "geometry": {"type": "Point", "coordinates": [-74.09410019318854, 40.57524572267028]}, "properties": {"noise_id": 3229, "unique_key": "60084693"}}, {"type": "Feature", "geometry": {"type": "Point", "coordinates": [-73.92394739647354, 40.848351784418206]}, "properties": {"noise_id": 3230, "unique_key": "60148669"}}, {"type": "Feature", "geometry": {"type": "Point", "coordinates": [-73.97982667218535, 40.77957866659855]}, "properties": {"noise_id": 3231, "unique_key": "60175866"}}, {"type": "Feature", "geometry": {"type": "Point", "coordinates": [-73.85883645742827, 40.74245635642796]}, "properties": {"noise_id": 3232, "unique_key": "60159092"}}, {"type": "Feature", "geometry": {"type": "Point", "coordinates": [-73.93624447145977, 40.68560983780672]}, "properties": {"noise_id": 3233, "unique_key": "60078821"}}, {"type": "Feature", "geometry": {"type": "Point", "coordinates": [-73.95972261129339, 40.67103197663886]}, "properties": {"noise_id": 3234, "unique_key": "59995011"}}, {"type": "Feature", "geometry": {"type": "Point", "coordinates": [-73.99645608513484, 40.60906445372037]}, "properties": {"noise_id": 3235, "unique_key": "60125018"}}, {"type": "Feature", "geometry": {"type": "Point", "coordinates": [-73.93964808609853, 40.825201195767306]}, "properties": {"noise_id": 3236, "unique_key": "59964646"}}, {"type": "Feature", "geometry": {"type": "Point", "coordinates": [-73.90770389073468, 40.67378520905687]}, "properties": {"noise_id": 3237, "unique_key": "59992900"}}, {"type": "Feature", "geometry": {"type": "Point", "coordinates": [-73.86134148705608, 40.87223830621903]}, "properties": {"noise_id": 3238, "unique_key": "60125451"}}, {"type": "Feature", "geometry": {"type": "Point", "coordinates": [-73.87266528531887, 40.68199158511177]}, "properties": {"noise_id": 3239, "unique_key": "60091569"}}, {"type": "Feature", "geometry": {"type": "Point", "coordinates": [-73.96371850580003, 40.60167253563333]}, "properties": {"noise_id": 3240, "unique_key": "59975541"}}, {"type": "Feature", "geometry": {"type": "Point", "coordinates": [-73.98136835370778, 40.67674939581712]}, "properties": {"noise_id": 3241, "unique_key": "60175401"}}, {"type": "Feature", "geometry": {"type": "Point", "coordinates": [-74.1390737610238, 40.63684826819421]}, "properties": {"noise_id": 3242, "unique_key": "59935176"}}, {"type": "Feature", "geometry": {"type": "Point", "coordinates": [-73.85113769130038, 40.731728388115954]}, "properties": {"noise_id": 3243, "unique_key": "60051700"}}, {"type": "Feature", "geometry": {"type": "Point", "coordinates": [-73.9981771920477, 40.75667830418574]}, "properties": {"noise_id": 3244, "unique_key": "60035843"}}, {"type": "Feature", "geometry": {"type": "Point", "coordinates": [-73.94883494610528, 40.64402174970259]}, "properties": {"noise_id": 3245, "unique_key": "60113897"}}, {"type": "Feature", "geometry": {"type": "Point", "coordinates": [-73.85708910648162, 40.84204960499701]}, "properties": {"noise_id": 3246, "unique_key": "59955277"}}, {"type": "Feature", "geometry": {"type": "Point", "coordinates": [-73.94528300939929, 40.82290942397937]}, "properties": {"noise_id": 3247, "unique_key": "60070685"}}, {"type": "Feature", "geometry": {"type": "Point", "coordinates": [-73.89715632895883, 40.645227788984535]}, "properties": {"noise_id": 3248, "unique_key": "59952888"}}, {"type": "Feature", "geometry": {"type": "Point", "coordinates": [-73.84786015016644, 40.77971604899974]}, "properties": {"noise_id": 3249, "unique_key": "59975121"}}, {"type": "Feature", "geometry": {"type": "Point", "coordinates": [-73.99488631073343, 40.602578442124575]}, "properties": {"noise_id": 3250, "unique_key": "59977404"}}, {"type": "Feature", "geometry": {"type": "Point", "coordinates": [-73.84431544707047, 40.79160975139556]}, "properties": {"noise_id": 3251, "unique_key": "60012331"}}, {"type": "Feature", "geometry": {"type": "Point", "coordinates": [-73.96935334574492, 40.76064039767329]}, "properties": {"noise_id": 3252, "unique_key": "59911979"}}, {"type": "Feature", "geometry": {"type": "Point", "coordinates": [-73.96315218039648, 40.60991223318096]}, "properties": {"noise_id": 3253, "unique_key": "59936548"}}, {"type": "Feature", "geometry": {"type": "Point", "coordinates": [-73.88944565657596, 40.84917199290993]}, "properties": {"noise_id": 3254, "unique_key": "60063988"}}, {"type": "Feature", "geometry": {"type": "Point", "coordinates": [-74.22046168155197, 40.52957462226978]}, "properties": {"noise_id": 3255, "unique_key": "60076316"}}, {"type": "Feature", "geometry": {"type": "Point", "coordinates": [-73.84785299402137, 40.831835688315785]}, "properties": {"noise_id": 3256, "unique_key": "60011778"}}, {"type": "Feature", "geometry": {"type": "Point", "coordinates": [-74.00105021611765, 40.746885056617984]}, "properties": {"noise_id": 3257, "unique_key": "60027641"}}, {"type": "Feature", "geometry": {"type": "Point", "coordinates": [-73.91394830745334, 40.659432110334166]}, "properties": {"noise_id": 3258, "unique_key": "60185982"}}, {"type": "Feature", "geometry": {"type": "Point", "coordinates": [-73.91465321878462, 40.8465529890755]}, "properties": {"noise_id": 3259, "unique_key": "60190785"}}, {"type": "Feature", "geometry": {"type": "Point", "coordinates": [-73.83084390455686, 40.74649735043975]}, "properties": {"noise_id": 3260, "unique_key": "59910642"}}, {"type": "Feature", "geometry": {"type": "Point", "coordinates": [-73.98236025448018, 40.60681242264614]}, "properties": {"noise_id": 3261, "unique_key": "60016399"}}, {"type": "Feature", "geometry": {"type": "Point", "coordinates": [-73.91065589660556, 40.816800005872885]}, "properties": {"noise_id": 3262, "unique_key": "59899227"}}, {"type": "Feature", "geometry": {"type": "Point", "coordinates": [-73.948243737971, 40.825512782242896]}, "properties": {"noise_id": 3263, "unique_key": "60012422"}}, {"type": "Feature", "geometry": {"type": "Point", "coordinates": [-73.79033384509749, 40.7221889969641]}, "properties": {"noise_id": 3264, "unique_key": "59992880"}}, {"type": "Feature", "geometry": {"type": "Point", "coordinates": [-73.88486278314905, 40.65893182677183]}, "properties": {"noise_id": 3265, "unique_key": "59905101"}}, {"type": "Feature", "geometry": {"type": "Point", "coordinates": [-73.91752446408785, 40.86873501174088]}, "properties": {"noise_id": 3266, "unique_key": "60149669"}}, {"type": "Feature", "geometry": {"type": "Point", "coordinates": [-73.92718359841146, 40.76468368198577]}, "properties": {"noise_id": 3267, "unique_key": "60027039"}}, {"type": "Feature", "geometry": {"type": "Point", "coordinates": [-74.00773744185084, 40.68273150522334]}, "properties": {"noise_id": 3268, "unique_key": "60110782"}}, {"type": "Feature", "geometry": {"type": "Point", "coordinates": [-73.98317568066396, 40.7437465838794]}, "properties": {"noise_id": 3269, "unique_key": "59955782"}}, {"type": "Feature", "geometry": {"type": "Point", "coordinates": [-73.91569961462228, 40.83654929278299]}, "properties": {"noise_id": 3270, "unique_key": "59962297"}}, {"type": "Feature", "geometry": {"type": "Point", "coordinates": [-73.94427203619021, 40.59341114191536]}, "properties": {"noise_id": 3271, "unique_key": "59933757"}}, {"type": "Feature", "geometry": {"type": "Point", "coordinates": [-73.9854872722937, 40.71824263462594]}, "properties": {"noise_id": 3272, "unique_key": "59965979"}}, {"type": "Feature", "geometry": {"type": "Point", "coordinates": [-73.92024579451515, 40.764239929296565]}, "properties": {"noise_id": 3273, "unique_key": "60153123"}}, {"type": "Feature", "geometry": {"type": "Point", "coordinates": [-73.95874629283364, 40.66422458225912]}, "properties": {"noise_id": 3274, "unique_key": "60060011"}}, {"type": "Feature", "geometry": {"type": "Point", "coordinates": [-73.89983560670379, 40.85760772449226]}, "properties": {"noise_id": 3275, "unique_key": "60120815"}}, {"type": "Feature", "geometry": {"type": "Point", "coordinates": [-73.79981262069354, 40.70609407732761]}, "properties": {"noise_id": 3276, "unique_key": "60050807"}}, {"type": "Feature", "geometry": {"type": "Point", "coordinates": [-73.99176766280867, 40.631928328276544]}, "properties": {"noise_id": 3277, "unique_key": "60016662"}}, {"type": "Feature", "geometry": {"type": "Point", "coordinates": [-73.88029095559025, 40.71810171557815]}, "properties": {"noise_id": 3278, "unique_key": "60150093"}}, {"type": "Feature", "geometry": {"type": "Point", "coordinates": [-73.94557262281035, 40.66318981146139]}, "properties": {"noise_id": 3279, "unique_key": "60002832"}}, {"type": "Feature", "geometry": {"type": "Point", "coordinates": [-73.95113283563161, 40.74884267993183]}, "properties": {"noise_id": 3280, "unique_key": "60026459"}}, {"type": "Feature", "geometry": {"type": "Point", "coordinates": [-73.90370201633748, 40.821290259404606]}, "properties": {"noise_id": 3281, "unique_key": "60049211"}}, {"type": "Feature", "geometry": {"type": "Point", "coordinates": [-73.86721021670552, 40.8702827503261]}, "properties": {"noise_id": 3282, "unique_key": "60178576"}}, {"type": "Feature", "geometry": {"type": "Point", "coordinates": [-73.97513843346704, 40.60943785646601]}, "properties": {"noise_id": 3283, "unique_key": "60158217"}}, {"type": "Feature", "geometry": {"type": "Point", "coordinates": [-73.85512199184632, 40.66162378224032]}, "properties": {"noise_id": 3284, "unique_key": "60173981"}}, {"type": "Feature", "geometry": {"type": "Point", "coordinates": [-73.89381124923521, 40.8587139413759]}, "properties": {"noise_id": 3285, "unique_key": "60067571"}}, {"type": "Feature", "geometry": {"type": "Point", "coordinates": [-73.98475987116, 40.72832678131086]}, "properties": {"noise_id": 3286, "unique_key": "60155026"}}, {"type": "Feature", "geometry": {"type": "Point", "coordinates": [-73.99522625162467, 40.63295781947176]}, "properties": {"noise_id": 3287, "unique_key": "60165641"}}, {"type": "Feature", "geometry": {"type": "Point", "coordinates": [-73.95544212929333, 40.80275381673463]}, "properties": {"noise_id": 3288, "unique_key": "60194308"}}, {"type": "Feature", "geometry": {"type": "Point", "coordinates": [-73.92041854886766, 40.73446501120911]}, "properties": {"noise_id": 3289, "unique_key": "60147803"}}, {"type": "Feature", "geometry": {"type": "Point", "coordinates": [-73.9103881542057, 40.84124148846542]}, "properties": {"noise_id": 3290, "unique_key": "60108671"}}, {"type": "Feature", "geometry": {"type": "Point", "coordinates": [-73.89126201472308, 40.66009086264377]}, "properties": {"noise_id": 3291, "unique_key": "59915333"}}, {"type": "Feature", "geometry": {"type": "Point", "coordinates": [-73.89144696746713, 40.66603897748475]}, "properties": {"noise_id": 3292, "unique_key": "59957020"}}, {"type": "Feature", "geometry": {"type": "Point", "coordinates": [-73.83382829903606, 40.69015991263248]}, "properties": {"noise_id": 3293, "unique_key": "60150456"}}, {"type": "Feature", "geometry": {"type": "Point", "coordinates": [-73.8723164061865, 40.839720738021455]}, "properties": {"noise_id": 3294, "unique_key": "59938747"}}, {"type": "Feature", "geometry": {"type": "Point", "coordinates": [-73.8903491395586, 40.73524451884162]}, "properties": {"noise_id": 3295, "unique_key": "60021275"}}, {"type": "Feature", "geometry": {"type": "Point", "coordinates": [-73.97456311208983, 40.78659316583564]}, "properties": {"noise_id": 3296, "unique_key": "60135132"}}, {"type": "Feature", "geometry": {"type": "Point", "coordinates": [-73.93722794475059, 40.84741010736752]}, "properties": {"noise_id": 3297, "unique_key": "60125519"}}, {"type": "Feature", "geometry": {"type": "Point", "coordinates": [-73.80001053365655, 40.592034677670114]}, "properties": {"noise_id": 3298, "unique_key": "60011713"}}, {"type": "Feature", "geometry": {"type": "Point", "coordinates": [-73.98342407217982, 40.73172185922995]}, "properties": {"noise_id": 3299, "unique_key": "60084841"}}, {"type": "Feature", "geometry": {"type": "Point", "coordinates": [-73.88226325319475, 40.68189201515822]}, "properties": {"noise_id": 3300, "unique_key": "60139007"}}, {"type": "Feature", "geometry": {"type": "Point", "coordinates": [-73.87713404136097, 40.87095795998829]}, "properties": {"noise_id": 3301, "unique_key": "60179664"}}, {"type": "Feature", "geometry": {"type": "Point", "coordinates": [-73.92410658846794, 40.62962265547563]}, "properties": {"noise_id": 3302, "unique_key": "60112715"}}, {"type": "Feature", "geometry": {"type": "Point", "coordinates": [-73.8566340254861, 40.84023204092024]}, "properties": {"noise_id": 3303, "unique_key": "60095377"}}, {"type": "Feature", "geometry": {"type": "Point", "coordinates": [-73.89041526811837, 40.635795961226286]}, "properties": {"noise_id": 3304, "unique_key": "59994941"}}, {"type": "Feature", "geometry": {"type": "Point", "coordinates": [-73.749050342286, 40.60173091121048]}, "properties": {"noise_id": 3305, "unique_key": "60085381"}}, {"type": "Feature", "geometry": {"type": "Point", "coordinates": [-73.87494941017859, 40.74829659827454]}, "properties": {"noise_id": 3306, "unique_key": "60135710"}}, {"type": "Feature", "geometry": {"type": "Point", "coordinates": [-73.95276841145517, 40.81918540590982]}, "properties": {"noise_id": 3307, "unique_key": "60062017"}}, {"type": "Feature", "geometry": {"type": "Point", "coordinates": [-73.9414504223697, 40.58778564271899]}, "properties": {"noise_id": 3308, "unique_key": "60031516"}}, {"type": "Feature", "geometry": {"type": "Point", "coordinates": [-73.92082584005514, 40.76217353750001]}, "properties": {"noise_id": 3309, "unique_key": "60097120"}}, {"type": "Feature", "geometry": {"type": "Point", "coordinates": [-73.9960923002675, 40.73262326545706]}, "properties": {"noise_id": 3310, "unique_key": "60088768"}}, {"type": "Feature", "geometry": {"type": "Point", "coordinates": [-73.9659287320363, 40.65278394419568]}, "properties": {"noise_id": 3311, "unique_key": "60161015"}}, {"type": "Feature", "geometry": {"type": "Point", "coordinates": [-73.88878737242966, 40.70242390525284]}, "properties": {"noise_id": 3312, "unique_key": "60015518"}}, {"type": "Feature", "geometry": {"type": "Point", "coordinates": [-73.8176931019633, 40.72924020345204]}, "properties": {"noise_id": 3313, "unique_key": "59953313"}}, {"type": "Feature", "geometry": {"type": "Point", "coordinates": [-73.97717759013557, 40.67067719770763]}, "properties": {"noise_id": 3314, "unique_key": "59969065"}}, {"type": "Feature", "geometry": {"type": "Point", "coordinates": [-73.92216741307804, 40.74473432677463]}, "properties": {"noise_id": 3315, "unique_key": "59922066"}}, {"type": "Feature", "geometry": {"type": "Point", "coordinates": [-74.00004322811058, 40.62394677500348]}, "properties": {"noise_id": 3316, "unique_key": "60104173"}}, {"type": "Feature", "geometry": {"type": "Point", "coordinates": [-73.79825466597752, 40.58804889295151]}, "properties": {"noise_id": 3317, "unique_key": "60147448"}}, {"type": "Feature", "geometry": {"type": "Point", "coordinates": [-73.89653414296158, 40.90702844551304]}, "properties": {"noise_id": 3318, "unique_key": "60008649"}}, {"type": "Feature", "geometry": {"type": "Point", "coordinates": [-73.98066518081416, 40.67730097942799]}, "properties": {"noise_id": 3319, "unique_key": "59951422"}}, {"type": "Feature", "geometry": {"type": "Point", "coordinates": [-74.00796500395873, 40.71638781597337]}, "properties": {"noise_id": 3320, "unique_key": "59951286"}}, {"type": "Feature", "geometry": {"type": "Point", "coordinates": [-73.88592544512991, 40.85318132558475]}, "properties": {"noise_id": 3321, "unique_key": "60109296"}}, {"type": "Feature", "geometry": {"type": "Point", "coordinates": [-74.01822496911396, 40.63976903580093]}, "properties": {"noise_id": 3322, "unique_key": "59958208"}}, {"type": "Feature", "geometry": {"type": "Point", "coordinates": [-73.9237445080268, 40.80777926778886]}, "properties": {"noise_id": 3323, "unique_key": "59971756"}}, {"type": "Feature", "geometry": {"type": "Point", "coordinates": [-73.87958261484131, 40.74077542417562]}, "properties": {"noise_id": 3324, "unique_key": "59950665"}}, {"type": "Feature", "geometry": {"type": "Point", "coordinates": [-74.15841070344744, 40.55615350709407]}, "properties": {"noise_id": 3325, "unique_key": "59978997"}}, {"type": "Feature", "geometry": {"type": "Point", "coordinates": [-73.92228029181018, 40.82740029485828]}, "properties": {"noise_id": 3326, "unique_key": "60000816"}}, {"type": "Feature", "geometry": {"type": "Point", "coordinates": [-73.78896494224885, 40.71130074502075]}, "properties": {"noise_id": 3327, "unique_key": "60070077"}}, {"type": "Feature", "geometry": {"type": "Point", "coordinates": [-73.87797279135413, 40.83554666365087]}, "properties": {"noise_id": 3328, "unique_key": "60012586"}}, {"type": "Feature", "geometry": {"type": "Point", "coordinates": [-73.82823754080462, 40.87694210803544]}, "properties": {"noise_id": 3329, "unique_key": "59965845"}}, {"type": "Feature", "geometry": {"type": "Point", "coordinates": [-73.93829447578248, 40.67957245472067]}, "properties": {"noise_id": 3330, "unique_key": "60078578"}}, {"type": "Feature", "geometry": {"type": "Point", "coordinates": [-74.03837539188696, 40.62957816911362]}, "properties": {"noise_id": 3331, "unique_key": "60019600"}}, {"type": "Feature", "geometry": {"type": "Point", "coordinates": [-73.85868154834364, 40.74403165518884]}, "properties": {"noise_id": 3332, "unique_key": "60186294"}}, {"type": "Feature", "geometry": {"type": "Point", "coordinates": [-73.93739207472056, 40.623100800397495]}, "properties": {"noise_id": 3333, "unique_key": "59906015"}}, {"type": "Feature", "geometry": {"type": "Point", "coordinates": [-73.94015470830969, 40.81631131702122]}, "properties": {"noise_id": 3334, "unique_key": "60097140"}}, {"type": "Feature", "geometry": {"type": "Point", "coordinates": [-73.91366468236463, 40.83401990736171]}, "properties": {"noise_id": 3335, "unique_key": "59941061"}}, {"type": "Feature", "geometry": {"type": "Point", "coordinates": [-73.88178966883191, 40.85752477316438]}, "properties": {"noise_id": 3336, "unique_key": "60073904"}}, {"type": "Feature", "geometry": {"type": "Point", "coordinates": [-73.93672615569507, 40.71756467467456]}, "properties": {"noise_id": 3337, "unique_key": "59951300"}}, {"type": "Feature", "geometry": {"type": "Point", "coordinates": [-73.91262762879437, 40.69911781297981]}, "properties": {"noise_id": 3338, "unique_key": "60031418"}}, {"type": "Feature", "geometry": {"type": "Point", "coordinates": [-73.82626716960326, 40.79514662571332]}, "properties": {"noise_id": 3339, "unique_key": "59970459"}}, {"type": "Feature", "geometry": {"type": "Point", "coordinates": [-73.91958571357449, 40.73389626837524]}, "properties": {"noise_id": 3340, "unique_key": "60189513"}}, {"type": "Feature", "geometry": {"type": "Point", "coordinates": [-73.94170262567204, 40.80617036004671]}, "properties": {"noise_id": 3341, "unique_key": "60148454"}}, {"type": "Feature", "geometry": {"type": "Point", "coordinates": [-73.98531239137466, 40.75880455936544]}, "properties": {"noise_id": 3342, "unique_key": "60189197"}}, {"type": "Feature", "geometry": {"type": "Point", "coordinates": [-73.92530007525595, 40.83471420862944]}, "properties": {"noise_id": 3343, "unique_key": "60130522"}}, {"type": "Feature", "geometry": {"type": "Point", "coordinates": [-73.93558529201907, 40.66999719236199]}, "properties": {"noise_id": 3344, "unique_key": "60000462"}}, {"type": "Feature", "geometry": {"type": "Point", "coordinates": [-73.75119185955128, 40.7054448061762]}, "properties": {"noise_id": 3345, "unique_key": "60120240"}}, {"type": "Feature", "geometry": {"type": "Point", "coordinates": [-73.91088810638449, 40.67845658325464]}, "properties": {"noise_id": 3346, "unique_key": "60095244"}}, {"type": "Feature", "geometry": {"type": "Point", "coordinates": [-73.95298167828521, 40.72699247279165]}, "properties": {"noise_id": 3347, "unique_key": "60051387"}}, {"type": "Feature", "geometry": {"type": "Point", "coordinates": [-73.73386306241227, 40.72128181880446]}, "properties": {"noise_id": 3348, "unique_key": "59993476"}}, {"type": "Feature", "geometry": {"type": "Point", "coordinates": [-74.19458865821396, 40.51918008930112]}, "properties": {"noise_id": 3349, "unique_key": "60177904"}}, {"type": "Feature", "geometry": {"type": "Point", "coordinates": [-73.9016058820673, 40.90231752133392]}, "properties": {"noise_id": 3350, "unique_key": "60112152"}}, {"type": "Feature", "geometry": {"type": "Point", "coordinates": [-74.14090800101106, 40.6318669838733]}, "properties": {"noise_id": 3351, "unique_key": "59977362"}}, {"type": "Feature", "geometry": {"type": "Point", "coordinates": [-73.91408835463265, 40.80536260744816]}, "properties": {"noise_id": 3352, "unique_key": "60092184"}}, {"type": "Feature", "geometry": {"type": "Point", "coordinates": [-73.93801679124208, 40.81541540861839]}, "properties": {"noise_id": 3353, "unique_key": "60019070"}}, {"type": "Feature", "geometry": {"type": "Point", "coordinates": [-73.87050897122538, 40.86221708338028]}, "properties": {"noise_id": 3354, "unique_key": "60170606"}}, {"type": "Feature", "geometry": {"type": "Point", "coordinates": [-73.94696902029281, 40.77921964860408]}, "properties": {"noise_id": 3355, "unique_key": "60163717"}}, {"type": "Feature", "geometry": {"type": "Point", "coordinates": [-73.95914444206745, 40.81453554135292]}, "properties": {"noise_id": 3356, "unique_key": "60067336"}}, {"type": "Feature", "geometry": {"type": "Point", "coordinates": [-73.81475841961395, 40.58694856927494]}, "properties": {"noise_id": 3357, "unique_key": "60022220"}}, {"type": "Feature", "geometry": {"type": "Point", "coordinates": [-73.94428838241386, 40.79391917518846]}, "properties": {"noise_id": 3358, "unique_key": "60130636"}}, {"type": "Feature", "geometry": {"type": "Point", "coordinates": [-74.06217919709624, 40.59597421974536]}, "properties": {"noise_id": 3359, "unique_key": "59926288"}}, {"type": "Feature", "geometry": {"type": "Point", "coordinates": [-73.98175386707632, 40.664458348996426]}, "properties": {"noise_id": 3360, "unique_key": "60157913"}}, {"type": "Feature", "geometry": {"type": "Point", "coordinates": [-74.04013828330204, 40.62557840826256]}, "properties": {"noise_id": 3361, "unique_key": "59911143"}}, {"type": "Feature", "geometry": {"type": "Point", "coordinates": [-73.8961574296168, 40.8841786180058]}, "properties": {"noise_id": 3362, "unique_key": "59953903"}}, {"type": "Feature", "geometry": {"type": "Point", "coordinates": [-73.92537361654016, 40.86258125360451]}, "properties": {"noise_id": 3363, "unique_key": "60159505"}}, {"type": "Feature", "geometry": {"type": "Point", "coordinates": [-73.85070846041687, 40.817020676600166]}, "properties": {"noise_id": 3364, "unique_key": "60135543"}}, {"type": "Feature", "geometry": {"type": "Point", "coordinates": [-73.99758787969, 40.68352497923651]}, "properties": {"noise_id": 3365, "unique_key": "59978916"}}, {"type": "Feature", "geometry": {"type": "Point", "coordinates": [-73.98323370470261, 40.68526122356821]}, "properties": {"noise_id": 3366, "unique_key": "59989069"}}, {"type": "Feature", "geometry": {"type": "Point", "coordinates": [-74.07691821583335, 40.61855222947101]}, "properties": {"noise_id": 3367, "unique_key": "59901700"}}, {"type": "Feature", "geometry": {"type": "Point", "coordinates": [-73.8723164061865, 40.839720738021455]}, "properties": {"noise_id": 3368, "unique_key": "59960730"}}, {"type": "Feature", "geometry": {"type": "Point", "coordinates": [-73.93640785388033, 40.65796179323273]}, "properties": {"noise_id": 3369, "unique_key": "60103773"}}, {"type": "Feature", "geometry": {"type": "Point", "coordinates": [-73.86611543335064, 40.70648123637796]}, "properties": {"noise_id": 3370, "unique_key": "60116280"}}, {"type": "Feature", "geometry": {"type": "Point", "coordinates": [-73.94101839076684, 40.59592100943067]}, "properties": {"noise_id": 3371, "unique_key": "59971189"}}, {"type": "Feature", "geometry": {"type": "Point", "coordinates": [-73.94493301337819, 40.8136019139021]}, "properties": {"noise_id": 3372, "unique_key": "60102147"}}, {"type": "Feature", "geometry": {"type": "Point", "coordinates": [-73.95388474723961, 40.787981070999535]}, "properties": {"noise_id": 3373, "unique_key": "60041239"}}, {"type": "Feature", "geometry": {"type": "Point", "coordinates": [-73.82742148055277, 40.76225263504183]}, "properties": {"noise_id": 3374, "unique_key": "60154270"}}, {"type": "Feature", "geometry": {"type": "Point", "coordinates": [-73.90236922709826, 40.83578123847195]}, "properties": {"noise_id": 3375, "unique_key": "60118141"}}, {"type": "Feature", "geometry": {"type": "Point", "coordinates": [-73.91184596707207, 40.84842276788623]}, "properties": {"noise_id": 3376, "unique_key": "59899624"}}, {"type": "Feature", "geometry": {"type": "Point", "coordinates": [-73.78781859628411, 40.59209790098616]}, "properties": {"noise_id": 3377, "unique_key": "60043242"}}, {"type": "Feature", "geometry": {"type": "Point", "coordinates": [-73.95283188286473, 40.806095853791454]}, "properties": {"noise_id": 3378, "unique_key": "60082749"}}, {"type": "Feature", "geometry": {"type": "Point", "coordinates": [-73.99469209267185, 40.64477959063895]}, "properties": {"noise_id": 3379, "unique_key": "60009275"}}, {"type": "Feature", "geometry": {"type": "Point", "coordinates": [-74.08244057332043, 40.62180098145624]}, "properties": {"noise_id": 3380, "unique_key": "59996981"}}, {"type": "Feature", "geometry": {"type": "Point", "coordinates": [-73.94011363072792, 40.6933384457756]}, "properties": {"noise_id": 3381, "unique_key": "60100200"}}, {"type": "Feature", "geometry": {"type": "Point", "coordinates": [-74.00922950977888, 40.70432723447391]}, "properties": {"noise_id": 3382, "unique_key": "60135017"}}, {"type": "Feature", "geometry": {"type": "Point", "coordinates": [-73.87333978296894, 40.87926479342878]}, "properties": {"noise_id": 3383, "unique_key": "60054211"}}, {"type": "Feature", "geometry": {"type": "Point", "coordinates": [-73.95957964447068, 40.805815710536]}, "properties": {"noise_id": 3384, "unique_key": "60174128"}}, {"type": "Feature", "geometry": {"type": "Point", "coordinates": [-74.00341103669449, 40.75745228616154]}, "properties": {"noise_id": 3385, "unique_key": "60057926"}}, {"type": "Feature", "geometry": {"type": "Point", "coordinates": [-73.99495735413961, 40.758599529493935]}, "properties": {"noise_id": 3386, "unique_key": "59916234"}}, {"type": "Feature", "geometry": {"type": "Point", "coordinates": [-74.1923729776601, 40.5878838093473]}, "properties": {"noise_id": 3387, "unique_key": "59956585"}}, {"type": "Feature", "geometry": {"type": "Point", "coordinates": [-74.01454277729239, 40.641032161932536]}, "properties": {"noise_id": 3388, "unique_key": "60082754"}}, {"type": "Feature", "geometry": {"type": "Point", "coordinates": [-73.93647487307123, 40.82224343105343]}, "properties": {"noise_id": 3389, "unique_key": "60199888"}}, {"type": "Feature", "geometry": {"type": "Point", "coordinates": [-73.96480786866645, 40.65287967407573]}, "properties": {"noise_id": 3390, "unique_key": "60186684"}}, {"type": "Feature", "geometry": {"type": "Point", "coordinates": [-73.88130559533204, 40.66490085601355]}, "properties": {"noise_id": 3391, "unique_key": "60043093"}}, {"type": "Feature", "geometry": {"type": "Point", "coordinates": [-73.85916902447387, 40.69609497412615]}, "properties": {"noise_id": 3392, "unique_key": "59911001"}}, {"type": "Feature", "geometry": {"type": "Point", "coordinates": [-73.90071441609523, 40.85009897385511]}, "properties": {"noise_id": 3393, "unique_key": "60153837"}}, {"type": "Feature", "geometry": {"type": "Point", "coordinates": [-73.98512230670129, 40.76947609211548]}, "properties": {"noise_id": 3394, "unique_key": "59974612"}}, {"type": "Feature", "geometry": {"type": "Point", "coordinates": [-73.97508383115276, 40.79433342148973]}, "properties": {"noise_id": 3395, "unique_key": "60137818"}}, {"type": "Feature", "geometry": {"type": "Point", "coordinates": [-73.98342407217982, 40.73172185922995]}, "properties": {"noise_id": 3396, "unique_key": "60020725"}}, {"type": "Feature", "geometry": {"type": "Point", "coordinates": [-73.91262762879437, 40.69911781297981]}, "properties": {"noise_id": 3397, "unique_key": "59906062"}}, {"type": "Feature", "geometry": {"type": "Point", "coordinates": [-74.01164403325879, 40.61053238372868]}, "properties": {"noise_id": 3398, "unique_key": "60069820"}}, {"type": "Feature", "geometry": {"type": "Point", "coordinates": [-73.87639111311755, 40.83297318206956]}, "properties": {"noise_id": 3399, "unique_key": "60194326"}}, {"type": "Feature", "geometry": {"type": "Point", "coordinates": [-74.00119966334589, 40.62857997431925]}, "properties": {"noise_id": 3400, "unique_key": "60180390"}}, {"type": "Feature", "geometry": {"type": "Point", "coordinates": [-74.00522221380243, 40.608828337355526]}, "properties": {"noise_id": 3401, "unique_key": "60010806"}}, {"type": "Feature", "geometry": {"type": "Point", "coordinates": [-73.92648618310697, 40.8666990148464]}, "properties": {"noise_id": 3402, "unique_key": "59955563"}}, {"type": "Feature", "geometry": {"type": "Point", "coordinates": [-73.85682602958292, 40.737581934189215]}, "properties": {"noise_id": 3403, "unique_key": "59920984"}}, {"type": "Feature", "geometry": {"type": "Point", "coordinates": [-73.99393458760782, 40.7326067034945]}, "properties": {"noise_id": 3404, "unique_key": "59956524"}}, {"type": "Feature", "geometry": {"type": "Point", "coordinates": [-73.83492579097549, 40.74644288837072]}, "properties": {"noise_id": 3405, "unique_key": "60001497"}}, {"type": "Feature", "geometry": {"type": "Point", "coordinates": [-73.9932601572899, 40.72957920124789]}, "properties": {"noise_id": 3406, "unique_key": "59915914"}}, {"type": "Feature", "geometry": {"type": "Point", "coordinates": [-73.87512627214548, 40.68282320428767]}, "properties": {"noise_id": 3407, "unique_key": "60020096"}}, {"type": "Feature", "geometry": {"type": "Point", "coordinates": [-73.94150816045477, 40.83426794537464]}, "properties": {"noise_id": 3408, "unique_key": "60093383"}}, {"type": "Feature", "geometry": {"type": "Point", "coordinates": [-73.87985396987531, 40.66433941377357]}, "properties": {"noise_id": 3409, "unique_key": "59929883"}}, {"type": "Feature", "geometry": {"type": "Point", "coordinates": [-73.93691928904398, 40.6583408546317]}, "properties": {"noise_id": 3410, "unique_key": "60153843"}}, {"type": "Feature", "geometry": {"type": "Point", "coordinates": [-73.80534094518511, 40.67057790890648]}, "properties": {"noise_id": 3411, "unique_key": "59914836"}}, {"type": "Feature", "geometry": {"type": "Point", "coordinates": [-73.89490294482933, 40.82214441717055]}, "properties": {"noise_id": 3412, "unique_key": "60011927"}}, {"type": "Feature", "geometry": {"type": "Point", "coordinates": [-73.80905346664248, 40.72993160457863]}, "properties": {"noise_id": 3413, "unique_key": "59918597"}}, {"type": "Feature", "geometry": {"type": "Point", "coordinates": [-73.97464874193032, 40.59963608206044]}, "properties": {"noise_id": 3414, "unique_key": "59894644"}}, {"type": "Feature", "geometry": {"type": "Point", "coordinates": [-73.96329269609444, 40.67531502123216]}, "properties": {"noise_id": 3415, "unique_key": "60037799"}}, {"type": "Feature", "geometry": {"type": "Point", "coordinates": [-73.76052129194932, 40.68872694033185]}, "properties": {"noise_id": 3416, "unique_key": "59942383"}}, {"type": "Feature", "geometry": {"type": "Point", "coordinates": [-73.98368411471195, 40.68647447721384]}, "properties": {"noise_id": 3417, "unique_key": "60012277"}}, {"type": "Feature", "geometry": {"type": "Point", "coordinates": [-74.11187146210581, 40.56202726674416]}, "properties": {"noise_id": 3418, "unique_key": "59898462"}}, {"type": "Feature", "geometry": {"type": "Point", "coordinates": [-73.94184697450717, 40.84353974699458]}, "properties": {"noise_id": 3419, "unique_key": "60079263"}}, {"type": "Feature", "geometry": {"type": "Point", "coordinates": [-73.91503811152762, 40.842340146343126]}, "properties": {"noise_id": 3420, "unique_key": "60049463"}}, {"type": "Feature", "geometry": {"type": "Point", "coordinates": [-73.9591599666473, 40.67738044385556]}, "properties": {"noise_id": 3421, "unique_key": "60039312"}}, {"type": "Feature", "geometry": {"type": "Point", "coordinates": [-73.82748144004533, 40.84780869783529]}, "properties": {"noise_id": 3422, "unique_key": "59946049"}}, {"type": "Feature", "geometry": {"type": "Point", "coordinates": [-73.98342407217982, 40.73172185922995]}, "properties": {"noise_id": 3423, "unique_key": "60018694"}}, {"type": "Feature", "geometry": {"type": "Point", "coordinates": [-73.99405505842263, 40.75736160668701]}, "properties": {"noise_id": 3424, "unique_key": "60042471"}}, {"type": "Feature", "geometry": {"type": "Point", "coordinates": [-73.98150195222456, 40.67600558349092]}, "properties": {"noise_id": 3425, "unique_key": "60090805"}}, {"type": "Feature", "geometry": {"type": "Point", "coordinates": [-73.90991588171056, 40.80834568369169]}, "properties": {"noise_id": 3426, "unique_key": "60029138"}}, {"type": "Feature", "geometry": {"type": "Point", "coordinates": [-74.0287016455361, 40.63646766454153]}, "properties": {"noise_id": 3427, "unique_key": "60129286"}}, {"type": "Feature", "geometry": {"type": "Point", "coordinates": [-73.88549939067295, 40.68071228283633]}, "properties": {"noise_id": 3428, "unique_key": "60063882"}}, {"type": "Feature", "geometry": {"type": "Point", "coordinates": [-73.72219215739662, 40.7516333274809]}, "properties": {"noise_id": 3429, "unique_key": "59955650"}}, {"type": "Feature", "geometry": {"type": "Point", "coordinates": [-73.90146928848188, 40.72360033058129]}, "properties": {"noise_id": 3430, "unique_key": "59940026"}}, {"type": "Feature", "geometry": {"type": "Point", "coordinates": [-73.886775529518, 40.83370844901697]}, "properties": {"noise_id": 3431, "unique_key": "59916824"}}, {"type": "Feature", "geometry": {"type": "Point", "coordinates": [-73.9588498967438, 40.78258405982354]}, "properties": {"noise_id": 3432, "unique_key": "60034224"}}, {"type": "Feature", "geometry": {"type": "Point", "coordinates": [-73.92123376116837, 40.67364155989189]}, "properties": {"noise_id": 3433, "unique_key": "60069433"}}, {"type": "Feature", "geometry": {"type": "Point", "coordinates": [-73.98980637392404, 40.71172429074152]}, "properties": {"noise_id": 3434, "unique_key": "59939400"}}, {"type": "Feature", "geometry": {"type": "Point", "coordinates": [-73.80150947098736, 40.70553708251741]}, "properties": {"noise_id": 3435, "unique_key": "60095912"}}, {"type": "Feature", "geometry": {"type": "Point", "coordinates": [-73.90700407379502, 40.777517291973865]}, "properties": {"noise_id": 3436, "unique_key": "60119767"}}, {"type": "Feature", "geometry": {"type": "Point", "coordinates": [-73.98322753703334, 40.69544706314867]}, "properties": {"noise_id": 3437, "unique_key": "59920317"}}, {"type": "Feature", "geometry": {"type": "Point", "coordinates": [-73.78828125130184, 40.64832048620134]}, "properties": {"noise_id": 3438, "unique_key": "59970686"}}, {"type": "Feature", "geometry": {"type": "Point", "coordinates": [-73.91898137162245, 40.871851273179466]}, "properties": {"noise_id": 3439, "unique_key": "60002825"}}, {"type": "Feature", "geometry": {"type": "Point", "coordinates": [-73.9790796031933, 40.77843672322545]}, "properties": {"noise_id": 3440, "unique_key": "60028717"}}, {"type": "Feature", "geometry": {"type": "Point", "coordinates": [-73.8865395881634, 40.811014878117945]}, "properties": {"noise_id": 3441, "unique_key": "60080736"}}, {"type": "Feature", "geometry": {"type": "Point", "coordinates": [-73.83157269967819, 40.7622862262682]}, "properties": {"noise_id": 3442, "unique_key": "59977331"}}, {"type": "Feature", "geometry": {"type": "Point", "coordinates": [-73.85429350155603, 40.8792011486289]}, "properties": {"noise_id": 3443, "unique_key": "60100170"}}, {"type": "Feature", "geometry": {"type": "Point", "coordinates": [-73.90680118675989, 40.84766400810433]}, "properties": {"noise_id": 3444, "unique_key": "60041110"}}, {"type": "Feature", "geometry": {"type": "Point", "coordinates": [-73.88369815764294, 40.84525238813639]}, "properties": {"noise_id": 3445, "unique_key": "60058624"}}, {"type": "Feature", "geometry": {"type": "Point", "coordinates": [-73.8931798547383, 40.772411069444175]}, "properties": {"noise_id": 3446, "unique_key": "60078674"}}, {"type": "Feature", "geometry": {"type": "Point", "coordinates": [-73.90598670450618, 40.848533419181855]}, "properties": {"noise_id": 3447, "unique_key": "59948842"}}, {"type": "Feature", "geometry": {"type": "Point", "coordinates": [-73.89934007589142, 40.63326519027409]}, "properties": {"noise_id": 3448, "unique_key": "59958996"}}, {"type": "Feature", "geometry": {"type": "Point", "coordinates": [-73.8632966695496, 40.89732985330628]}, "properties": {"noise_id": 3449, "unique_key": "60064629"}}, {"type": "Feature", "geometry": {"type": "Point", "coordinates": [-74.00094350400255, 40.60203508226049]}, "properties": {"noise_id": 3450, "unique_key": "59989465"}}, {"type": "Feature", "geometry": {"type": "Point", "coordinates": [-73.90974720069485, 40.82618349190198]}, "properties": {"noise_id": 3451, "unique_key": "60062136"}}, {"type": "Feature", "geometry": {"type": "Point", "coordinates": [-73.90897403725306, 40.65443552269227]}, "properties": {"noise_id": 3452, "unique_key": "60110242"}}, {"type": "Feature", "geometry": {"type": "Point", "coordinates": [-73.98371653163852, 40.64231923301988]}, "properties": {"noise_id": 3453, "unique_key": "60024680"}}, {"type": "Feature", "geometry": {"type": "Point", "coordinates": [-73.91437280071112, 40.808881556697806]}, "properties": {"noise_id": 3454, "unique_key": "59937412"}}, {"type": "Feature", "geometry": {"type": "Point", "coordinates": [-73.94139278559638, 40.6657678500441]}, "properties": {"noise_id": 3455, "unique_key": "59937126"}}, {"type": "Feature", "geometry": {"type": "Point", "coordinates": [-73.8004779426956, 40.67058879135257]}, "properties": {"noise_id": 3456, "unique_key": "60042770"}}, {"type": "Feature", "geometry": {"type": "Point", "coordinates": [-74.03504883294167, 40.63393246608205]}, "properties": {"noise_id": 3457, "unique_key": "60063046"}}, {"type": "Feature", "geometry": {"type": "Point", "coordinates": [-73.93609969510507, 40.6598445420985]}, "properties": {"noise_id": 3458, "unique_key": "59978604"}}, {"type": "Feature", "geometry": {"type": "Point", "coordinates": [-73.91530981104633, 40.853195660229765]}, "properties": {"noise_id": 3459, "unique_key": "60100480"}}, {"type": "Feature", "geometry": {"type": "Point", "coordinates": [-73.8980741220789, 40.676612435206174]}, "properties": {"noise_id": 3460, "unique_key": "60061663"}}, {"type": "Feature", "geometry": {"type": "Point", "coordinates": [-73.94981797910806, 40.82223079680125]}, "properties": {"noise_id": 3461, "unique_key": "59918219"}}, {"type": "Feature", "geometry": {"type": "Point", "coordinates": [-73.92303054335267, 40.75670201006992]}, "properties": {"noise_id": 3462, "unique_key": "60157540"}}, {"type": "Feature", "geometry": {"type": "Point", "coordinates": [-73.9104574878717, 40.832691765345125]}, "properties": {"noise_id": 3463, "unique_key": "60029485"}}, {"type": "Feature", "geometry": {"type": "Point", "coordinates": [-73.85765908565052, 40.734440220401794]}, "properties": {"noise_id": 3464, "unique_key": "60063235"}}, {"type": "Feature", "geometry": {"type": "Point", "coordinates": [-73.92995212282821, 40.83362747705329]}, "properties": {"noise_id": 3465, "unique_key": "59975644"}}, {"type": "Feature", "geometry": {"type": "Point", "coordinates": [-73.7819013536055, 40.59583348463645]}, "properties": {"noise_id": 3466, "unique_key": "59944518"}}, {"type": "Feature", "geometry": {"type": "Point", "coordinates": [-73.7807622768879, 40.71464501427029]}, "properties": {"noise_id": 3467, "unique_key": "60138289"}}, {"type": "Feature", "geometry": {"type": "Point", "coordinates": [-73.87325649155746, 40.67445233632219]}, "properties": {"noise_id": 3468, "unique_key": "60158418"}}, {"type": "Feature", "geometry": {"type": "Point", "coordinates": [-73.87747838486375, 40.82536324322324]}, "properties": {"noise_id": 3469, "unique_key": "60003817"}}, {"type": "Feature", "geometry": {"type": "Point", "coordinates": [-74.10402883654733, 40.564087754592585]}, "properties": {"noise_id": 3470, "unique_key": "59955986"}}, {"type": "Feature", "geometry": {"type": "Point", "coordinates": [-73.84713418996913, 40.67442059418384]}, "properties": {"noise_id": 3471, "unique_key": "59927159"}}, {"type": "Feature", "geometry": {"type": "Point", "coordinates": [-74.11503479459844, 40.56191434972436]}, "properties": {"noise_id": 3472, "unique_key": "60070814"}}, {"type": "Feature", "geometry": {"type": "Point", "coordinates": [-73.95338740827498, 40.70916816499451]}, "properties": {"noise_id": 3473, "unique_key": "60041715"}}, {"type": "Feature", "geometry": {"type": "Point", "coordinates": [-73.92206344635126, 40.67010410737853]}, "properties": {"noise_id": 3474, "unique_key": "60064246"}}, {"type": "Feature", "geometry": {"type": "Point", "coordinates": [-73.93304658068391, 40.64935773729544]}, "properties": {"noise_id": 3475, "unique_key": "60183849"}}, {"type": "Feature", "geometry": {"type": "Point", "coordinates": [-73.95296285062773, 40.69743960909474]}, "properties": {"noise_id": 3476, "unique_key": "60112511"}}, {"type": "Feature", "geometry": {"type": "Point", "coordinates": [-73.98255308335538, 40.68202229138976]}, "properties": {"noise_id": 3477, "unique_key": "60168521"}}, {"type": "Feature", "geometry": {"type": "Point", "coordinates": [-73.8851114395669, 40.88287540238971]}, "properties": {"noise_id": 3478, "unique_key": "60093377"}}, {"type": "Feature", "geometry": {"type": "Point", "coordinates": [-73.96863653739597, 40.7573931722838]}, "properties": {"noise_id": 3479, "unique_key": "60186404"}}, {"type": "Feature", "geometry": {"type": "Point", "coordinates": [-73.81279785009109, 40.76617949342622]}, "properties": {"noise_id": 3480, "unique_key": "60175656"}}, {"type": "Feature", "geometry": {"type": "Point", "coordinates": [-73.89866387614234, 40.85317126061148]}, "properties": {"noise_id": 3481, "unique_key": "59956349"}}, {"type": "Feature", "geometry": {"type": "Point", "coordinates": [-73.99593052889611, 40.722824480058016]}, "properties": {"noise_id": 3482, "unique_key": "59994332"}}, {"type": "Feature", "geometry": {"type": "Point", "coordinates": [-73.9804391940515, 40.61194762298651]}, "properties": {"noise_id": 3483, "unique_key": "59993410"}}, {"type": "Feature", "geometry": {"type": "Point", "coordinates": [-73.81336256667298, 40.70121468345884]}, "properties": {"noise_id": 3484, "unique_key": "60118726"}}, {"type": "Feature", "geometry": {"type": "Point", "coordinates": [-73.92288819061721, 40.851606301604434]}, "properties": {"noise_id": 3485, "unique_key": "60110246"}}, {"type": "Feature", "geometry": {"type": "Point", "coordinates": [-73.93027766086075, 40.854026343505424]}, "properties": {"noise_id": 3486, "unique_key": "59972924"}}, {"type": "Feature", "geometry": {"type": "Point", "coordinates": [-73.8095196031239, 40.73221327339134]}, "properties": {"noise_id": 3487, "unique_key": "59979276"}}, {"type": "Feature", "geometry": {"type": "Point", "coordinates": [-73.99746456226916, 40.60785128096797]}, "properties": {"noise_id": 3488, "unique_key": "60189819"}}, {"type": "Feature", "geometry": {"type": "Point", "coordinates": [-73.96562719792148, 40.79036485379444]}, "properties": {"noise_id": 3489, "unique_key": "60036236"}}, {"type": "Feature", "geometry": {"type": "Point", "coordinates": [-73.94718406330993, 40.826761147449865]}, "properties": {"noise_id": 3490, "unique_key": "60107156"}}, {"type": "Feature", "geometry": {"type": "Point", "coordinates": [-73.92194257312629, 40.84731020158295]}, "properties": {"noise_id": 3491, "unique_key": "60067964"}}, {"type": "Feature", "geometry": {"type": "Point", "coordinates": [-73.78945262190588, 40.70878742807396]}, "properties": {"noise_id": 3492, "unique_key": "60003911"}}, {"type": "Feature", "geometry": {"type": "Point", "coordinates": [-73.89116656043147, 40.73406230454027]}, "properties": {"noise_id": 3493, "unique_key": "60063363"}}, {"type": "Feature", "geometry": {"type": "Point", "coordinates": [-73.84563221804095, 40.88099040774208]}, "properties": {"noise_id": 3494, "unique_key": "60183767"}}, {"type": "Feature", "geometry": {"type": "Point", "coordinates": [-73.96701083562357, 40.62903088285389]}, "properties": {"noise_id": 3495, "unique_key": "59906573"}}, {"type": "Feature", "geometry": {"type": "Point", "coordinates": [-73.90177088166034, 40.87879021525784]}, "properties": {"noise_id": 3496, "unique_key": "59965975"}}, {"type": "Feature", "geometry": {"type": "Point", "coordinates": [-73.96082309218706, 40.60797363750186]}, "properties": {"noise_id": 3497, "unique_key": "59952477"}}, {"type": "Feature", "geometry": {"type": "Point", "coordinates": [-73.99991342244364, 40.71748599556889]}, "properties": {"noise_id": 3498, "unique_key": "60115901"}}, {"type": "Feature", "geometry": {"type": "Point", "coordinates": [-73.98067510088087, 40.77992464869507]}, "properties": {"noise_id": 3499, "unique_key": "59903226"}}, {"type": "Feature", "geometry": {"type": "Point", "coordinates": [-74.16178593606323, 40.57533228444484]}, "properties": {"noise_id": 3500, "unique_key": "59935238"}}, {"type": "Feature", "geometry": {"type": "Point", "coordinates": [-73.86192194317695, 40.76161021958834]}, "properties": {"noise_id": 3501, "unique_key": "60194955"}}, {"type": "Feature", "geometry": {"type": "Point", "coordinates": [-73.99703854756866, 40.71250147161684]}, "properties": {"noise_id": 3502, "unique_key": "60161934"}}, {"type": "Feature", "geometry": {"type": "Point", "coordinates": [-73.85154680116395, 40.82666121978617]}, "properties": {"noise_id": 3503, "unique_key": "60189733"}}, {"type": "Feature", "geometry": {"type": "Point", "coordinates": [-73.86256126709533, 40.86638257960705]}, "properties": {"noise_id": 3504, "unique_key": "60046109"}}, {"type": "Feature", "geometry": {"type": "Point", "coordinates": [-73.86580218426124, 40.75458550607648]}, "properties": {"noise_id": 3505, "unique_key": "60105287"}}, {"type": "Feature", "geometry": {"type": "Point", "coordinates": [-73.92455750321088, 40.74702503890001]}, "properties": {"noise_id": 3506, "unique_key": "60027072"}}, {"type": "Feature", "geometry": {"type": "Point", "coordinates": [-74.00200238875162, 40.72689775442066]}, "properties": {"noise_id": 3507, "unique_key": "59916813"}}, {"type": "Feature", "geometry": {"type": "Point", "coordinates": [-73.96017059735964, 40.6512806982575]}, "properties": {"noise_id": 3508, "unique_key": "60052257"}}, {"type": "Feature", "geometry": {"type": "Point", "coordinates": [-73.96020057435796, 40.80038685879767]}, "properties": {"noise_id": 3509, "unique_key": "60062100"}}, {"type": "Feature", "geometry": {"type": "Point", "coordinates": [-73.90681110731357, 40.843162695231854]}, "properties": {"noise_id": 3510, "unique_key": "60181208"}}, {"type": "Feature", "geometry": {"type": "Point", "coordinates": [-73.89279570966765, 40.72621108181461]}, "properties": {"noise_id": 3511, "unique_key": "59947821"}}, {"type": "Feature", "geometry": {"type": "Point", "coordinates": [-73.8827644638668, 40.75159302851327]}, "properties": {"noise_id": 3512, "unique_key": "60137045"}}, {"type": "Feature", "geometry": {"type": "Point", "coordinates": [-73.96262337986967, 40.705273969482086]}, "properties": {"noise_id": 3513, "unique_key": "60185443"}}, {"type": "Feature", "geometry": {"type": "Point", "coordinates": [-73.87358784586236, 40.746892543991]}, "properties": {"noise_id": 3514, "unique_key": "60100398"}}, {"type": "Feature", "geometry": {"type": "Point", "coordinates": [-73.97685172825355, 40.74748658003122]}, "properties": {"noise_id": 3515, "unique_key": "60187437"}}, {"type": "Feature", "geometry": {"type": "Point", "coordinates": [-73.99785688248227, 40.61534183232797]}, "properties": {"noise_id": 3516, "unique_key": "59987814"}}, {"type": "Feature", "geometry": {"type": "Point", "coordinates": [-73.93049376093961, 40.67144621601334]}, "properties": {"noise_id": 3517, "unique_key": "59971541"}}, {"type": "Feature", "geometry": {"type": "Point", "coordinates": [-73.97951656251196, 40.74301314289511]}, "properties": {"noise_id": 3518, "unique_key": "60107659"}}, {"type": "Feature", "geometry": {"type": "Point", "coordinates": [-73.98281750754602, 40.66327825800549]}, "properties": {"noise_id": 3519, "unique_key": "59991499"}}, {"type": "Feature", "geometry": {"type": "Point", "coordinates": [-73.99217557580467, 40.68656594533152]}, "properties": {"noise_id": 3520, "unique_key": "59994034"}}, {"type": "Feature", "geometry": {"type": "Point", "coordinates": [-73.91779112424801, 40.69982976698091]}, "properties": {"noise_id": 3521, "unique_key": "60157221"}}, {"type": "Feature", "geometry": {"type": "Point", "coordinates": [-73.72882226572665, 40.70644278452601]}, "properties": {"noise_id": 3522, "unique_key": "59915964"}}, {"type": "Feature", "geometry": {"type": "Point", "coordinates": [-73.9896914512527, 40.73178846496097]}, "properties": {"noise_id": 3523, "unique_key": "60047524"}}, {"type": "Feature", "geometry": {"type": "Point", "coordinates": [-73.89682978908638, 40.711920049933525]}, "properties": {"noise_id": 3524, "unique_key": "60116205"}}, {"type": "Feature", "geometry": {"type": "Point", "coordinates": [-73.95995081558307, 40.80128155325375]}, "properties": {"noise_id": 3525, "unique_key": "59951595"}}, {"type": "Feature", "geometry": {"type": "Point", "coordinates": [-73.88691474434984, 40.70077521982943]}, "properties": {"noise_id": 3526, "unique_key": "59994287"}}, {"type": "Feature", "geometry": {"type": "Point", "coordinates": [-73.90970699780632, 40.68539170637688]}, "properties": {"noise_id": 3527, "unique_key": "60161674"}}, {"type": "Feature", "geometry": {"type": "Point", "coordinates": [-73.91184596707207, 40.84842276788623]}, "properties": {"noise_id": 3528, "unique_key": "60055301"}}, {"type": "Feature", "geometry": {"type": "Point", "coordinates": [-73.82291920109579, 40.67973819304783]}, "properties": {"noise_id": 3529, "unique_key": "60119795"}}, {"type": "Feature", "geometry": {"type": "Point", "coordinates": [-73.91055441880862, 40.71489313121207]}, "properties": {"noise_id": 3530, "unique_key": "59958598"}}, {"type": "Feature", "geometry": {"type": "Point", "coordinates": [-73.93724869020964, 40.74878929192924]}, "properties": {"noise_id": 3531, "unique_key": "60068237"}}, {"type": "Feature", "geometry": {"type": "Point", "coordinates": [-73.86669879946285, 40.74121960647319]}, "properties": {"noise_id": 3532, "unique_key": "60127561"}}, {"type": "Feature", "geometry": {"type": "Point", "coordinates": [-73.93269230545744, 40.70404168309935]}, "properties": {"noise_id": 3533, "unique_key": "60142710"}}, {"type": "Feature", "geometry": {"type": "Point", "coordinates": [-73.7951755765225, 40.67045870287466]}, "properties": {"noise_id": 3534, "unique_key": "59935818"}}, {"type": "Feature", "geometry": {"type": "Point", "coordinates": [-74.11668922756252, 40.565401333103374]}, "properties": {"noise_id": 3535, "unique_key": "60132409"}}, {"type": "Feature", "geometry": {"type": "Point", "coordinates": [-73.94494391305291, 40.75238884709425]}, "properties": {"noise_id": 3536, "unique_key": "60040001"}}, {"type": "Feature", "geometry": {"type": "Point", "coordinates": [-73.85413098236037, 40.7159278820591]}, "properties": {"noise_id": 3537, "unique_key": "60060021"}}, {"type": "Feature", "geometry": {"type": "Point", "coordinates": [-73.87307593572716, 40.76174930651036]}, "properties": {"noise_id": 3538, "unique_key": "60027054"}}, {"type": "Feature", "geometry": {"type": "Point", "coordinates": [-73.9452440160072, 40.81321505628134]}, "properties": {"noise_id": 3539, "unique_key": "60141120"}}, {"type": "Feature", "geometry": {"type": "Point", "coordinates": [-73.80137833910669, 40.772547398758256]}, "properties": {"noise_id": 3540, "unique_key": "60007808"}}, {"type": "Feature", "geometry": {"type": "Point", "coordinates": [-73.89734929622942, 40.86645170789772]}, "properties": {"noise_id": 3541, "unique_key": "59915752"}}, {"type": "Feature", "geometry": {"type": "Point", "coordinates": [-73.89235181896501, 40.84242824871245]}, "properties": {"noise_id": 3542, "unique_key": "59995157"}}, {"type": "Feature", "geometry": {"type": "Point", "coordinates": [-73.90737692280004, 40.683383425202216]}, "properties": {"noise_id": 3543, "unique_key": "59899994"}}, {"type": "Feature", "geometry": {"type": "Point", "coordinates": [-73.99257116025483, 40.6635839718306]}, "properties": {"noise_id": 3544, "unique_key": "60157921"}}, {"type": "Feature", "geometry": {"type": "Point", "coordinates": [-73.99625847380369, 40.60061870996669]}, "properties": {"noise_id": 3545, "unique_key": "59983468"}}, {"type": "Feature", "geometry": {"type": "Point", "coordinates": [-73.84947046564412, 40.578501369011576]}, "properties": {"noise_id": 3546, "unique_key": "60103746"}}, {"type": "Feature", "geometry": {"type": "Point", "coordinates": [-73.9554425366975, 40.73739332772783]}, "properties": {"noise_id": 3547, "unique_key": "60018627"}}, {"type": "Feature", "geometry": {"type": "Point", "coordinates": [-74.19386067866508, 40.536045503595965]}, "properties": {"noise_id": 3548, "unique_key": "59954203"}}, {"type": "Feature", "geometry": {"type": "Point", "coordinates": [-74.15707933914398, 40.632751810042514]}, "properties": {"noise_id": 3549, "unique_key": "60135402"}}, {"type": "Feature", "geometry": {"type": "Point", "coordinates": [-73.80074175676606, 40.69088140744609]}, "properties": {"noise_id": 3550, "unique_key": "60045230"}}, {"type": "Feature", "geometry": {"type": "Point", "coordinates": [-73.92429300780236, 40.69077374489939]}, "properties": {"noise_id": 3551, "unique_key": "60086916"}}, {"type": "Feature", "geometry": {"type": "Point", "coordinates": [-73.80969682426189, 40.72195913199264]}, "properties": {"noise_id": 3552, "unique_key": "59956447"}}, {"type": "Feature", "geometry": {"type": "Point", "coordinates": [-73.919467007069, 40.86495419116424]}, "properties": {"noise_id": 3553, "unique_key": "59910314"}}, {"type": "Feature", "geometry": {"type": "Point", "coordinates": [-73.94626927475733, 40.7246070866851]}, "properties": {"noise_id": 3554, "unique_key": "59911794"}}, {"type": "Feature", "geometry": {"type": "Point", "coordinates": [-73.90663602383472, 40.75932210075632]}, "properties": {"noise_id": 3555, "unique_key": "60089368"}}, {"type": "Feature", "geometry": {"type": "Point", "coordinates": [-73.87596657070216, 40.74474049976937]}, "properties": {"noise_id": 3556, "unique_key": "60119930"}}, {"type": "Feature", "geometry": {"type": "Point", "coordinates": [-73.91638277091631, 40.76455558054324]}, "properties": {"noise_id": 3557, "unique_key": "59925987"}}, {"type": "Feature", "geometry": {"type": "Point", "coordinates": [-73.90368593323207, 40.85986165831998]}, "properties": {"noise_id": 3558, "unique_key": "60024063"}}, {"type": "Feature", "geometry": {"type": "Point", "coordinates": [-73.91922610165707, 40.83112002959999]}, "properties": {"noise_id": 3559, "unique_key": "60094870"}}, {"type": "Feature", "geometry": {"type": "Point", "coordinates": [-73.89667974455095, 40.75519648142441]}, "properties": {"noise_id": 3560, "unique_key": "59928963"}}, {"type": "Feature", "geometry": {"type": "Point", "coordinates": [-73.82636698321599, 40.68348732480953]}, "properties": {"noise_id": 3561, "unique_key": "60146904"}}, {"type": "Feature", "geometry": {"type": "Point", "coordinates": [-73.84565742389341, 40.89817219352304]}, "properties": {"noise_id": 3562, "unique_key": "60069066"}}, {"type": "Feature", "geometry": {"type": "Point", "coordinates": [-73.96027185063039, 40.65675108364616]}, "properties": {"noise_id": 3563, "unique_key": "60012052"}}, {"type": "Feature", "geometry": {"type": "Point", "coordinates": [-73.96603992221972, 40.63966665310314]}, "properties": {"noise_id": 3564, "unique_key": "60138209"}}, {"type": "Feature", "geometry": {"type": "Point", "coordinates": [-73.9812466832287, 40.68634784633461]}, "properties": {"noise_id": 3565, "unique_key": "59993421"}}, {"type": "Feature", "geometry": {"type": "Point", "coordinates": [-74.16742797097353, 40.54998684228081]}, "properties": {"noise_id": 3566, "unique_key": "60132098"}}, {"type": "Feature", "geometry": {"type": "Point", "coordinates": [-73.99434200240498, 40.73630116272232]}, "properties": {"noise_id": 3567, "unique_key": "60149113"}}, {"type": "Feature", "geometry": {"type": "Point", "coordinates": [-73.8747796009327, 40.7253530018782]}, "properties": {"noise_id": 3568, "unique_key": "60135029"}}, {"type": "Feature", "geometry": {"type": "Point", "coordinates": [-73.97769117211479, 40.71950946686414]}, "properties": {"noise_id": 3569, "unique_key": "60091717"}}, {"type": "Feature", "geometry": {"type": "Point", "coordinates": [-73.85493838071939, 40.89522545852203]}, "properties": {"noise_id": 3570, "unique_key": "59918255"}}, {"type": "Feature", "geometry": {"type": "Point", "coordinates": [-73.82362841987063, 40.75510779637202]}, "properties": {"noise_id": 3571, "unique_key": "60097162"}}, {"type": "Feature", "geometry": {"type": "Point", "coordinates": [-73.91469196976038, 40.76560557753232]}, "properties": {"noise_id": 3572, "unique_key": "60182413"}}, {"type": "Feature", "geometry": {"type": "Point", "coordinates": [-74.0392880638992, 40.61938096297804]}, "properties": {"noise_id": 3573, "unique_key": "59992174"}}, {"type": "Feature", "geometry": {"type": "Point", "coordinates": [-73.97896920092919, 40.67070224215701]}, "properties": {"noise_id": 3574, "unique_key": "60153188"}}, {"type": "Feature", "geometry": {"type": "Point", "coordinates": [-73.89752093123741, 40.82545964844365]}, "properties": {"noise_id": 3575, "unique_key": "59926203"}}, {"type": "Feature", "geometry": {"type": "Point", "coordinates": [-73.974623290995, 40.64765070229657]}, "properties": {"noise_id": 3576, "unique_key": "60058694"}}, {"type": "Feature", "geometry": {"type": "Point", "coordinates": [-73.82748144004533, 40.84780869783529]}, "properties": {"noise_id": 3577, "unique_key": "59938233"}}, {"type": "Feature", "geometry": {"type": "Point", "coordinates": [-73.97397655638369, 40.64273464873949]}, "properties": {"noise_id": 3578, "unique_key": "59913126"}}, {"type": "Feature", "geometry": {"type": "Point", "coordinates": [-73.85036696701742, 40.68770956395183]}, "properties": {"noise_id": 3579, "unique_key": "60013425"}}, {"type": "Feature", "geometry": {"type": "Point", "coordinates": [-73.98471177813548, 40.76496368447327]}, "properties": {"noise_id": 3580, "unique_key": "60041911"}}, {"type": "Feature", "geometry": {"type": "Point", "coordinates": [-73.8524539028554, 40.78748139625653]}, "properties": {"noise_id": 3581, "unique_key": "60041771"}}, {"type": "Feature", "geometry": {"type": "Point", "coordinates": [-73.98891486387227, 40.69340015431026]}, "properties": {"noise_id": 3582, "unique_key": "59964348"}}, {"type": "Feature", "geometry": {"type": "Point", "coordinates": [-73.7463696244017, 40.75284189973842]}, "properties": {"noise_id": 3583, "unique_key": "60176867"}}, {"type": "Feature", "geometry": {"type": "Point", "coordinates": [-73.91711075252942, 40.66982067827481]}, "properties": {"noise_id": 3584, "unique_key": "60131496"}}, {"type": "Feature", "geometry": {"type": "Point", "coordinates": [-73.88761577362685, 40.753447824719096]}, "properties": {"noise_id": 3585, "unique_key": "60025621"}}, {"type": "Feature", "geometry": {"type": "Point", "coordinates": [-73.82200117656588, 40.69949641603547]}, "properties": {"noise_id": 3586, "unique_key": "60078849"}}, {"type": "Feature", "geometry": {"type": "Point", "coordinates": [-73.86482499158446, 40.85371845146484]}, "properties": {"noise_id": 3587, "unique_key": "60105671"}}, {"type": "Feature", "geometry": {"type": "Point", "coordinates": [-73.99432478902975, 40.599474050242286]}, "properties": {"noise_id": 3588, "unique_key": "59938601"}}, {"type": "Feature", "geometry": {"type": "Point", "coordinates": [-74.013693105885, 40.62688014038167]}, "properties": {"noise_id": 3589, "unique_key": "59966332"}}, {"type": "Feature", "geometry": {"type": "Point", "coordinates": [-73.9469685883691, 40.748025647543976]}, "properties": {"noise_id": 3590, "unique_key": "60042934"}}, {"type": "Feature", "geometry": {"type": "Point", "coordinates": [-73.8781961450737, 40.74512988931836]}, "properties": {"noise_id": 3591, "unique_key": "59958226"}}, {"type": "Feature", "geometry": {"type": "Point", "coordinates": [-73.86951699044633, 40.85924619825949]}, "properties": {"noise_id": 3592, "unique_key": "60039443"}}, {"type": "Feature", "geometry": {"type": "Point", "coordinates": [-74.03026076665194, 40.63429339309668]}, "properties": {"noise_id": 3593, "unique_key": "59960281"}}, {"type": "Feature", "geometry": {"type": "Point", "coordinates": [-73.84621744335499, 40.88125467954386]}, "properties": {"noise_id": 3594, "unique_key": "59950692"}}, {"type": "Feature", "geometry": {"type": "Point", "coordinates": [-73.90446789228362, 40.88678501553612]}, "properties": {"noise_id": 3595, "unique_key": "60120444"}}, {"type": "Feature", "geometry": {"type": "Point", "coordinates": [-73.88587478104928, 40.84478796166483]}, "properties": {"noise_id": 3596, "unique_key": "59896927"}}, {"type": "Feature", "geometry": {"type": "Point", "coordinates": [-73.94262088760615, 40.83880825643654]}, "properties": {"noise_id": 3597, "unique_key": "59949940"}}, {"type": "Feature", "geometry": {"type": "Point", "coordinates": [-73.92886552195142, 40.85623771170069]}, "properties": {"noise_id": 3598, "unique_key": "60123149"}}, {"type": "Feature", "geometry": {"type": "Point", "coordinates": [-73.86456818590688, 40.73840100215091]}, "properties": {"noise_id": 3599, "unique_key": "60095172"}}, {"type": "Feature", "geometry": {"type": "Point", "coordinates": [-74.03532175552006, 40.625431770258274]}, "properties": {"noise_id": 3600, "unique_key": "60071661"}}, {"type": "Feature", "geometry": {"type": "Point", "coordinates": [-73.87971944532951, 40.82689441038978]}, "properties": {"noise_id": 3601, "unique_key": "59915363"}}, {"type": "Feature", "geometry": {"type": "Point", "coordinates": [-73.96514928897602, 40.64090154036776]}, "properties": {"noise_id": 3602, "unique_key": "59983058"}}, {"type": "Feature", "geometry": {"type": "Point", "coordinates": [-73.81565887459107, 40.76419965404299]}, "properties": {"noise_id": 3603, "unique_key": "60084895"}}, {"type": "Feature", "geometry": {"type": "Point", "coordinates": [-73.90494845944733, 40.81373782195781]}, "properties": {"noise_id": 3604, "unique_key": "60039492"}}, {"type": "Feature", "geometry": {"type": "Point", "coordinates": [-73.91684328804023, 40.88145343076678]}, "properties": {"noise_id": 3605, "unique_key": "60165163"}}, {"type": "Feature", "geometry": {"type": "Point", "coordinates": [-73.94686364321015, 40.6714576860682]}, "properties": {"noise_id": 3606, "unique_key": "60050193"}}, {"type": "Feature", "geometry": {"type": "Point", "coordinates": [-73.88284427187607, 40.84781782624594]}, "properties": {"noise_id": 3607, "unique_key": "60061289"}}, {"type": "Feature", "geometry": {"type": "Point", "coordinates": [-73.8203725321277, 40.71903115001738]}, "properties": {"noise_id": 3608, "unique_key": "59988367"}}, {"type": "Feature", "geometry": {"type": "Point", "coordinates": [-73.87041570740006, 40.86555178968438]}, "properties": {"noise_id": 3609, "unique_key": "60062299"}}, {"type": "Feature", "geometry": {"type": "Point", "coordinates": [-73.82561596066303, 40.830042098745736]}, "properties": {"noise_id": 3610, "unique_key": "60159762"}}, {"type": "Feature", "geometry": {"type": "Point", "coordinates": [-73.97815196342783, 40.78849600161218]}, "properties": {"noise_id": 3611, "unique_key": "60168060"}}, {"type": "Feature", "geometry": {"type": "Point", "coordinates": [-73.8769597814811, 40.6739760201885]}, "properties": {"noise_id": 3612, "unique_key": "60001757"}}, {"type": "Feature", "geometry": {"type": "Point", "coordinates": [-73.97031983782846, 40.61688333910661]}, "properties": {"noise_id": 3613, "unique_key": "59961347"}}, {"type": "Feature", "geometry": {"type": "Point", "coordinates": [-73.94486413732028, 40.77900182654432]}, "properties": {"noise_id": 3614, "unique_key": "60147983"}}, {"type": "Feature", "geometry": {"type": "Point", "coordinates": [-73.92150658940508, 40.864532913149546]}, "properties": {"noise_id": 3615, "unique_key": "60031787"}}, {"type": "Feature", "geometry": {"type": "Point", "coordinates": [-73.9031760398051, 40.83017446831597]}, "properties": {"noise_id": 3616, "unique_key": "60101739"}}, {"type": "Feature", "geometry": {"type": "Point", "coordinates": [-73.9889756040575, 40.74042613662613]}, "properties": {"noise_id": 3617, "unique_key": "60141291"}}, {"type": "Feature", "geometry": {"type": "Point", "coordinates": [-73.9134482849396, 40.83924842108658]}, "properties": {"noise_id": 3618, "unique_key": "60171758"}}, {"type": "Feature", "geometry": {"type": "Point", "coordinates": [-73.93128919840015, 40.85811381176047]}, "properties": {"noise_id": 3619, "unique_key": "59988282"}}, {"type": "Feature", "geometry": {"type": "Point", "coordinates": [-73.99412606262986, 40.729889406045935]}, "properties": {"noise_id": 3620, "unique_key": "59960335"}}, {"type": "Feature", "geometry": {"type": "Point", "coordinates": [-73.94290014865322, 40.68186397361916]}, "properties": {"noise_id": 3621, "unique_key": "59974258"}}, {"type": "Feature", "geometry": {"type": "Point", "coordinates": [-73.92394739647354, 40.848351784418206]}, "properties": {"noise_id": 3622, "unique_key": "59915796"}}, {"type": "Feature", "geometry": {"type": "Point", "coordinates": [-73.80870855697373, 40.681658749152064]}, "properties": {"noise_id": 3623, "unique_key": "60039782"}}, {"type": "Feature", "geometry": {"type": "Point", "coordinates": [-73.95091636234794, 40.80752505554549]}, "properties": {"noise_id": 3624, "unique_key": "60064036"}}, {"type": "Feature", "geometry": {"type": "Point", "coordinates": [-73.92551225709643, 40.86791154620694]}, "properties": {"noise_id": 3625, "unique_key": "60112275"}}, {"type": "Feature", "geometry": {"type": "Point", "coordinates": [-73.93557193270345, 40.84429395207422]}, "properties": {"noise_id": 3626, "unique_key": "60189467"}}, {"type": "Feature", "geometry": {"type": "Point", "coordinates": [-73.91678270964402, 40.80561709866251]}, "properties": {"noise_id": 3627, "unique_key": "59908888"}}, {"type": "Feature", "geometry": {"type": "Point", "coordinates": [-73.91281287054612, 40.7036276059677]}, "properties": {"noise_id": 3628, "unique_key": "60039721"}}, {"type": "Feature", "geometry": {"type": "Point", "coordinates": [-73.91481277343269, 40.848968448726026]}, "properties": {"noise_id": 3629, "unique_key": "60138244"}}, {"type": "Feature", "geometry": {"type": "Point", "coordinates": [-73.92644165560324, 40.756599938386486]}, "properties": {"noise_id": 3630, "unique_key": "60079204"}}, {"type": "Feature", "geometry": {"type": "Point", "coordinates": [-73.9553594718103, 40.77519941994341]}, "properties": {"noise_id": 3631, "unique_key": "60048657"}}, {"type": "Feature", "geometry": {"type": "Point", "coordinates": [-73.85386890348079, 40.84368965235788]}, "properties": {"noise_id": 3632, "unique_key": "60005944"}}, {"type": "Feature", "geometry": {"type": "Point", "coordinates": [-73.91335150817889, 40.77758811342327]}, "properties": {"noise_id": 3633, "unique_key": "60012622"}}, {"type": "Feature", "geometry": {"type": "Point", "coordinates": [-73.95814143375162, 40.65736515902221]}, "properties": {"noise_id": 3634, "unique_key": "59901384"}}, {"type": "Feature", "geometry": {"type": "Point", "coordinates": [-73.91898137162245, 40.871851273179466]}, "properties": {"noise_id": 3635, "unique_key": "60114087"}}, {"type": "Feature", "geometry": {"type": "Point", "coordinates": [-73.95056405090408, 40.66906863499109]}, "properties": {"noise_id": 3636, "unique_key": "60080354"}}, {"type": "Feature", "geometry": {"type": "Point", "coordinates": [-73.87590223349059, 40.657220742996046]}, "properties": {"noise_id": 3637, "unique_key": "59942252"}}, {"type": "Feature", "geometry": {"type": "Point", "coordinates": [-73.93443230896085, 40.80143454654757]}, "properties": {"noise_id": 3638, "unique_key": "59975847"}}, {"type": "Feature", "geometry": {"type": "Point", "coordinates": [-73.9567827143862, 40.67398703361341]}, "properties": {"noise_id": 3639, "unique_key": "60069417"}}, {"type": "Feature", "geometry": {"type": "Point", "coordinates": [-73.8980003725514, 40.83090559045493]}, "properties": {"noise_id": 3640, "unique_key": "60052077"}}, {"type": "Feature", "geometry": {"type": "Point", "coordinates": [-73.95004706228501, 40.70958396797208]}, "properties": {"noise_id": 3641, "unique_key": "60031761"}}, {"type": "Feature", "geometry": {"type": "Point", "coordinates": [-73.86830875200815, 40.8669519456178]}, "properties": {"noise_id": 3642, "unique_key": "60017125"}}, {"type": "Feature", "geometry": {"type": "Point", "coordinates": [-73.8984233658015, 40.85443910241399]}, "properties": {"noise_id": 3643, "unique_key": "59943572"}}, {"type": "Feature", "geometry": {"type": "Point", "coordinates": [-73.89280466598038, 40.85746142629866]}, "properties": {"noise_id": 3644, "unique_key": "59928137"}}, {"type": "Feature", "geometry": {"type": "Point", "coordinates": [-73.93842127119376, 40.842901196787786]}, "properties": {"noise_id": 3645, "unique_key": "60132686"}}, {"type": "Feature", "geometry": {"type": "Point", "coordinates": [-73.90868347160966, 40.65607667244916]}, "properties": {"noise_id": 3646, "unique_key": "60188490"}}, {"type": "Feature", "geometry": {"type": "Point", "coordinates": [-73.935059059522, 40.84393136305722]}, "properties": {"noise_id": 3647, "unique_key": "59932995"}}, {"type": "Feature", "geometry": {"type": "Point", "coordinates": [-73.97050800329029, 40.69645458119198]}, "properties": {"noise_id": 3648, "unique_key": "60181577"}}, {"type": "Feature", "geometry": {"type": "Point", "coordinates": [-74.16799909205695, 40.53670109722945]}, "properties": {"noise_id": 3649, "unique_key": "59988007"}}, {"type": "Feature", "geometry": {"type": "Point", "coordinates": [-73.94260720918994, 40.69128388389746]}, "properties": {"noise_id": 3650, "unique_key": "59923505"}}, {"type": "Feature", "geometry": {"type": "Point", "coordinates": [-73.81735148245727, 40.699862420312]}, "properties": {"noise_id": 3651, "unique_key": "60037568"}}, {"type": "Feature", "geometry": {"type": "Point", "coordinates": [-73.8501382344422, 40.83279933125915]}, "properties": {"noise_id": 3652, "unique_key": "60118783"}}, {"type": "Feature", "geometry": {"type": "Point", "coordinates": [-74.02759328372323, 40.62234874000957]}, "properties": {"noise_id": 3653, "unique_key": "60044464"}}, {"type": "Feature", "geometry": {"type": "Point", "coordinates": [-73.97451548893584, 40.62797879205515]}, "properties": {"noise_id": 3654, "unique_key": "60106787"}}, {"type": "Feature", "geometry": {"type": "Point", "coordinates": [-73.872537219612, 40.75276515250264]}, "properties": {"noise_id": 3655, "unique_key": "60115590"}}, {"type": "Feature", "geometry": {"type": "Point", "coordinates": [-73.77188552794605, 40.74605806594973]}, "properties": {"noise_id": 3656, "unique_key": "60015947"}}, {"type": "Feature", "geometry": {"type": "Point", "coordinates": [-74.11562672518244, 40.57744936595848]}, "properties": {"noise_id": 3657, "unique_key": "59972187"}}, {"type": "Feature", "geometry": {"type": "Point", "coordinates": [-73.85190146059915, 40.839399902860215]}, "properties": {"noise_id": 3658, "unique_key": "60106446"}}, {"type": "Feature", "geometry": {"type": "Point", "coordinates": [-73.90927614161288, 40.66019980372992]}, "properties": {"noise_id": 3659, "unique_key": "60186379"}}, {"type": "Feature", "geometry": {"type": "Point", "coordinates": [-73.86803191524112, 40.65664930178733]}, "properties": {"noise_id": 3660, "unique_key": "60184202"}}, {"type": "Feature", "geometry": {"type": "Point", "coordinates": [-73.75657348950313, 40.74880990778542]}, "properties": {"noise_id": 3661, "unique_key": "59990698"}}, {"type": "Feature", "geometry": {"type": "Point", "coordinates": [-73.94007164766741, 40.67986708487282]}, "properties": {"noise_id": 3662, "unique_key": "60056208"}}, {"type": "Feature", "geometry": {"type": "Point", "coordinates": [-74.00011188086401, 40.74817783796551]}, "properties": {"noise_id": 3663, "unique_key": "60063081"}}, {"type": "Feature", "geometry": {"type": "Point", "coordinates": [-73.95881485536971, 40.780857608946064]}, "properties": {"noise_id": 3664, "unique_key": "59912041"}}, {"type": "Feature", "geometry": {"type": "Point", "coordinates": [-73.94716628869014, 40.830944084252245]}, "properties": {"noise_id": 3665, "unique_key": "60115158"}}, {"type": "Feature", "geometry": {"type": "Point", "coordinates": [-73.77470390761067, 40.66394822762034]}, "properties": {"noise_id": 3666, "unique_key": "59930645"}}, {"type": "Feature", "geometry": {"type": "Point", "coordinates": [-73.80849596658528, 40.76196472360575]}, "properties": {"noise_id": 3667, "unique_key": "59955732"}}, {"type": "Feature", "geometry": {"type": "Point", "coordinates": [-73.92008243952031, 40.74092867317909]}, "properties": {"noise_id": 3668, "unique_key": "60189475"}}, {"type": "Feature", "geometry": {"type": "Point", "coordinates": [-73.96976576524544, 40.79044561095283]}, "properties": {"noise_id": 3669, "unique_key": "60118390"}}, {"type": "Feature", "geometry": {"type": "Point", "coordinates": [-73.94285089274292, 40.79823867522192]}, "properties": {"noise_id": 3670, "unique_key": "60113851"}}, {"type": "Feature", "geometry": {"type": "Point", "coordinates": [-73.74326745058579, 40.71115575018428]}, "properties": {"noise_id": 3671, "unique_key": "60105938"}}, {"type": "Feature", "geometry": {"type": "Point", "coordinates": [-73.99019293432467, 40.75666417742652]}, "properties": {"noise_id": 3672, "unique_key": "59962851"}}, {"type": "Feature", "geometry": {"type": "Point", "coordinates": [-73.80771029332841, 40.70525940726069]}, "properties": {"noise_id": 3673, "unique_key": "60047777"}}, {"type": "Feature", "geometry": {"type": "Point", "coordinates": [-73.94242575585884, 40.63833152257629]}, "properties": {"noise_id": 3674, "unique_key": "59953018"}}, {"type": "Feature", "geometry": {"type": "Point", "coordinates": [-73.91736366860779, 40.6868110173448]}, "properties": {"noise_id": 3675, "unique_key": "60188706"}}, {"type": "Feature", "geometry": {"type": "Point", "coordinates": [-73.95633806627168, 40.58775383715948]}, "properties": {"noise_id": 3676, "unique_key": "60092042"}}, {"type": "Feature", "geometry": {"type": "Point", "coordinates": [-74.00841702198015, 40.63940786021091]}, "properties": {"noise_id": 3677, "unique_key": "60043256"}}, {"type": "Feature", "geometry": {"type": "Point", "coordinates": [-73.90232783839686, 40.85658883198029]}, "properties": {"noise_id": 3678, "unique_key": "60031564"}}, {"type": "Feature", "geometry": {"type": "Point", "coordinates": [-73.81539790484621, 40.78281409185211]}, "properties": {"noise_id": 3679, "unique_key": "60048494"}}, {"type": "Feature", "geometry": {"type": "Point", "coordinates": [-73.9785234578168, 40.74515386704991]}, "properties": {"noise_id": 3680, "unique_key": "60057602"}}, {"type": "Feature", "geometry": {"type": "Point", "coordinates": [-73.98897249416603, 40.60659366361406]}, "properties": {"noise_id": 3681, "unique_key": "60135651"}}, {"type": "Feature", "geometry": {"type": "Point", "coordinates": [-73.95722110963472, 40.65371975060685]}, "properties": {"noise_id": 3682, "unique_key": "60032127"}}, {"type": "Feature", "geometry": {"type": "Point", "coordinates": [-73.91572605845745, 40.841349810978734]}, "properties": {"noise_id": 3683, "unique_key": "59927597"}}, {"type": "Feature", "geometry": {"type": "Point", "coordinates": [-73.91566990170884, 40.85428831604737]}, "properties": {"noise_id": 3684, "unique_key": "59994003"}}, {"type": "Feature", "geometry": {"type": "Point", "coordinates": [-73.92999556513207, 40.83355339618701]}, "properties": {"noise_id": 3685, "unique_key": "59920869"}}, {"type": "Feature", "geometry": {"type": "Point", "coordinates": [-73.85577226500949, 40.86598180140807]}, "properties": {"noise_id": 3686, "unique_key": "60135311"}}, {"type": "Feature", "geometry": {"type": "Point", "coordinates": [-73.88563740719708, 40.84831193177536]}, "properties": {"noise_id": 3687, "unique_key": "59995321"}}, {"type": "Feature", "geometry": {"type": "Point", "coordinates": [-73.974421310226, 40.60111547745963]}, "properties": {"noise_id": 3688, "unique_key": "59966289"}}, {"type": "Feature", "geometry": {"type": "Point", "coordinates": [-73.88486278314905, 40.65893182677183]}, "properties": {"noise_id": 3689, "unique_key": "59906353"}}, {"type": "Feature", "geometry": {"type": "Point", "coordinates": [-73.97816290972649, 40.67804985504608]}, "properties": {"noise_id": 3690, "unique_key": "60089645"}}, {"type": "Feature", "geometry": {"type": "Point", "coordinates": [-73.90658292058046, 40.90785492686548]}, "properties": {"noise_id": 3691, "unique_key": "60157874"}}, {"type": "Feature", "geometry": {"type": "Point", "coordinates": [-73.84682307857229, 40.88678878319016]}, "properties": {"noise_id": 3692, "unique_key": "60032762"}}, {"type": "Feature", "geometry": {"type": "Point", "coordinates": [-73.96029513058312, 40.69030322863404]}, "properties": {"noise_id": 3693, "unique_key": "59969687"}}, {"type": "Feature", "geometry": {"type": "Point", "coordinates": [-73.92699578722419, 40.860276743750255]}, "properties": {"noise_id": 3694, "unique_key": "60022172"}}, {"type": "Feature", "geometry": {"type": "Point", "coordinates": [-73.91503811152762, 40.842340146343126]}, "properties": {"noise_id": 3695, "unique_key": "60067638"}}, {"type": "Feature", "geometry": {"type": "Point", "coordinates": [-73.84947164009237, 40.88305674320883]}, "properties": {"noise_id": 3696, "unique_key": "60026704"}}, {"type": "Feature", "geometry": {"type": "Point", "coordinates": [-73.93793842629789, 40.818094213398375]}, "properties": {"noise_id": 3697, "unique_key": "60074210"}}, {"type": "Feature", "geometry": {"type": "Point", "coordinates": [-73.93906320797221, 40.820746211868745]}, "properties": {"noise_id": 3698, "unique_key": "60046000"}}, {"type": "Feature", "geometry": {"type": "Point", "coordinates": [-73.97221123024903, 40.63331687258376]}, "properties": {"noise_id": 3699, "unique_key": "60118310"}}, {"type": "Feature", "geometry": {"type": "Point", "coordinates": [-73.81087999605836, 40.77158900133386]}, "properties": {"noise_id": 3700, "unique_key": "59999492"}}, {"type": "Feature", "geometry": {"type": "Point", "coordinates": [-73.93890903903564, 40.5793742452495]}, "properties": {"noise_id": 3701, "unique_key": "60025519"}}, {"type": "Feature", "geometry": {"type": "Point", "coordinates": [-73.96718278779667, 40.59437790373137]}, "properties": {"noise_id": 3702, "unique_key": "59945238"}}, {"type": "Feature", "geometry": {"type": "Point", "coordinates": [-73.80343340538089, 40.71724956934783]}, "properties": {"noise_id": 3703, "unique_key": "59954829"}}, {"type": "Feature", "geometry": {"type": "Point", "coordinates": [-73.94234373658911, 40.83750987024892]}, "properties": {"noise_id": 3704, "unique_key": "59936830"}}, {"type": "Feature", "geometry": {"type": "Point", "coordinates": [-73.93744123737393, 40.69747888000427]}, "properties": {"noise_id": 3705, "unique_key": "59901271"}}, {"type": "Feature", "geometry": {"type": "Point", "coordinates": [-73.97632234133977, 40.67319947399522]}, "properties": {"noise_id": 3706, "unique_key": "59998773"}}, {"type": "Feature", "geometry": {"type": "Point", "coordinates": [-73.92816315832967, 40.81037038044347]}, "properties": {"noise_id": 3707, "unique_key": "60009579"}}, {"type": "Feature", "geometry": {"type": "Point", "coordinates": [-73.9011367755374, 40.73130183676223]}, "properties": {"noise_id": 3708, "unique_key": "60027496"}}, {"type": "Feature", "geometry": {"type": "Point", "coordinates": [-73.73804672727306, 40.67477015053666]}, "properties": {"noise_id": 3709, "unique_key": "60082033"}}, {"type": "Feature", "geometry": {"type": "Point", "coordinates": [-73.90868123210457, 40.69983936825629]}, "properties": {"noise_id": 3710, "unique_key": "59961815"}}, {"type": "Feature", "geometry": {"type": "Point", "coordinates": [-73.93885968500896, 40.66474821873146]}, "properties": {"noise_id": 3711, "unique_key": "59983566"}}, {"type": "Feature", "geometry": {"type": "Point", "coordinates": [-73.94173906329766, 40.66137088964309]}, "properties": {"noise_id": 3712, "unique_key": "60112750"}}, {"type": "Feature", "geometry": {"type": "Point", "coordinates": [-73.89536627749862, 40.86295866964721]}, "properties": {"noise_id": 3713, "unique_key": "60067583"}}, {"type": "Feature", "geometry": {"type": "Point", "coordinates": [-73.94473544291627, 40.62082364298371]}, "properties": {"noise_id": 3714, "unique_key": "59936117"}}, {"type": "Feature", "geometry": {"type": "Point", "coordinates": [-74.01112370697602, 40.7084442131315]}, "properties": {"noise_id": 3715, "unique_key": "60096198"}}, {"type": "Feature", "geometry": {"type": "Point", "coordinates": [-73.95371283294334, 40.72360024871622]}, "properties": {"noise_id": 3716, "unique_key": "60199300"}}, {"type": "Feature", "geometry": {"type": "Point", "coordinates": [-73.90188676849792, 40.87867503677956]}, "properties": {"noise_id": 3717, "unique_key": "60154886"}}, {"type": "Feature", "geometry": {"type": "Point", "coordinates": [-73.86877256726427, 40.685044890949406]}, "properties": {"noise_id": 3718, "unique_key": "60173591"}}, {"type": "Feature", "geometry": {"type": "Point", "coordinates": [-73.90753780088214, 40.850793565748326]}, "properties": {"noise_id": 3719, "unique_key": "60088486"}}, {"type": "Feature", "geometry": {"type": "Point", "coordinates": [-73.97450253959556, 40.680733490627055]}, "properties": {"noise_id": 3720, "unique_key": "59977558"}}, {"type": "Feature", "geometry": {"type": "Point", "coordinates": [-73.95354810840446, 40.7994731204984]}, "properties": {"noise_id": 3721, "unique_key": "59967456"}}, {"type": "Feature", "geometry": {"type": "Point", "coordinates": [-74.01160234904819, 40.72298041860117]}, "properties": {"noise_id": 3722, "unique_key": "60047397"}}, {"type": "Feature", "geometry": {"type": "Point", "coordinates": [-73.93977641875944, 40.707358538866366]}, "properties": {"noise_id": 3723, "unique_key": "60175533"}}, {"type": "Feature", "geometry": {"type": "Point", "coordinates": [-73.93257862353089, 40.75582144105548]}, "properties": {"noise_id": 3724, "unique_key": "60037635"}}, {"type": "Feature", "geometry": {"type": "Point", "coordinates": [-73.88088136896863, 40.82777118126042]}, "properties": {"noise_id": 3725, "unique_key": "59972747"}}, {"type": "Feature", "geometry": {"type": "Point", "coordinates": [-73.87626546717489, 40.83252565879467]}, "properties": {"noise_id": 3726, "unique_key": "59970007"}}, {"type": "Feature", "geometry": {"type": "Point", "coordinates": [-73.84479354275666, 40.724402480720606]}, "properties": {"noise_id": 3727, "unique_key": "59960374"}}, {"type": "Feature", "geometry": {"type": "Point", "coordinates": [-73.83424157957236, 40.65591113889907]}, "properties": {"noise_id": 3728, "unique_key": "59917543"}}, {"type": "Feature", "geometry": {"type": "Point", "coordinates": [-73.89767733584449, 40.883529484075694]}, "properties": {"noise_id": 3729, "unique_key": "60020625"}}, {"type": "Feature", "geometry": {"type": "Point", "coordinates": [-73.9440929492507, 40.71269653614694]}, "properties": {"noise_id": 3730, "unique_key": "59917523"}}, {"type": "Feature", "geometry": {"type": "Point", "coordinates": [-73.94696663103382, 40.67794638280324]}, "properties": {"noise_id": 3731, "unique_key": "60099343"}}, {"type": "Feature", "geometry": {"type": "Point", "coordinates": [-73.91152072064622, 40.66903150833282]}, "properties": {"noise_id": 3732, "unique_key": "60057992"}}, {"type": "Feature", "geometry": {"type": "Point", "coordinates": [-73.93659717942847, 40.849353013978586]}, "properties": {"noise_id": 3733, "unique_key": "60122542"}}, {"type": "Feature", "geometry": {"type": "Point", "coordinates": [-73.79276342366188, 40.76459441543516]}, "properties": {"noise_id": 3734, "unique_key": "59964056"}}, {"type": "Feature", "geometry": {"type": "Point", "coordinates": [-73.86097095763806, 40.83155581892175]}, "properties": {"noise_id": 3735, "unique_key": "60058472"}}, {"type": "Feature", "geometry": {"type": "Point", "coordinates": [-73.93947269809142, 40.72406848658967]}, "properties": {"noise_id": 3736, "unique_key": "60102290"}}, {"type": "Feature", "geometry": {"type": "Point", "coordinates": [-73.95021125856206, 40.77467032076893]}, "properties": {"noise_id": 3737, "unique_key": "60041066"}}, {"type": "Feature", "geometry": {"type": "Point", "coordinates": [-73.97964720694472, 40.61068213528298]}, "properties": {"noise_id": 3738, "unique_key": "60001293"}}, {"type": "Feature", "geometry": {"type": "Point", "coordinates": [-74.01578457344797, 40.71156995321304]}, "properties": {"noise_id": 3739, "unique_key": "59918061"}}, {"type": "Feature", "geometry": {"type": "Point", "coordinates": [-73.91620193092773, 40.84803352142331]}, "properties": {"noise_id": 3740, "unique_key": "59906779"}}, {"type": "Feature", "geometry": {"type": "Point", "coordinates": [-73.94986931454459, 40.80684391338799]}, "properties": {"noise_id": 3741, "unique_key": "60123039"}}, {"type": "Feature", "geometry": {"type": "Point", "coordinates": [-73.98115671340642, 40.7750528209859]}, "properties": {"noise_id": 3742, "unique_key": "60077373"}}, {"type": "Feature", "geometry": {"type": "Point", "coordinates": [-73.97093348208921, 40.67177644486132]}, "properties": {"noise_id": 3743, "unique_key": "59986635"}}, {"type": "Feature", "geometry": {"type": "Point", "coordinates": [-74.00961988741942, 40.71025589221888]}, "properties": {"noise_id": 3744, "unique_key": "60143932"}}, {"type": "Feature", "geometry": {"type": "Point", "coordinates": [-73.94279509920298, 40.850555689924846]}, "properties": {"noise_id": 3745, "unique_key": "60060697"}}, {"type": "Feature", "geometry": {"type": "Point", "coordinates": [-73.95627713358674, 40.67532080339926]}, "properties": {"noise_id": 3746, "unique_key": "60096357"}}, {"type": "Feature", "geometry": {"type": "Point", "coordinates": [-73.92659942291559, 40.7051440995673]}, "properties": {"noise_id": 3747, "unique_key": "60195021"}}, {"type": "Feature", "geometry": {"type": "Point", "coordinates": [-73.95346276032424, 40.80272833212079]}, "properties": {"noise_id": 3748, "unique_key": "60120550"}}, {"type": "Feature", "geometry": {"type": "Point", "coordinates": [-73.94676922216004, 40.69039383402251]}, "properties": {"noise_id": 3749, "unique_key": "60046071"}}, {"type": "Feature", "geometry": {"type": "Point", "coordinates": [-73.9033028854188, 40.63348817438148]}, "properties": {"noise_id": 3750, "unique_key": "60117941"}}, {"type": "Feature", "geometry": {"type": "Point", "coordinates": [-74.00619067382564, 40.68272336451938]}, "properties": {"noise_id": 3751, "unique_key": "60151983"}}, {"type": "Feature", "geometry": {"type": "Point", "coordinates": [-73.82300178904647, 40.75050114108838]}, "properties": {"noise_id": 3752, "unique_key": "59967706"}}, {"type": "Feature", "geometry": {"type": "Point", "coordinates": [-73.95756520193368, 40.80400072332454]}, "properties": {"noise_id": 3753, "unique_key": "60093589"}}, {"type": "Feature", "geometry": {"type": "Point", "coordinates": [-73.88835083599231, 40.81664058395144]}, "properties": {"noise_id": 3754, "unique_key": "60092697"}}, {"type": "Feature", "geometry": {"type": "Point", "coordinates": [-73.88322973055384, 40.87943716046651]}, "properties": {"noise_id": 3755, "unique_key": "59998991"}}, {"type": "Feature", "geometry": {"type": "Point", "coordinates": [-74.1114729027468, 40.56258485050479]}, "properties": {"noise_id": 3756, "unique_key": "60144672"}}, {"type": "Feature", "geometry": {"type": "Point", "coordinates": [-73.99353694948583, 40.59137136316009]}, "properties": {"noise_id": 3757, "unique_key": "59963231"}}, {"type": "Feature", "geometry": {"type": "Point", "coordinates": [-73.93843468436236, 40.69953250181848]}, "properties": {"noise_id": 3758, "unique_key": "60079523"}}, {"type": "Feature", "geometry": {"type": "Point", "coordinates": [-73.94260042322618, 40.61539065152255]}, "properties": {"noise_id": 3759, "unique_key": "59915177"}}, {"type": "Feature", "geometry": {"type": "Point", "coordinates": [-74.00287749305872, 40.60588599932752]}, "properties": {"noise_id": 3760, "unique_key": "60033063"}}, {"type": "Feature", "geometry": {"type": "Point", "coordinates": [-73.91935095259326, 40.87121476286591]}, "properties": {"noise_id": 3761, "unique_key": "59991153"}}, {"type": "Feature", "geometry": {"type": "Point", "coordinates": [-73.90518273771136, 40.85722523985067]}, "properties": {"noise_id": 3762, "unique_key": "59996417"}}, {"type": "Feature", "geometry": {"type": "Point", "coordinates": [-73.94955472824971, 40.68334651596949]}, "properties": {"noise_id": 3763, "unique_key": "60081872"}}, {"type": "Feature", "geometry": {"type": "Point", "coordinates": [-73.91695522478531, 40.83526567847245]}, "properties": {"noise_id": 3764, "unique_key": "59959257"}}, {"type": "Feature", "geometry": {"type": "Point", "coordinates": [-73.78501760781022, 40.67364607727665]}, "properties": {"noise_id": 3765, "unique_key": "60132389"}}, {"type": "Feature", "geometry": {"type": "Point", "coordinates": [-73.96182600519452, 40.6427888977122]}, "properties": {"noise_id": 3766, "unique_key": "60042491"}}, {"type": "Feature", "geometry": {"type": "Point", "coordinates": [-73.88580575953223, 40.8155155000257]}, "properties": {"noise_id": 3767, "unique_key": "60175937"}}, {"type": "Feature", "geometry": {"type": "Point", "coordinates": [-73.9270067970956, 40.662493333971206]}, "properties": {"noise_id": 3768, "unique_key": "60070659"}}, {"type": "Feature", "geometry": {"type": "Point", "coordinates": [-73.94622758784209, 40.64660340264543]}, "properties": {"noise_id": 3769, "unique_key": "60038112"}}, {"type": "Feature", "geometry": {"type": "Point", "coordinates": [-73.9185331036926, 40.63567659148016]}, "properties": {"noise_id": 3770, "unique_key": "60114864"}}, {"type": "Feature", "geometry": {"type": "Point", "coordinates": [-73.9870237607942, 40.71968381681074]}, "properties": {"noise_id": 3771, "unique_key": "60155145"}}, {"type": "Feature", "geometry": {"type": "Point", "coordinates": [-73.94850841456278, 40.8243381621527]}, "properties": {"noise_id": 3772, "unique_key": "59962117"}}, {"type": "Feature", "geometry": {"type": "Point", "coordinates": [-73.85330591516451, 40.84986727884993]}, "properties": {"noise_id": 3773, "unique_key": "59961865"}}, {"type": "Feature", "geometry": {"type": "Point", "coordinates": [-73.94108105730567, 40.85136177029317]}, "properties": {"noise_id": 3774, "unique_key": "59975825"}}, {"type": "Feature", "geometry": {"type": "Point", "coordinates": [-73.80457897926578, 40.75592792801588]}, "properties": {"noise_id": 3775, "unique_key": "60140132"}}, {"type": "Feature", "geometry": {"type": "Point", "coordinates": [-73.91504246357587, 40.82195241551713]}, "properties": {"noise_id": 3776, "unique_key": "60046099"}}, {"type": "Feature", "geometry": {"type": "Point", "coordinates": [-73.94856848109154, 40.62040272374993]}, "properties": {"noise_id": 3777, "unique_key": "60149109"}}, {"type": "Feature", "geometry": {"type": "Point", "coordinates": [-73.90936740086362, 40.76811844070964]}, "properties": {"noise_id": 3778, "unique_key": "59961936"}}, {"type": "Feature", "geometry": {"type": "Point", "coordinates": [-73.96982620375891, 40.768646934861145]}, "properties": {"noise_id": 3779, "unique_key": "60125210"}}, {"type": "Feature", "geometry": {"type": "Point", "coordinates": [-73.95113772268097, 40.82582968713525]}, "properties": {"noise_id": 3780, "unique_key": "59951258"}}, {"type": "Feature", "geometry": {"type": "Point", "coordinates": [-73.94178104621845, 40.68347459453672]}, "properties": {"noise_id": 3781, "unique_key": "59903475"}}, {"type": "Feature", "geometry": {"type": "Point", "coordinates": [-73.89919266053536, 40.87157219242653]}, "properties": {"noise_id": 3782, "unique_key": "59927574"}}, {"type": "Feature", "geometry": {"type": "Point", "coordinates": [-73.91109714827905, 40.86240645467484]}, "properties": {"noise_id": 3783, "unique_key": "60044655"}}, {"type": "Feature", "geometry": {"type": "Point", "coordinates": [-73.90910650718534, 40.64185353328795]}, "properties": {"noise_id": 3784, "unique_key": "60098246"}}, {"type": "Feature", "geometry": {"type": "Point", "coordinates": [-73.91852118096368, 40.68970483200626]}, "properties": {"noise_id": 3785, "unique_key": "60150920"}}, {"type": "Feature", "geometry": {"type": "Point", "coordinates": [-73.8867297078156, 40.854255297561686]}, "properties": {"noise_id": 3786, "unique_key": "60198487"}}, {"type": "Feature", "geometry": {"type": "Point", "coordinates": [-73.96636009530222, 40.69071138727672]}, "properties": {"noise_id": 3787, "unique_key": "60125674"}}, {"type": "Feature", "geometry": {"type": "Point", "coordinates": [-73.86429589224272, 40.880950733720574]}, "properties": {"noise_id": 3788, "unique_key": "60077234"}}, {"type": "Feature", "geometry": {"type": "Point", "coordinates": [-73.77685709232782, 40.68080265736828]}, "properties": {"noise_id": 3789, "unique_key": "60181073"}}, {"type": "Feature", "geometry": {"type": "Point", "coordinates": [-73.99308862915707, 40.67880104293372]}, "properties": {"noise_id": 3790, "unique_key": "60180660"}}, {"type": "Feature", "geometry": {"type": "Point", "coordinates": [-73.82040177745648, 40.67203243753244]}, "properties": {"noise_id": 3791, "unique_key": "60017259"}}, {"type": "Feature", "geometry": {"type": "Point", "coordinates": [-73.80524577292823, 40.70193683464074]}, "properties": {"noise_id": 3792, "unique_key": "60189996"}}, {"type": "Feature", "geometry": {"type": "Point", "coordinates": [-73.84832900182792, 40.72605953848024]}, "properties": {"noise_id": 3793, "unique_key": "60001666"}}, {"type": "Feature", "geometry": {"type": "Point", "coordinates": [-73.92091763975729, 40.706139430818894]}, "properties": {"noise_id": 3794, "unique_key": "60110098"}}, {"type": "Feature", "geometry": {"type": "Point", "coordinates": [-73.98352391249833, 40.78030660945308]}, "properties": {"noise_id": 3795, "unique_key": "60160277"}}, {"type": "Feature", "geometry": {"type": "Point", "coordinates": [-73.91420885158337, 40.65582291686336]}, "properties": {"noise_id": 3796, "unique_key": "59985600"}}, {"type": "Feature", "geometry": {"type": "Point", "coordinates": [-73.88496031515801, 40.85317487780336]}, "properties": {"noise_id": 3797, "unique_key": "60122650"}}, {"type": "Feature", "geometry": {"type": "Point", "coordinates": [-73.78412282603571, 40.68389616240077]}, "properties": {"noise_id": 3798, "unique_key": "60140425"}}, {"type": "Feature", "geometry": {"type": "Point", "coordinates": [-73.92294000847899, 40.834959679997525]}, "properties": {"noise_id": 3799, "unique_key": "60139638"}}, {"type": "Feature", "geometry": {"type": "Point", "coordinates": [-74.00468491123993, 40.65052993939405]}, "properties": {"noise_id": 3800, "unique_key": "60072984"}}, {"type": "Feature", "geometry": {"type": "Point", "coordinates": [-73.85406911029867, 40.895762321244455]}, "properties": {"noise_id": 3801, "unique_key": "60153951"}}, {"type": "Feature", "geometry": {"type": "Point", "coordinates": [-73.88220693053809, 40.8546158140193]}, "properties": {"noise_id": 3802, "unique_key": "60125629"}}, {"type": "Feature", "geometry": {"type": "Point", "coordinates": [-74.02561800213194, 40.61910485330839]}, "properties": {"noise_id": 3803, "unique_key": "60000514"}}, {"type": "Feature", "geometry": {"type": "Point", "coordinates": [-73.9684298046921, 40.57669624282851]}, "properties": {"noise_id": 3804, "unique_key": "59965927"}}, {"type": "Feature", "geometry": {"type": "Point", "coordinates": [-73.88439138826577, 40.87270285140573]}, "properties": {"noise_id": 3805, "unique_key": "60035659"}}, {"type": "Feature", "geometry": {"type": "Point", "coordinates": [-73.99661080808555, 40.61188610714911]}, "properties": {"noise_id": 3806, "unique_key": "60191542"}}, {"type": "Feature", "geometry": {"type": "Point", "coordinates": [-73.98695487799252, 40.66612788144173]}, "properties": {"noise_id": 3807, "unique_key": "59945211"}}, {"type": "Feature", "geometry": {"type": "Point", "coordinates": [-73.94551268688019, 40.705676111622125]}, "properties": {"noise_id": 3808, "unique_key": "60085372"}}, {"type": "Feature", "geometry": {"type": "Point", "coordinates": [-73.95936953077799, 40.605612608448034]}, "properties": {"noise_id": 3809, "unique_key": "59905092"}}, {"type": "Feature", "geometry": {"type": "Point", "coordinates": [-73.75374225715989, 40.68092294081512]}, "properties": {"noise_id": 3810, "unique_key": "59909814"}}, {"type": "Feature", "geometry": {"type": "Point", "coordinates": [-73.98483450522959, 40.76501585078629]}, "properties": {"noise_id": 3811, "unique_key": "60084010"}}, {"type": "Feature", "geometry": {"type": "Point", "coordinates": [-73.82807323942522, 40.85098246578868]}, "properties": {"noise_id": 3812, "unique_key": "60049655"}}, {"type": "Feature", "geometry": {"type": "Point", "coordinates": [-73.88846404789687, 40.667175207687]}, "properties": {"noise_id": 3813, "unique_key": "59952208"}}, {"type": "Feature", "geometry": {"type": "Point", "coordinates": [-73.92035398009575, 40.83980233844152]}, "properties": {"noise_id": 3814, "unique_key": "60079687"}}, {"type": "Feature", "geometry": {"type": "Point", "coordinates": [-73.88856962276459, 40.86506023523094]}, "properties": {"noise_id": 3815, "unique_key": "60057078"}}, {"type": "Feature", "geometry": {"type": "Point", "coordinates": [-73.88445978172984, 40.85415149248957]}, "properties": {"noise_id": 3816, "unique_key": "60007316"}}, {"type": "Feature", "geometry": {"type": "Point", "coordinates": [-73.96826083850937, 40.758032594921815]}, "properties": {"noise_id": 3817, "unique_key": "60181683"}}, {"type": "Feature", "geometry": {"type": "Point", "coordinates": [-73.88316269816458, 40.75913051113699]}, "properties": {"noise_id": 3818, "unique_key": "60063230"}}, {"type": "Feature", "geometry": {"type": "Point", "coordinates": [-73.84279005925899, 40.87783291773842]}, "properties": {"noise_id": 3819, "unique_key": "59994234"}}, {"type": "Feature", "geometry": {"type": "Point", "coordinates": [-73.961287685404, 40.65144576664965]}, "properties": {"noise_id": 3820, "unique_key": "59954666"}}, {"type": "Feature", "geometry": {"type": "Point", "coordinates": [-73.86978715613873, 40.68432691255612]}, "properties": {"noise_id": 3821, "unique_key": "59921998"}}, {"type": "Feature", "geometry": {"type": "Point", "coordinates": [-73.88398064933226, 40.8449233075465]}, "properties": {"noise_id": 3822, "unique_key": "59916977"}}, {"type": "Feature", "geometry": {"type": "Point", "coordinates": [-73.90467576630016, 40.83261302416413]}, "properties": {"noise_id": 3823, "unique_key": "60068802"}}, {"type": "Feature", "geometry": {"type": "Point", "coordinates": [-73.94026845560671, 40.72177977342499]}, "properties": {"noise_id": 3824, "unique_key": "60157302"}}, {"type": "Feature", "geometry": {"type": "Point", "coordinates": [-73.9469573810741, 40.69864195098738]}, "properties": {"noise_id": 3825, "unique_key": "60178176"}}, {"type": "Feature", "geometry": {"type": "Point", "coordinates": [-73.74494704181926, 40.70772577072935]}, "properties": {"noise_id": 3826, "unique_key": "59911006"}}, {"type": "Feature", "geometry": {"type": "Point", "coordinates": [-73.94732926256387, 40.6478912162857]}, "properties": {"noise_id": 3827, "unique_key": "60016273"}}, {"type": "Feature", "geometry": {"type": "Point", "coordinates": [-73.98532051639553, 40.721937059265606]}, "properties": {"noise_id": 3828, "unique_key": "60099434"}}, {"type": "Feature", "geometry": {"type": "Point", "coordinates": [-73.92039680197846, 40.65903601566667]}, "properties": {"noise_id": 3829, "unique_key": "59906372"}}, {"type": "Feature", "geometry": {"type": "Point", "coordinates": [-73.99141882347405, 40.68306905238058]}, "properties": {"noise_id": 3830, "unique_key": "60131086"}}, {"type": "Feature", "geometry": {"type": "Point", "coordinates": [-73.82785392197312, 40.69410086107785]}, "properties": {"noise_id": 3831, "unique_key": "59940502"}}, {"type": "Feature", "geometry": {"type": "Point", "coordinates": [-73.91109714827905, 40.86240645467484]}, "properties": {"noise_id": 3832, "unique_key": "60006239"}}, {"type": "Feature", "geometry": {"type": "Point", "coordinates": [-73.8945634659996, 40.82889062299123]}, "properties": {"noise_id": 3833, "unique_key": "60179805"}}, {"type": "Feature", "geometry": {"type": "Point", "coordinates": [-73.88847281325883, 40.875358243079454]}, "properties": {"noise_id": 3834, "unique_key": "59936354"}}, {"type": "Feature", "geometry": {"type": "Point", "coordinates": [-73.84467259346006, 40.81808863502929]}, "properties": {"noise_id": 3835, "unique_key": "60089055"}}, {"type": "Feature", "geometry": {"type": "Point", "coordinates": [-73.90286313589652, 40.851442964126655]}, "properties": {"noise_id": 3836, "unique_key": "59940971"}}, {"type": "Feature", "geometry": {"type": "Point", "coordinates": [-73.9176352286794, 40.86980003289866]}, "properties": {"noise_id": 3837, "unique_key": "60105490"}}, {"type": "Feature", "geometry": {"type": "Point", "coordinates": [-73.98653581270592, 40.7600178856856]}, "properties": {"noise_id": 3838, "unique_key": "60013792"}}, {"type": "Feature", "geometry": {"type": "Point", "coordinates": [-73.88769754596058, 40.84410357341527]}, "properties": {"noise_id": 3839, "unique_key": "60049824"}}, {"type": "Feature", "geometry": {"type": "Point", "coordinates": [-73.84294487141909, 40.780145868459165]}, "properties": {"noise_id": 3840, "unique_key": "59943808"}}, {"type": "Feature", "geometry": {"type": "Point", "coordinates": [-73.71099874882411, 40.74189755746794]}, "properties": {"noise_id": 3841, "unique_key": "60077263"}}, {"type": "Feature", "geometry": {"type": "Point", "coordinates": [-73.90739916147344, 40.84652269154538]}, "properties": {"noise_id": 3842, "unique_key": "59913301"}}, {"type": "Feature", "geometry": {"type": "Point", "coordinates": [-73.93988736757152, 40.692317273568]}, "properties": {"noise_id": 3843, "unique_key": "60127544"}}, {"type": "Feature", "geometry": {"type": "Point", "coordinates": [-73.92458008252996, 40.84184449838968]}, "properties": {"noise_id": 3844, "unique_key": "60142392"}}, {"type": "Feature", "geometry": {"type": "Point", "coordinates": [-73.8095260418184, 40.72238703289527]}, "properties": {"noise_id": 3845, "unique_key": "60069648"}}, {"type": "Feature", "geometry": {"type": "Point", "coordinates": [-73.8298694952388, 40.84824316405317]}, "properties": {"noise_id": 3846, "unique_key": "60058075"}}, {"type": "Feature", "geometry": {"type": "Point", "coordinates": [-73.87781023551283, 40.874864379868406]}, "properties": {"noise_id": 3847, "unique_key": "59942497"}}, {"type": "Feature", "geometry": {"type": "Point", "coordinates": [-73.92556284056391, 40.6353821752222]}, "properties": {"noise_id": 3848, "unique_key": "60032993"}}, {"type": "Feature", "geometry": {"type": "Point", "coordinates": [-73.85528323939664, 40.90296315394779]}, "properties": {"noise_id": 3849, "unique_key": "59947525"}}, {"type": "Feature", "geometry": {"type": "Point", "coordinates": [-73.98315032677307, 40.72984166222528]}, "properties": {"noise_id": 3850, "unique_key": "60117967"}}, {"type": "Feature", "geometry": {"type": "Point", "coordinates": [-74.01424676665353, 40.62161281985284]}, "properties": {"noise_id": 3851, "unique_key": "59969621"}}, {"type": "Feature", "geometry": {"type": "Point", "coordinates": [-73.95648317349016, 40.7739317807976]}, "properties": {"noise_id": 3852, "unique_key": "59939631"}}, {"type": "Feature", "geometry": {"type": "Point", "coordinates": [-73.9479409830251, 40.6628972162775]}, "properties": {"noise_id": 3853, "unique_key": "60152632"}}, {"type": "Feature", "geometry": {"type": "Point", "coordinates": [-73.95041346319319, 40.70676525390032]}, "properties": {"noise_id": 3854, "unique_key": "60049518"}}, {"type": "Feature", "geometry": {"type": "Point", "coordinates": [-73.93793842629789, 40.818094213398375]}, "properties": {"noise_id": 3855, "unique_key": "60053967"}}, {"type": "Feature", "geometry": {"type": "Point", "coordinates": [-73.91245861399625, 40.836072043191145]}, "properties": {"noise_id": 3856, "unique_key": "60183773"}}, {"type": "Feature", "geometry": {"type": "Point", "coordinates": [-73.97536142190816, 40.60051457225173]}, "properties": {"noise_id": 3857, "unique_key": "59911273"}}, {"type": "Feature", "geometry": {"type": "Point", "coordinates": [-73.95276841145517, 40.81918540590982]}, "properties": {"noise_id": 3858, "unique_key": "60155734"}}, {"type": "Feature", "geometry": {"type": "Point", "coordinates": [-73.92908793722583, 40.6577983161213]}, "properties": {"noise_id": 3859, "unique_key": "59995662"}}, {"type": "Feature", "geometry": {"type": "Point", "coordinates": [-73.73849046642708, 40.666416023635946]}, "properties": {"noise_id": 3860, "unique_key": "60152175"}}, {"type": "Feature", "geometry": {"type": "Point", "coordinates": [-73.9364609100088, 40.70064305976192]}, "properties": {"noise_id": 3861, "unique_key": "59994954"}}, {"type": "Feature", "geometry": {"type": "Point", "coordinates": [-73.8551452662161, 40.72393838086423]}, "properties": {"noise_id": 3862, "unique_key": "60121472"}}, {"type": "Feature", "geometry": {"type": "Point", "coordinates": [-73.87604733974453, 40.82740927344285]}, "properties": {"noise_id": 3863, "unique_key": "59999831"}}, {"type": "Feature", "geometry": {"type": "Point", "coordinates": [-73.99932599443366, 40.66033988081214]}, "properties": {"noise_id": 3864, "unique_key": "60120143"}}, {"type": "Feature", "geometry": {"type": "Point", "coordinates": [-74.01133249565646, 40.70602056634598]}, "properties": {"noise_id": 3865, "unique_key": "59951526"}}, {"type": "Feature", "geometry": {"type": "Point", "coordinates": [-73.95427789967616, 40.73082192966113]}, "properties": {"noise_id": 3866, "unique_key": "59934580"}}, {"type": "Feature", "geometry": {"type": "Point", "coordinates": [-73.89751266056, 40.826137586269006]}, "properties": {"noise_id": 3867, "unique_key": "60157701"}}, {"type": "Feature", "geometry": {"type": "Point", "coordinates": [-73.80803886943144, 40.69761850930378]}, "properties": {"noise_id": 3868, "unique_key": "60059672"}}, {"type": "Feature", "geometry": {"type": "Point", "coordinates": [-73.84687384879807, 40.6684777987759]}, "properties": {"noise_id": 3869, "unique_key": "60113167"}}, {"type": "Feature", "geometry": {"type": "Point", "coordinates": [-73.96539137940646, 40.65350017189436]}, "properties": {"noise_id": 3870, "unique_key": "60189506"}}, {"type": "Feature", "geometry": {"type": "Point", "coordinates": [-73.8505399352694, 40.904927791965534]}, "properties": {"noise_id": 3871, "unique_key": "60028488"}}, {"type": "Feature", "geometry": {"type": "Point", "coordinates": [-73.94998857219647, 40.64812296530254]}, "properties": {"noise_id": 3872, "unique_key": "59931728"}}, {"type": "Feature", "geometry": {"type": "Point", "coordinates": [-73.93148783260953, 40.69687164105905]}, "properties": {"noise_id": 3873, "unique_key": "60022959"}}, {"type": "Feature", "geometry": {"type": "Point", "coordinates": [-73.94498664576122, 40.718126104632574]}, "properties": {"noise_id": 3874, "unique_key": "60047266"}}, {"type": "Feature", "geometry": {"type": "Point", "coordinates": [-73.86325808891489, 40.689265422248944]}, "properties": {"noise_id": 3875, "unique_key": "59998201"}}, {"type": "Feature", "geometry": {"type": "Point", "coordinates": [-73.77206268070567, 40.76178860993912]}, "properties": {"noise_id": 3876, "unique_key": "59973433"}}, {"type": "Feature", "geometry": {"type": "Point", "coordinates": [-73.88439138826577, 40.87270285140573]}, "properties": {"noise_id": 3877, "unique_key": "60035332"}}, {"type": "Feature", "geometry": {"type": "Point", "coordinates": [-73.81934408194225, 40.58206462414331]}, "properties": {"noise_id": 3878, "unique_key": "60085625"}}, {"type": "Feature", "geometry": {"type": "Point", "coordinates": [-73.8984233658015, 40.85443910241399]}, "properties": {"noise_id": 3879, "unique_key": "60098126"}}, {"type": "Feature", "geometry": {"type": "Point", "coordinates": [-73.96374221874844, 40.75694434234659]}, "properties": {"noise_id": 3880, "unique_key": "59997261"}}, {"type": "Feature", "geometry": {"type": "Point", "coordinates": [-73.95306392888935, 40.65631469277924]}, "properties": {"noise_id": 3881, "unique_key": "59976040"}}, {"type": "Feature", "geometry": {"type": "Point", "coordinates": [-73.79562630313653, 40.66924356512579]}, "properties": {"noise_id": 3882, "unique_key": "60100942"}}, {"type": "Feature", "geometry": {"type": "Point", "coordinates": [-73.95623906359397, 40.61796028954982]}, "properties": {"noise_id": 3883, "unique_key": "59992118"}}, {"type": "Feature", "geometry": {"type": "Point", "coordinates": [-73.94391486415442, 40.812882306045815]}, "properties": {"noise_id": 3884, "unique_key": "60140701"}}, {"type": "Feature", "geometry": {"type": "Point", "coordinates": [-73.87778000262777, 40.75557596777091]}, "properties": {"noise_id": 3885, "unique_key": "59935799"}}, {"type": "Feature", "geometry": {"type": "Point", "coordinates": [-73.90653929154836, 40.84884127531168]}, "properties": {"noise_id": 3886, "unique_key": "60039474"}}, {"type": "Feature", "geometry": {"type": "Point", "coordinates": [-73.93437959827264, 40.77063311514691]}, "properties": {"noise_id": 3887, "unique_key": "60004796"}}, {"type": "Feature", "geometry": {"type": "Point", "coordinates": [-73.9019964742127, 40.86558018980684]}, "properties": {"noise_id": 3888, "unique_key": "60119463"}}, {"type": "Feature", "geometry": {"type": "Point", "coordinates": [-73.88227958246536, 40.65630245474799]}, "properties": {"noise_id": 3889, "unique_key": "59956801"}}, {"type": "Feature", "geometry": {"type": "Point", "coordinates": [-73.95543448995276, 40.60915193647888]}, "properties": {"noise_id": 3890, "unique_key": "60085963"}}, {"type": "Feature", "geometry": {"type": "Point", "coordinates": [-73.95113772268097, 40.82582968713525]}, "properties": {"noise_id": 3891, "unique_key": "59961902"}}, {"type": "Feature", "geometry": {"type": "Point", "coordinates": [-73.98976845412388, 40.700270386304894]}, "properties": {"noise_id": 3892, "unique_key": "59993464"}}, {"type": "Feature", "geometry": {"type": "Point", "coordinates": [-73.95450077956109, 40.61577201458218]}, "properties": {"noise_id": 3893, "unique_key": "60153449"}}, {"type": "Feature", "geometry": {"type": "Point", "coordinates": [-73.96359525353054, 40.68241859200756]}, "properties": {"noise_id": 3894, "unique_key": "60003892"}}, {"type": "Feature", "geometry": {"type": "Point", "coordinates": [-73.88614589437428, 40.74340059402084]}, "properties": {"noise_id": 3895, "unique_key": "59941425"}}, {"type": "Feature", "geometry": {"type": "Point", "coordinates": [-74.01607893413554, 40.63091741653895]}, "properties": {"noise_id": 3896, "unique_key": "59901855"}}, {"type": "Feature", "geometry": {"type": "Point", "coordinates": [-73.9479596128909, 40.67597883274467]}, "properties": {"noise_id": 3897, "unique_key": "60197202"}}, {"type": "Feature", "geometry": {"type": "Point", "coordinates": [-74.09432582780876, 40.58208010086462]}, "properties": {"noise_id": 3898, "unique_key": "60023251"}}, {"type": "Feature", "geometry": {"type": "Point", "coordinates": [-73.84687687167391, 40.728398897325256]}, "properties": {"noise_id": 3899, "unique_key": "59920693"}}, {"type": "Feature", "geometry": {"type": "Point", "coordinates": [-73.90236922709826, 40.83578123847195]}, "properties": {"noise_id": 3900, "unique_key": "60021055"}}, {"type": "Feature", "geometry": {"type": "Point", "coordinates": [-73.89869590565499, 40.84875505759234]}, "properties": {"noise_id": 3901, "unique_key": "59959985"}}, {"type": "Feature", "geometry": {"type": "Point", "coordinates": [-73.9899293633153, 40.73329261145003]}, "properties": {"noise_id": 3902, "unique_key": "59932676"}}, {"type": "Feature", "geometry": {"type": "Point", "coordinates": [-74.00692913278816, 40.74565246060955]}, "properties": {"noise_id": 3903, "unique_key": "60140550"}}, {"type": "Feature", "geometry": {"type": "Point", "coordinates": [-73.89909297968985, 40.86101325188722]}, "properties": {"noise_id": 3904, "unique_key": "60034314"}}, {"type": "Feature", "geometry": {"type": "Point", "coordinates": [-73.91436484385679, 40.851564608300045]}, "properties": {"noise_id": 3905, "unique_key": "60029628"}}, {"type": "Feature", "geometry": {"type": "Point", "coordinates": [-73.92848143838022, 40.83018195894133]}, "properties": {"noise_id": 3906, "unique_key": "60040809"}}, {"type": "Feature", "geometry": {"type": "Point", "coordinates": [-73.88175218046655, 40.703748105104914]}, "properties": {"noise_id": 3907, "unique_key": "60087955"}}, {"type": "Feature", "geometry": {"type": "Point", "coordinates": [-73.90128873545498, 40.72371271106966]}, "properties": {"noise_id": 3908, "unique_key": "60107635"}}, {"type": "Feature", "geometry": {"type": "Point", "coordinates": [-73.92327303605686, 40.66839217909018]}, "properties": {"noise_id": 3909, "unique_key": "59900545"}}, {"type": "Feature", "geometry": {"type": "Point", "coordinates": [-73.99985943131747, 40.66066102191263]}, "properties": {"noise_id": 3910, "unique_key": "60167257"}}, {"type": "Feature", "geometry": {"type": "Point", "coordinates": [-73.7290335373957, 40.6810869894757]}, "properties": {"noise_id": 3911, "unique_key": "59996942"}}, {"type": "Feature", "geometry": {"type": "Point", "coordinates": [-73.99603477430168, 40.60789790205374]}, "properties": {"noise_id": 3912, "unique_key": "59968004"}}, {"type": "Feature", "geometry": {"type": "Point", "coordinates": [-73.79586516063043, 40.73253846215283]}, "properties": {"noise_id": 3913, "unique_key": "60168031"}}, {"type": "Feature", "geometry": {"type": "Point", "coordinates": [-73.99694280704085, 40.67648462064098]}, "properties": {"noise_id": 3914, "unique_key": "60171022"}}, {"type": "Feature", "geometry": {"type": "Point", "coordinates": [-73.98640189093365, 40.69106957588202]}, "properties": {"noise_id": 3915, "unique_key": "60064987"}}, {"type": "Feature", "geometry": {"type": "Point", "coordinates": [-73.95980153797257, 40.61185168003769]}, "properties": {"noise_id": 3916, "unique_key": "60035758"}}, {"type": "Feature", "geometry": {"type": "Point", "coordinates": [-73.87729410513894, 40.77442086598845]}, "properties": {"noise_id": 3917, "unique_key": "60049783"}}, {"type": "Feature", "geometry": {"type": "Point", "coordinates": [-74.16568053964792, 40.55924763303544]}, "properties": {"noise_id": 3918, "unique_key": "60039007"}}, {"type": "Feature", "geometry": {"type": "Point", "coordinates": [-74.23488383563371, 40.53796439329155]}, "properties": {"noise_id": 3919, "unique_key": "60032477"}}, {"type": "Feature", "geometry": {"type": "Point", "coordinates": [-73.92794786138562, 40.628837372124174]}, "properties": {"noise_id": 3920, "unique_key": "60165102"}}, {"type": "Feature", "geometry": {"type": "Point", "coordinates": [-73.91324339312666, 40.677662398470886]}, "properties": {"noise_id": 3921, "unique_key": "60110822"}}, {"type": "Feature", "geometry": {"type": "Point", "coordinates": [-73.98136633208097, 40.60656523420019]}, "properties": {"noise_id": 3922, "unique_key": "60158423"}}, {"type": "Feature", "geometry": {"type": "Point", "coordinates": [-73.9063207140749, 40.90394903804458]}, "properties": {"noise_id": 3923, "unique_key": "59991943"}}, {"type": "Feature", "geometry": {"type": "Point", "coordinates": [-73.86586292660624, 40.851683091061616]}, "properties": {"noise_id": 3924, "unique_key": "60090948"}}, {"type": "Feature", "geometry": {"type": "Point", "coordinates": [-73.92768962592346, 40.860524203689714]}, "properties": {"noise_id": 3925, "unique_key": "59968842"}}, {"type": "Feature", "geometry": {"type": "Point", "coordinates": [-73.93662273773369, 40.82632216164407]}, "properties": {"noise_id": 3926, "unique_key": "60092313"}}, {"type": "Feature", "geometry": {"type": "Point", "coordinates": [-73.95659797708345, 40.80275151298349]}, "properties": {"noise_id": 3927, "unique_key": "59930035"}}, {"type": "Feature", "geometry": {"type": "Point", "coordinates": [-73.97262013582304, 40.76069062578073]}, "properties": {"noise_id": 3928, "unique_key": "60178237"}}, {"type": "Feature", "geometry": {"type": "Point", "coordinates": [-74.12509504760722, 40.63166569218205]}, "properties": {"noise_id": 3929, "unique_key": "60094192"}}, {"type": "Feature", "geometry": {"type": "Point", "coordinates": [-73.93721623424622, 40.74876182675402]}, "properties": {"noise_id": 3930, "unique_key": "59981301"}}, {"type": "Feature", "geometry": {"type": "Point", "coordinates": [-73.92060662818074, 40.76740212184778]}, "properties": {"noise_id": 3931, "unique_key": "60174752"}}, {"type": "Feature", "geometry": {"type": "Point", "coordinates": [-73.83241067704685, 40.67744405011171]}, "properties": {"noise_id": 3932, "unique_key": "59967428"}}, {"type": "Feature", "geometry": {"type": "Point", "coordinates": [-74.19554275800655, 40.54902289676073]}, "properties": {"noise_id": 3933, "unique_key": "60043315"}}, {"type": "Feature", "geometry": {"type": "Point", "coordinates": [-73.79188645784892, 40.76335769720362]}, "properties": {"noise_id": 3934, "unique_key": "60141222"}}, {"type": "Feature", "geometry": {"type": "Point", "coordinates": [-73.94249534229924, 40.60357425491]}, "properties": {"noise_id": 3935, "unique_key": "60044823"}}, {"type": "Feature", "geometry": {"type": "Point", "coordinates": [-73.9567827143862, 40.67398703361341]}, "properties": {"noise_id": 3936, "unique_key": "60069584"}}, {"type": "Feature", "geometry": {"type": "Point", "coordinates": [-73.88474644484872, 40.847262566762296]}, "properties": {"noise_id": 3937, "unique_key": "59996420"}}, {"type": "Feature", "geometry": {"type": "Point", "coordinates": [-73.96355354179988, 40.79831844318287]}, "properties": {"noise_id": 3938, "unique_key": "59995042"}}, {"type": "Feature", "geometry": {"type": "Point", "coordinates": [-74.08494831453856, 40.62792553089285]}, "properties": {"noise_id": 3939, "unique_key": "60088873"}}, {"type": "Feature", "geometry": {"type": "Point", "coordinates": [-73.86172399522052, 40.73872150344624]}, "properties": {"noise_id": 3940, "unique_key": "59919541"}}, {"type": "Feature", "geometry": {"type": "Point", "coordinates": [-73.90374441298103, 40.83694066292417]}, "properties": {"noise_id": 3941, "unique_key": "60135590"}}, {"type": "Feature", "geometry": {"type": "Point", "coordinates": [-73.98612274808997, 40.7328475654446]}, "properties": {"noise_id": 3942, "unique_key": "60160105"}}, {"type": "Feature", "geometry": {"type": "Point", "coordinates": [-73.83585401467448, 40.67584331823286]}, "properties": {"noise_id": 3943, "unique_key": "60095586"}}, {"type": "Feature", "geometry": {"type": "Point", "coordinates": [-73.78765174649492, 40.772511940344096]}, "properties": {"noise_id": 3944, "unique_key": "60105159"}}, {"type": "Feature", "geometry": {"type": "Point", "coordinates": [-73.97096002437021, 40.693611116260655]}, "properties": {"noise_id": 3945, "unique_key": "59990075"}}, {"type": "Feature", "geometry": {"type": "Point", "coordinates": [-73.74380796538895, 40.691589435076345]}, "properties": {"noise_id": 3946, "unique_key": "59943770"}}, {"type": "Feature", "geometry": {"type": "Point", "coordinates": [-73.86042992469396, 40.72943991789533]}, "properties": {"noise_id": 3947, "unique_key": "60068099"}}, {"type": "Feature", "geometry": {"type": "Point", "coordinates": [-73.94859452691935, 40.82979743934888]}, "properties": {"noise_id": 3948, "unique_key": "60095683"}}, {"type": "Feature", "geometry": {"type": "Point", "coordinates": [-73.99611599792371, 40.57367299637156]}, "properties": {"noise_id": 3949, "unique_key": "60022152"}}, {"type": "Feature", "geometry": {"type": "Point", "coordinates": [-73.98217366606649, 40.59075807181942]}, "properties": {"noise_id": 3950, "unique_key": "60009443"}}, {"type": "Feature", "geometry": {"type": "Point", "coordinates": [-73.93722794475059, 40.84741010736752]}, "properties": {"noise_id": 3951, "unique_key": "60029578"}}, {"type": "Feature", "geometry": {"type": "Point", "coordinates": [-73.96044518033491, 40.66834783553129]}, "properties": {"noise_id": 3952, "unique_key": "60096239"}}, {"type": "Feature", "geometry": {"type": "Point", "coordinates": [-73.98118723014382, 40.74371333924312]}, "properties": {"noise_id": 3953, "unique_key": "59949405"}}, {"type": "Feature", "geometry": {"type": "Point", "coordinates": [-73.99201645921359, 40.6904470396512]}, "properties": {"noise_id": 3954, "unique_key": "59993487"}}, {"type": "Feature", "geometry": {"type": "Point", "coordinates": [-73.91898595749808, 40.74640917549571]}, "properties": {"noise_id": 3955, "unique_key": "59930981"}}, {"type": "Feature", "geometry": {"type": "Point", "coordinates": [-73.90688459550866, 40.86812308318488]}, "properties": {"noise_id": 3956, "unique_key": "59986795"}}, {"type": "Feature", "geometry": {"type": "Point", "coordinates": [-73.93267351623494, 40.85120621118821]}, "properties": {"noise_id": 3957, "unique_key": "60113882"}}, {"type": "Feature", "geometry": {"type": "Point", "coordinates": [-73.77276782716193, 40.70217373425325]}, "properties": {"noise_id": 3958, "unique_key": "60108694"}}, {"type": "Feature", "geometry": {"type": "Point", "coordinates": [-73.9677482433288, 40.6388217507208]}, "properties": {"noise_id": 3959, "unique_key": "59961187"}}, {"type": "Feature", "geometry": {"type": "Point", "coordinates": [-74.00219408337779, 40.74134064554114]}, "properties": {"noise_id": 3960, "unique_key": "60092724"}}, {"type": "Feature", "geometry": {"type": "Point", "coordinates": [-73.85226213058029, 40.75184888873408]}, "properties": {"noise_id": 3961, "unique_key": "59996254"}}, {"type": "Feature", "geometry": {"type": "Point", "coordinates": [-73.92056587511607, 40.81065084751836]}, "properties": {"noise_id": 3962, "unique_key": "59989233"}}, {"type": "Feature", "geometry": {"type": "Point", "coordinates": [-74.00085126877615, 40.71144202840873]}, "properties": {"noise_id": 3963, "unique_key": "60054393"}}, {"type": "Feature", "geometry": {"type": "Point", "coordinates": [-73.99095996963976, 40.71667868118142]}, "properties": {"noise_id": 3964, "unique_key": "60150748"}}, {"type": "Feature", "geometry": {"type": "Point", "coordinates": [-73.98251300558272, 40.779859068596366]}, "properties": {"noise_id": 3965, "unique_key": "60169159"}}, {"type": "Feature", "geometry": {"type": "Point", "coordinates": [-73.9149299129963, 40.80824793778012]}, "properties": {"noise_id": 3966, "unique_key": "60112986"}}, {"type": "Feature", "geometry": {"type": "Point", "coordinates": [-73.92465214640484, 40.822892299365904]}, "properties": {"noise_id": 3967, "unique_key": "60036555"}}, {"type": "Feature", "geometry": {"type": "Point", "coordinates": [-73.9421332725726, 40.60166369428115]}, "properties": {"noise_id": 3968, "unique_key": "59947446"}}, {"type": "Feature", "geometry": {"type": "Point", "coordinates": [-73.92900177697814, 40.70150330186916]}, "properties": {"noise_id": 3969, "unique_key": "60104219"}}, {"type": "Feature", "geometry": {"type": "Point", "coordinates": [-73.94425318343836, 40.82732792395432]}, "properties": {"noise_id": 3970, "unique_key": "59954690"}}, {"type": "Feature", "geometry": {"type": "Point", "coordinates": [-73.98891486387227, 40.69340015431026]}, "properties": {"noise_id": 3971, "unique_key": "60051185"}}, {"type": "Feature", "geometry": {"type": "Point", "coordinates": [-74.14697826932736, 40.551524483777705]}, "properties": {"noise_id": 3972, "unique_key": "60038542"}}, {"type": "Feature", "geometry": {"type": "Point", "coordinates": [-73.78938841271314, 40.6880121100816]}, "properties": {"noise_id": 3973, "unique_key": "60065257"}}, {"type": "Feature", "geometry": {"type": "Point", "coordinates": [-73.98333602430242, 40.60767168923866]}, "properties": {"noise_id": 3974, "unique_key": "59988581"}}, {"type": "Feature", "geometry": {"type": "Point", "coordinates": [-73.97327097620646, 40.69501425286213]}, "properties": {"noise_id": 3975, "unique_key": "60160909"}}, {"type": "Feature", "geometry": {"type": "Point", "coordinates": [-73.80582604644991, 40.70578324018173]}, "properties": {"noise_id": 3976, "unique_key": "59963524"}}, {"type": "Feature", "geometry": {"type": "Point", "coordinates": [-73.86572656558928, 40.89774440769592]}, "properties": {"noise_id": 3977, "unique_key": "60023736"}}, {"type": "Feature", "geometry": {"type": "Point", "coordinates": [-73.73233528023309, 40.732498894315086]}, "properties": {"noise_id": 3978, "unique_key": "60061125"}}, {"type": "Feature", "geometry": {"type": "Point", "coordinates": [-74.01856682754425, 40.63816877068239]}, "properties": {"noise_id": 3979, "unique_key": "59934987"}}, {"type": "Feature", "geometry": {"type": "Point", "coordinates": [-73.98083324288439, 40.64448167917492]}, "properties": {"noise_id": 3980, "unique_key": "60027817"}}, {"type": "Feature", "geometry": {"type": "Point", "coordinates": [-73.78828125130184, 40.64832048620134]}, "properties": {"noise_id": 3981, "unique_key": "59914749"}}, {"type": "Feature", "geometry": {"type": "Point", "coordinates": [-73.95351257374978, 40.710713517276005]}, "properties": {"noise_id": 3982, "unique_key": "59994669"}}, {"type": "Feature", "geometry": {"type": "Point", "coordinates": [-73.97933721048216, 40.611511007888105]}, "properties": {"noise_id": 3983, "unique_key": "60079625"}}, {"type": "Feature", "geometry": {"type": "Point", "coordinates": [-73.93738678598848, 40.81305735256445]}, "properties": {"noise_id": 3984, "unique_key": "60118176"}}, {"type": "Feature", "geometry": {"type": "Point", "coordinates": [-73.9957559572027, 40.63154701907021]}, "properties": {"noise_id": 3985, "unique_key": "60137135"}}, {"type": "Feature", "geometry": {"type": "Point", "coordinates": [-73.94262409319579, 40.80156791710398]}, "properties": {"noise_id": 3986, "unique_key": "59919778"}}, {"type": "Feature", "geometry": {"type": "Point", "coordinates": [-73.95652638624375, 40.76304341118757]}, "properties": {"noise_id": 3987, "unique_key": "60136735"}}, {"type": "Feature", "geometry": {"type": "Point", "coordinates": [-73.98091359333398, 40.72890535151208]}, "properties": {"noise_id": 3988, "unique_key": "60016993"}}, {"type": "Feature", "geometry": {"type": "Point", "coordinates": [-73.88389742372135, 40.753861338733394]}, "properties": {"noise_id": 3989, "unique_key": "60044699"}}, {"type": "Feature", "geometry": {"type": "Point", "coordinates": [-73.89183575769478, 40.744152650784486]}, "properties": {"noise_id": 3990, "unique_key": "60081994"}}, {"type": "Feature", "geometry": {"type": "Point", "coordinates": [-73.88411928440486, 40.86907957927509]}, "properties": {"noise_id": 3991, "unique_key": "59914273"}}, {"type": "Feature", "geometry": {"type": "Point", "coordinates": [-73.92297342602123, 40.74366716049481]}, "properties": {"noise_id": 3992, "unique_key": "59928194"}}, {"type": "Feature", "geometry": {"type": "Point", "coordinates": [-73.96629524415512, 40.80473644797869]}, "properties": {"noise_id": 3993, "unique_key": "60163948"}}, {"type": "Feature", "geometry": {"type": "Point", "coordinates": [-73.91561790353857, 40.70437078337824]}, "properties": {"noise_id": 3994, "unique_key": "60087283"}}, {"type": "Feature", "geometry": {"type": "Point", "coordinates": [-73.81915515958578, 40.6877306210941]}, "properties": {"noise_id": 3995, "unique_key": "60161340"}}, {"type": "Feature", "geometry": {"type": "Point", "coordinates": [-73.99090944721051, 40.71682140474025]}, "properties": {"noise_id": 3996, "unique_key": "60150733"}}, {"type": "Feature", "geometry": {"type": "Point", "coordinates": [-73.84687384879807, 40.6684777987759]}, "properties": {"noise_id": 3997, "unique_key": "60027523"}}, {"type": "Feature", "geometry": {"type": "Point", "coordinates": [-74.1112247128707, 40.62968448328473]}, "properties": {"noise_id": 3998, "unique_key": "59996246"}}, {"type": "Feature", "geometry": {"type": "Point", "coordinates": [-73.94926973829881, 40.64089014187413]}, "properties": {"noise_id": 3999, "unique_key": "60189265"}}, {"type": "Feature", "geometry": {"type": "Point", "coordinates": [-73.89398756518766, 40.86830133925231]}, "properties": {"noise_id": 4000, "unique_key": "60062753"}}, {"type": "Feature", "geometry": {"type": "Point", "coordinates": [-73.98435022071315, 40.76734881607585]}, "properties": {"noise_id": 4001, "unique_key": "59952363"}}, {"type": "Feature", "geometry": {"type": "Point", "coordinates": [-73.9533333272863, 40.65246112859111]}, "properties": {"noise_id": 4002, "unique_key": "60022129"}}, {"type": "Feature", "geometry": {"type": "Point", "coordinates": [-73.96023551436888, 40.7418964757084]}, "properties": {"noise_id": 4003, "unique_key": "60038560"}}, {"type": "Feature", "geometry": {"type": "Point", "coordinates": [-73.95961241441118, 40.71609006262426]}, "properties": {"noise_id": 4004, "unique_key": "60125080"}}, {"type": "Feature", "geometry": {"type": "Point", "coordinates": [-73.92601559314713, 40.62023396838567]}, "properties": {"noise_id": 4005, "unique_key": "59943152"}}, {"type": "Feature", "geometry": {"type": "Point", "coordinates": [-73.82300178904647, 40.75050114108838]}, "properties": {"noise_id": 4006, "unique_key": "60028146"}}, {"type": "Feature", "geometry": {"type": "Point", "coordinates": [-73.92108211890985, 40.84749351146158]}, "properties": {"noise_id": 4007, "unique_key": "60172926"}}, {"type": "Feature", "geometry": {"type": "Point", "coordinates": [-73.90290766312782, 40.83084395312983]}, "properties": {"noise_id": 4008, "unique_key": "60116739"}}, {"type": "Feature", "geometry": {"type": "Point", "coordinates": [-74.03625414509077, 40.617625292626464]}, "properties": {"noise_id": 4009, "unique_key": "60053070"}}, {"type": "Feature", "geometry": {"type": "Point", "coordinates": [-73.80688971359399, 40.72830858639022]}, "properties": {"noise_id": 4010, "unique_key": "59902225"}}, {"type": "Feature", "geometry": {"type": "Point", "coordinates": [-73.90715041547465, 40.77355400702187]}, "properties": {"noise_id": 4011, "unique_key": "60144949"}}, {"type": "Feature", "geometry": {"type": "Point", "coordinates": [-73.95036770213684, 40.5938311459271]}, "properties": {"noise_id": 4012, "unique_key": "59905317"}}, {"type": "Feature", "geometry": {"type": "Point", "coordinates": [-73.98416680449647, 40.64292589342707]}, "properties": {"noise_id": 4013, "unique_key": "59925980"}}, {"type": "Feature", "geometry": {"type": "Point", "coordinates": [-73.78836166853506, 40.709309678769706]}, "properties": {"noise_id": 4014, "unique_key": "59947333"}}, {"type": "Feature", "geometry": {"type": "Point", "coordinates": [-73.98524659329591, 40.74623086623757]}, "properties": {"noise_id": 4015, "unique_key": "59963561"}}, {"type": "Feature", "geometry": {"type": "Point", "coordinates": [-73.89768044005521, 40.8580147939236]}, "properties": {"noise_id": 4016, "unique_key": "59964788"}}, {"type": "Feature", "geometry": {"type": "Point", "coordinates": [-73.89318699183492, 40.77246322613334]}, "properties": {"noise_id": 4017, "unique_key": "60032146"}}, {"type": "Feature", "geometry": {"type": "Point", "coordinates": [-73.94876703438024, 40.65268700214536]}, "properties": {"noise_id": 4018, "unique_key": "60032060"}}, {"type": "Feature", "geometry": {"type": "Point", "coordinates": [-73.89830391474528, 40.726877565308094]}, "properties": {"noise_id": 4019, "unique_key": "60095230"}}, {"type": "Feature", "geometry": {"type": "Point", "coordinates": [-74.01163215563263, 40.707725034843904]}, "properties": {"noise_id": 4020, "unique_key": "59939876"}}, {"type": "Feature", "geometry": {"type": "Point", "coordinates": [-73.72583818694073, 40.766378666465286]}, "properties": {"noise_id": 4021, "unique_key": "60012590"}}, {"type": "Feature", "geometry": {"type": "Point", "coordinates": [-73.8717240637112, 40.67459336643038]}, "properties": {"noise_id": 4022, "unique_key": "60006695"}}, {"type": "Feature", "geometry": {"type": "Point", "coordinates": [-73.93481123570182, 40.66899216781332]}, "properties": {"noise_id": 4023, "unique_key": "60081920"}}, {"type": "Feature", "geometry": {"type": "Point", "coordinates": [-73.99425893290368, 40.73718222427069]}, "properties": {"noise_id": 4024, "unique_key": "59972110"}}, {"type": "Feature", "geometry": {"type": "Point", "coordinates": [-73.89403968924076, 40.819706316090034]}, "properties": {"noise_id": 4025, "unique_key": "60062126"}}, {"type": "Feature", "geometry": {"type": "Point", "coordinates": [-73.82579175604369, 40.68561091285362]}, "properties": {"noise_id": 4026, "unique_key": "59957898"}}, {"type": "Feature", "geometry": {"type": "Point", "coordinates": [-73.88955402990595, 40.87097874965238]}, "properties": {"noise_id": 4027, "unique_key": "59956285"}}, {"type": "Feature", "geometry": {"type": "Point", "coordinates": [-73.8635128513696, 40.86603513226419]}, "properties": {"noise_id": 4028, "unique_key": "60184057"}}, {"type": "Feature", "geometry": {"type": "Point", "coordinates": [-73.95184486671171, 40.65254011371671]}, "properties": {"noise_id": 4029, "unique_key": "60137169"}}, {"type": "Feature", "geometry": {"type": "Point", "coordinates": [-73.81090754397326, 40.73009934988612]}, "properties": {"noise_id": 4030, "unique_key": "59916440"}}, {"type": "Feature", "geometry": {"type": "Point", "coordinates": [-73.97631511422445, 40.59203609028431]}, "properties": {"noise_id": 4031, "unique_key": "60023358"}}, {"type": "Feature", "geometry": {"type": "Point", "coordinates": [-73.91827438644238, 40.83810190786086]}, "properties": {"noise_id": 4032, "unique_key": "60139490"}}, {"type": "Feature", "geometry": {"type": "Point", "coordinates": [-73.89766177595318, 40.88424034482077]}, "properties": {"noise_id": 4033, "unique_key": "60050727"}}, {"type": "Feature", "geometry": {"type": "Point", "coordinates": [-73.93734497240956, 40.85363516096966]}, "properties": {"noise_id": 4034, "unique_key": "60058645"}}, {"type": "Feature", "geometry": {"type": "Point", "coordinates": [-73.97135568216956, 40.6288206986298]}, "properties": {"noise_id": 4035, "unique_key": "60046326"}}, {"type": "Feature", "geometry": {"type": "Point", "coordinates": [-73.96403657420483, 40.67304532692255]}, "properties": {"noise_id": 4036, "unique_key": "59905436"}}, {"type": "Feature", "geometry": {"type": "Point", "coordinates": [-73.99865686311435, 40.59726736508086]}, "properties": {"noise_id": 4037, "unique_key": "60135300"}}, {"type": "Feature", "geometry": {"type": "Point", "coordinates": [-73.92177481687106, 40.74100394342751]}, "properties": {"noise_id": 4038, "unique_key": "60047421"}}, {"type": "Feature", "geometry": {"type": "Point", "coordinates": [-73.94694480021482, 40.81414905675453]}, "properties": {"noise_id": 4039, "unique_key": "60029374"}}, {"type": "Feature", "geometry": {"type": "Point", "coordinates": [-73.8984233658015, 40.85443910241399]}, "properties": {"noise_id": 4040, "unique_key": "60142062"}}, {"type": "Feature", "geometry": {"type": "Point", "coordinates": [-73.96806030298414, 40.75469218441827]}, "properties": {"noise_id": 4041, "unique_key": "60067483"}}, {"type": "Feature", "geometry": {"type": "Point", "coordinates": [-73.98847899639232, 40.69068004529552]}, "properties": {"noise_id": 4042, "unique_key": "59919140"}}, {"type": "Feature", "geometry": {"type": "Point", "coordinates": [-73.90374441298103, 40.83694066292417]}, "properties": {"noise_id": 4043, "unique_key": "60096566"}}, {"type": "Feature", "geometry": {"type": "Point", "coordinates": [-73.96401108165736, 40.77373401201847]}, "properties": {"noise_id": 4044, "unique_key": "60090564"}}, {"type": "Feature", "geometry": {"type": "Point", "coordinates": [-73.97393603967191, 40.746459421025634]}, "properties": {"noise_id": 4045, "unique_key": "59942272"}}, {"type": "Feature", "geometry": {"type": "Point", "coordinates": [-73.86581352291451, 40.67011812462209]}, "properties": {"noise_id": 4046, "unique_key": "59921028"}}, {"type": "Feature", "geometry": {"type": "Point", "coordinates": [-73.92285792230227, 40.762386261386]}, "properties": {"noise_id": 4047, "unique_key": "59901286"}}, {"type": "Feature", "geometry": {"type": "Point", "coordinates": [-73.95340202738458, 40.82240796275571]}, "properties": {"noise_id": 4048, "unique_key": "60178637"}}, {"type": "Feature", "geometry": {"type": "Point", "coordinates": [-73.96879190404287, 40.63379358847941]}, "properties": {"noise_id": 4049, "unique_key": "60095298"}}, {"type": "Feature", "geometry": {"type": "Point", "coordinates": [-73.92816084521272, 40.85267465068199]}, "properties": {"noise_id": 4050, "unique_key": "60179549"}}, {"type": "Feature", "geometry": {"type": "Point", "coordinates": [-73.83607270973374, 40.890476602581465]}, "properties": {"noise_id": 4051, "unique_key": "59931435"}}, {"type": "Feature", "geometry": {"type": "Point", "coordinates": [-73.84713418996913, 40.67442059418384]}, "properties": {"noise_id": 4052, "unique_key": "59927295"}}, {"type": "Feature", "geometry": {"type": "Point", "coordinates": [-73.93943400515612, 40.81031097899631]}, "properties": {"noise_id": 4053, "unique_key": "60108379"}}, {"type": "Feature", "geometry": {"type": "Point", "coordinates": [-73.93625627349432, 40.854312506190105]}, "properties": {"noise_id": 4054, "unique_key": "59955040"}}, {"type": "Feature", "geometry": {"type": "Point", "coordinates": [-73.89957889097033, 40.87918905376231]}, "properties": {"noise_id": 4055, "unique_key": "60006490"}}, {"type": "Feature", "geometry": {"type": "Point", "coordinates": [-73.91436484385679, 40.851564608300045]}, "properties": {"noise_id": 4056, "unique_key": "60193245"}}, {"type": "Feature", "geometry": {"type": "Point", "coordinates": [-73.96256036928409, 40.65049649311897]}, "properties": {"noise_id": 4057, "unique_key": "60047720"}}, {"type": "Feature", "geometry": {"type": "Point", "coordinates": [-73.92876286593774, 40.594322081939225]}, "properties": {"noise_id": 4058, "unique_key": "60151442"}}, {"type": "Feature", "geometry": {"type": "Point", "coordinates": [-73.94276737920084, 40.83236100189919]}, "properties": {"noise_id": 4059, "unique_key": "60135120"}}, {"type": "Feature", "geometry": {"type": "Point", "coordinates": [-73.98361593748928, 40.69980031989199]}, "properties": {"noise_id": 4060, "unique_key": "60056619"}}, {"type": "Feature", "geometry": {"type": "Point", "coordinates": [-73.90931844953323, 40.84649127981577]}, "properties": {"noise_id": 4061, "unique_key": "60022050"}}, {"type": "Feature", "geometry": {"type": "Point", "coordinates": [-73.95132645086468, 40.77034783326918]}, "properties": {"noise_id": 4062, "unique_key": "59938603"}}, {"type": "Feature", "geometry": {"type": "Point", "coordinates": [-73.82696820274148, 40.8825393894946]}, "properties": {"noise_id": 4063, "unique_key": "59957800"}}, {"type": "Feature", "geometry": {"type": "Point", "coordinates": [-73.85297658161623, 40.78463851689263]}, "properties": {"noise_id": 4064, "unique_key": "60039239"}}, {"type": "Feature", "geometry": {"type": "Point", "coordinates": [-73.88698130286163, 40.81893932615144]}, "properties": {"noise_id": 4065, "unique_key": "60001609"}}, {"type": "Feature", "geometry": {"type": "Point", "coordinates": [-73.84687384879807, 40.6684777987759]}, "properties": {"noise_id": 4066, "unique_key": "60118458"}}, {"type": "Feature", "geometry": {"type": "Point", "coordinates": [-74.02719284583883, 40.62974878986108]}, "properties": {"noise_id": 4067, "unique_key": "60065065"}}, {"type": "Feature", "geometry": {"type": "Point", "coordinates": [-73.89071074101906, 40.74797777214057]}, "properties": {"noise_id": 4068, "unique_key": "60062913"}}, {"type": "Feature", "geometry": {"type": "Point", "coordinates": [-73.93670249467553, 40.63232291826695]}, "properties": {"noise_id": 4069, "unique_key": "60054588"}}, {"type": "Feature", "geometry": {"type": "Point", "coordinates": [-73.87328272980973, 40.878842048112645]}, "properties": {"noise_id": 4070, "unique_key": "59929039"}}, {"type": "Feature", "geometry": {"type": "Point", "coordinates": [-73.98305560226707, 40.71924962920413]}, "properties": {"noise_id": 4071, "unique_key": "59912545"}}, {"type": "Feature", "geometry": {"type": "Point", "coordinates": [-73.92370725408175, 40.61652698862137]}, "properties": {"noise_id": 4072, "unique_key": "60172739"}}, {"type": "Feature", "geometry": {"type": "Point", "coordinates": [-73.92021207668364, 40.85265295878694]}, "properties": {"noise_id": 4073, "unique_key": "60141980"}}, {"type": "Feature", "geometry": {"type": "Point", "coordinates": [-73.90400215615952, 40.85366987296954]}, "properties": {"noise_id": 4074, "unique_key": "59915569"}}, {"type": "Feature", "geometry": {"type": "Point", "coordinates": [-73.93734497240956, 40.85363516096966]}, "properties": {"noise_id": 4075, "unique_key": "60115372"}}, {"type": "Feature", "geometry": {"type": "Point", "coordinates": [-73.87511496774461, 40.87945611177916]}, "properties": {"noise_id": 4076, "unique_key": "60096602"}}, {"type": "Feature", "geometry": {"type": "Point", "coordinates": [-73.94988307295121, 40.711812644218845]}, "properties": {"noise_id": 4077, "unique_key": "60098687"}}, {"type": "Feature", "geometry": {"type": "Point", "coordinates": [-73.90138007495847, 40.88384285719168]}, "properties": {"noise_id": 4078, "unique_key": "60028637"}}, {"type": "Feature", "geometry": {"type": "Point", "coordinates": [-73.98399308915197, 40.72117109472308]}, "properties": {"noise_id": 4079, "unique_key": "60153501"}}, {"type": "Feature", "geometry": {"type": "Point", "coordinates": [-73.95931237957902, 40.5871126454469]}, "properties": {"noise_id": 4080, "unique_key": "60160090"}}, {"type": "Feature", "geometry": {"type": "Point", "coordinates": [-73.97239648259087, 40.68193521518996]}, "properties": {"noise_id": 4081, "unique_key": "60167611"}}, {"type": "Feature", "geometry": {"type": "Point", "coordinates": [-73.94112828932408, 40.82658529781639]}, "properties": {"noise_id": 4082, "unique_key": "59992374"}}, {"type": "Feature", "geometry": {"type": "Point", "coordinates": [-73.94131429374353, 40.62797487325262]}, "properties": {"noise_id": 4083, "unique_key": "60014766"}}, {"type": "Feature", "geometry": {"type": "Point", "coordinates": [-73.7427135975096, 40.698583437563016]}, "properties": {"noise_id": 4084, "unique_key": "59963668"}}, {"type": "Feature", "geometry": {"type": "Point", "coordinates": [-73.91476095786423, 40.80478396954256]}, "properties": {"noise_id": 4085, "unique_key": "59912559"}}, {"type": "Feature", "geometry": {"type": "Point", "coordinates": [-73.87494941017859, 40.74829659827454]}, "properties": {"noise_id": 4086, "unique_key": "59996275"}}, {"type": "Feature", "geometry": {"type": "Point", "coordinates": [-73.87248959993701, 40.655078823851085]}, "properties": {"noise_id": 4087, "unique_key": "60048279"}}, {"type": "Feature", "geometry": {"type": "Point", "coordinates": [-73.91519208723962, 40.83495973238735]}, "properties": {"noise_id": 4088, "unique_key": "59984108"}}, {"type": "Feature", "geometry": {"type": "Point", "coordinates": [-73.88277511755769, 40.878854824832985]}, "properties": {"noise_id": 4089, "unique_key": "60022760"}}, {"type": "Feature", "geometry": {"type": "Point", "coordinates": [-73.95816379303211, 40.7596405355241]}, "properties": {"noise_id": 4090, "unique_key": "60176543"}}, {"type": "Feature", "geometry": {"type": "Point", "coordinates": [-73.97005112066068, 40.6779217699573]}, "properties": {"noise_id": 4091, "unique_key": "60138960"}}, {"type": "Feature", "geometry": {"type": "Point", "coordinates": [-73.92676671197476, 40.76298442176047]}, "properties": {"noise_id": 4092, "unique_key": "60184249"}}, {"type": "Feature", "geometry": {"type": "Point", "coordinates": [-73.90703842997083, 40.67531625861368]}, "properties": {"noise_id": 4093, "unique_key": "60013171"}}, {"type": "Feature", "geometry": {"type": "Point", "coordinates": [-73.97498016704671, 40.65694735809323]}, "properties": {"noise_id": 4094, "unique_key": "59932279"}}, {"type": "Feature", "geometry": {"type": "Point", "coordinates": [-73.96274209547084, 40.64774353436826]}, "properties": {"noise_id": 4095, "unique_key": "60174223"}}, {"type": "Feature", "geometry": {"type": "Point", "coordinates": [-73.88352112139656, 40.87617675968912]}, "properties": {"noise_id": 4096, "unique_key": "60093049"}}, {"type": "Feature", "geometry": {"type": "Point", "coordinates": [-73.8996075774232, 40.72368106514099]}, "properties": {"noise_id": 4097, "unique_key": "59975137"}}, {"type": "Feature", "geometry": {"type": "Point", "coordinates": [-73.91870828982425, 40.83199797423446]}, "properties": {"noise_id": 4098, "unique_key": "59967468"}}, {"type": "Feature", "geometry": {"type": "Point", "coordinates": [-73.87924399148304, 40.7583689199767]}, "properties": {"noise_id": 4099, "unique_key": "60162875"}}, {"type": "Feature", "geometry": {"type": "Point", "coordinates": [-73.92730641031837, 40.853917466129296]}, "properties": {"noise_id": 4100, "unique_key": "60024093"}}, {"type": "Feature", "geometry": {"type": "Point", "coordinates": [-73.89108523210395, 40.66461134989027]}, "properties": {"noise_id": 4101, "unique_key": "59896960"}}, {"type": "Feature", "geometry": {"type": "Point", "coordinates": [-73.97330650374954, 40.67833428734789]}, "properties": {"noise_id": 4102, "unique_key": "60137905"}}, {"type": "Feature", "geometry": {"type": "Point", "coordinates": [-73.90251104468575, 40.87464086738497]}, "properties": {"noise_id": 4103, "unique_key": "59970427"}}, {"type": "Feature", "geometry": {"type": "Point", "coordinates": [-74.0110223971889, 40.70653112258488]}, "properties": {"noise_id": 4104, "unique_key": "60124268"}}, {"type": "Feature", "geometry": {"type": "Point", "coordinates": [-74.00744906249226, 40.715564422330885]}, "properties": {"noise_id": 4105, "unique_key": "60094434"}}, {"type": "Feature", "geometry": {"type": "Point", "coordinates": [-73.95753417091547, 40.631830202889645]}, "properties": {"noise_id": 4106, "unique_key": "60160937"}}, {"type": "Feature", "geometry": {"type": "Point", "coordinates": [-73.9448368284078, 40.83811767058312]}, "properties": {"noise_id": 4107, "unique_key": "60099468"}}, {"type": "Feature", "geometry": {"type": "Point", "coordinates": [-73.9280723409688, 40.85095092130755]}, "properties": {"noise_id": 4108, "unique_key": "60138242"}}, {"type": "Feature", "geometry": {"type": "Point", "coordinates": [-74.02992569952757, 40.62626497292973]}, "properties": {"noise_id": 4109, "unique_key": "60108672"}}, {"type": "Feature", "geometry": {"type": "Point", "coordinates": [-74.08307761783473, 40.61267682810136]}, "properties": {"noise_id": 4110, "unique_key": "60103031"}}, {"type": "Feature", "geometry": {"type": "Point", "coordinates": [-73.85838722503709, 40.690645641940165]}, "properties": {"noise_id": 4111, "unique_key": "59903358"}}, {"type": "Feature", "geometry": {"type": "Point", "coordinates": [-73.73877188994932, 40.69580233131509]}, "properties": {"noise_id": 4112, "unique_key": "59991878"}}, {"type": "Feature", "geometry": {"type": "Point", "coordinates": [-73.94694340206287, 40.82496599277385]}, "properties": {"noise_id": 4113, "unique_key": "59932851"}}, {"type": "Feature", "geometry": {"type": "Point", "coordinates": [-73.98497413805218, 40.77014029990866]}, "properties": {"noise_id": 4114, "unique_key": "60131524"}}, {"type": "Feature", "geometry": {"type": "Point", "coordinates": [-73.952850909447, 40.82003081301524]}, "properties": {"noise_id": 4115, "unique_key": "60191532"}}, {"type": "Feature", "geometry": {"type": "Point", "coordinates": [-73.92057567678259, 40.81757304275916]}, "properties": {"noise_id": 4116, "unique_key": "60048055"}}, {"type": "Feature", "geometry": {"type": "Point", "coordinates": [-73.82388409059844, 40.71437870754314]}, "properties": {"noise_id": 4117, "unique_key": "59981133"}}, {"type": "Feature", "geometry": {"type": "Point", "coordinates": [-73.9553560999498, 40.64020372450455]}, "properties": {"noise_id": 4118, "unique_key": "59970097"}}, {"type": "Feature", "geometry": {"type": "Point", "coordinates": [-73.98342407217982, 40.73172185922995]}, "properties": {"noise_id": 4119, "unique_key": "60116381"}}, {"type": "Feature", "geometry": {"type": "Point", "coordinates": [-73.98479286467186, 40.59955552815647]}, "properties": {"noise_id": 4120, "unique_key": "60111988"}}, {"type": "Feature", "geometry": {"type": "Point", "coordinates": [-73.87990117898609, 40.70618628665559]}, "properties": {"noise_id": 4121, "unique_key": "60010566"}}, {"type": "Feature", "geometry": {"type": "Point", "coordinates": [-74.0811839575722, 40.6163397371088]}, "properties": {"noise_id": 4122, "unique_key": "59982649"}}, {"type": "Feature", "geometry": {"type": "Point", "coordinates": [-73.88509961565926, 40.841589605306055]}, "properties": {"noise_id": 4123, "unique_key": "60150216"}}, {"type": "Feature", "geometry": {"type": "Point", "coordinates": [-73.91100722347213, 40.686454946278005]}, "properties": {"noise_id": 4124, "unique_key": "60127545"}}, {"type": "Feature", "geometry": {"type": "Point", "coordinates": [-73.91873874289807, 40.765641439789526]}, "properties": {"noise_id": 4125, "unique_key": "60135121"}}, {"type": "Feature", "geometry": {"type": "Point", "coordinates": [-74.00659573875012, 40.731783247969695]}, "properties": {"noise_id": 4126, "unique_key": "60092272"}}, {"type": "Feature", "geometry": {"type": "Point", "coordinates": [-74.07425269177351, 40.61530963595845]}, "properties": {"noise_id": 4127, "unique_key": "59914214"}}, {"type": "Feature", "geometry": {"type": "Point", "coordinates": [-73.94200359917514, 40.68046918033113]}, "properties": {"noise_id": 4128, "unique_key": "60052526"}}, {"type": "Feature", "geometry": {"type": "Point", "coordinates": [-74.03344701030962, 40.62246795678436]}, "properties": {"noise_id": 4129, "unique_key": "60105446"}}, {"type": "Feature", "geometry": {"type": "Point", "coordinates": [-73.94369560251205, 40.79449528044801]}, "properties": {"noise_id": 4130, "unique_key": "60083692"}}, {"type": "Feature", "geometry": {"type": "Point", "coordinates": [-73.77957927578178, 40.69822901440549]}, "properties": {"noise_id": 4131, "unique_key": "60015748"}}, {"type": "Feature", "geometry": {"type": "Point", "coordinates": [-73.8503934722929, 40.675896079942085]}, "properties": {"noise_id": 4132, "unique_key": "59955851"}}, {"type": "Feature", "geometry": {"type": "Point", "coordinates": [-73.86920068822464, 40.83258373587881]}, "properties": {"noise_id": 4133, "unique_key": "60087505"}}, {"type": "Feature", "geometry": {"type": "Point", "coordinates": [-73.92422193036184, 40.807252595453285]}, "properties": {"noise_id": 4134, "unique_key": "60062849"}}, {"type": "Feature", "geometry": {"type": "Point", "coordinates": [-74.02688002283519, 40.63125849732595]}, "properties": {"noise_id": 4135, "unique_key": "60191312"}}, {"type": "Feature", "geometry": {"type": "Point", "coordinates": [-73.79619982750641, 40.68564190710947]}, "properties": {"noise_id": 4136, "unique_key": "59984714"}}, {"type": "Feature", "geometry": {"type": "Point", "coordinates": [-73.98891486387227, 40.69340015431026]}, "properties": {"noise_id": 4137, "unique_key": "60009201"}}, {"type": "Feature", "geometry": {"type": "Point", "coordinates": [-73.91109714827905, 40.86240645467484]}, "properties": {"noise_id": 4138, "unique_key": "60026812"}}, {"type": "Feature", "geometry": {"type": "Point", "coordinates": [-73.9453737440746, 40.82681519842488]}, "properties": {"noise_id": 4139, "unique_key": "60015010"}}, {"type": "Feature", "geometry": {"type": "Point", "coordinates": [-73.8211178791503, 40.68057530904033]}, "properties": {"noise_id": 4140, "unique_key": "60093631"}}, {"type": "Feature", "geometry": {"type": "Point", "coordinates": [-73.80267322304944, 40.688894772301744]}, "properties": {"noise_id": 4141, "unique_key": "59914878"}}, {"type": "Feature", "geometry": {"type": "Point", "coordinates": [-74.07189552695563, 40.61722700049837]}, "properties": {"noise_id": 4142, "unique_key": "60146257"}}, {"type": "Feature", "geometry": {"type": "Point", "coordinates": [-73.90184170442664, 40.8724582679744]}, "properties": {"noise_id": 4143, "unique_key": "60176597"}}, {"type": "Feature", "geometry": {"type": "Point", "coordinates": [-73.92210398877226, 40.70020879980634]}, "properties": {"noise_id": 4144, "unique_key": "60008667"}}, {"type": "Feature", "geometry": {"type": "Point", "coordinates": [-73.92553536832479, 40.663230736642376]}, "properties": {"noise_id": 4145, "unique_key": "60034407"}}, {"type": "Feature", "geometry": {"type": "Point", "coordinates": [-73.95177758741323, 40.67083129686742]}, "properties": {"noise_id": 4146, "unique_key": "60099161"}}, {"type": "Feature", "geometry": {"type": "Point", "coordinates": [-73.8626606239194, 40.82002453505629]}, "properties": {"noise_id": 4147, "unique_key": "59925435"}}, {"type": "Feature", "geometry": {"type": "Point", "coordinates": [-73.79138590289548, 40.675376034736864]}, "properties": {"noise_id": 4148, "unique_key": "60021830"}}, {"type": "Feature", "geometry": {"type": "Point", "coordinates": [-73.85794670225893, 40.75016527286253]}, "properties": {"noise_id": 4149, "unique_key": "60153194"}}, {"type": "Feature", "geometry": {"type": "Point", "coordinates": [-73.82841217762252, 40.814876213401575]}, "properties": {"noise_id": 4150, "unique_key": "59902458"}}, {"type": "Feature", "geometry": {"type": "Point", "coordinates": [-73.98342407217982, 40.73172185922995]}, "properties": {"noise_id": 4151, "unique_key": "60176767"}}, {"type": "Feature", "geometry": {"type": "Point", "coordinates": [-73.89077254349876, 40.7697162213059]}, "properties": {"noise_id": 4152, "unique_key": "59961460"}}, {"type": "Feature", "geometry": {"type": "Point", "coordinates": [-73.99175459262571, 40.73771455419269]}, "properties": {"noise_id": 4153, "unique_key": "60001495"}}, {"type": "Feature", "geometry": {"type": "Point", "coordinates": [-73.94252899090027, 40.78621384913816]}, "properties": {"noise_id": 4154, "unique_key": "60093083"}}, {"type": "Feature", "geometry": {"type": "Point", "coordinates": [-73.8534999614572, 40.89141401716032]}, "properties": {"noise_id": 4155, "unique_key": "60162509"}}, {"type": "Feature", "geometry": {"type": "Point", "coordinates": [-73.82231231713047, 40.68694778852983]}, "properties": {"noise_id": 4156, "unique_key": "59917269"}}, {"type": "Feature", "geometry": {"type": "Point", "coordinates": [-73.95433165180698, 40.662919144364]}, "properties": {"noise_id": 4157, "unique_key": "60081760"}}, {"type": "Feature", "geometry": {"type": "Point", "coordinates": [-73.94977690927094, 40.76175338199848]}, "properties": {"noise_id": 4158, "unique_key": "59974823"}}, {"type": "Feature", "geometry": {"type": "Point", "coordinates": [-73.92392940087815, 40.6586459024346]}, "properties": {"noise_id": 4159, "unique_key": "59957948"}}, {"type": "Feature", "geometry": {"type": "Point", "coordinates": [-73.91315988360402, 40.83316043314274]}, "properties": {"noise_id": 4160, "unique_key": "59927553"}}, {"type": "Feature", "geometry": {"type": "Point", "coordinates": [-73.90043359312169, 40.85659819158759]}, "properties": {"noise_id": 4161, "unique_key": "60036716"}}, {"type": "Feature", "geometry": {"type": "Point", "coordinates": [-73.88822215845363, 40.74483538845259]}, "properties": {"noise_id": 4162, "unique_key": "59940354"}}, {"type": "Feature", "geometry": {"type": "Point", "coordinates": [-73.99436567260881, 40.71241628420856]}, "properties": {"noise_id": 4163, "unique_key": "60131527"}}, {"type": "Feature", "geometry": {"type": "Point", "coordinates": [-73.89116656043147, 40.73406230454027]}, "properties": {"noise_id": 4164, "unique_key": "60047507"}}, {"type": "Feature", "geometry": {"type": "Point", "coordinates": [-73.79869102292629, 40.68933527373093]}, "properties": {"noise_id": 4165, "unique_key": "59948236"}}, {"type": "Feature", "geometry": {"type": "Point", "coordinates": [-73.95947100926757, 40.800326220600695]}, "properties": {"noise_id": 4166, "unique_key": "60051026"}}, {"type": "Feature", "geometry": {"type": "Point", "coordinates": [-73.8737129159977, 40.878913881658384]}, "properties": {"noise_id": 4167, "unique_key": "60180420"}}, {"type": "Feature", "geometry": {"type": "Point", "coordinates": [-73.86022933738435, 40.83883390559807]}, "properties": {"noise_id": 4168, "unique_key": "59950687"}}, {"type": "Feature", "geometry": {"type": "Point", "coordinates": [-73.89377554373715, 40.74752775555443]}, "properties": {"noise_id": 4169, "unique_key": "60087891"}}, {"type": "Feature", "geometry": {"type": "Point", "coordinates": [-73.95995478104278, 40.64458884036832]}, "properties": {"noise_id": 4170, "unique_key": "60038350"}}, {"type": "Feature", "geometry": {"type": "Point", "coordinates": [-73.8363297652619, 40.6832411730956]}, "properties": {"noise_id": 4171, "unique_key": "60048787"}}, {"type": "Feature", "geometry": {"type": "Point", "coordinates": [-73.99761053579627, 40.75560509843423]}, "properties": {"noise_id": 4172, "unique_key": "60074444"}}, {"type": "Feature", "geometry": {"type": "Point", "coordinates": [-73.7499473184717, 40.71703877733399]}, "properties": {"noise_id": 4173, "unique_key": "59957628"}}, {"type": "Feature", "geometry": {"type": "Point", "coordinates": [-73.88576678100559, 40.84453808624272]}, "properties": {"noise_id": 4174, "unique_key": "60198548"}}, {"type": "Feature", "geometry": {"type": "Point", "coordinates": [-73.85928499897362, 40.8991502477516]}, "properties": {"noise_id": 4175, "unique_key": "60009068"}}, {"type": "Feature", "geometry": {"type": "Point", "coordinates": [-73.86238133948564, 40.73494276157093]}, "properties": {"noise_id": 4176, "unique_key": "60175561"}}, {"type": "Feature", "geometry": {"type": "Point", "coordinates": [-73.93471267670999, 40.68129694085058]}, "properties": {"noise_id": 4177, "unique_key": "60159966"}}, {"type": "Feature", "geometry": {"type": "Point", "coordinates": [-73.93420481269388, 40.688095452785824]}, "properties": {"noise_id": 4178, "unique_key": "60199506"}}, {"type": "Feature", "geometry": {"type": "Point", "coordinates": [-73.90698773549789, 40.67806099350016]}, "properties": {"noise_id": 4179, "unique_key": "60162947"}}, {"type": "Feature", "geometry": {"type": "Point", "coordinates": [-73.95451362445782, 40.68149586145552]}, "properties": {"noise_id": 4180, "unique_key": "60087060"}}, {"type": "Feature", "geometry": {"type": "Point", "coordinates": [-73.8581557149712, 40.82150672031516]}, "properties": {"noise_id": 4181, "unique_key": "59997897"}}, {"type": "Feature", "geometry": {"type": "Point", "coordinates": [-73.94550155914953, 40.63987559161802]}, "properties": {"noise_id": 4182, "unique_key": "60107319"}}, {"type": "Feature", "geometry": {"type": "Point", "coordinates": [-73.90826935010895, 40.82881450859564]}, "properties": {"noise_id": 4183, "unique_key": "60019162"}}, {"type": "Feature", "geometry": {"type": "Point", "coordinates": [-73.79181418820755, 40.68715740851413]}, "properties": {"noise_id": 4184, "unique_key": "60050407"}}, {"type": "Feature", "geometry": {"type": "Point", "coordinates": [-73.99283267502909, 40.61149891767651]}, "properties": {"noise_id": 4185, "unique_key": "60055884"}}, {"type": "Feature", "geometry": {"type": "Point", "coordinates": [-73.85495445184085, 40.69391862524861]}, "properties": {"noise_id": 4186, "unique_key": "60138973"}}, {"type": "Feature", "geometry": {"type": "Point", "coordinates": [-73.9855806696996, 40.58667703167647]}, "properties": {"noise_id": 4187, "unique_key": "60032519"}}, {"type": "Feature", "geometry": {"type": "Point", "coordinates": [-73.98183582796739, 40.64144885434917]}, "properties": {"noise_id": 4188, "unique_key": "60030558"}}, {"type": "Feature", "geometry": {"type": "Point", "coordinates": [-73.94218224864659, 40.83620056229829]}, "properties": {"noise_id": 4189, "unique_key": "59913625"}}, {"type": "Feature", "geometry": {"type": "Point", "coordinates": [-73.88543245559777, 40.87706795365934]}, "properties": {"noise_id": 4190, "unique_key": "60128974"}}, {"type": "Feature", "geometry": {"type": "Point", "coordinates": [-74.10768365410962, 40.63436772196194]}, "properties": {"noise_id": 4191, "unique_key": "59958862"}}, {"type": "Feature", "geometry": {"type": "Point", "coordinates": [-73.9806586016235, 40.7248485586649]}, "properties": {"noise_id": 4192, "unique_key": "59978661"}}, {"type": "Feature", "geometry": {"type": "Point", "coordinates": [-73.91867063616294, 40.81845825937271]}, "properties": {"noise_id": 4193, "unique_key": "59933008"}}, {"type": "Feature", "geometry": {"type": "Point", "coordinates": [-73.90807148632567, 40.676486363276254]}, "properties": {"noise_id": 4194, "unique_key": "60045283"}}, {"type": "Feature", "geometry": {"type": "Point", "coordinates": [-73.91503811152762, 40.842340146343126]}, "properties": {"noise_id": 4195, "unique_key": "60047929"}}, {"type": "Feature", "geometry": {"type": "Point", "coordinates": [-73.9242992877596, 40.66936176556887]}, "properties": {"noise_id": 4196, "unique_key": "60015471"}}, {"type": "Feature", "geometry": {"type": "Point", "coordinates": [-73.89017280981601, 40.67584486119112]}, "properties": {"noise_id": 4197, "unique_key": "60182931"}}, {"type": "Feature", "geometry": {"type": "Point", "coordinates": [-73.93406286574563, 40.69307712978536]}, "properties": {"noise_id": 4198, "unique_key": "60168245"}}, {"type": "Feature", "geometry": {"type": "Point", "coordinates": [-73.9337969545783, 40.76839856298255]}, "properties": {"noise_id": 4199, "unique_key": "60141037"}}, {"type": "Feature", "geometry": {"type": "Point", "coordinates": [-73.91523634312134, 40.78604055747574]}, "properties": {"noise_id": 4200, "unique_key": "59928342"}}, {"type": "Feature", "geometry": {"type": "Point", "coordinates": [-73.95772063970638, 40.64458529591722]}, "properties": {"noise_id": 4201, "unique_key": "60015184"}}, {"type": "Feature", "geometry": {"type": "Point", "coordinates": [-73.8300309380514, 40.75959959792311]}, "properties": {"noise_id": 4202, "unique_key": "60132314"}}, {"type": "Feature", "geometry": {"type": "Point", "coordinates": [-73.98483468502799, 40.73251803248665]}, "properties": {"noise_id": 4203, "unique_key": "59935260"}}, {"type": "Feature", "geometry": {"type": "Point", "coordinates": [-73.97992328718976, 40.68667699558233]}, "properties": {"noise_id": 4204, "unique_key": "59981576"}}, {"type": "Feature", "geometry": {"type": "Point", "coordinates": [-73.98371653163852, 40.64231923301988]}, "properties": {"noise_id": 4205, "unique_key": "60133424"}}, {"type": "Feature", "geometry": {"type": "Point", "coordinates": [-73.94160164535036, 40.79363513802179]}, "properties": {"noise_id": 4206, "unique_key": "59979167"}}, {"type": "Feature", "geometry": {"type": "Point", "coordinates": [-74.01282073468448, 40.642687472426005]}, "properties": {"noise_id": 4207, "unique_key": "59952962"}}, {"type": "Feature", "geometry": {"type": "Point", "coordinates": [-73.97332377450489, 40.75232755216677]}, "properties": {"noise_id": 4208, "unique_key": "60163728"}}, {"type": "Feature", "geometry": {"type": "Point", "coordinates": [-73.94619868693196, 40.82098031829814]}, "properties": {"noise_id": 4209, "unique_key": "60170563"}}, {"type": "Feature", "geometry": {"type": "Point", "coordinates": [-73.88612959119928, 40.85217696517725]}, "properties": {"noise_id": 4210, "unique_key": "59978099"}}, {"type": "Feature", "geometry": {"type": "Point", "coordinates": [-73.80969682426189, 40.72195913199264]}, "properties": {"noise_id": 4211, "unique_key": "60066708"}}, {"type": "Feature", "geometry": {"type": "Point", "coordinates": [-73.94795864048949, 40.6356442681194]}, "properties": {"noise_id": 4212, "unique_key": "60039379"}}, {"type": "Feature", "geometry": {"type": "Point", "coordinates": [-73.85804761432533, 40.73668316636316]}, "properties": {"noise_id": 4213, "unique_key": "60165174"}}, {"type": "Feature", "geometry": {"type": "Point", "coordinates": [-73.87384556176141, 40.68512467328662]}, "properties": {"noise_id": 4214, "unique_key": "59959865"}}, {"type": "Feature", "geometry": {"type": "Point", "coordinates": [-73.89489795205013, 40.85733160650813]}, "properties": {"noise_id": 4215, "unique_key": "60083145"}}, {"type": "Feature", "geometry": {"type": "Point", "coordinates": [-73.82748144004533, 40.84780869783529]}, "properties": {"noise_id": 4216, "unique_key": "59956419"}}, {"type": "Feature", "geometry": {"type": "Point", "coordinates": [-73.82988537797047, 40.68656398522486]}, "properties": {"noise_id": 4217, "unique_key": "60166923"}}, {"type": "Feature", "geometry": {"type": "Point", "coordinates": [-73.93443230896085, 40.80143454654757]}, "properties": {"noise_id": 4218, "unique_key": "60048341"}}, {"type": "Feature", "geometry": {"type": "Point", "coordinates": [-73.98890392545164, 40.69412202737985]}, "properties": {"noise_id": 4219, "unique_key": "60152676"}}, {"type": "Feature", "geometry": {"type": "Point", "coordinates": [-73.87973903338356, 40.74808211862757]}, "properties": {"noise_id": 4220, "unique_key": "60064528"}}, {"type": "Feature", "geometry": {"type": "Point", "coordinates": [-73.98043597211861, 40.74583765042107]}, "properties": {"noise_id": 4221, "unique_key": "60016420"}}, {"type": "Feature", "geometry": {"type": "Point", "coordinates": [-73.91643408451193, 40.809972724692734]}, "properties": {"noise_id": 4222, "unique_key": "60098513"}}, {"type": "Feature", "geometry": {"type": "Point", "coordinates": [-74.02548396502276, 40.62654875666272]}, "properties": {"noise_id": 4223, "unique_key": "59914804"}}, {"type": "Feature", "geometry": {"type": "Point", "coordinates": [-73.91254925675244, 40.84134470145586]}, "properties": {"noise_id": 4224, "unique_key": "59904320"}}, {"type": "Feature", "geometry": {"type": "Point", "coordinates": [-74.00345338567718, 40.59957844079005]}, "properties": {"noise_id": 4225, "unique_key": "60008781"}}, {"type": "Feature", "geometry": {"type": "Point", "coordinates": [-73.82671334939981, 40.5807227850377]}, "properties": {"noise_id": 4226, "unique_key": "60002800"}}, {"type": "Feature", "geometry": {"type": "Point", "coordinates": [-73.87165851044746, 40.6562032609717]}, "properties": {"noise_id": 4227, "unique_key": "60191007"}}, {"type": "Feature", "geometry": {"type": "Point", "coordinates": [-73.9236113397491, 40.69719331024068]}, "properties": {"noise_id": 4228, "unique_key": "60042059"}}, {"type": "Feature", "geometry": {"type": "Point", "coordinates": [-73.94807312658615, 40.62279321477384]}, "properties": {"noise_id": 4229, "unique_key": "60184637"}}, {"type": "Feature", "geometry": {"type": "Point", "coordinates": [-73.91265152390072, 40.83227076203084]}, "properties": {"noise_id": 4230, "unique_key": "60097716"}}, {"type": "Feature", "geometry": {"type": "Point", "coordinates": [-73.89560433136421, 40.8679185556592]}, "properties": {"noise_id": 4231, "unique_key": "60062205"}}, {"type": "Feature", "geometry": {"type": "Point", "coordinates": [-73.92895547164358, 40.65019518672608]}, "properties": {"noise_id": 4232, "unique_key": "60171464"}}, {"type": "Feature", "geometry": {"type": "Point", "coordinates": [-73.96457082955617, 40.80742301620198]}, "properties": {"noise_id": 4233, "unique_key": "59989332"}}, {"type": "Feature", "geometry": {"type": "Point", "coordinates": [-73.89926159689772, 40.87141580498369]}, "properties": {"noise_id": 4234, "unique_key": "59911655"}}, {"type": "Feature", "geometry": {"type": "Point", "coordinates": [-73.749050342286, 40.60173091121048]}, "properties": {"noise_id": 4235, "unique_key": "60161766"}}, {"type": "Feature", "geometry": {"type": "Point", "coordinates": [-73.90757787873336, 40.69707999531981]}, "properties": {"noise_id": 4236, "unique_key": "60125720"}}, {"type": "Feature", "geometry": {"type": "Point", "coordinates": [-73.94808937914944, 40.67600359434088]}, "properties": {"noise_id": 4237, "unique_key": "59938326"}}, {"type": "Feature", "geometry": {"type": "Point", "coordinates": [-74.00828638151829, 40.63195028270137]}, "properties": {"noise_id": 4238, "unique_key": "60136643"}}, {"type": "Feature", "geometry": {"type": "Point", "coordinates": [-73.83648024042944, 40.71892066116946]}, "properties": {"noise_id": 4239, "unique_key": "60100577"}}, {"type": "Feature", "geometry": {"type": "Point", "coordinates": [-73.71166989673236, 40.72857338972496]}, "properties": {"noise_id": 4240, "unique_key": "60059516"}}, {"type": "Feature", "geometry": {"type": "Point", "coordinates": [-73.91620286393703, 40.689486330307886]}, "properties": {"noise_id": 4241, "unique_key": "59984342"}}, {"type": "Feature", "geometry": {"type": "Point", "coordinates": [-73.80969682426189, 40.72195913199264]}, "properties": {"noise_id": 4242, "unique_key": "60062515"}}, {"type": "Feature", "geometry": {"type": "Point", "coordinates": [-74.00655306288988, 40.62803907030783]}, "properties": {"noise_id": 4243, "unique_key": "59988696"}}, {"type": "Feature", "geometry": {"type": "Point", "coordinates": [-73.89109381081997, 40.63507198148118]}, "properties": {"noise_id": 4244, "unique_key": "60145617"}}, {"type": "Feature", "geometry": {"type": "Point", "coordinates": [-74.01885872368773, 40.63832517601416]}, "properties": {"noise_id": 4245, "unique_key": "60030211"}}, {"type": "Feature", "geometry": {"type": "Point", "coordinates": [-73.93712012163478, 40.85441178955656]}, "properties": {"noise_id": 4246, "unique_key": "60197444"}}, {"type": "Feature", "geometry": {"type": "Point", "coordinates": [-73.98439929318523, 40.66573780479767]}, "properties": {"noise_id": 4247, "unique_key": "60154078"}}, {"type": "Feature", "geometry": {"type": "Point", "coordinates": [-74.00030286766025, 40.68364302931577]}, "properties": {"noise_id": 4248, "unique_key": "59940393"}}, {"type": "Feature", "geometry": {"type": "Point", "coordinates": [-73.90694264343294, 40.635448212405386]}, "properties": {"noise_id": 4249, "unique_key": "59957291"}}, {"type": "Feature", "geometry": {"type": "Point", "coordinates": [-74.03112190430443, 40.62666264991343]}, "properties": {"noise_id": 4250, "unique_key": "60016921"}}, {"type": "Feature", "geometry": {"type": "Point", "coordinates": [-73.96051250338195, 40.61551897112567]}, "properties": {"noise_id": 4251, "unique_key": "59939305"}}, {"type": "Feature", "geometry": {"type": "Point", "coordinates": [-73.98322753703334, 40.69544706314867]}, "properties": {"noise_id": 4252, "unique_key": "60180713"}}, {"type": "Feature", "geometry": {"type": "Point", "coordinates": [-73.85140778162629, 40.87596970847726]}, "properties": {"noise_id": 4253, "unique_key": "60055240"}}, {"type": "Feature", "geometry": {"type": "Point", "coordinates": [-73.93804944859909, 40.82302378752941]}, "properties": {"noise_id": 4254, "unique_key": "60130567"}}, {"type": "Feature", "geometry": {"type": "Point", "coordinates": [-73.91368394870703, 40.844238479321234]}, "properties": {"noise_id": 4255, "unique_key": "60094585"}}, {"type": "Feature", "geometry": {"type": "Point", "coordinates": [-73.8938608328852, 40.81858356091999]}, "properties": {"noise_id": 4256, "unique_key": "60157255"}}, {"type": "Feature", "geometry": {"type": "Point", "coordinates": [-73.94956458288122, 40.82763228788981]}, "properties": {"noise_id": 4257, "unique_key": "60130890"}}, {"type": "Feature", "geometry": {"type": "Point", "coordinates": [-73.9328454592741, 40.85275157975205]}, "properties": {"noise_id": 4258, "unique_key": "60055282"}}, {"type": "Feature", "geometry": {"type": "Point", "coordinates": [-73.94080010808942, 40.83806077508696]}, "properties": {"noise_id": 4259, "unique_key": "59965186"}}, {"type": "Feature", "geometry": {"type": "Point", "coordinates": [-73.86571458192061, 40.87502934418187]}, "properties": {"noise_id": 4260, "unique_key": "60038425"}}, {"type": "Feature", "geometry": {"type": "Point", "coordinates": [-73.94299497716253, 40.69324658689844]}, "properties": {"noise_id": 4261, "unique_key": "60035196"}}, {"type": "Feature", "geometry": {"type": "Point", "coordinates": [-73.75647460794146, 40.60308085917104]}, "properties": {"noise_id": 4262, "unique_key": "59978423"}}, {"type": "Feature", "geometry": {"type": "Point", "coordinates": [-73.91474244918386, 40.80231370183033]}, "properties": {"noise_id": 4263, "unique_key": "60141272"}}, {"type": "Feature", "geometry": {"type": "Point", "coordinates": [-73.7737930056844, 40.72103782213936]}, "properties": {"noise_id": 4264, "unique_key": "60127791"}}, {"type": "Feature", "geometry": {"type": "Point", "coordinates": [-73.98168127555566, 40.626906944311685]}, "properties": {"noise_id": 4265, "unique_key": "60186290"}}, {"type": "Feature", "geometry": {"type": "Point", "coordinates": [-73.90552030680709, 40.69084495189291]}, "properties": {"noise_id": 4266, "unique_key": "60192288"}}, {"type": "Feature", "geometry": {"type": "Point", "coordinates": [-73.96417738794302, 40.70619670447961]}, "properties": {"noise_id": 4267, "unique_key": "59973931"}}, {"type": "Feature", "geometry": {"type": "Point", "coordinates": [-74.00394702049866, 40.60455199673581]}, "properties": {"noise_id": 4268, "unique_key": "59995615"}}, {"type": "Feature", "geometry": {"type": "Point", "coordinates": [-73.98217366606649, 40.59075807181942]}, "properties": {"noise_id": 4269, "unique_key": "59997310"}}, {"type": "Feature", "geometry": {"type": "Point", "coordinates": [-73.92808620895073, 40.65758360124553]}, "properties": {"noise_id": 4270, "unique_key": "60118567"}}, {"type": "Feature", "geometry": {"type": "Point", "coordinates": [-73.91876005338612, 40.866551109634656]}, "properties": {"noise_id": 4271, "unique_key": "60138171"}}, {"type": "Feature", "geometry": {"type": "Point", "coordinates": [-73.96031770662455, 40.8159604610631]}, "properties": {"noise_id": 4272, "unique_key": "60024401"}}, {"type": "Feature", "geometry": {"type": "Point", "coordinates": [-73.916690459071, 40.81005799667466]}, "properties": {"noise_id": 4273, "unique_key": "59930189"}}, {"type": "Feature", "geometry": {"type": "Point", "coordinates": [-73.96631801790978, 40.75973104001245]}, "properties": {"noise_id": 4274, "unique_key": "59990429"}}, {"type": "Feature", "geometry": {"type": "Point", "coordinates": [-73.98975942864368, 40.73554878403163]}, "properties": {"noise_id": 4275, "unique_key": "60113862"}}, {"type": "Feature", "geometry": {"type": "Point", "coordinates": [-73.83293122846652, 40.85101979533287]}, "properties": {"noise_id": 4276, "unique_key": "59989820"}}, {"type": "Feature", "geometry": {"type": "Point", "coordinates": [-73.9884272973201, 40.760012601736726]}, "properties": {"noise_id": 4277, "unique_key": "60048717"}}, {"type": "Feature", "geometry": {"type": "Point", "coordinates": [-73.89836693188994, 40.86298330935514]}, "properties": {"noise_id": 4278, "unique_key": "60038479"}}, {"type": "Feature", "geometry": {"type": "Point", "coordinates": [-73.91193785493785, 40.88822368304887]}, "properties": {"noise_id": 4279, "unique_key": "60144197"}}, {"type": "Feature", "geometry": {"type": "Point", "coordinates": [-73.93906320797221, 40.820746211868745]}, "properties": {"noise_id": 4280, "unique_key": "60027976"}}, {"type": "Feature", "geometry": {"type": "Point", "coordinates": [-74.18139503546563, 40.5652377740014]}, "properties": {"noise_id": 4281, "unique_key": "60061652"}}, {"type": "Feature", "geometry": {"type": "Point", "coordinates": [-73.8984233658015, 40.85443910241399]}, "properties": {"noise_id": 4282, "unique_key": "60096970"}}, {"type": "Feature", "geometry": {"type": "Point", "coordinates": [-73.95733498096283, 40.77997326567375]}, "properties": {"noise_id": 4283, "unique_key": "60079851"}}, {"type": "Feature", "geometry": {"type": "Point", "coordinates": [-73.88702398237925, 40.74910779693123]}, "properties": {"noise_id": 4284, "unique_key": "60183954"}}, {"type": "Feature", "geometry": {"type": "Point", "coordinates": [-73.90941149309147, 40.84452065277205]}, "properties": {"noise_id": 4285, "unique_key": "60133095"}}, {"type": "Feature", "geometry": {"type": "Point", "coordinates": [-73.87081581111929, 40.8270906337908]}, "properties": {"noise_id": 4286, "unique_key": "60091868"}}, {"type": "Feature", "geometry": {"type": "Point", "coordinates": [-73.96614967980308, 40.586670205401575]}, "properties": {"noise_id": 4287, "unique_key": "60137919"}}, {"type": "Feature", "geometry": {"type": "Point", "coordinates": [-73.94031815583321, 40.69448037596463]}, "properties": {"noise_id": 4288, "unique_key": "59973956"}}, {"type": "Feature", "geometry": {"type": "Point", "coordinates": [-73.9031502594309, 40.83795570887458]}, "properties": {"noise_id": 4289, "unique_key": "59943495"}}, {"type": "Feature", "geometry": {"type": "Point", "coordinates": [-73.94656409023226, 40.73038219227864]}, "properties": {"noise_id": 4290, "unique_key": "59997482"}}, {"type": "Feature", "geometry": {"type": "Point", "coordinates": [-73.94306782859711, 40.82330908028748]}, "properties": {"noise_id": 4291, "unique_key": "60071877"}}, {"type": "Feature", "geometry": {"type": "Point", "coordinates": [-73.95275172404828, 40.66458458709752]}, "properties": {"noise_id": 4292, "unique_key": "60111175"}}, {"type": "Feature", "geometry": {"type": "Point", "coordinates": [-73.98385057224083, 40.6095793952634]}, "properties": {"noise_id": 4293, "unique_key": "59937852"}}, {"type": "Feature", "geometry": {"type": "Point", "coordinates": [-73.89812114972239, 40.81574661744754]}, "properties": {"noise_id": 4294, "unique_key": "59913181"}}, {"type": "Feature", "geometry": {"type": "Point", "coordinates": [-73.78635703762033, 40.59763146844927]}, "properties": {"noise_id": 4295, "unique_key": "59950544"}}, {"type": "Feature", "geometry": {"type": "Point", "coordinates": [-73.87103954245387, 40.65571948667194]}, "properties": {"noise_id": 4296, "unique_key": "59979145"}}, {"type": "Feature", "geometry": {"type": "Point", "coordinates": [-73.75101696059838, 40.66439620461459]}, "properties": {"noise_id": 4297, "unique_key": "60120285"}}, {"type": "Feature", "geometry": {"type": "Point", "coordinates": [-73.86434125607795, 40.75769633968878]}, "properties": {"noise_id": 4298, "unique_key": "60174281"}}, {"type": "Feature", "geometry": {"type": "Point", "coordinates": [-74.01025106120211, 40.733369448646194]}, "properties": {"noise_id": 4299, "unique_key": "60132761"}}, {"type": "Feature", "geometry": {"type": "Point", "coordinates": [-73.84467259346006, 40.81808863502929]}, "properties": {"noise_id": 4300, "unique_key": "60055123"}}, {"type": "Feature", "geometry": {"type": "Point", "coordinates": [-73.91811494216124, 40.7121951658973]}, "properties": {"noise_id": 4301, "unique_key": "60034749"}}, {"type": "Feature", "geometry": {"type": "Point", "coordinates": [-73.94220586125563, 40.81733888871917]}, "properties": {"noise_id": 4302, "unique_key": "59989636"}}, {"type": "Feature", "geometry": {"type": "Point", "coordinates": [-74.20014796579427, 40.5488118461459]}, "properties": {"noise_id": 4303, "unique_key": "59966480"}}, {"type": "Feature", "geometry": {"type": "Point", "coordinates": [-73.96240339893203, 40.756381240392656]}, "properties": {"noise_id": 4304, "unique_key": "59913584"}}, {"type": "Feature", "geometry": {"type": "Point", "coordinates": [-74.14519478393568, 40.588573436601685]}, "properties": {"noise_id": 4305, "unique_key": "60033702"}}, {"type": "Feature", "geometry": {"type": "Point", "coordinates": [-73.92978553661666, 40.833964975407966]}, "properties": {"noise_id": 4306, "unique_key": "59971698"}}, {"type": "Feature", "geometry": {"type": "Point", "coordinates": [-73.93520448454125, 40.62412614028529]}, "properties": {"noise_id": 4307, "unique_key": "60048051"}}, {"type": "Feature", "geometry": {"type": "Point", "coordinates": [-73.810258091593, 40.680678683788216]}, "properties": {"noise_id": 4308, "unique_key": "60028652"}}, {"type": "Feature", "geometry": {"type": "Point", "coordinates": [-73.92718359841146, 40.76468368198577]}, "properties": {"noise_id": 4309, "unique_key": "60097942"}}, {"type": "Feature", "geometry": {"type": "Point", "coordinates": [-73.91495262150431, 40.80743826071923]}, "properties": {"noise_id": 4310, "unique_key": "60194216"}}, {"type": "Feature", "geometry": {"type": "Point", "coordinates": [-73.96050494964487, 40.658724661277006]}, "properties": {"noise_id": 4311, "unique_key": "60038206"}}, {"type": "Feature", "geometry": {"type": "Point", "coordinates": [-73.93658407131294, 40.798649851819455]}, "properties": {"noise_id": 4312, "unique_key": "60043410"}}, {"type": "Feature", "geometry": {"type": "Point", "coordinates": [-73.90196032479494, 40.82633907293541]}, "properties": {"noise_id": 4313, "unique_key": "60019143"}}, {"type": "Feature", "geometry": {"type": "Point", "coordinates": [-73.92647637894122, 40.63357669210086]}, "properties": {"noise_id": 4314, "unique_key": "60091753"}}, {"type": "Feature", "geometry": {"type": "Point", "coordinates": [-73.94792646218312, 40.63532585816683]}, "properties": {"noise_id": 4315, "unique_key": "60042242"}}, {"type": "Feature", "geometry": {"type": "Point", "coordinates": [-73.84927728402359, 40.88424219635915]}, "properties": {"noise_id": 4316, "unique_key": "60139200"}}, {"type": "Feature", "geometry": {"type": "Point", "coordinates": [-73.97052183565168, 40.62438765187749]}, "properties": {"noise_id": 4317, "unique_key": "59982196"}}, {"type": "Feature", "geometry": {"type": "Point", "coordinates": [-73.9630754275603, 40.76170077227129]}, "properties": {"noise_id": 4318, "unique_key": "60042536"}}, {"type": "Feature", "geometry": {"type": "Point", "coordinates": [-73.94333585352572, 40.58916996768856]}, "properties": {"noise_id": 4319, "unique_key": "59913742"}}, {"type": "Feature", "geometry": {"type": "Point", "coordinates": [-73.96666335686382, 40.69720010858735]}, "properties": {"noise_id": 4320, "unique_key": "60176687"}}, {"type": "Feature", "geometry": {"type": "Point", "coordinates": [-73.90083450232508, 40.85440826369091]}, "properties": {"noise_id": 4321, "unique_key": "60169679"}}, {"type": "Feature", "geometry": {"type": "Point", "coordinates": [-73.75786852181062, 40.72217470508507]}, "properties": {"noise_id": 4322, "unique_key": "59905246"}}, {"type": "Feature", "geometry": {"type": "Point", "coordinates": [-74.00277274719411, 40.59851347774566]}, "properties": {"noise_id": 4323, "unique_key": "60120347"}}, {"type": "Feature", "geometry": {"type": "Point", "coordinates": [-73.98784145892742, 40.7263070072079]}, "properties": {"noise_id": 4324, "unique_key": "60166547"}}, {"type": "Feature", "geometry": {"type": "Point", "coordinates": [-73.92465214640484, 40.822892299365904]}, "properties": {"noise_id": 4325, "unique_key": "60032781"}}, {"type": "Feature", "geometry": {"type": "Point", "coordinates": [-73.86086788203355, 40.854926906865785]}, "properties": {"noise_id": 4326, "unique_key": "60173731"}}, {"type": "Feature", "geometry": {"type": "Point", "coordinates": [-73.95300210350923, 40.70826223633335]}, "properties": {"noise_id": 4327, "unique_key": "60023436"}}, {"type": "Feature", "geometry": {"type": "Point", "coordinates": [-73.98322753703334, 40.69544706314867]}, "properties": {"noise_id": 4328, "unique_key": "60027787"}}, {"type": "Feature", "geometry": {"type": "Point", "coordinates": [-73.87351540839857, 40.87628699369309]}, "properties": {"noise_id": 4329, "unique_key": "60053835"}}, {"type": "Feature", "geometry": {"type": "Point", "coordinates": [-73.79284948963108, 40.70442391454814]}, "properties": {"noise_id": 4330, "unique_key": "60167801"}}, {"type": "Feature", "geometry": {"type": "Point", "coordinates": [-73.89715755990375, 40.89925607022692]}, "properties": {"noise_id": 4331, "unique_key": "60161062"}}, {"type": "Feature", "geometry": {"type": "Point", "coordinates": [-73.99507634373488, 40.7603314680539]}, "properties": {"noise_id": 4332, "unique_key": "60014497"}}, {"type": "Feature", "geometry": {"type": "Point", "coordinates": [-73.91115458827262, 40.81941062025684]}, "properties": {"noise_id": 4333, "unique_key": "59964849"}}, {"type": "Feature", "geometry": {"type": "Point", "coordinates": [-73.95153803723703, 40.66811112209314]}, "properties": {"noise_id": 4334, "unique_key": "60069055"}}, {"type": "Feature", "geometry": {"type": "Point", "coordinates": [-73.8651936604682, 40.8715731645546]}, "properties": {"noise_id": 4335, "unique_key": "60109975"}}, {"type": "Feature", "geometry": {"type": "Point", "coordinates": [-73.99201964801401, 40.75418855797928]}, "properties": {"noise_id": 4336, "unique_key": "60128508"}}, {"type": "Feature", "geometry": {"type": "Point", "coordinates": [-73.86434980561515, 40.87402318949504]}, "properties": {"noise_id": 4337, "unique_key": "60123507"}}, {"type": "Feature", "geometry": {"type": "Point", "coordinates": [-73.93109707175574, 40.830710536479394]}, "properties": {"noise_id": 4338, "unique_key": "60058934"}}, {"type": "Feature", "geometry": {"type": "Point", "coordinates": [-74.01016365988858, 40.70444792543079]}, "properties": {"noise_id": 4339, "unique_key": "60003771"}}, {"type": "Feature", "geometry": {"type": "Point", "coordinates": [-73.84687384879807, 40.6684777987759]}, "properties": {"noise_id": 4340, "unique_key": "59910929"}}, {"type": "Feature", "geometry": {"type": "Point", "coordinates": [-73.89895632134241, 40.8510224131489]}, "properties": {"noise_id": 4341, "unique_key": "60114170"}}, {"type": "Feature", "geometry": {"type": "Point", "coordinates": [-73.93192622619596, 40.70194423128216]}, "properties": {"noise_id": 4342, "unique_key": "60099338"}}, {"type": "Feature", "geometry": {"type": "Point", "coordinates": [-73.82997449351406, 40.70959275531588]}, "properties": {"noise_id": 4343, "unique_key": "60197914"}}, {"type": "Feature", "geometry": {"type": "Point", "coordinates": [-73.77110919855772, 40.6768471137846]}, "properties": {"noise_id": 4344, "unique_key": "60098426"}}, {"type": "Feature", "geometry": {"type": "Point", "coordinates": [-73.88578979887554, 40.87954950997119]}, "properties": {"noise_id": 4345, "unique_key": "59981480"}}, {"type": "Feature", "geometry": {"type": "Point", "coordinates": [-73.86406622581099, 40.67844647581966]}, "properties": {"noise_id": 4346, "unique_key": "60091810"}}, {"type": "Feature", "geometry": {"type": "Point", "coordinates": [-73.80969682426189, 40.72195913199264]}, "properties": {"noise_id": 4347, "unique_key": "60153821"}}, {"type": "Feature", "geometry": {"type": "Point", "coordinates": [-73.92772948244959, 40.82052008784813]}, "properties": {"noise_id": 4348, "unique_key": "60109058"}}, {"type": "Feature", "geometry": {"type": "Point", "coordinates": [-74.00631086315435, 40.733578333300585]}, "properties": {"noise_id": 4349, "unique_key": "59986995"}}, {"type": "Feature", "geometry": {"type": "Point", "coordinates": [-73.96469853368812, 40.76415508107347]}, "properties": {"noise_id": 4350, "unique_key": "59989422"}}, {"type": "Feature", "geometry": {"type": "Point", "coordinates": [-73.96039399778736, 40.69990720705234]}, "properties": {"noise_id": 4351, "unique_key": "59983185"}}, {"type": "Feature", "geometry": {"type": "Point", "coordinates": [-73.85326926704074, 40.845179269005214]}, "properties": {"noise_id": 4352, "unique_key": "60178992"}}, {"type": "Feature", "geometry": {"type": "Point", "coordinates": [-73.91972449464984, 40.77444451448868]}, "properties": {"noise_id": 4353, "unique_key": "59958025"}}, {"type": "Feature", "geometry": {"type": "Point", "coordinates": [-73.85532481904116, 40.69274707361727]}, "properties": {"noise_id": 4354, "unique_key": "60007495"}}, {"type": "Feature", "geometry": {"type": "Point", "coordinates": [-73.83595089916739, 40.87828176283688]}, "properties": {"noise_id": 4355, "unique_key": "59933872"}}, {"type": "Feature", "geometry": {"type": "Point", "coordinates": [-73.84583647299917, 40.68684995874669]}, "properties": {"noise_id": 4356, "unique_key": "60043758"}}, {"type": "Feature", "geometry": {"type": "Point", "coordinates": [-73.95687438918226, 40.6604415898083]}, "properties": {"noise_id": 4357, "unique_key": "60132772"}}, {"type": "Feature", "geometry": {"type": "Point", "coordinates": [-73.86827075544613, 40.84232915383804]}, "properties": {"noise_id": 4358, "unique_key": "59924967"}}, {"type": "Feature", "geometry": {"type": "Point", "coordinates": [-73.90977549480867, 40.7040534487438]}, "properties": {"noise_id": 4359, "unique_key": "60094311"}}, {"type": "Feature", "geometry": {"type": "Point", "coordinates": [-73.94243431550203, 40.84559582737482]}, "properties": {"noise_id": 4360, "unique_key": "60112921"}}, {"type": "Feature", "geometry": {"type": "Point", "coordinates": [-73.83815543193066, 40.69312220103241]}, "properties": {"noise_id": 4361, "unique_key": "60148553"}}, {"type": "Feature", "geometry": {"type": "Point", "coordinates": [-73.98342407217982, 40.73172185922995]}, "properties": {"noise_id": 4362, "unique_key": "60096401"}}, {"type": "Feature", "geometry": {"type": "Point", "coordinates": [-73.92846821162465, 40.862651831098994]}, "properties": {"noise_id": 4363, "unique_key": "60010010"}}, {"type": "Feature", "geometry": {"type": "Point", "coordinates": [-73.82238132521786, 40.78151582570491]}, "properties": {"noise_id": 4364, "unique_key": "60100969"}}, {"type": "Feature", "geometry": {"type": "Point", "coordinates": [-73.84435872036475, 40.86578582038442]}, "properties": {"noise_id": 4365, "unique_key": "59918700"}}, {"type": "Feature", "geometry": {"type": "Point", "coordinates": [-73.9762172192094, 40.78602261459931]}, "properties": {"noise_id": 4366, "unique_key": "60152251"}}, {"type": "Feature", "geometry": {"type": "Point", "coordinates": [-73.92718359841146, 40.76468368198577]}, "properties": {"noise_id": 4367, "unique_key": "60168082"}}, {"type": "Feature", "geometry": {"type": "Point", "coordinates": [-73.95660801340564, 40.61004444390414]}, "properties": {"noise_id": 4368, "unique_key": "60091692"}}, {"type": "Feature", "geometry": {"type": "Point", "coordinates": [-74.02186392243681, 40.61693449775112]}, "properties": {"noise_id": 4369, "unique_key": "59971967"}}, {"type": "Feature", "geometry": {"type": "Point", "coordinates": [-73.86890067543244, 40.83262456596203]}, "properties": {"noise_id": 4370, "unique_key": "59995900"}}, {"type": "Feature", "geometry": {"type": "Point", "coordinates": [-73.7497840567766, 40.657709964369054]}, "properties": {"noise_id": 4371, "unique_key": "60094861"}}, {"type": "Feature", "geometry": {"type": "Point", "coordinates": [-73.76105383866523, 40.71017024306274]}, "properties": {"noise_id": 4372, "unique_key": "59976191"}}, {"type": "Feature", "geometry": {"type": "Point", "coordinates": [-73.91362519919949, 40.74473921638608]}, "properties": {"noise_id": 4373, "unique_key": "60105386"}}, {"type": "Feature", "geometry": {"type": "Point", "coordinates": [-73.94074603486544, 40.57821690029071]}, "properties": {"noise_id": 4374, "unique_key": "60031183"}}, {"type": "Feature", "geometry": {"type": "Point", "coordinates": [-73.94861163637752, 40.70939120268948]}, "properties": {"noise_id": 4375, "unique_key": "60042425"}}, {"type": "Feature", "geometry": {"type": "Point", "coordinates": [-73.88205087634928, 40.87738567624967]}, "properties": {"noise_id": 4376, "unique_key": "60149897"}}, {"type": "Feature", "geometry": {"type": "Point", "coordinates": [-73.8078882140154, 40.72236784313776]}, "properties": {"noise_id": 4377, "unique_key": "60110607"}}, {"type": "Feature", "geometry": {"type": "Point", "coordinates": [-74.01822496911396, 40.63976903580093]}, "properties": {"noise_id": 4378, "unique_key": "59962351"}}, {"type": "Feature", "geometry": {"type": "Point", "coordinates": [-74.18413896364618, 40.5474470108036]}, "properties": {"noise_id": 4379, "unique_key": "59947940"}}, {"type": "Feature", "geometry": {"type": "Point", "coordinates": [-73.79427483398831, 40.68549849799604]}, "properties": {"noise_id": 4380, "unique_key": "59940060"}}, {"type": "Feature", "geometry": {"type": "Point", "coordinates": [-73.92114009182538, 40.86871558176139]}, "properties": {"noise_id": 4381, "unique_key": "59948965"}}, {"type": "Feature", "geometry": {"type": "Point", "coordinates": [-73.9421150508803, 40.813748748524105]}, "properties": {"noise_id": 4382, "unique_key": "60143413"}}, {"type": "Feature", "geometry": {"type": "Point", "coordinates": [-73.9904908616587, 40.69245883961735]}, "properties": {"noise_id": 4383, "unique_key": "59907452"}}, {"type": "Feature", "geometry": {"type": "Point", "coordinates": [-73.99471076806903, 40.681935659800274]}, "properties": {"noise_id": 4384, "unique_key": "59907279"}}, {"type": "Feature", "geometry": {"type": "Point", "coordinates": [-73.7539410000993, 40.72477390870596]}, "properties": {"noise_id": 4385, "unique_key": "60118833"}}, {"type": "Feature", "geometry": {"type": "Point", "coordinates": [-74.00436561493296, 40.61746074949296]}, "properties": {"noise_id": 4386, "unique_key": "59973302"}}, {"type": "Feature", "geometry": {"type": "Point", "coordinates": [-73.99632947923503, 40.75011282688794]}, "properties": {"noise_id": 4387, "unique_key": "59956953"}}, {"type": "Feature", "geometry": {"type": "Point", "coordinates": [-74.00052937352608, 40.60240837727582]}, "properties": {"noise_id": 4388, "unique_key": "60123674"}}, {"type": "Feature", "geometry": {"type": "Point", "coordinates": [-73.76065148241608, 40.76094753075765]}, "properties": {"noise_id": 4389, "unique_key": "60168536"}}, {"type": "Feature", "geometry": {"type": "Point", "coordinates": [-73.97787680649338, 40.790609392407]}, "properties": {"noise_id": 4390, "unique_key": "59989285"}}, {"type": "Feature", "geometry": {"type": "Point", "coordinates": [-73.92536311922575, 40.74308135713017]}, "properties": {"noise_id": 4391, "unique_key": "60068815"}}, {"type": "Feature", "geometry": {"type": "Point", "coordinates": [-73.99313035650445, 40.62371600734448]}, "properties": {"noise_id": 4392, "unique_key": "60002456"}}, {"type": "Feature", "geometry": {"type": "Point", "coordinates": [-73.89981738392466, 40.87210520736137]}, "properties": {"noise_id": 4393, "unique_key": "60174427"}}, {"type": "Feature", "geometry": {"type": "Point", "coordinates": [-73.89089900837644, 40.66387008268511]}, "properties": {"noise_id": 4394, "unique_key": "59990155"}}, {"type": "Feature", "geometry": {"type": "Point", "coordinates": [-73.8909111820792, 40.870214270352335]}, "properties": {"noise_id": 4395, "unique_key": "60045226"}}, {"type": "Feature", "geometry": {"type": "Point", "coordinates": [-73.81370483995414, 40.74521929549996]}, "properties": {"noise_id": 4396, "unique_key": "60090021"}}, {"type": "Feature", "geometry": {"type": "Point", "coordinates": [-73.97572156412659, 40.77867760144119]}, "properties": {"noise_id": 4397, "unique_key": "60032282"}}, {"type": "Feature", "geometry": {"type": "Point", "coordinates": [-73.88850717391395, 40.66294005341644]}, "properties": {"noise_id": 4398, "unique_key": "59959561"}}, {"type": "Feature", "geometry": {"type": "Point", "coordinates": [-73.90508432007749, 40.824865028725576]}, "properties": {"noise_id": 4399, "unique_key": "60017867"}}, {"type": "Feature", "geometry": {"type": "Point", "coordinates": [-73.95772892348971, 40.77370717599125]}, "properties": {"noise_id": 4400, "unique_key": "60052643"}}, {"type": "Feature", "geometry": {"type": "Point", "coordinates": [-73.91118380210203, 40.84624845217874]}, "properties": {"noise_id": 4401, "unique_key": "59948704"}}, {"type": "Feature", "geometry": {"type": "Point", "coordinates": [-73.98583798362152, 40.76545788190728]}, "properties": {"noise_id": 4402, "unique_key": "59953751"}}, {"type": "Feature", "geometry": {"type": "Point", "coordinates": [-73.99741358199292, 40.715257221061]}, "properties": {"noise_id": 4403, "unique_key": "60063339"}}, {"type": "Feature", "geometry": {"type": "Point", "coordinates": [-73.91990252939155, 40.80953328604291]}, "properties": {"noise_id": 4404, "unique_key": "59968441"}}, {"type": "Feature", "geometry": {"type": "Point", "coordinates": [-74.00196589373125, 40.71279792719815]}, "properties": {"noise_id": 4405, "unique_key": "59951598"}}, {"type": "Feature", "geometry": {"type": "Point", "coordinates": [-73.90491516580856, 40.86485528680674]}, "properties": {"noise_id": 4406, "unique_key": "60023055"}}, {"type": "Feature", "geometry": {"type": "Point", "coordinates": [-73.92446935484433, 40.76747608214628]}, "properties": {"noise_id": 4407, "unique_key": "59917724"}}, {"type": "Feature", "geometry": {"type": "Point", "coordinates": [-73.93266992103403, 40.85118699615938]}, "properties": {"noise_id": 4408, "unique_key": "59980757"}}, {"type": "Feature", "geometry": {"type": "Point", "coordinates": [-74.02433699392837, 40.63263969232297]}, "properties": {"noise_id": 4409, "unique_key": "59970269"}}, {"type": "Feature", "geometry": {"type": "Point", "coordinates": [-73.90374718221204, 40.64518408802154]}, "properties": {"noise_id": 4410, "unique_key": "59922794"}}, {"type": "Feature", "geometry": {"type": "Point", "coordinates": [-74.00030286766025, 40.68364302931577]}, "properties": {"noise_id": 4411, "unique_key": "60142817"}}, {"type": "Feature", "geometry": {"type": "Point", "coordinates": [-73.92410658846794, 40.62962265547563]}, "properties": {"noise_id": 4412, "unique_key": "60023003"}}, {"type": "Feature", "geometry": {"type": "Point", "coordinates": [-74.0129074682157, 40.62536785192358]}, "properties": {"noise_id": 4413, "unique_key": "60178081"}}, {"type": "Feature", "geometry": {"type": "Point", "coordinates": [-73.83130232438441, 40.884711368344966]}, "properties": {"noise_id": 4414, "unique_key": "59980657"}}, {"type": "Feature", "geometry": {"type": "Point", "coordinates": [-74.13388773549424, 40.63981879642234]}, "properties": {"noise_id": 4415, "unique_key": "60090140"}}, {"type": "Feature", "geometry": {"type": "Point", "coordinates": [-73.9493153724003, 40.718380609640434]}, "properties": {"noise_id": 4416, "unique_key": "60175099"}}, {"type": "Feature", "geometry": {"type": "Point", "coordinates": [-73.88947851327453, 40.7532574946208]}, "properties": {"noise_id": 4417, "unique_key": "59901448"}}, {"type": "Feature", "geometry": {"type": "Point", "coordinates": [-73.97186732402336, 40.594464234830674]}, "properties": {"noise_id": 4418, "unique_key": "60031387"}}, {"type": "Feature", "geometry": {"type": "Point", "coordinates": [-73.85853771955219, 40.69109596981905]}, "properties": {"noise_id": 4419, "unique_key": "60182037"}}, {"type": "Feature", "geometry": {"type": "Point", "coordinates": [-73.99904559599604, 40.608787280103215]}, "properties": {"noise_id": 4420, "unique_key": "60186467"}}, {"type": "Feature", "geometry": {"type": "Point", "coordinates": [-73.94048829281358, 40.6089118619967]}, "properties": {"noise_id": 4421, "unique_key": "60098624"}}, {"type": "Feature", "geometry": {"type": "Point", "coordinates": [-73.92570495368231, 40.76663150505]}, "properties": {"noise_id": 4422, "unique_key": "59914669"}}, {"type": "Feature", "geometry": {"type": "Point", "coordinates": [-73.84659849617329, 40.888509405419846]}, "properties": {"noise_id": 4423, "unique_key": "60128050"}}, {"type": "Feature", "geometry": {"type": "Point", "coordinates": [-73.88155949257536, 40.881219508126]}, "properties": {"noise_id": 4424, "unique_key": "60167192"}}, {"type": "Feature", "geometry": {"type": "Point", "coordinates": [-73.89672354793501, 40.83403342837318]}, "properties": {"noise_id": 4425, "unique_key": "60006275"}}, {"type": "Feature", "geometry": {"type": "Point", "coordinates": [-73.88212217153117, 40.84533038495099]}, "properties": {"noise_id": 4426, "unique_key": "60092349"}}, {"type": "Feature", "geometry": {"type": "Point", "coordinates": [-73.84638558252931, 40.86952407295218]}, "properties": {"noise_id": 4427, "unique_key": "59938813"}}, {"type": "Feature", "geometry": {"type": "Point", "coordinates": [-73.97707583640653, 40.64159073281823]}, "properties": {"noise_id": 4428, "unique_key": "60185576"}}, {"type": "Feature", "geometry": {"type": "Point", "coordinates": [-73.76712375751192, 40.76302210506368]}, "properties": {"noise_id": 4429, "unique_key": "59998683"}}, {"type": "Feature", "geometry": {"type": "Point", "coordinates": [-73.98905163765124, 40.7169310334668]}, "properties": {"noise_id": 4430, "unique_key": "59968699"}}, {"type": "Feature", "geometry": {"type": "Point", "coordinates": [-73.97168544502702, 40.69221420962778]}, "properties": {"noise_id": 4431, "unique_key": "60080749"}}, {"type": "Feature", "geometry": {"type": "Point", "coordinates": [-73.94345446295657, 40.8360310209477]}, "properties": {"noise_id": 4432, "unique_key": "59928212"}}, {"type": "Feature", "geometry": {"type": "Point", "coordinates": [-73.84052044592052, 40.76120655059835]}, "properties": {"noise_id": 4433, "unique_key": "59915423"}}, {"type": "Feature", "geometry": {"type": "Point", "coordinates": [-73.89501611800377, 40.86720714532088]}, "properties": {"noise_id": 4434, "unique_key": "60037997"}}, {"type": "Feature", "geometry": {"type": "Point", "coordinates": [-73.98352148730712, 40.73174383124967]}, "properties": {"noise_id": 4435, "unique_key": "60078796"}}, {"type": "Feature", "geometry": {"type": "Point", "coordinates": [-74.04021147860065, 40.621502367893385]}, "properties": {"noise_id": 4436, "unique_key": "60140580"}}, {"type": "Feature", "geometry": {"type": "Point", "coordinates": [-73.90364281951838, 40.81226831144024]}, "properties": {"noise_id": 4437, "unique_key": "60007663"}}, {"type": "Feature", "geometry": {"type": "Point", "coordinates": [-73.94325184979488, 40.81512716367139]}, "properties": {"noise_id": 4438, "unique_key": "59952048"}}, {"type": "Feature", "geometry": {"type": "Point", "coordinates": [-73.8379936759885, 40.67509977093388]}, "properties": {"noise_id": 4439, "unique_key": "59937508"}}, {"type": "Feature", "geometry": {"type": "Point", "coordinates": [-73.70639300629455, 40.73475225687297]}, "properties": {"noise_id": 4440, "unique_key": "60006927"}}, {"type": "Feature", "geometry": {"type": "Point", "coordinates": [-74.13141727629643, 40.63866883478606]}, "properties": {"noise_id": 4441, "unique_key": "59952185"}}, {"type": "Feature", "geometry": {"type": "Point", "coordinates": [-73.93389272237961, 40.85013099209164]}, "properties": {"noise_id": 4442, "unique_key": "60047795"}}, {"type": "Feature", "geometry": {"type": "Point", "coordinates": [-73.89971235121284, 40.74036378593341]}, "properties": {"noise_id": 4443, "unique_key": "60170183"}}, {"type": "Feature", "geometry": {"type": "Point", "coordinates": [-74.00511548082382, 40.62596133736551]}, "properties": {"noise_id": 4444, "unique_key": "59958789"}}, {"type": "Feature", "geometry": {"type": "Point", "coordinates": [-73.92233933449002, 40.66845468246939]}, "properties": {"noise_id": 4445, "unique_key": "60039727"}}, {"type": "Feature", "geometry": {"type": "Point", "coordinates": [-73.9768669767047, 40.76593401492696]}, "properties": {"noise_id": 4446, "unique_key": "59993489"}}, {"type": "Feature", "geometry": {"type": "Point", "coordinates": [-73.98783264021642, 40.75484693083378]}, "properties": {"noise_id": 4447, "unique_key": "59984418"}}, {"type": "Feature", "geometry": {"type": "Point", "coordinates": [-73.94135579635707, 40.81853515725049]}, "properties": {"noise_id": 4448, "unique_key": "59976579"}}, {"type": "Feature", "geometry": {"type": "Point", "coordinates": [-73.93285065629014, 40.85834528600236]}, "properties": {"noise_id": 4449, "unique_key": "59896268"}}, {"type": "Feature", "geometry": {"type": "Point", "coordinates": [-73.91230291857487, 40.81985065448765]}, "properties": {"noise_id": 4450, "unique_key": "60126873"}}, {"type": "Feature", "geometry": {"type": "Point", "coordinates": [-73.94765068494952, 40.82612184147712]}, "properties": {"noise_id": 4451, "unique_key": "60034332"}}, {"type": "Feature", "geometry": {"type": "Point", "coordinates": [-73.97872606208618, 40.73226729331666]}, "properties": {"noise_id": 4452, "unique_key": "60049241"}}, {"type": "Feature", "geometry": {"type": "Point", "coordinates": [-73.88573720888701, 40.762857713287765]}, "properties": {"noise_id": 4453, "unique_key": "60178144"}}, {"type": "Feature", "geometry": {"type": "Point", "coordinates": [-73.89689305319428, 40.657030126329126]}, "properties": {"noise_id": 4454, "unique_key": "60143265"}}, {"type": "Feature", "geometry": {"type": "Point", "coordinates": [-73.88991380335999, 40.86332962016092]}, "properties": {"noise_id": 4455, "unique_key": "59931670"}}, {"type": "Feature", "geometry": {"type": "Point", "coordinates": [-73.86463120885372, 40.86012710826529]}, "properties": {"noise_id": 4456, "unique_key": "60096919"}}, {"type": "Feature", "geometry": {"type": "Point", "coordinates": [-73.98392548161516, 40.68737205127016]}, "properties": {"noise_id": 4457, "unique_key": "60130011"}}, {"type": "Feature", "geometry": {"type": "Point", "coordinates": [-73.93647487307123, 40.82224343105343]}, "properties": {"noise_id": 4458, "unique_key": "60143383"}}, {"type": "Feature", "geometry": {"type": "Point", "coordinates": [-73.94785492638508, 40.63465609748921]}, "properties": {"noise_id": 4459, "unique_key": "60153741"}}, {"type": "Feature", "geometry": {"type": "Point", "coordinates": [-73.77054372246721, 40.76366026023396]}, "properties": {"noise_id": 4460, "unique_key": "60184505"}}, {"type": "Feature", "geometry": {"type": "Point", "coordinates": [-73.89958454267529, 40.88502426998677]}, "properties": {"noise_id": 4461, "unique_key": "60079169"}}, {"type": "Feature", "geometry": {"type": "Point", "coordinates": [-73.90597896864712, 40.85400635484325]}, "properties": {"noise_id": 4462, "unique_key": "59962238"}}, {"type": "Feature", "geometry": {"type": "Point", "coordinates": [-73.85053367959421, 40.872320878244615]}, "properties": {"noise_id": 4463, "unique_key": "60106443"}}, {"type": "Feature", "geometry": {"type": "Point", "coordinates": [-73.86803191524112, 40.65664930178733]}, "properties": {"noise_id": 4464, "unique_key": "60124613"}}, {"type": "Feature", "geometry": {"type": "Point", "coordinates": [-73.92450687669982, 40.76303785796552]}, "properties": {"noise_id": 4465, "unique_key": "60099931"}}, {"type": "Feature", "geometry": {"type": "Point", "coordinates": [-73.97038253814678, 40.751583007007575]}, "properties": {"noise_id": 4466, "unique_key": "60070929"}}, {"type": "Feature", "geometry": {"type": "Point", "coordinates": [-73.97359331316606, 40.600462028437086]}, "properties": {"noise_id": 4467, "unique_key": "59915224"}}, {"type": "Feature", "geometry": {"type": "Point", "coordinates": [-73.81774182694609, 40.76155428577291]}, "properties": {"noise_id": 4468, "unique_key": "60015177"}}, {"type": "Feature", "geometry": {"type": "Point", "coordinates": [-73.88806028128303, 40.81325605928848]}, "properties": {"noise_id": 4469, "unique_key": "60085388"}}, {"type": "Feature", "geometry": {"type": "Point", "coordinates": [-73.94047094277528, 40.82223732910796]}, "properties": {"noise_id": 4470, "unique_key": "59988359"}}, {"type": "Feature", "geometry": {"type": "Point", "coordinates": [-73.9357870387217, 40.80866491604452]}, "properties": {"noise_id": 4471, "unique_key": "60185381"}}, {"type": "Feature", "geometry": {"type": "Point", "coordinates": [-73.97264563879548, 40.62827479966128]}, "properties": {"noise_id": 4472, "unique_key": "59922593"}}, {"type": "Feature", "geometry": {"type": "Point", "coordinates": [-73.8961574296168, 40.8841786180058]}, "properties": {"noise_id": 4473, "unique_key": "60190763"}}, {"type": "Feature", "geometry": {"type": "Point", "coordinates": [-73.94931694547995, 40.66887321314201]}, "properties": {"noise_id": 4474, "unique_key": "59941158"}}, {"type": "Feature", "geometry": {"type": "Point", "coordinates": [-73.90309415853096, 40.84917877625433]}, "properties": {"noise_id": 4475, "unique_key": "60175938"}}, {"type": "Feature", "geometry": {"type": "Point", "coordinates": [-73.71731528305, 40.726295504030496]}, "properties": {"noise_id": 4476, "unique_key": "59942922"}}, {"type": "Feature", "geometry": {"type": "Point", "coordinates": [-74.01768635785072, 40.64681772781147]}, "properties": {"noise_id": 4477, "unique_key": "60065455"}}, {"type": "Feature", "geometry": {"type": "Point", "coordinates": [-73.94548010364926, 40.63967521202906]}, "properties": {"noise_id": 4478, "unique_key": "59931740"}}, {"type": "Feature", "geometry": {"type": "Point", "coordinates": [-73.99302521014482, 40.76809898200141]}, "properties": {"noise_id": 4479, "unique_key": "59983226"}}, {"type": "Feature", "geometry": {"type": "Point", "coordinates": [-73.77111827531384, 40.6721013995892]}, "properties": {"noise_id": 4480, "unique_key": "59922527"}}, {"type": "Feature", "geometry": {"type": "Point", "coordinates": [-73.99431601548454, 40.70253513253691]}, "properties": {"noise_id": 4481, "unique_key": "60104922"}}, {"type": "Feature", "geometry": {"type": "Point", "coordinates": [-73.94766588054574, 40.77923643560752]}, "properties": {"noise_id": 4482, "unique_key": "59936054"}}, {"type": "Feature", "geometry": {"type": "Point", "coordinates": [-73.90698344842855, 40.85690283082278]}, "properties": {"noise_id": 4483, "unique_key": "59995531"}}, {"type": "Feature", "geometry": {"type": "Point", "coordinates": [-73.94527104402134, 40.80231302510549]}, "properties": {"noise_id": 4484, "unique_key": "60036693"}}, {"type": "Feature", "geometry": {"type": "Point", "coordinates": [-73.99633610625824, 40.76086399523876]}, "properties": {"noise_id": 4485, "unique_key": "60116557"}}, {"type": "Feature", "geometry": {"type": "Point", "coordinates": [-73.87103954245387, 40.65571948667194]}, "properties": {"noise_id": 4486, "unique_key": "59917933"}}, {"type": "Feature", "geometry": {"type": "Point", "coordinates": [-73.98634305387702, 40.767063616485785]}, "properties": {"noise_id": 4487, "unique_key": "59955181"}}, {"type": "Feature", "geometry": {"type": "Point", "coordinates": [-73.93148783260953, 40.69687164105905]}, "properties": {"noise_id": 4488, "unique_key": "59982338"}}, {"type": "Feature", "geometry": {"type": "Point", "coordinates": [-73.9565560458438, 40.71203768166933]}, "properties": {"noise_id": 4489, "unique_key": "59918344"}}, {"type": "Feature", "geometry": {"type": "Point", "coordinates": [-73.98798665732168, 40.76143433372822]}, "properties": {"noise_id": 4490, "unique_key": "60094824"}}, {"type": "Feature", "geometry": {"type": "Point", "coordinates": [-73.91846801673917, 40.82754862193643]}, "properties": {"noise_id": 4491, "unique_key": "59904931"}}, {"type": "Feature", "geometry": {"type": "Point", "coordinates": [-73.90709213418204, 40.77909833194632]}, "properties": {"noise_id": 4492, "unique_key": "60190127"}}, {"type": "Feature", "geometry": {"type": "Point", "coordinates": [-73.85708910648162, 40.84204960499701]}, "properties": {"noise_id": 4493, "unique_key": "60087938"}}, {"type": "Feature", "geometry": {"type": "Point", "coordinates": [-73.78873482274099, 40.59043349089189]}, "properties": {"noise_id": 4494, "unique_key": "59996485"}}, {"type": "Feature", "geometry": {"type": "Point", "coordinates": [-73.89319395961955, 40.86941769910785]}, "properties": {"noise_id": 4495, "unique_key": "60109814"}}, {"type": "Feature", "geometry": {"type": "Point", "coordinates": [-73.94316212364741, 40.67484022580659]}, "properties": {"noise_id": 4496, "unique_key": "60190694"}}, {"type": "Feature", "geometry": {"type": "Point", "coordinates": [-73.98394400857292, 40.76017674874935]}, "properties": {"noise_id": 4497, "unique_key": "60167469"}}, {"type": "Feature", "geometry": {"type": "Point", "coordinates": [-73.96325726882141, 40.63492006090551]}, "properties": {"noise_id": 4498, "unique_key": "59986637"}}, {"type": "Feature", "geometry": {"type": "Point", "coordinates": [-73.99923572531952, 40.67442882245415]}, "properties": {"noise_id": 4499, "unique_key": "59908775"}}, {"type": "Feature", "geometry": {"type": "Point", "coordinates": [-74.00541995393266, 40.60459310865557]}, "properties": {"noise_id": 4500, "unique_key": "59980511"}}, {"type": "Feature", "geometry": {"type": "Point", "coordinates": [-73.9250835774152, 40.6643283551129]}, "properties": {"noise_id": 4501, "unique_key": "60085958"}}, {"type": "Feature", "geometry": {"type": "Point", "coordinates": [-73.87729410513894, 40.77442086598845]}, "properties": {"noise_id": 4502, "unique_key": "60178913"}}, {"type": "Feature", "geometry": {"type": "Point", "coordinates": [-73.93833828197742, 40.75307168725289]}, "properties": {"noise_id": 4503, "unique_key": "59998344"}}, {"type": "Feature", "geometry": {"type": "Point", "coordinates": [-73.98042984367801, 40.77898590766621]}, "properties": {"noise_id": 4504, "unique_key": "60084604"}}, {"type": "Feature", "geometry": {"type": "Point", "coordinates": [-73.94794472712037, 40.80128224625127]}, "properties": {"noise_id": 4505, "unique_key": "60090929"}}, {"type": "Feature", "geometry": {"type": "Point", "coordinates": [-73.93357114166012, 40.85001278505057]}, "properties": {"noise_id": 4506, "unique_key": "60088003"}}, {"type": "Feature", "geometry": {"type": "Point", "coordinates": [-73.87555532770014, 40.74851408985059]}, "properties": {"noise_id": 4507, "unique_key": "60134119"}}, {"type": "Feature", "geometry": {"type": "Point", "coordinates": [-73.81240268378014, 40.73216860064269]}, "properties": {"noise_id": 4508, "unique_key": "59968669"}}, {"type": "Feature", "geometry": {"type": "Point", "coordinates": [-74.00363784567705, 40.74658582631963]}, "properties": {"noise_id": 4509, "unique_key": "59953991"}}, {"type": "Feature", "geometry": {"type": "Point", "coordinates": [-74.00536923931729, 40.73524719131747]}, "properties": {"noise_id": 4510, "unique_key": "60107353"}}, {"type": "Feature", "geometry": {"type": "Point", "coordinates": [-73.85825092282, 40.69030512225126]}, "properties": {"noise_id": 4511, "unique_key": "59970646"}}, {"type": "Feature", "geometry": {"type": "Point", "coordinates": [-73.95931834012946, 40.67189094938775]}, "properties": {"noise_id": 4512, "unique_key": "60133170"}}, {"type": "Feature", "geometry": {"type": "Point", "coordinates": [-73.90029519663712, 40.63543166132315]}, "properties": {"noise_id": 4513, "unique_key": "60184643"}}, {"type": "Feature", "geometry": {"type": "Point", "coordinates": [-73.96422393649704, 40.75387312244635]}, "properties": {"noise_id": 4514, "unique_key": "59914815"}}, {"type": "Feature", "geometry": {"type": "Point", "coordinates": [-73.94432539970674, 40.6891959577698]}, "properties": {"noise_id": 4515, "unique_key": "60044858"}}, {"type": "Feature", "geometry": {"type": "Point", "coordinates": [-74.02903566093231, 40.63401923020249]}, "properties": {"noise_id": 4516, "unique_key": "59942508"}}, {"type": "Feature", "geometry": {"type": "Point", "coordinates": [-73.86436141569253, 40.81515466594802]}, "properties": {"noise_id": 4517, "unique_key": "60017117"}}, {"type": "Feature", "geometry": {"type": "Point", "coordinates": [-73.92687006520775, 40.67214114301084]}, "properties": {"noise_id": 4518, "unique_key": "60159593"}}, {"type": "Feature", "geometry": {"type": "Point", "coordinates": [-74.13703172331371, 40.568851049494064]}, "properties": {"noise_id": 4519, "unique_key": "59942971"}}, {"type": "Feature", "geometry": {"type": "Point", "coordinates": [-73.95482402416252, 40.6756852970978]}, "properties": {"noise_id": 4520, "unique_key": "59939124"}}, {"type": "Feature", "geometry": {"type": "Point", "coordinates": [-73.86033852779497, 40.87806134026308]}, "properties": {"noise_id": 4521, "unique_key": "59997932"}}, {"type": "Feature", "geometry": {"type": "Point", "coordinates": [-73.94082303375315, 40.83260155535621]}, "properties": {"noise_id": 4522, "unique_key": "59922315"}}, {"type": "Feature", "geometry": {"type": "Point", "coordinates": [-74.0181210130983, 40.62847699533559]}, "properties": {"noise_id": 4523, "unique_key": "60007003"}}, {"type": "Feature", "geometry": {"type": "Point", "coordinates": [-73.84528557747339, 40.84346986098988]}, "properties": {"noise_id": 4524, "unique_key": "60125478"}}, {"type": "Feature", "geometry": {"type": "Point", "coordinates": [-73.92004973917065, 40.66893893978951]}, "properties": {"noise_id": 4525, "unique_key": "60187851"}}, {"type": "Feature", "geometry": {"type": "Point", "coordinates": [-73.91691037004485, 40.76122384332204]}, "properties": {"noise_id": 4526, "unique_key": "59982617"}}, {"type": "Feature", "geometry": {"type": "Point", "coordinates": [-73.98594403406366, 40.62216729118787]}, "properties": {"noise_id": 4527, "unique_key": "59920549"}}, {"type": "Feature", "geometry": {"type": "Point", "coordinates": [-73.97602994339809, 40.69435337139692]}, "properties": {"noise_id": 4528, "unique_key": "60138052"}}, {"type": "Feature", "geometry": {"type": "Point", "coordinates": [-74.12911093445616, 40.61987511103672]}, "properties": {"noise_id": 4529, "unique_key": "60151767"}}, {"type": "Feature", "geometry": {"type": "Point", "coordinates": [-73.9311201452519, 40.66879788262019]}, "properties": {"noise_id": 4530, "unique_key": "60068670"}}, {"type": "Feature", "geometry": {"type": "Point", "coordinates": [-73.94284824045936, 40.72139681662528]}, "properties": {"noise_id": 4531, "unique_key": "60054627"}}, {"type": "Feature", "geometry": {"type": "Point", "coordinates": [-74.0303316295381, 40.639590813412696]}, "properties": {"noise_id": 4532, "unique_key": "60191232"}}, {"type": "Feature", "geometry": {"type": "Point", "coordinates": [-73.91759296020263, 40.8513912983196]}, "properties": {"noise_id": 4533, "unique_key": "60145201"}}, {"type": "Feature", "geometry": {"type": "Point", "coordinates": [-74.01321162679996, 40.65142407512093]}, "properties": {"noise_id": 4534, "unique_key": "59988043"}}, {"type": "Feature", "geometry": {"type": "Point", "coordinates": [-73.96519096835011, 40.80275717272637]}, "properties": {"noise_id": 4535, "unique_key": "59901283"}}, {"type": "Feature", "geometry": {"type": "Point", "coordinates": [-73.89274685013842, 40.77001999762546]}, "properties": {"noise_id": 4536, "unique_key": "60093130"}}, {"type": "Feature", "geometry": {"type": "Point", "coordinates": [-73.9444573497868, 40.81649187679098]}, "properties": {"noise_id": 4537, "unique_key": "60047175"}}, {"type": "Feature", "geometry": {"type": "Point", "coordinates": [-73.94146766063803, 40.59276471972267]}, "properties": {"noise_id": 4538, "unique_key": "60052545"}}, {"type": "Feature", "geometry": {"type": "Point", "coordinates": [-73.95373536849284, 40.66515315606502]}, "properties": {"noise_id": 4539, "unique_key": "60199471"}}, {"type": "Feature", "geometry": {"type": "Point", "coordinates": [-73.94834651666183, 40.772240406201945]}, "properties": {"noise_id": 4540, "unique_key": "60076180"}}, {"type": "Feature", "geometry": {"type": "Point", "coordinates": [-73.85482439238352, 40.72383916531784]}, "properties": {"noise_id": 4541, "unique_key": "60120428"}}, {"type": "Feature", "geometry": {"type": "Point", "coordinates": [-73.90747520443651, 40.71649363876316]}, "properties": {"noise_id": 4542, "unique_key": "60001892"}}, {"type": "Feature", "geometry": {"type": "Point", "coordinates": [-73.93424733264858, 40.688855778684754]}, "properties": {"noise_id": 4543, "unique_key": "59951405"}}, {"type": "Feature", "geometry": {"type": "Point", "coordinates": [-73.86892540471369, 40.68800118681843]}, "properties": {"noise_id": 4544, "unique_key": "60109363"}}, {"type": "Feature", "geometry": {"type": "Point", "coordinates": [-74.08317460128792, 40.61246540873713]}, "properties": {"noise_id": 4545, "unique_key": "59950517"}}, {"type": "Feature", "geometry": {"type": "Point", "coordinates": [-73.95051120276494, 40.64312768326469]}, "properties": {"noise_id": 4546, "unique_key": "60030901"}}, {"type": "Feature", "geometry": {"type": "Point", "coordinates": [-73.83037938245853, 40.88783621920161]}, "properties": {"noise_id": 4547, "unique_key": "60099034"}}, {"type": "Feature", "geometry": {"type": "Point", "coordinates": [-73.94030703697902, 40.66662091785444]}, "properties": {"noise_id": 4548, "unique_key": "60112705"}}, {"type": "Feature", "geometry": {"type": "Point", "coordinates": [-73.76269094007264, 40.70017441585162]}, "properties": {"noise_id": 4549, "unique_key": "60194638"}}, {"type": "Feature", "geometry": {"type": "Point", "coordinates": [-73.93653235899903, 40.79227656115204]}, "properties": {"noise_id": 4550, "unique_key": "60160551"}}, {"type": "Feature", "geometry": {"type": "Point", "coordinates": [-73.89367089274525, 40.66159451005915]}, "properties": {"noise_id": 4551, "unique_key": "60183161"}}, {"type": "Feature", "geometry": {"type": "Point", "coordinates": [-73.91271700404597, 40.68869873456745]}, "properties": {"noise_id": 4552, "unique_key": "60065041"}}, {"type": "Feature", "geometry": {"type": "Point", "coordinates": [-73.8984233658015, 40.85443910241399]}, "properties": {"noise_id": 4553, "unique_key": "60094686"}}, {"type": "Feature", "geometry": {"type": "Point", "coordinates": [-73.89734929622942, 40.86645170789772]}, "properties": {"noise_id": 4554, "unique_key": "60011242"}}, {"type": "Feature", "geometry": {"type": "Point", "coordinates": [-73.9564571887211, 40.71980257305821]}, "properties": {"noise_id": 4555, "unique_key": "60036515"}}, {"type": "Feature", "geometry": {"type": "Point", "coordinates": [-73.80904325023056, 40.72846039509006]}, "properties": {"noise_id": 4556, "unique_key": "59993331"}}, {"type": "Feature", "geometry": {"type": "Point", "coordinates": [-73.97744900477826, 40.77419030733629]}, "properties": {"noise_id": 4557, "unique_key": "60009714"}}, {"type": "Feature", "geometry": {"type": "Point", "coordinates": [-73.80615676217587, 40.68879913614232]}, "properties": {"noise_id": 4558, "unique_key": "60043863"}}, {"type": "Feature", "geometry": {"type": "Point", "coordinates": [-73.91109714827905, 40.86240645467484]}, "properties": {"noise_id": 4559, "unique_key": "59920600"}}, {"type": "Feature", "geometry": {"type": "Point", "coordinates": [-73.95290201122553, 40.681462275805295]}, "properties": {"noise_id": 4560, "unique_key": "59900306"}}, {"type": "Feature", "geometry": {"type": "Point", "coordinates": [-73.88325756286221, 40.88212149688681]}, "properties": {"noise_id": 4561, "unique_key": "59971569"}}, {"type": "Feature", "geometry": {"type": "Point", "coordinates": [-73.96864093674586, 40.633041475465006]}, "properties": {"noise_id": 4562, "unique_key": "60163057"}}, {"type": "Feature", "geometry": {"type": "Point", "coordinates": [-73.86605302366982, 40.67112573780655]}, "properties": {"noise_id": 4563, "unique_key": "60085486"}}, {"type": "Feature", "geometry": {"type": "Point", "coordinates": [-73.86953669090657, 40.74231526826283]}, "properties": {"noise_id": 4564, "unique_key": "59999984"}}, {"type": "Feature", "geometry": {"type": "Point", "coordinates": [-73.76282675360368, 40.59509028416642]}, "properties": {"noise_id": 4565, "unique_key": "60038944"}}, {"type": "Feature", "geometry": {"type": "Point", "coordinates": [-73.79977255996535, 40.79027839796999]}, "properties": {"noise_id": 4566, "unique_key": "59908293"}}, {"type": "Feature", "geometry": {"type": "Point", "coordinates": [-73.96029513058312, 40.69030322863404]}, "properties": {"noise_id": 4567, "unique_key": "59960221"}}, {"type": "Feature", "geometry": {"type": "Point", "coordinates": [-73.91799422212837, 40.87188625692909]}, "properties": {"noise_id": 4568, "unique_key": "59931492"}}, {"type": "Feature", "geometry": {"type": "Point", "coordinates": [-73.8130657526097, 40.6707307039367]}, "properties": {"noise_id": 4569, "unique_key": "59904354"}}, {"type": "Feature", "geometry": {"type": "Point", "coordinates": [-73.94202834614877, 40.83448778498594]}, "properties": {"noise_id": 4570, "unique_key": "60036494"}}, {"type": "Feature", "geometry": {"type": "Point", "coordinates": [-73.93421646508578, 40.77496696541085]}, "properties": {"noise_id": 4571, "unique_key": "60124111"}}, {"type": "Feature", "geometry": {"type": "Point", "coordinates": [-73.83364170434852, 40.76061219144234]}, "properties": {"noise_id": 4572, "unique_key": "59933831"}}, {"type": "Feature", "geometry": {"type": "Point", "coordinates": [-73.8018046964031, 40.73482973448191]}, "properties": {"noise_id": 4573, "unique_key": "60166674"}}, {"type": "Feature", "geometry": {"type": "Point", "coordinates": [-73.91414320125887, 40.687231354532784]}, "properties": {"noise_id": 4574, "unique_key": "60143296"}}, {"type": "Feature", "geometry": {"type": "Point", "coordinates": [-73.97055148630504, 40.78579349328281]}, "properties": {"noise_id": 4575, "unique_key": "60134719"}}, {"type": "Feature", "geometry": {"type": "Point", "coordinates": [-73.91976774543431, 40.696592335457375]}, "properties": {"noise_id": 4576, "unique_key": "60081457"}}, {"type": "Feature", "geometry": {"type": "Point", "coordinates": [-73.95346276032424, 40.80272833212079]}, "properties": {"noise_id": 4577, "unique_key": "59953791"}}, {"type": "Feature", "geometry": {"type": "Point", "coordinates": [-73.92558500960128, 40.838438966260064]}, "properties": {"noise_id": 4578, "unique_key": "59906652"}}, {"type": "Feature", "geometry": {"type": "Point", "coordinates": [-73.96077403194958, 40.71598890812429]}, "properties": {"noise_id": 4579, "unique_key": "60172891"}}, {"type": "Feature", "geometry": {"type": "Point", "coordinates": [-73.94148316819359, 40.65313641606305]}, "properties": {"noise_id": 4580, "unique_key": "59997933"}}, {"type": "Feature", "geometry": {"type": "Point", "coordinates": [-74.11663356248427, 40.60979308873579]}, "properties": {"noise_id": 4581, "unique_key": "59983629"}}, {"type": "Feature", "geometry": {"type": "Point", "coordinates": [-73.94992195186114, 40.81370025400632]}, "properties": {"noise_id": 4582, "unique_key": "60062092"}}, {"type": "Feature", "geometry": {"type": "Point", "coordinates": [-73.93658407131294, 40.798649851819455]}, "properties": {"noise_id": 4583, "unique_key": "60108742"}}, {"type": "Feature", "geometry": {"type": "Point", "coordinates": [-73.86049036981154, 40.667822645849625]}, "properties": {"noise_id": 4584, "unique_key": "60105763"}}, {"type": "Feature", "geometry": {"type": "Point", "coordinates": [-73.9533333272863, 40.65246112859111]}, "properties": {"noise_id": 4585, "unique_key": "60006486"}}, {"type": "Feature", "geometry": {"type": "Point", "coordinates": [-73.95380443229466, 40.65391056381976]}, "properties": {"noise_id": 4586, "unique_key": "60075266"}}, {"type": "Feature", "geometry": {"type": "Point", "coordinates": [-73.95966801534188, 40.66593490606124]}, "properties": {"noise_id": 4587, "unique_key": "60062784"}}, {"type": "Feature", "geometry": {"type": "Point", "coordinates": [-73.95103110167614, 40.59264842191361]}, "properties": {"noise_id": 4588, "unique_key": "60001299"}}, {"type": "Feature", "geometry": {"type": "Point", "coordinates": [-73.95554180676132, 40.707593522846096]}, "properties": {"noise_id": 4589, "unique_key": "59982065"}}, {"type": "Feature", "geometry": {"type": "Point", "coordinates": [-73.91155529636806, 40.816937935331815]}, "properties": {"noise_id": 4590, "unique_key": "60134522"}}, {"type": "Feature", "geometry": {"type": "Point", "coordinates": [-73.90486518191378, 40.84419586190638]}, "properties": {"noise_id": 4591, "unique_key": "59930516"}}, {"type": "Feature", "geometry": {"type": "Point", "coordinates": [-73.94494845083858, 40.82987809790381]}, "properties": {"noise_id": 4592, "unique_key": "59984125"}}, {"type": "Feature", "geometry": {"type": "Point", "coordinates": [-73.93014442097454, 40.688334599490894]}, "properties": {"noise_id": 4593, "unique_key": "59982229"}}, {"type": "Feature", "geometry": {"type": "Point", "coordinates": [-73.91523239507589, 40.701214018499904]}, "properties": {"noise_id": 4594, "unique_key": "59899205"}}, {"type": "Feature", "geometry": {"type": "Point", "coordinates": [-74.00074326038714, 40.7297138891165]}, "properties": {"noise_id": 4595, "unique_key": "60197999"}}, {"type": "Feature", "geometry": {"type": "Point", "coordinates": [-73.9809618413884, 40.61053963123107]}, "properties": {"noise_id": 4596, "unique_key": "60103345"}}, {"type": "Feature", "geometry": {"type": "Point", "coordinates": [-73.97083061931312, 40.60199295727052]}, "properties": {"noise_id": 4597, "unique_key": "59956717"}}, {"type": "Feature", "geometry": {"type": "Point", "coordinates": [-74.03600898987423, 40.61721914034782]}, "properties": {"noise_id": 4598, "unique_key": "60034269"}}, {"type": "Feature", "geometry": {"type": "Point", "coordinates": [-73.90268975306807, 40.86618461014838]}, "properties": {"noise_id": 4599, "unique_key": "59943368"}}, {"type": "Feature", "geometry": {"type": "Point", "coordinates": [-73.8929101075329, 40.82340789902129]}, "properties": {"noise_id": 4600, "unique_key": "60030802"}}, {"type": "Feature", "geometry": {"type": "Point", "coordinates": [-73.88014054410381, 40.82581068532743]}, "properties": {"noise_id": 4601, "unique_key": "60058930"}}, {"type": "Feature", "geometry": {"type": "Point", "coordinates": [-73.990001815187, 40.6832857749824]}, "properties": {"noise_id": 4602, "unique_key": "59905760"}}, {"type": "Feature", "geometry": {"type": "Point", "coordinates": [-73.8635701318199, 40.71827799347932]}, "properties": {"noise_id": 4603, "unique_key": "59937888"}}, {"type": "Feature", "geometry": {"type": "Point", "coordinates": [-73.79977255996535, 40.79027839796999]}, "properties": {"noise_id": 4604, "unique_key": "60052912"}}, {"type": "Feature", "geometry": {"type": "Point", "coordinates": [-73.98772179990358, 40.690394510956345]}, "properties": {"noise_id": 4605, "unique_key": "60051414"}}, {"type": "Feature", "geometry": {"type": "Point", "coordinates": [-73.88828722961973, 40.86529326158924]}, "properties": {"noise_id": 4606, "unique_key": "60194626"}}, {"type": "Feature", "geometry": {"type": "Point", "coordinates": [-73.9536878836708, 40.743927889275085]}, "properties": {"noise_id": 4607, "unique_key": "60012793"}}, {"type": "Feature", "geometry": {"type": "Point", "coordinates": [-73.97438750276265, 40.67985788242006]}, "properties": {"noise_id": 4608, "unique_key": "60173895"}}, {"type": "Feature", "geometry": {"type": "Point", "coordinates": [-73.87211081195127, 40.674069544375776]}, "properties": {"noise_id": 4609, "unique_key": "60147337"}}, {"type": "Feature", "geometry": {"type": "Point", "coordinates": [-73.87608686147225, 40.87991826767398]}, "properties": {"noise_id": 4610, "unique_key": "60109825"}}, {"type": "Feature", "geometry": {"type": "Point", "coordinates": [-73.95682487953889, 40.6979543941828]}, "properties": {"noise_id": 4611, "unique_key": "59970865"}}, {"type": "Feature", "geometry": {"type": "Point", "coordinates": [-73.79549136897417, 40.68385928857845]}, "properties": {"noise_id": 4612, "unique_key": "60169744"}}, {"type": "Feature", "geometry": {"type": "Point", "coordinates": [-73.90772232109839, 40.8298241274209]}, "properties": {"noise_id": 4613, "unique_key": "60122839"}}, {"type": "Feature", "geometry": {"type": "Point", "coordinates": [-73.906538850551, 40.81571257725046]}, "properties": {"noise_id": 4614, "unique_key": "60016173"}}, {"type": "Feature", "geometry": {"type": "Point", "coordinates": [-73.78562910048122, 40.591072768698446]}, "properties": {"noise_id": 4615, "unique_key": "60118891"}}, {"type": "Feature", "geometry": {"type": "Point", "coordinates": [-73.99838315871504, 40.59874406283197]}, "properties": {"noise_id": 4616, "unique_key": "60062657"}}, {"type": "Feature", "geometry": {"type": "Point", "coordinates": [-73.9425579521543, 40.593588709847175]}, "properties": {"noise_id": 4617, "unique_key": "60149205"}}, {"type": "Feature", "geometry": {"type": "Point", "coordinates": [-73.867650262116, 40.65463968119303]}, "properties": {"noise_id": 4618, "unique_key": "60117625"}}, {"type": "Feature", "geometry": {"type": "Point", "coordinates": [-73.91026865734196, 40.86016888273487]}, "properties": {"noise_id": 4619, "unique_key": "59920763"}}, {"type": "Feature", "geometry": {"type": "Point", "coordinates": [-73.87915992758224, 40.828581826491565]}, "properties": {"noise_id": 4620, "unique_key": "60152971"}}, {"type": "Feature", "geometry": {"type": "Point", "coordinates": [-73.83664673476855, 40.57886812411612]}, "properties": {"noise_id": 4621, "unique_key": "60083629"}}, {"type": "Feature", "geometry": {"type": "Point", "coordinates": [-73.90215737087873, 40.8397718696197]}, "properties": {"noise_id": 4622, "unique_key": "59918781"}}, {"type": "Feature", "geometry": {"type": "Point", "coordinates": [-73.7678888520279, 40.77550951484817]}, "properties": {"noise_id": 4623, "unique_key": "60116186"}}, {"type": "Feature", "geometry": {"type": "Point", "coordinates": [-73.97847282634635, 40.77899104816386]}, "properties": {"noise_id": 4624, "unique_key": "59908299"}}, {"type": "Feature", "geometry": {"type": "Point", "coordinates": [-73.97645941796056, 40.61167239740159]}, "properties": {"noise_id": 4625, "unique_key": "60113308"}}, {"type": "Feature", "geometry": {"type": "Point", "coordinates": [-73.85224747897121, 40.86259861470418]}, "properties": {"noise_id": 4626, "unique_key": "59894157"}}, {"type": "Feature", "geometry": {"type": "Point", "coordinates": [-73.925524351969, 40.6246719800462]}, "properties": {"noise_id": 4627, "unique_key": "60091616"}}, {"type": "Feature", "geometry": {"type": "Point", "coordinates": [-73.91461431296769, 40.67693880329946]}, "properties": {"noise_id": 4628, "unique_key": "59897848"}}, {"type": "Feature", "geometry": {"type": "Point", "coordinates": [-73.82920344186454, 40.70644885371944]}, "properties": {"noise_id": 4629, "unique_key": "60095720"}}, {"type": "Feature", "geometry": {"type": "Point", "coordinates": [-74.007989194272, 40.64734580877885]}, "properties": {"noise_id": 4630, "unique_key": "60121202"}}, {"type": "Feature", "geometry": {"type": "Point", "coordinates": [-73.84960005625345, 40.57530658291095]}, "properties": {"noise_id": 4631, "unique_key": "59965090"}}, {"type": "Feature", "geometry": {"type": "Point", "coordinates": [-73.86615231099863, 40.68991110182754]}, "properties": {"noise_id": 4632, "unique_key": "59974502"}}, {"type": "Feature", "geometry": {"type": "Point", "coordinates": [-73.91366166840436, 40.69153479573758]}, "properties": {"noise_id": 4633, "unique_key": "60134082"}}, {"type": "Feature", "geometry": {"type": "Point", "coordinates": [-73.90621041826054, 40.70012283723665]}, "properties": {"noise_id": 4634, "unique_key": "60002539"}}, {"type": "Feature", "geometry": {"type": "Point", "coordinates": [-73.9259206988569, 40.637578236726895]}, "properties": {"noise_id": 4635, "unique_key": "60087915"}}, {"type": "Feature", "geometry": {"type": "Point", "coordinates": [-73.97890411395622, 40.78530401765903]}, "properties": {"noise_id": 4636, "unique_key": "60166669"}}, {"type": "Feature", "geometry": {"type": "Point", "coordinates": [-73.85701964352982, 40.87436840614481]}, "properties": {"noise_id": 4637, "unique_key": "60085171"}}, {"type": "Feature", "geometry": {"type": "Point", "coordinates": [-74.15267507900082, 40.59110268477276]}, "properties": {"noise_id": 4638, "unique_key": "60172689"}}, {"type": "Feature", "geometry": {"type": "Point", "coordinates": [-73.99211687990359, 40.60356092269976]}, "properties": {"noise_id": 4639, "unique_key": "60154460"}}, {"type": "Feature", "geometry": {"type": "Point", "coordinates": [-73.89111402777131, 40.750753096393005]}, "properties": {"noise_id": 4640, "unique_key": "60055136"}}, {"type": "Feature", "geometry": {"type": "Point", "coordinates": [-73.84807283754667, 40.82259725429303]}, "properties": {"noise_id": 4641, "unique_key": "60165502"}}, {"type": "Feature", "geometry": {"type": "Point", "coordinates": [-73.94292973597275, 40.82844712033458]}, "properties": {"noise_id": 4642, "unique_key": "59894545"}}, {"type": "Feature", "geometry": {"type": "Point", "coordinates": [-73.92251180442457, 40.85200128682642]}, "properties": {"noise_id": 4643, "unique_key": "59970532"}}, {"type": "Feature", "geometry": {"type": "Point", "coordinates": [-73.92747201566426, 40.834646977117984]}, "properties": {"noise_id": 4644, "unique_key": "60018871"}}, {"type": "Feature", "geometry": {"type": "Point", "coordinates": [-73.9091725065958, 40.860727943944205]}, "properties": {"noise_id": 4645, "unique_key": "60159334"}}, {"type": "Feature", "geometry": {"type": "Point", "coordinates": [-73.91583927659727, 40.806135166920726]}, "properties": {"noise_id": 4646, "unique_key": "60185471"}}, {"type": "Feature", "geometry": {"type": "Point", "coordinates": [-73.82963655585823, 40.75855052115356]}, "properties": {"noise_id": 4647, "unique_key": "60007355"}}, {"type": "Feature", "geometry": {"type": "Point", "coordinates": [-73.83337976459111, 40.74555410660593]}, "properties": {"noise_id": 4648, "unique_key": "59914040"}}, {"type": "Feature", "geometry": {"type": "Point", "coordinates": [-73.88062814247733, 40.67284354669953]}, "properties": {"noise_id": 4649, "unique_key": "59970417"}}, {"type": "Feature", "geometry": {"type": "Point", "coordinates": [-73.86433944374308, 40.863151426965146]}, "properties": {"noise_id": 4650, "unique_key": "59963460"}}, {"type": "Feature", "geometry": {"type": "Point", "coordinates": [-73.86783863589716, 40.6759833160206]}, "properties": {"noise_id": 4651, "unique_key": "59912408"}}, {"type": "Feature", "geometry": {"type": "Point", "coordinates": [-73.9807293761169, 40.6797191358887]}, "properties": {"noise_id": 4652, "unique_key": "60121430"}}, {"type": "Feature", "geometry": {"type": "Point", "coordinates": [-73.944939651485, 40.7226110192305]}, "properties": {"noise_id": 4653, "unique_key": "60071844"}}, {"type": "Feature", "geometry": {"type": "Point", "coordinates": [-73.94168826338726, 40.69474457612249]}, "properties": {"noise_id": 4654, "unique_key": "60084143"}}, {"type": "Feature", "geometry": {"type": "Point", "coordinates": [-73.88322973055384, 40.87943716046651]}, "properties": {"noise_id": 4655, "unique_key": "60031326"}}, {"type": "Feature", "geometry": {"type": "Point", "coordinates": [-73.86341779743378, 40.868307630679645]}, "properties": {"noise_id": 4656, "unique_key": "60059121"}}, {"type": "Feature", "geometry": {"type": "Point", "coordinates": [-73.90931844953323, 40.84649127981577]}, "properties": {"noise_id": 4657, "unique_key": "60014100"}}, {"type": "Feature", "geometry": {"type": "Point", "coordinates": [-74.03675310612998, 40.63413230347986]}, "properties": {"noise_id": 4658, "unique_key": "59977116"}}, {"type": "Feature", "geometry": {"type": "Point", "coordinates": [-73.95899539382252, 40.76327213006063]}, "properties": {"noise_id": 4659, "unique_key": "60185862"}}, {"type": "Feature", "geometry": {"type": "Point", "coordinates": [-73.89627969804638, 40.69453969034053]}, "properties": {"noise_id": 4660, "unique_key": "60145753"}}, {"type": "Feature", "geometry": {"type": "Point", "coordinates": [-73.82321418429161, 40.75070732374503]}, "properties": {"noise_id": 4661, "unique_key": "60051962"}}, {"type": "Feature", "geometry": {"type": "Point", "coordinates": [-73.98637680057985, 40.7785723090326]}, "properties": {"noise_id": 4662, "unique_key": "60005885"}}, {"type": "Feature", "geometry": {"type": "Point", "coordinates": [-73.98776394949685, 40.59825759358873]}, "properties": {"noise_id": 4663, "unique_key": "60048621"}}, {"type": "Feature", "geometry": {"type": "Point", "coordinates": [-73.83961050923286, 40.68336930773637]}, "properties": {"noise_id": 4664, "unique_key": "59998610"}}, {"type": "Feature", "geometry": {"type": "Point", "coordinates": [-73.94062013107309, 40.833205287880034]}, "properties": {"noise_id": 4665, "unique_key": "60048304"}}, {"type": "Feature", "geometry": {"type": "Point", "coordinates": [-73.99418192948342, 40.751218871645]}, "properties": {"noise_id": 4666, "unique_key": "60053186"}}, {"type": "Feature", "geometry": {"type": "Point", "coordinates": [-73.85052125577377, 40.73469467315645]}, "properties": {"noise_id": 4667, "unique_key": "59970167"}}, {"type": "Feature", "geometry": {"type": "Point", "coordinates": [-73.8781961450737, 40.74512988931836]}, "properties": {"noise_id": 4668, "unique_key": "59964940"}}, {"type": "Feature", "geometry": {"type": "Point", "coordinates": [-74.19697934518769, 40.51757852428965]}, "properties": {"noise_id": 4669, "unique_key": "60197824"}}, {"type": "Feature", "geometry": {"type": "Point", "coordinates": [-73.89501968192648, 40.85120828260361]}, "properties": {"noise_id": 4670, "unique_key": "60128791"}}, {"type": "Feature", "geometry": {"type": "Point", "coordinates": [-73.91279597705399, 40.840612050743175]}, "properties": {"noise_id": 4671, "unique_key": "60170362"}}, {"type": "Feature", "geometry": {"type": "Point", "coordinates": [-73.92693121753717, 40.58999787121971]}, "properties": {"noise_id": 4672, "unique_key": "60054685"}}, {"type": "Feature", "geometry": {"type": "Point", "coordinates": [-73.91362519919949, 40.74473921638608]}, "properties": {"noise_id": 4673, "unique_key": "60086203"}}, {"type": "Feature", "geometry": {"type": "Point", "coordinates": [-73.86018314303564, 40.83673963329446]}, "properties": {"noise_id": 4674, "unique_key": "60030535"}}, {"type": "Feature", "geometry": {"type": "Point", "coordinates": [-73.93115812155277, 40.64946641376836]}, "properties": {"noise_id": 4675, "unique_key": "60006398"}}, {"type": "Feature", "geometry": {"type": "Point", "coordinates": [-74.00237051024958, 40.73012832518357]}, "properties": {"noise_id": 4676, "unique_key": "60106277"}}, {"type": "Feature", "geometry": {"type": "Point", "coordinates": [-73.88210580625027, 40.68121663925744]}, "properties": {"noise_id": 4677, "unique_key": "59993784"}}, {"type": "Feature", "geometry": {"type": "Point", "coordinates": [-74.09794351803917, 40.564625597585874]}, "properties": {"noise_id": 4678, "unique_key": "60112000"}}, {"type": "Feature", "geometry": {"type": "Point", "coordinates": [-73.89884693328857, 40.73517818827597]}, "properties": {"noise_id": 4679, "unique_key": "59906855"}}, {"type": "Feature", "geometry": {"type": "Point", "coordinates": [-73.9234778127542, 40.822954654554735]}, "properties": {"noise_id": 4680, "unique_key": "60019248"}}, {"type": "Feature", "geometry": {"type": "Point", "coordinates": [-73.96093760963036, 40.6030659809599]}, "properties": {"noise_id": 4681, "unique_key": "60025711"}}, {"type": "Feature", "geometry": {"type": "Point", "coordinates": [-73.98303583872888, 40.62681931888366]}, "properties": {"noise_id": 4682, "unique_key": "59980308"}}, {"type": "Feature", "geometry": {"type": "Point", "coordinates": [-73.99935539959104, 40.60128026517014]}, "properties": {"noise_id": 4683, "unique_key": "60098511"}}, {"type": "Feature", "geometry": {"type": "Point", "coordinates": [-73.96457082955617, 40.80742301620198]}, "properties": {"noise_id": 4684, "unique_key": "60044471"}}, {"type": "Feature", "geometry": {"type": "Point", "coordinates": [-73.9658982131617, 40.6772371652613]}, "properties": {"noise_id": 4685, "unique_key": "59907313"}}, {"type": "Feature", "geometry": {"type": "Point", "coordinates": [-73.93647487307123, 40.82224343105343]}, "properties": {"noise_id": 4686, "unique_key": "60064003"}}, {"type": "Feature", "geometry": {"type": "Point", "coordinates": [-73.89508805180566, 40.86515417644589]}, "properties": {"noise_id": 4687, "unique_key": "60120870"}}, {"type": "Feature", "geometry": {"type": "Point", "coordinates": [-74.0061357788609, 40.67389617500162]}, "properties": {"noise_id": 4688, "unique_key": "60104728"}}, {"type": "Feature", "geometry": {"type": "Point", "coordinates": [-73.86238133948564, 40.73494276157093]}, "properties": {"noise_id": 4689, "unique_key": "60080398"}}, {"type": "Feature", "geometry": {"type": "Point", "coordinates": [-74.16762422714231, 40.55936832930149]}, "properties": {"noise_id": 4690, "unique_key": "60199056"}}, {"type": "Feature", "geometry": {"type": "Point", "coordinates": [-73.92714580413967, 40.86193738190631]}, "properties": {"noise_id": 4691, "unique_key": "59907830"}}, {"type": "Feature", "geometry": {"type": "Point", "coordinates": [-73.985856805781, 40.72782188613813]}, "properties": {"noise_id": 4692, "unique_key": "60124781"}}, {"type": "Feature", "geometry": {"type": "Point", "coordinates": [-73.89866387614234, 40.85317126061148]}, "properties": {"noise_id": 4693, "unique_key": "59919559"}}, {"type": "Feature", "geometry": {"type": "Point", "coordinates": [-74.0059880216727, 40.634294474339534]}, "properties": {"noise_id": 4694, "unique_key": "59932820"}}, {"type": "Feature", "geometry": {"type": "Point", "coordinates": [-73.91994260515202, 40.77321227833066]}, "properties": {"noise_id": 4695, "unique_key": "59981287"}}, {"type": "Feature", "geometry": {"type": "Point", "coordinates": [-73.92850105073806, 40.75812731359743]}, "properties": {"noise_id": 4696, "unique_key": "60129028"}}, {"type": "Feature", "geometry": {"type": "Point", "coordinates": [-73.90673400826984, 40.84401898203947]}, "properties": {"noise_id": 4697, "unique_key": "59976086"}}, {"type": "Feature", "geometry": {"type": "Point", "coordinates": [-73.8984233658015, 40.85443910241399]}, "properties": {"noise_id": 4698, "unique_key": "60063981"}}, {"type": "Feature", "geometry": {"type": "Point", "coordinates": [-73.90707602996865, 40.85791021110303]}, "properties": {"noise_id": 4699, "unique_key": "60022121"}}, {"type": "Feature", "geometry": {"type": "Point", "coordinates": [-73.82376837390305, 40.82635862080812]}, "properties": {"noise_id": 4700, "unique_key": "60077303"}}, {"type": "Feature", "geometry": {"type": "Point", "coordinates": [-73.99877715028177, 40.714310301064174]}, "properties": {"noise_id": 4701, "unique_key": "60005670"}}, {"type": "Feature", "geometry": {"type": "Point", "coordinates": [-73.84487527022388, 40.689291516570094]}, "properties": {"noise_id": 4702, "unique_key": "60123961"}}, {"type": "Feature", "geometry": {"type": "Point", "coordinates": [-73.98177127682855, 40.6930808513529]}, "properties": {"noise_id": 4703, "unique_key": "59938973"}}, {"type": "Feature", "geometry": {"type": "Point", "coordinates": [-73.98352148730712, 40.73174383124967]}, "properties": {"noise_id": 4704, "unique_key": "60167720"}}, {"type": "Feature", "geometry": {"type": "Point", "coordinates": [-73.94147463848545, 40.84361915520533]}, "properties": {"noise_id": 4705, "unique_key": "60043851"}}, {"type": "Feature", "geometry": {"type": "Point", "coordinates": [-73.92132545208256, 40.83122852471375]}, "properties": {"noise_id": 4706, "unique_key": "59921093"}}, {"type": "Feature", "geometry": {"type": "Point", "coordinates": [-73.94880075049618, 40.69328225344376]}, "properties": {"noise_id": 4707, "unique_key": "59983696"}}, {"type": "Feature", "geometry": {"type": "Point", "coordinates": [-73.97242202788439, 40.742221174418034]}, "properties": {"noise_id": 4708, "unique_key": "59962610"}}, {"type": "Feature", "geometry": {"type": "Point", "coordinates": [-73.93511402233219, 40.794993054559846]}, "properties": {"noise_id": 4709, "unique_key": "60193135"}}, {"type": "Feature", "geometry": {"type": "Point", "coordinates": [-73.87729410513894, 40.77442086598845]}, "properties": {"noise_id": 4710, "unique_key": "60027512"}}, {"type": "Feature", "geometry": {"type": "Point", "coordinates": [-73.95036894345502, 40.82469304635196]}, "properties": {"noise_id": 4711, "unique_key": "60173000"}}, {"type": "Feature", "geometry": {"type": "Point", "coordinates": [-73.93287459602605, 40.84895292564862]}, "properties": {"noise_id": 4712, "unique_key": "60094299"}}, {"type": "Feature", "geometry": {"type": "Point", "coordinates": [-73.93734497240956, 40.85363516096966]}, "properties": {"noise_id": 4713, "unique_key": "60035241"}}, {"type": "Feature", "geometry": {"type": "Point", "coordinates": [-73.9867123312207, 40.7256179484502]}, "properties": {"noise_id": 4714, "unique_key": "60069272"}}, {"type": "Feature", "geometry": {"type": "Point", "coordinates": [-73.98063227366966, 40.77819820259287]}, "properties": {"noise_id": 4715, "unique_key": "59928057"}}, {"type": "Feature", "geometry": {"type": "Point", "coordinates": [-73.96156468292102, 40.62103087126696]}, "properties": {"noise_id": 4716, "unique_key": "59980067"}}, {"type": "Feature", "geometry": {"type": "Point", "coordinates": [-73.90415651298208, 40.83936733095641]}, "properties": {"noise_id": 4717, "unique_key": "60174370"}}, {"type": "Feature", "geometry": {"type": "Point", "coordinates": [-73.96156995619893, 40.79956390529559]}, "properties": {"noise_id": 4718, "unique_key": "59969194"}}, {"type": "Feature", "geometry": {"type": "Point", "coordinates": [-73.90464885667761, 40.82869629385979]}, "properties": {"noise_id": 4719, "unique_key": "59902757"}}, {"type": "Feature", "geometry": {"type": "Point", "coordinates": [-74.00899840075321, 40.72896422162904]}, "properties": {"noise_id": 4720, "unique_key": "59920072"}}, {"type": "Feature", "geometry": {"type": "Point", "coordinates": [-73.92202706239397, 40.83073495266584]}, "properties": {"noise_id": 4721, "unique_key": "59994079"}}, {"type": "Feature", "geometry": {"type": "Point", "coordinates": [-73.92886303221528, 40.8315271048226]}, "properties": {"noise_id": 4722, "unique_key": "60134495"}}, {"type": "Feature", "geometry": {"type": "Point", "coordinates": [-73.89279963615628, 40.84488243579131]}, "properties": {"noise_id": 4723, "unique_key": "59936744"}}, {"type": "Feature", "geometry": {"type": "Point", "coordinates": [-73.9626806489139, 40.71894290405008]}, "properties": {"noise_id": 4724, "unique_key": "60068565"}}, {"type": "Feature", "geometry": {"type": "Point", "coordinates": [-74.0755048644926, 40.639652368768]}, "properties": {"noise_id": 4725, "unique_key": "59933886"}}, {"type": "Feature", "geometry": {"type": "Point", "coordinates": [-73.92766809306833, 40.85705488833948]}, "properties": {"noise_id": 4726, "unique_key": "59975264"}}, {"type": "Feature", "geometry": {"type": "Point", "coordinates": [-73.89448932614043, 40.88248088690103]}, "properties": {"noise_id": 4727, "unique_key": "60024555"}}, {"type": "Feature", "geometry": {"type": "Point", "coordinates": [-73.95352782763102, 40.58018531591485]}, "properties": {"noise_id": 4728, "unique_key": "59910038"}}, {"type": "Feature", "geometry": {"type": "Point", "coordinates": [-73.94740445874218, 40.79935520244596]}, "properties": {"noise_id": 4729, "unique_key": "60177698"}}, {"type": "Feature", "geometry": {"type": "Point", "coordinates": [-73.95276530165957, 40.69122262706325]}, "properties": {"noise_id": 4730, "unique_key": "59985396"}}, {"type": "Feature", "geometry": {"type": "Point", "coordinates": [-73.99986659121727, 40.68503737368121]}, "properties": {"noise_id": 4731, "unique_key": "60140405"}}, {"type": "Feature", "geometry": {"type": "Point", "coordinates": [-73.93884268636202, 40.69901395832552]}, "properties": {"noise_id": 4732, "unique_key": "60094322"}}, {"type": "Feature", "geometry": {"type": "Point", "coordinates": [-73.96102770480418, 40.65231028536147]}, "properties": {"noise_id": 4733, "unique_key": "60118630"}}, {"type": "Feature", "geometry": {"type": "Point", "coordinates": [-73.86421813675742, 40.88715089852607]}, "properties": {"noise_id": 4734, "unique_key": "59908970"}}, {"type": "Feature", "geometry": {"type": "Point", "coordinates": [-73.94217853032961, 40.81553010435656]}, "properties": {"noise_id": 4735, "unique_key": "59910363"}}, {"type": "Feature", "geometry": {"type": "Point", "coordinates": [-73.76059383545976, 40.71371553313505]}, "properties": {"noise_id": 4736, "unique_key": "59980504"}}, {"type": "Feature", "geometry": {"type": "Point", "coordinates": [-73.8935619421694, 40.85863137058949]}, "properties": {"noise_id": 4737, "unique_key": "60056911"}}, {"type": "Feature", "geometry": {"type": "Point", "coordinates": [-73.83173325040016, 40.86877080232588]}, "properties": {"noise_id": 4738, "unique_key": "60073639"}}, {"type": "Feature", "geometry": {"type": "Point", "coordinates": [-74.00445877095734, 40.717886644216]}, "properties": {"noise_id": 4739, "unique_key": "60144515"}}, {"type": "Feature", "geometry": {"type": "Point", "coordinates": [-73.89733993192182, 40.82099383047041]}, "properties": {"noise_id": 4740, "unique_key": "60158874"}}, {"type": "Feature", "geometry": {"type": "Point", "coordinates": [-73.8662514658849, 40.68542076716234]}, "properties": {"noise_id": 4741, "unique_key": "60137388"}}, {"type": "Feature", "geometry": {"type": "Point", "coordinates": [-74.18849665711994, 40.546256924307976]}, "properties": {"noise_id": 4742, "unique_key": "59985906"}}, {"type": "Feature", "geometry": {"type": "Point", "coordinates": [-73.90875408479297, 40.846869604369374]}, "properties": {"noise_id": 4743, "unique_key": "60116448"}}, {"type": "Feature", "geometry": {"type": "Point", "coordinates": [-73.91136792415121, 40.78130297887608]}, "properties": {"noise_id": 4744, "unique_key": "59958549"}}, {"type": "Feature", "geometry": {"type": "Point", "coordinates": [-73.93262592763145, 40.58414943437262]}, "properties": {"noise_id": 4745, "unique_key": "60104606"}}, {"type": "Feature", "geometry": {"type": "Point", "coordinates": [-73.95440702204013, 40.768861444271984]}, "properties": {"noise_id": 4746, "unique_key": "60009695"}}, {"type": "Feature", "geometry": {"type": "Point", "coordinates": [-73.96375654637241, 40.75714745799409]}, "properties": {"noise_id": 4747, "unique_key": "60096811"}}, {"type": "Feature", "geometry": {"type": "Point", "coordinates": [-73.91446260789307, 40.83738002961611]}, "properties": {"noise_id": 4748, "unique_key": "60137918"}}, {"type": "Feature", "geometry": {"type": "Point", "coordinates": [-73.8949547955545, 40.83049663874737]}, "properties": {"noise_id": 4749, "unique_key": "60123203"}}, {"type": "Feature", "geometry": {"type": "Point", "coordinates": [-73.95461116939136, 40.69179977151246]}, "properties": {"noise_id": 4750, "unique_key": "60004636"}}, {"type": "Feature", "geometry": {"type": "Point", "coordinates": [-73.95089613546016, 40.65867155460979]}, "properties": {"noise_id": 4751, "unique_key": "60033258"}}, {"type": "Feature", "geometry": {"type": "Point", "coordinates": [-73.9081891153393, 40.774356303269954]}, "properties": {"noise_id": 4752, "unique_key": "59995914"}}, {"type": "Feature", "geometry": {"type": "Point", "coordinates": [-73.85048215790411, 40.694228550671504]}, "properties": {"noise_id": 4753, "unique_key": "60032349"}}, {"type": "Feature", "geometry": {"type": "Point", "coordinates": [-73.80986336677563, 40.72807474071901]}, "properties": {"noise_id": 4754, "unique_key": "60008373"}}, {"type": "Feature", "geometry": {"type": "Point", "coordinates": [-73.83175197229923, 40.70560721805816]}, "properties": {"noise_id": 4755, "unique_key": "60004035"}}, {"type": "Feature", "geometry": {"type": "Point", "coordinates": [-73.88277511755769, 40.878854824832985]}, "properties": {"noise_id": 4756, "unique_key": "60046294"}}, {"type": "Feature", "geometry": {"type": "Point", "coordinates": [-73.95452324728353, 40.7731240708006]}, "properties": {"noise_id": 4757, "unique_key": "59961809"}}, {"type": "Feature", "geometry": {"type": "Point", "coordinates": [-73.86649615703642, 40.67486189672469]}, "properties": {"noise_id": 4758, "unique_key": "60019745"}}, {"type": "Feature", "geometry": {"type": "Point", "coordinates": [-74.0012016103309, 40.73671849788938]}, "properties": {"noise_id": 4759, "unique_key": "60147790"}}, {"type": "Feature", "geometry": {"type": "Point", "coordinates": [-73.94149262181682, 40.79440635190344]}, "properties": {"noise_id": 4760, "unique_key": "60197157"}}, {"type": "Feature", "geometry": {"type": "Point", "coordinates": [-73.9062730360959, 40.87875827837968]}, "properties": {"noise_id": 4761, "unique_key": "59922688"}}, {"type": "Feature", "geometry": {"type": "Point", "coordinates": [-73.9725470154654, 40.5877753219514]}, "properties": {"noise_id": 4762, "unique_key": "60102313"}}, {"type": "Feature", "geometry": {"type": "Point", "coordinates": [-73.91799422212837, 40.87188625692909]}, "properties": {"noise_id": 4763, "unique_key": "60088118"}}, {"type": "Feature", "geometry": {"type": "Point", "coordinates": [-74.16276930031465, 40.549005406685446]}, "properties": {"noise_id": 4764, "unique_key": "60083460"}}, {"type": "Feature", "geometry": {"type": "Point", "coordinates": [-73.84976335396827, 40.89639630957775]}, "properties": {"noise_id": 4765, "unique_key": "60126329"}}, {"type": "Feature", "geometry": {"type": "Point", "coordinates": [-73.93804944859909, 40.82302378752941]}, "properties": {"noise_id": 4766, "unique_key": "60129347"}}, {"type": "Feature", "geometry": {"type": "Point", "coordinates": [-73.84630245193463, 40.5801111209561]}, "properties": {"noise_id": 4767, "unique_key": "60015577"}}, {"type": "Feature", "geometry": {"type": "Point", "coordinates": [-74.00277274719411, 40.59851347774566]}, "properties": {"noise_id": 4768, "unique_key": "59950280"}}, {"type": "Feature", "geometry": {"type": "Point", "coordinates": [-74.00890139389787, 40.62398760226857]}, "properties": {"noise_id": 4769, "unique_key": "60110342"}}, {"type": "Feature", "geometry": {"type": "Point", "coordinates": [-73.9217430522188, 40.682021705578656]}, "properties": {"noise_id": 4770, "unique_key": "60173033"}}, {"type": "Feature", "geometry": {"type": "Point", "coordinates": [-74.01342554574973, 40.67575925749034]}, "properties": {"noise_id": 4771, "unique_key": "60145781"}}, {"type": "Feature", "geometry": {"type": "Point", "coordinates": [-73.95243693109875, 40.63593441044678]}, "properties": {"noise_id": 4772, "unique_key": "60004161"}}, {"type": "Feature", "geometry": {"type": "Point", "coordinates": [-73.81594552571595, 40.73623656240898]}, "properties": {"noise_id": 4773, "unique_key": "60108338"}}, {"type": "Feature", "geometry": {"type": "Point", "coordinates": [-73.82323919500229, 40.73448036375447]}, "properties": {"noise_id": 4774, "unique_key": "60012679"}}, {"type": "Feature", "geometry": {"type": "Point", "coordinates": [-73.82589209550343, 40.6927529705886]}, "properties": {"noise_id": 4775, "unique_key": "60055197"}}, {"type": "Feature", "geometry": {"type": "Point", "coordinates": [-73.9541530242738, 40.80219338709589]}, "properties": {"noise_id": 4776, "unique_key": "59905111"}}, {"type": "Feature", "geometry": {"type": "Point", "coordinates": [-73.85539883447647, 40.66693253919259]}, "properties": {"noise_id": 4777, "unique_key": "60128177"}}, {"type": "Feature", "geometry": {"type": "Point", "coordinates": [-73.98388371678811, 40.576715919003306]}, "properties": {"noise_id": 4778, "unique_key": "60188856"}}, {"type": "Feature", "geometry": {"type": "Point", "coordinates": [-73.9407025685327, 40.838019554325456]}, "properties": {"noise_id": 4779, "unique_key": "60050522"}}, {"type": "Feature", "geometry": {"type": "Point", "coordinates": [-73.96240082900569, 40.64583030875887]}, "properties": {"noise_id": 4780, "unique_key": "60126725"}}, {"type": "Feature", "geometry": {"type": "Point", "coordinates": [-73.96222514965272, 40.65698230332589]}, "properties": {"noise_id": 4781, "unique_key": "60013871"}}, {"type": "Feature", "geometry": {"type": "Point", "coordinates": [-73.95157236529202, 40.69033831532014]}, "properties": {"noise_id": 4782, "unique_key": "60004123"}}, {"type": "Feature", "geometry": {"type": "Point", "coordinates": [-73.92542572255725, 40.69682395644378]}, "properties": {"noise_id": 4783, "unique_key": "60041750"}}, {"type": "Feature", "geometry": {"type": "Point", "coordinates": [-73.8734085336844, 40.744394622500586]}, "properties": {"noise_id": 4784, "unique_key": "60163033"}}, {"type": "Feature", "geometry": {"type": "Point", "coordinates": [-73.72648262444876, 40.65253238375214]}, "properties": {"noise_id": 4785, "unique_key": "59976533"}}, {"type": "Feature", "geometry": {"type": "Point", "coordinates": [-73.94874097044497, 40.747587290102246]}, "properties": {"noise_id": 4786, "unique_key": "60106911"}}, {"type": "Feature", "geometry": {"type": "Point", "coordinates": [-73.90598670450618, 40.848533419181855]}, "properties": {"noise_id": 4787, "unique_key": "60119024"}}, {"type": "Feature", "geometry": {"type": "Point", "coordinates": [-73.9493355298954, 40.68711773625114]}, "properties": {"noise_id": 4788, "unique_key": "60162623"}}, {"type": "Feature", "geometry": {"type": "Point", "coordinates": [-74.00173958155628, 40.610521981178536]}, "properties": {"noise_id": 4789, "unique_key": "60058250"}}, {"type": "Feature", "geometry": {"type": "Point", "coordinates": [-73.89560433136421, 40.8679185556592]}, "properties": {"noise_id": 4790, "unique_key": "59939789"}}, {"type": "Feature", "geometry": {"type": "Point", "coordinates": [-73.95972922401317, 40.60634559558521]}, "properties": {"noise_id": 4791, "unique_key": "59911813"}}, {"type": "Feature", "geometry": {"type": "Point", "coordinates": [-73.98352148730712, 40.73174383124967]}, "properties": {"noise_id": 4792, "unique_key": "60094154"}}, {"type": "Feature", "geometry": {"type": "Point", "coordinates": [-73.87316270957298, 40.67258303899206]}, "properties": {"noise_id": 4793, "unique_key": "60025939"}}, {"type": "Feature", "geometry": {"type": "Point", "coordinates": [-73.78403224981858, 40.704070101624765]}, "properties": {"noise_id": 4794, "unique_key": "60123038"}}, {"type": "Feature", "geometry": {"type": "Point", "coordinates": [-73.89919547332168, 40.74569089874056]}, "properties": {"noise_id": 4795, "unique_key": "60163180"}}, {"type": "Feature", "geometry": {"type": "Point", "coordinates": [-73.85294626569423, 40.69045491812314]}, "properties": {"noise_id": 4796, "unique_key": "59968431"}}, {"type": "Feature", "geometry": {"type": "Point", "coordinates": [-73.99019293432467, 40.75666417742652]}, "properties": {"noise_id": 4797, "unique_key": "60116128"}}, {"type": "Feature", "geometry": {"type": "Point", "coordinates": [-73.92791876843044, 40.85257294564225]}, "properties": {"noise_id": 4798, "unique_key": "60192108"}}, {"type": "Feature", "geometry": {"type": "Point", "coordinates": [-73.93738678598848, 40.81305735256445]}, "properties": {"noise_id": 4799, "unique_key": "59901300"}}, {"type": "Feature", "geometry": {"type": "Point", "coordinates": [-73.87958261484131, 40.74077542417562]}, "properties": {"noise_id": 4800, "unique_key": "59990110"}}, {"type": "Feature", "geometry": {"type": "Point", "coordinates": [-73.96151406453338, 40.646346034881695]}, "properties": {"noise_id": 4801, "unique_key": "60090381"}}, {"type": "Feature", "geometry": {"type": "Point", "coordinates": [-74.11452507488065, 40.56689394219563]}, "properties": {"noise_id": 4802, "unique_key": "60155835"}}, {"type": "Feature", "geometry": {"type": "Point", "coordinates": [-73.88594132992738, 40.70479259919686]}, "properties": {"noise_id": 4803, "unique_key": "60184536"}}, {"type": "Feature", "geometry": {"type": "Point", "coordinates": [-73.8735548592084, 40.76427225412815]}, "properties": {"noise_id": 4804, "unique_key": "59999340"}}, {"type": "Feature", "geometry": {"type": "Point", "coordinates": [-73.91415725471013, 40.84996703566159]}, "properties": {"noise_id": 4805, "unique_key": "60078459"}}, {"type": "Feature", "geometry": {"type": "Point", "coordinates": [-73.94864690795605, 40.65424324012791]}, "properties": {"noise_id": 4806, "unique_key": "60113867"}}, {"type": "Feature", "geometry": {"type": "Point", "coordinates": [-73.92849450383868, 40.69025218101286]}, "properties": {"noise_id": 4807, "unique_key": "60029408"}}, {"type": "Feature", "geometry": {"type": "Point", "coordinates": [-73.97980335436614, 40.73741115559712]}, "properties": {"noise_id": 4808, "unique_key": "60046918"}}, {"type": "Feature", "geometry": {"type": "Point", "coordinates": [-74.03388256499005, 40.62183927200427]}, "properties": {"noise_id": 4809, "unique_key": "60095141"}}, {"type": "Feature", "geometry": {"type": "Point", "coordinates": [-73.94662468153548, 40.71780024921623]}, "properties": {"noise_id": 4810, "unique_key": "60024352"}}, {"type": "Feature", "geometry": {"type": "Point", "coordinates": [-73.92305697116862, 40.8306917289719]}, "properties": {"noise_id": 4811, "unique_key": "60157738"}}, {"type": "Feature", "geometry": {"type": "Point", "coordinates": [-73.87759682928015, 40.76490242114045]}, "properties": {"noise_id": 4812, "unique_key": "59957364"}}, {"type": "Feature", "geometry": {"type": "Point", "coordinates": [-73.91281747541515, 40.63391847982516]}, "properties": {"noise_id": 4813, "unique_key": "59914216"}}, {"type": "Feature", "geometry": {"type": "Point", "coordinates": [-73.95353360149174, 40.73746668165087]}, "properties": {"noise_id": 4814, "unique_key": "59971063"}}, {"type": "Feature", "geometry": {"type": "Point", "coordinates": [-73.91799422212837, 40.87188625692909]}, "properties": {"noise_id": 4815, "unique_key": "59957050"}}, {"type": "Feature", "geometry": {"type": "Point", "coordinates": [-73.81579871617792, 40.72538354209818]}, "properties": {"noise_id": 4816, "unique_key": "60174539"}}, {"type": "Feature", "geometry": {"type": "Point", "coordinates": [-73.79188909625933, 40.71283490527494]}, "properties": {"noise_id": 4817, "unique_key": "60146410"}}, {"type": "Feature", "geometry": {"type": "Point", "coordinates": [-73.91489975540343, 40.653841697024056]}, "properties": {"noise_id": 4818, "unique_key": "60094626"}}, {"type": "Feature", "geometry": {"type": "Point", "coordinates": [-73.92718359841146, 40.76468368198577]}, "properties": {"noise_id": 4819, "unique_key": "60080567"}}, {"type": "Feature", "geometry": {"type": "Point", "coordinates": [-73.99509369056491, 40.57383764550772]}, "properties": {"noise_id": 4820, "unique_key": "60123338"}}, {"type": "Feature", "geometry": {"type": "Point", "coordinates": [-73.81170942014238, 40.70680308998936]}, "properties": {"noise_id": 4821, "unique_key": "60079639"}}, {"type": "Feature", "geometry": {"type": "Point", "coordinates": [-73.8527682370323, 40.80700507701308]}, "properties": {"noise_id": 4822, "unique_key": "59967884"}}, {"type": "Feature", "geometry": {"type": "Point", "coordinates": [-73.97604899650695, 40.631275613509175]}, "properties": {"noise_id": 4823, "unique_key": "60109581"}}, {"type": "Feature", "geometry": {"type": "Point", "coordinates": [-73.88368309082192, 40.86833807209636]}, "properties": {"noise_id": 4824, "unique_key": "60168875"}}, {"type": "Feature", "geometry": {"type": "Point", "coordinates": [-73.98525558375039, 40.72191509290096]}, "properties": {"noise_id": 4825, "unique_key": "59924249"}}, {"type": "Feature", "geometry": {"type": "Point", "coordinates": [-73.99437907500561, 40.68180938453656]}, "properties": {"noise_id": 4826, "unique_key": "60097264"}}, {"type": "Feature", "geometry": {"type": "Point", "coordinates": [-73.9652728874413, 40.6457351444336]}, "properties": {"noise_id": 4827, "unique_key": "60086653"}}, {"type": "Feature", "geometry": {"type": "Point", "coordinates": [-73.8277422136079, 40.78339862101712]}, "properties": {"noise_id": 4828, "unique_key": "59998910"}}, {"type": "Feature", "geometry": {"type": "Point", "coordinates": [-73.94173947586344, 40.8135921102262]}, "properties": {"noise_id": 4829, "unique_key": "60157374"}}, {"type": "Feature", "geometry": {"type": "Point", "coordinates": [-73.98475294882729, 40.77435070009896]}, "properties": {"noise_id": 4830, "unique_key": "60188434"}}, {"type": "Feature", "geometry": {"type": "Point", "coordinates": [-73.90505359763922, 40.605827604311706]}, "properties": {"noise_id": 4831, "unique_key": "59963833"}}, {"type": "Feature", "geometry": {"type": "Point", "coordinates": [-73.96242688737108, 40.65074896962073]}, "properties": {"noise_id": 4832, "unique_key": "59967729"}}, {"type": "Feature", "geometry": {"type": "Point", "coordinates": [-73.91968058884554, 40.66117370208075]}, "properties": {"noise_id": 4833, "unique_key": "60068982"}}, {"type": "Feature", "geometry": {"type": "Point", "coordinates": [-73.78457422095883, 40.59550914954948]}, "properties": {"noise_id": 4834, "unique_key": "60037995"}}, {"type": "Feature", "geometry": {"type": "Point", "coordinates": [-73.94065217670709, 40.82968932642495]}, "properties": {"noise_id": 4835, "unique_key": "60160683"}}, {"type": "Feature", "geometry": {"type": "Point", "coordinates": [-73.99563750095979, 40.73512646470513]}, "properties": {"noise_id": 4836, "unique_key": "59993138"}}, {"type": "Feature", "geometry": {"type": "Point", "coordinates": [-74.02504229525321, 40.62077381367549]}, "properties": {"noise_id": 4837, "unique_key": "60008563"}}, {"type": "Feature", "geometry": {"type": "Point", "coordinates": [-74.00304600320044, 40.74722536998484]}, "properties": {"noise_id": 4838, "unique_key": "60114987"}}, {"type": "Feature", "geometry": {"type": "Point", "coordinates": [-74.00280846105788, 40.67709122209693]}, "properties": {"noise_id": 4839, "unique_key": "60054497"}}, {"type": "Feature", "geometry": {"type": "Point", "coordinates": [-73.92491182358519, 40.8681334774578]}, "properties": {"noise_id": 4840, "unique_key": "60085291"}}, {"type": "Feature", "geometry": {"type": "Point", "coordinates": [-73.88877246530981, 40.856186811905815]}, "properties": {"noise_id": 4841, "unique_key": "59996425"}}, {"type": "Feature", "geometry": {"type": "Point", "coordinates": [-73.85070846041687, 40.817020676600166]}, "properties": {"noise_id": 4842, "unique_key": "60089997"}}, {"type": "Feature", "geometry": {"type": "Point", "coordinates": [-74.00610524021197, 40.5765796470342]}, "properties": {"noise_id": 4843, "unique_key": "60111909"}}, {"type": "Feature", "geometry": {"type": "Point", "coordinates": [-73.95287980338107, 40.82004454841862]}, "properties": {"noise_id": 4844, "unique_key": "60097023"}}, {"type": "Feature", "geometry": {"type": "Point", "coordinates": [-73.92322260079182, 40.67462827895672]}, "properties": {"noise_id": 4845, "unique_key": "60022222"}}, {"type": "Feature", "geometry": {"type": "Point", "coordinates": [-73.81964329936474, 40.7765463352942]}, "properties": {"noise_id": 4846, "unique_key": "59922694"}}, {"type": "Feature", "geometry": {"type": "Point", "coordinates": [-74.12340318319703, 40.56814461441032]}, "properties": {"noise_id": 4847, "unique_key": "60100998"}}, {"type": "Feature", "geometry": {"type": "Point", "coordinates": [-73.96043045442053, 40.65671271138298]}, "properties": {"noise_id": 4848, "unique_key": "59923802"}}, {"type": "Feature", "geometry": {"type": "Point", "coordinates": [-73.94563609100835, 40.71799466463538]}, "properties": {"noise_id": 4849, "unique_key": "60157028"}}, {"type": "Feature", "geometry": {"type": "Point", "coordinates": [-74.0052331333004, 40.748128313667664]}, "properties": {"noise_id": 4850, "unique_key": "59938029"}}, {"type": "Feature", "geometry": {"type": "Point", "coordinates": [-73.94058899257243, 40.64144866586113]}, "properties": {"noise_id": 4851, "unique_key": "60006924"}}, {"type": "Feature", "geometry": {"type": "Point", "coordinates": [-73.95520120925221, 40.60793041183544]}, "properties": {"noise_id": 4852, "unique_key": "60134424"}}, {"type": "Feature", "geometry": {"type": "Point", "coordinates": [-73.85426840801654, 40.695970847950015]}, "properties": {"noise_id": 4853, "unique_key": "59923050"}}, {"type": "Feature", "geometry": {"type": "Point", "coordinates": [-73.89540688095796, 40.864726292871325]}, "properties": {"noise_id": 4854, "unique_key": "60186532"}}, {"type": "Feature", "geometry": {"type": "Point", "coordinates": [-73.94276444853864, 40.66353703547772]}, "properties": {"noise_id": 4855, "unique_key": "60040623"}}, {"type": "Feature", "geometry": {"type": "Point", "coordinates": [-73.91783113415265, 40.84878399818367]}, "properties": {"noise_id": 4856, "unique_key": "60199782"}}, {"type": "Feature", "geometry": {"type": "Point", "coordinates": [-73.94139938796597, 40.7485170035589]}, "properties": {"noise_id": 4857, "unique_key": "60156067"}}, {"type": "Feature", "geometry": {"type": "Point", "coordinates": [-73.90924783110853, 40.877058946927896]}, "properties": {"noise_id": 4858, "unique_key": "59907929"}}, {"type": "Feature", "geometry": {"type": "Point", "coordinates": [-73.96552528499431, 40.67333947364256]}, "properties": {"noise_id": 4859, "unique_key": "59991249"}}, {"type": "Feature", "geometry": {"type": "Point", "coordinates": [-74.02256176964389, 40.62482838374504]}, "properties": {"noise_id": 4860, "unique_key": "60120015"}}, {"type": "Feature", "geometry": {"type": "Point", "coordinates": [-73.8078882140154, 40.72236784313776]}, "properties": {"noise_id": 4861, "unique_key": "60109513"}}, {"type": "Feature", "geometry": {"type": "Point", "coordinates": [-74.03566589396915, 40.62226143045919]}, "properties": {"noise_id": 4862, "unique_key": "59970235"}}, {"type": "Feature", "geometry": {"type": "Point", "coordinates": [-73.96752993169969, 40.5913504885388]}, "properties": {"noise_id": 4863, "unique_key": "60023891"}}, {"type": "Feature", "geometry": {"type": "Point", "coordinates": [-74.13135555068276, 40.61829431093445]}, "properties": {"noise_id": 4864, "unique_key": "60135473"}}, {"type": "Feature", "geometry": {"type": "Point", "coordinates": [-73.95094635281875, 40.65409877035123]}, "properties": {"noise_id": 4865, "unique_key": "60008851"}}, {"type": "Feature", "geometry": {"type": "Point", "coordinates": [-74.03169452824861, 40.63388677821599]}, "properties": {"noise_id": 4866, "unique_key": "60017015"}}, {"type": "Feature", "geometry": {"type": "Point", "coordinates": [-73.89040782427136, 40.826808998214815]}, "properties": {"noise_id": 4867, "unique_key": "59935126"}}, {"type": "Feature", "geometry": {"type": "Point", "coordinates": [-73.91002421565749, 40.82440513168645]}, "properties": {"noise_id": 4868, "unique_key": "60143580"}}, {"type": "Feature", "geometry": {"type": "Point", "coordinates": [-73.78582465339117, 40.75911418087745]}, "properties": {"noise_id": 4869, "unique_key": "60141705"}}, {"type": "Feature", "geometry": {"type": "Point", "coordinates": [-73.80242456278435, 40.71440151840749]}, "properties": {"noise_id": 4870, "unique_key": "59940100"}}, {"type": "Feature", "geometry": {"type": "Point", "coordinates": [-73.83674171287196, 40.718212883024094]}, "properties": {"noise_id": 4871, "unique_key": "60056221"}}, {"type": "Feature", "geometry": {"type": "Point", "coordinates": [-73.87781023551283, 40.874864379868406]}, "properties": {"noise_id": 4872, "unique_key": "60190667"}}, {"type": "Feature", "geometry": {"type": "Point", "coordinates": [-73.80969682426189, 40.72195913199264]}, "properties": {"noise_id": 4873, "unique_key": "60107486"}}, {"type": "Feature", "geometry": {"type": "Point", "coordinates": [-73.92565851373439, 40.65299552670567]}, "properties": {"noise_id": 4874, "unique_key": "60040796"}}, {"type": "Feature", "geometry": {"type": "Point", "coordinates": [-73.9547652956801, 40.65596678723311]}, "properties": {"noise_id": 4875, "unique_key": "60039651"}}, {"type": "Feature", "geometry": {"type": "Point", "coordinates": [-73.88498220876573, 40.717181512975806]}, "properties": {"noise_id": 4876, "unique_key": "60085673"}}, {"type": "Feature", "geometry": {"type": "Point", "coordinates": [-73.73413652704949, 40.69885214631584]}, "properties": {"noise_id": 4877, "unique_key": "60000596"}}, {"type": "Feature", "geometry": {"type": "Point", "coordinates": [-73.92752054424457, 40.68063114479645]}, "properties": {"noise_id": 4878, "unique_key": "60192333"}}, {"type": "Feature", "geometry": {"type": "Point", "coordinates": [-73.93547409688429, 40.80356504224644]}, "properties": {"noise_id": 4879, "unique_key": "60040896"}}, {"type": "Feature", "geometry": {"type": "Point", "coordinates": [-73.97487464342417, 40.63090481640443]}, "properties": {"noise_id": 4880, "unique_key": "59929699"}}, {"type": "Feature", "geometry": {"type": "Point", "coordinates": [-73.88818185441696, 40.835504863783285]}, "properties": {"noise_id": 4881, "unique_key": "60012946"}}, {"type": "Feature", "geometry": {"type": "Point", "coordinates": [-73.98546724785793, 40.74390060183714]}, "properties": {"noise_id": 4882, "unique_key": "60140611"}}, {"type": "Feature", "geometry": {"type": "Point", "coordinates": [-73.94790858452667, 40.63515018364536]}, "properties": {"noise_id": 4883, "unique_key": "60167880"}}, {"type": "Feature", "geometry": {"type": "Point", "coordinates": [-73.8686749234278, 40.83348889439976]}, "properties": {"noise_id": 4884, "unique_key": "59912133"}}, {"type": "Feature", "geometry": {"type": "Point", "coordinates": [-74.00195926994134, 40.73288681150958]}, "properties": {"noise_id": 4885, "unique_key": "60077327"}}, {"type": "Feature", "geometry": {"type": "Point", "coordinates": [-73.98058147031811, 40.77906827539583]}, "properties": {"noise_id": 4886, "unique_key": "60173606"}}, {"type": "Feature", "geometry": {"type": "Point", "coordinates": [-73.94664881854426, 40.827351014869336]}, "properties": {"noise_id": 4887, "unique_key": "60156642"}}, {"type": "Feature", "geometry": {"type": "Point", "coordinates": [-73.97463339329103, 40.76325467665233]}, "properties": {"noise_id": 4888, "unique_key": "60166906"}}, {"type": "Feature", "geometry": {"type": "Point", "coordinates": [-73.91886812401324, 40.653504211649526]}, "properties": {"noise_id": 4889, "unique_key": "60031813"}}, {"type": "Feature", "geometry": {"type": "Point", "coordinates": [-73.90797834060528, 40.75705602066433]}, "properties": {"noise_id": 4890, "unique_key": "59977866"}}, {"type": "Feature", "geometry": {"type": "Point", "coordinates": [-74.12552198106286, 40.63645763119732]}, "properties": {"noise_id": 4891, "unique_key": "60189311"}}, {"type": "Feature", "geometry": {"type": "Point", "coordinates": [-73.99655881882194, 40.64225720433349]}, "properties": {"noise_id": 4892, "unique_key": "60068596"}}, {"type": "Feature", "geometry": {"type": "Point", "coordinates": [-73.95272882166813, 40.82405726366155]}, "properties": {"noise_id": 4893, "unique_key": "59906386"}}, {"type": "Feature", "geometry": {"type": "Point", "coordinates": [-73.98748498129183, 40.72256860929637]}, "properties": {"noise_id": 4894, "unique_key": "60133616"}}, {"type": "Feature", "geometry": {"type": "Point", "coordinates": [-73.98253227283492, 40.69264729589128]}, "properties": {"noise_id": 4895, "unique_key": "59916520"}}, {"type": "Feature", "geometry": {"type": "Point", "coordinates": [-73.90913010790433, 40.825612106178696]}, "properties": {"noise_id": 4896, "unique_key": "60043252"}}, {"type": "Feature", "geometry": {"type": "Point", "coordinates": [-73.76564187433947, 40.71327303312097]}, "properties": {"noise_id": 4897, "unique_key": "59925262"}}, {"type": "Feature", "geometry": {"type": "Point", "coordinates": [-73.90743675463662, 40.863663393236685]}, "properties": {"noise_id": 4898, "unique_key": "60087487"}}, {"type": "Feature", "geometry": {"type": "Point", "coordinates": [-73.99234108175814, 40.72107039661541]}, "properties": {"noise_id": 4899, "unique_key": "59940631"}}, {"type": "Feature", "geometry": {"type": "Point", "coordinates": [-73.95602810746445, 40.68120275945758]}, "properties": {"noise_id": 4900, "unique_key": "59930814"}}, {"type": "Feature", "geometry": {"type": "Point", "coordinates": [-73.9967819284834, 40.72312643038466]}, "properties": {"noise_id": 4901, "unique_key": "60126829"}}, {"type": "Feature", "geometry": {"type": "Point", "coordinates": [-73.95168921508599, 40.64353166762919]}, "properties": {"noise_id": 4902, "unique_key": "59993668"}}, {"type": "Feature", "geometry": {"type": "Point", "coordinates": [-73.95272882166813, 40.82405726366155]}, "properties": {"noise_id": 4903, "unique_key": "60036513"}}, {"type": "Feature", "geometry": {"type": "Point", "coordinates": [-73.92220248436887, 40.86922407167794]}, "properties": {"noise_id": 4904, "unique_key": "60069252"}}, {"type": "Feature", "geometry": {"type": "Point", "coordinates": [-73.96388976567948, 40.61793824429032]}, "properties": {"noise_id": 4905, "unique_key": "59988104"}}, {"type": "Feature", "geometry": {"type": "Point", "coordinates": [-73.98834558207787, 40.69064709462656]}, "properties": {"noise_id": 4906, "unique_key": "60150698"}}, {"type": "Feature", "geometry": {"type": "Point", "coordinates": [-73.95611242255522, 40.62430620003166]}, "properties": {"noise_id": 4907, "unique_key": "59939508"}}, {"type": "Feature", "geometry": {"type": "Point", "coordinates": [-73.973955020882, 40.64251780582687]}, "properties": {"noise_id": 4908, "unique_key": "59937160"}}, {"type": "Feature", "geometry": {"type": "Point", "coordinates": [-73.95190866824002, 40.654022322845066]}, "properties": {"noise_id": 4909, "unique_key": "60072382"}}, {"type": "Feature", "geometry": {"type": "Point", "coordinates": [-74.08754216088342, 40.611449335854566]}, "properties": {"noise_id": 4910, "unique_key": "59963590"}}, {"type": "Feature", "geometry": {"type": "Point", "coordinates": [-73.94973427963843, 40.78954108818551]}, "properties": {"noise_id": 4911, "unique_key": "59984247"}}, {"type": "Feature", "geometry": {"type": "Point", "coordinates": [-73.89928898136019, 40.64563590473758]}, "properties": {"noise_id": 4912, "unique_key": "60086166"}}, {"type": "Feature", "geometry": {"type": "Point", "coordinates": [-73.99733396750808, 40.72161682745682]}, "properties": {"noise_id": 4913, "unique_key": "60133338"}}, {"type": "Feature", "geometry": {"type": "Point", "coordinates": [-73.83955668145201, 40.89455735893305]}, "properties": {"noise_id": 4914, "unique_key": "59992318"}}, {"type": "Feature", "geometry": {"type": "Point", "coordinates": [-73.8329247165494, 40.6622167496159]}, "properties": {"noise_id": 4915, "unique_key": "60159264"}}, {"type": "Feature", "geometry": {"type": "Point", "coordinates": [-73.94863815638682, 40.64220461398969]}, "properties": {"noise_id": 4916, "unique_key": "59949683"}}, {"type": "Feature", "geometry": {"type": "Point", "coordinates": [-73.94068258205954, 40.82800957669464]}, "properties": {"noise_id": 4917, "unique_key": "60019051"}}, {"type": "Feature", "geometry": {"type": "Point", "coordinates": [-73.88772418040244, 40.66985613731066]}, "properties": {"noise_id": 4918, "unique_key": "60056892"}}, {"type": "Feature", "geometry": {"type": "Point", "coordinates": [-73.81147155901769, 40.69525818829258]}, "properties": {"noise_id": 4919, "unique_key": "59895698"}}, {"type": "Feature", "geometry": {"type": "Point", "coordinates": [-73.84687384879807, 40.6684777987759]}, "properties": {"noise_id": 4920, "unique_key": "60182974"}}, {"type": "Feature", "geometry": {"type": "Point", "coordinates": [-73.80343340538089, 40.71724956934783]}, "properties": {"noise_id": 4921, "unique_key": "60087556"}}, {"type": "Feature", "geometry": {"type": "Point", "coordinates": [-73.81630718286696, 40.70714538092453]}, "properties": {"noise_id": 4922, "unique_key": "60091885"}}, {"type": "Feature", "geometry": {"type": "Point", "coordinates": [-73.90801695125704, 40.825808843258095]}, "properties": {"noise_id": 4923, "unique_key": "59981260"}}, {"type": "Feature", "geometry": {"type": "Point", "coordinates": [-73.80969682426189, 40.72195913199264]}, "properties": {"noise_id": 4924, "unique_key": "59962376"}}, {"type": "Feature", "geometry": {"type": "Point", "coordinates": [-73.88710626640888, 40.71971977548018]}, "properties": {"noise_id": 4925, "unique_key": "60015627"}}, {"type": "Feature", "geometry": {"type": "Point", "coordinates": [-73.92563420683399, 40.70066676620486]}, "properties": {"noise_id": 4926, "unique_key": "59988341"}}, {"type": "Feature", "geometry": {"type": "Point", "coordinates": [-73.90615254031479, 40.69256095095635]}, "properties": {"noise_id": 4927, "unique_key": "59961781"}}, {"type": "Feature", "geometry": {"type": "Point", "coordinates": [-73.83442060516789, 40.70575656054503]}, "properties": {"noise_id": 4928, "unique_key": "59996658"}}, {"type": "Feature", "geometry": {"type": "Point", "coordinates": [-73.89083014621936, 40.75439785408603]}, "properties": {"noise_id": 4929, "unique_key": "60046386"}}, {"type": "Feature", "geometry": {"type": "Point", "coordinates": [-73.95332637148192, 40.67270661785523]}, "properties": {"noise_id": 4930, "unique_key": "60032346"}}, {"type": "Feature", "geometry": {"type": "Point", "coordinates": [-73.90851901756912, 40.8443360529712]}, "properties": {"noise_id": 4931, "unique_key": "60018855"}}, {"type": "Feature", "geometry": {"type": "Point", "coordinates": [-73.93862413608063, 40.677862636645656]}, "properties": {"noise_id": 4932, "unique_key": "60120313"}}, {"type": "Feature", "geometry": {"type": "Point", "coordinates": [-73.98322603242474, 40.64409229365143]}, "properties": {"noise_id": 4933, "unique_key": "60073523"}}, {"type": "Feature", "geometry": {"type": "Point", "coordinates": [-73.78899392187552, 40.753421921903154]}, "properties": {"noise_id": 4934, "unique_key": "60074790"}}, {"type": "Feature", "geometry": {"type": "Point", "coordinates": [-73.79456324670912, 40.71008944917303]}, "properties": {"noise_id": 4935, "unique_key": "59916331"}}, {"type": "Feature", "geometry": {"type": "Point", "coordinates": [-73.85745546499932, 40.88022337848858]}, "properties": {"noise_id": 4936, "unique_key": "60103372"}}, {"type": "Feature", "geometry": {"type": "Point", "coordinates": [-73.80228601065063, 40.70273875167371]}, "properties": {"noise_id": 4937, "unique_key": "60071909"}}, {"type": "Feature", "geometry": {"type": "Point", "coordinates": [-73.95506965598643, 40.80339868276217]}, "properties": {"noise_id": 4938, "unique_key": "60077906"}}, {"type": "Feature", "geometry": {"type": "Point", "coordinates": [-73.88161246880681, 40.86771566456841]}, "properties": {"noise_id": 4939, "unique_key": "59945533"}}, {"type": "Feature", "geometry": {"type": "Point", "coordinates": [-73.97727968080572, 40.75194688055357]}, "properties": {"noise_id": 4940, "unique_key": "59980419"}}, {"type": "Feature", "geometry": {"type": "Point", "coordinates": [-73.86172399522052, 40.73872150344624]}, "properties": {"noise_id": 4941, "unique_key": "60125534"}}, {"type": "Feature", "geometry": {"type": "Point", "coordinates": [-73.94195865631286, 40.74867648217019]}, "properties": {"noise_id": 4942, "unique_key": "60002527"}}, {"type": "Feature", "geometry": {"type": "Point", "coordinates": [-73.86339213968955, 40.83151754154784]}, "properties": {"noise_id": 4943, "unique_key": "60168958"}}, {"type": "Feature", "geometry": {"type": "Point", "coordinates": [-73.96872001104772, 40.64881578123712]}, "properties": {"noise_id": 4944, "unique_key": "59970815"}}, {"type": "Feature", "geometry": {"type": "Point", "coordinates": [-73.99336664342263, 40.74721424025434]}, "properties": {"noise_id": 4945, "unique_key": "60010433"}}, {"type": "Feature", "geometry": {"type": "Point", "coordinates": [-74.09916775258405, 40.6158946966647]}, "properties": {"noise_id": 4946, "unique_key": "60139789"}}, {"type": "Feature", "geometry": {"type": "Point", "coordinates": [-73.92411229976949, 40.760836314083726]}, "properties": {"noise_id": 4947, "unique_key": "60120093"}}, {"type": "Feature", "geometry": {"type": "Point", "coordinates": [-74.22513232442658, 40.51183124270197]}, "properties": {"noise_id": 4948, "unique_key": "60027607"}}, {"type": "Feature", "geometry": {"type": "Point", "coordinates": [-73.94786954771808, 40.79120082244204]}, "properties": {"noise_id": 4949, "unique_key": "60109173"}}, {"type": "Feature", "geometry": {"type": "Point", "coordinates": [-73.90668219896567, 40.71863391273366]}, "properties": {"noise_id": 4950, "unique_key": "59935963"}}, {"type": "Feature", "geometry": {"type": "Point", "coordinates": [-73.96772104503273, 40.68759920755278]}, "properties": {"noise_id": 4951, "unique_key": "60051472"}}, {"type": "Feature", "geometry": {"type": "Point", "coordinates": [-73.9276216708002, 40.74026393846079]}, "properties": {"noise_id": 4952, "unique_key": "60047186"}}, {"type": "Feature", "geometry": {"type": "Point", "coordinates": [-73.87488754479095, 40.66785567298367]}, "properties": {"noise_id": 4953, "unique_key": "60054267"}}, {"type": "Feature", "geometry": {"type": "Point", "coordinates": [-73.88961750397306, 40.702051415934335]}, "properties": {"noise_id": 4954, "unique_key": "60017185"}}, {"type": "Feature", "geometry": {"type": "Point", "coordinates": [-73.91148755323957, 40.88416943488641]}, "properties": {"noise_id": 4955, "unique_key": "60053294"}}, {"type": "Feature", "geometry": {"type": "Point", "coordinates": [-73.99115841892062, 40.71634109106208]}, "properties": {"noise_id": 4956, "unique_key": "59980582"}}, {"type": "Feature", "geometry": {"type": "Point", "coordinates": [-74.13589325077297, 40.62140437882294]}, "properties": {"noise_id": 4957, "unique_key": "59982245"}}, {"type": "Feature", "geometry": {"type": "Point", "coordinates": [-73.93450372704959, 40.76923062341332]}, "properties": {"noise_id": 4958, "unique_key": "60135971"}}, {"type": "Feature", "geometry": {"type": "Point", "coordinates": [-74.14920793130358, 40.54929830941536]}, "properties": {"noise_id": 4959, "unique_key": "60129932"}}, {"type": "Feature", "geometry": {"type": "Point", "coordinates": [-73.97396982884234, 40.78929384990403]}, "properties": {"noise_id": 4960, "unique_key": "60010214"}}, {"type": "Feature", "geometry": {"type": "Point", "coordinates": [-73.94919275426471, 40.79405044369122]}, "properties": {"noise_id": 4961, "unique_key": "59986703"}}, {"type": "Feature", "geometry": {"type": "Point", "coordinates": [-73.91696211510259, 40.725509174597605]}, "properties": {"noise_id": 4962, "unique_key": "59989676"}}, {"type": "Feature", "geometry": {"type": "Point", "coordinates": [-73.98080536075196, 40.72887788596229]}, "properties": {"noise_id": 4963, "unique_key": "60185749"}}, {"type": "Feature", "geometry": {"type": "Point", "coordinates": [-73.89567035668057, 40.85809807952885]}, "properties": {"noise_id": 4964, "unique_key": "60140621"}}, {"type": "Feature", "geometry": {"type": "Point", "coordinates": [-73.90374441298103, 40.83694066292417]}, "properties": {"noise_id": 4965, "unique_key": "60040516"}}, {"type": "Feature", "geometry": {"type": "Point", "coordinates": [-74.03464392309156, 40.62432033630049]}, "properties": {"noise_id": 4966, "unique_key": "59941647"}}, {"type": "Feature", "geometry": {"type": "Point", "coordinates": [-73.93713723892934, 40.6603638772974]}, "properties": {"noise_id": 4967, "unique_key": "60179003"}}, {"type": "Feature", "geometry": {"type": "Point", "coordinates": [-73.99431601548454, 40.70253513253691]}, "properties": {"noise_id": 4968, "unique_key": "59987525"}}, {"type": "Feature", "geometry": {"type": "Point", "coordinates": [-73.87103954245387, 40.65571948667194]}, "properties": {"noise_id": 4969, "unique_key": "60024767"}}, {"type": "Feature", "geometry": {"type": "Point", "coordinates": [-73.85219048961868, 40.78576285361162]}, "properties": {"noise_id": 4970, "unique_key": "59938574"}}, {"type": "Feature", "geometry": {"type": "Point", "coordinates": [-73.94562582656566, 40.78363804666686]}, "properties": {"noise_id": 4971, "unique_key": "59969682"}}, {"type": "Feature", "geometry": {"type": "Point", "coordinates": [-73.95950024144429, 40.681039347558446]}, "properties": {"noise_id": 4972, "unique_key": "60195667"}}, {"type": "Feature", "geometry": {"type": "Point", "coordinates": [-74.00152209919611, 40.70772835726963]}, "properties": {"noise_id": 4973, "unique_key": "60119781"}}, {"type": "Feature", "geometry": {"type": "Point", "coordinates": [-73.84210091168038, 40.68076246917286]}, "properties": {"noise_id": 4974, "unique_key": "60187228"}}, {"type": "Feature", "geometry": {"type": "Point", "coordinates": [-74.2294229874589, 40.527627452296905]}, "properties": {"noise_id": 4975, "unique_key": "60183156"}}, {"type": "Feature", "geometry": {"type": "Point", "coordinates": [-73.88677772295775, 40.81543137218523]}, "properties": {"noise_id": 4976, "unique_key": "59957398"}}, {"type": "Feature", "geometry": {"type": "Point", "coordinates": [-74.01022344011841, 40.623894169420765]}, "properties": {"noise_id": 4977, "unique_key": "60061354"}}, {"type": "Feature", "geometry": {"type": "Point", "coordinates": [-73.95823764368035, 40.71094039898196]}, "properties": {"noise_id": 4978, "unique_key": "60050821"}}, {"type": "Feature", "geometry": {"type": "Point", "coordinates": [-73.95932938265138, 40.801575021425165]}, "properties": {"noise_id": 4979, "unique_key": "60094499"}}, {"type": "Feature", "geometry": {"type": "Point", "coordinates": [-73.96576154312945, 40.80299887948458]}, "properties": {"noise_id": 4980, "unique_key": "60070488"}}, {"type": "Feature", "geometry": {"type": "Point", "coordinates": [-73.98747426235285, 40.76040500039782]}, "properties": {"noise_id": 4981, "unique_key": "59926953"}}, {"type": "Feature", "geometry": {"type": "Point", "coordinates": [-73.9661972651231, 40.80562571015258]}, "properties": {"noise_id": 4982, "unique_key": "60050327"}}, {"type": "Feature", "geometry": {"type": "Point", "coordinates": [-73.84150854352207, 40.90269804456482]}, "properties": {"noise_id": 4983, "unique_key": "59992332"}}, {"type": "Feature", "geometry": {"type": "Point", "coordinates": [-73.89706816259886, 40.82384260637555]}, "properties": {"noise_id": 4984, "unique_key": "59996560"}}, {"type": "Feature", "geometry": {"type": "Point", "coordinates": [-73.91193785493785, 40.88822368304887]}, "properties": {"noise_id": 4985, "unique_key": "59942865"}}, {"type": "Feature", "geometry": {"type": "Point", "coordinates": [-73.86783918441043, 40.68662206798757]}, "properties": {"noise_id": 4986, "unique_key": "59902177"}}, {"type": "Feature", "geometry": {"type": "Point", "coordinates": [-73.91740495406697, 40.81067332885121]}, "properties": {"noise_id": 4987, "unique_key": "59990065"}}, {"type": "Feature", "geometry": {"type": "Point", "coordinates": [-73.881475549012, 40.87556535488904]}, "properties": {"noise_id": 4988, "unique_key": "60185458"}}, {"type": "Feature", "geometry": {"type": "Point", "coordinates": [-73.9926784227156, 40.60585011980124]}, "properties": {"noise_id": 4989, "unique_key": "60009668"}}, {"type": "Feature", "geometry": {"type": "Point", "coordinates": [-73.90947743030969, 40.83856194000133]}, "properties": {"noise_id": 4990, "unique_key": "60098222"}}, {"type": "Feature", "geometry": {"type": "Point", "coordinates": [-73.85493838071939, 40.89522545852203]}, "properties": {"noise_id": 4991, "unique_key": "59955498"}}, {"type": "Feature", "geometry": {"type": "Point", "coordinates": [-73.90074787653406, 40.87854506243576]}, "properties": {"noise_id": 4992, "unique_key": "59945618"}}, {"type": "Feature", "geometry": {"type": "Point", "coordinates": [-73.98155194788707, 40.61256264083855]}, "properties": {"noise_id": 4993, "unique_key": "60125988"}}, {"type": "Feature", "geometry": {"type": "Point", "coordinates": [-73.92039121439029, 40.699960598818585]}, "properties": {"noise_id": 4994, "unique_key": "60108220"}}, {"type": "Feature", "geometry": {"type": "Point", "coordinates": [-73.94992195186114, 40.81370025400632]}, "properties": {"noise_id": 4995, "unique_key": "59939439"}}, {"type": "Feature", "geometry": {"type": "Point", "coordinates": [-73.94195865631286, 40.74867648217019]}, "properties": {"noise_id": 4996, "unique_key": "60184891"}}, {"type": "Feature", "geometry": {"type": "Point", "coordinates": [-73.91631833670174, 40.833077682005566]}, "properties": {"noise_id": 4997, "unique_key": "60056878"}}, {"type": "Feature", "geometry": {"type": "Point", "coordinates": [-73.89699015892026, 40.77153347708448]}, "properties": {"noise_id": 4998, "unique_key": "59952457"}}, {"type": "Feature", "geometry": {"type": "Point", "coordinates": [-73.86871615194762, 40.75399050866248]}, "properties": {"noise_id": 4999, "unique_key": "60038995"}}, {"type": "Feature", "geometry": {"type": "Point", "coordinates": [-73.92718359841146, 40.76468368198577]}, "properties": {"noise_id": 5000, "unique_key": "60144649"}}]}